
c:/Users/percy/Documents/Github/OZ-POD/OzPOD_V2/target/6.2.1/boron/OzPOD_V2.elf:     file format elf32-littlearm

Sections:
Idx Name          Size      VMA       LMA       File off  Algn
  0 .module_info  00000018  000b4000  000b4000  00004000  2**0
                  CONTENTS, ALLOC, LOAD, READONLY, DATA
  1 .dynalib      00000004  000b4018  000b4018  00004018  2**2
                  CONTENTS, ALLOC, LOAD, READONLY, DATA
  2 .text         00008264  000b401c  000b401c  0000401c  2**2
                  CONTENTS, ALLOC, LOAD, READONLY, CODE
  3 .note.gnu.build-id 00000024  000bc280  000bc280  0000c280  2**2
                  CONTENTS, ALLOC, LOAD, READONLY, DATA
  4 .data         00000070  2003dad0  000bc2a4  0000dad0  2**2
                  CONTENTS, ALLOC, LOAD, DATA
  5 .bss          00000cbc  2003db40  2003db40  0001db40  2**2
                  ALLOC
  6 .backup       00000004  2003f400  000bc314  0000f400  2**2
                  CONTENTS, ALLOC, LOAD, DATA
  7 .module_info_product 00000006  000bc318  000bc318  0001c318  2**0
                  ALLOC
  8 .module_info_suffix 00000024  000bc31e  000bc31e  0001c31e  2**0
                  CONTENTS, ALLOC, LOAD, READONLY, DATA
  9 .module_info_crc 00000004  000bc342  000bc342  0001c342  2**0
                  CONTENTS, ALLOC, LOAD, READONLY, DATA
 10 .debug_info   0034167e  00000000  00000000  0001c346  2**0
                  CONTENTS, READONLY, DEBUGGING, OCTETS
 11 .debug_abbrev 0002d1ed  00000000  00000000  0035d9c4  2**0
                  CONTENTS, READONLY, DEBUGGING, OCTETS
 12 .debug_loc    0008dc74  00000000  00000000  0038abb1  2**0
                  CONTENTS, READONLY, DEBUGGING, OCTETS
 13 .debug_aranges 000041a0  00000000  00000000  00418825  2**0
                  CONTENTS, READONLY, DEBUGGING, OCTETS
 14 .debug_ranges 00015298  00000000  00000000  0041c9c5  2**0
                  CONTENTS, READONLY, DEBUGGING, OCTETS
 15 .debug_macro  0006a82c  00000000  00000000  00431c5d  2**0
                  CONTENTS, READONLY, DEBUGGING, OCTETS
 16 .debug_line   000aaaf9  00000000  00000000  0049c489  2**0
                  CONTENTS, READONLY, DEBUGGING, OCTETS
 17 .debug_str    00201c47  00000000  00000000  00546f82  2**0
                  CONTENTS, READONLY, DEBUGGING, OCTETS
 18 .debug_frame  0000c354  00000000  00000000  00748bcc  2**2
                  CONTENTS, READONLY, DEBUGGING, OCTETS

Disassembly of section .text:

000b401c <__aeabi_drsub>:
   b401c:	f081 4100 	eor.w	r1, r1, #2147483648	; 0x80000000
   b4020:	e002      	b.n	b4028 <__adddf3>
   b4022:	bf00      	nop

000b4024 <__aeabi_dsub>:
   b4024:	f083 4300 	eor.w	r3, r3, #2147483648	; 0x80000000

000b4028 <__adddf3>:
   b4028:	b530      	push	{r4, r5, lr}
   b402a:	ea4f 0441 	mov.w	r4, r1, lsl #1
   b402e:	ea4f 0543 	mov.w	r5, r3, lsl #1
   b4032:	ea94 0f05 	teq	r4, r5
   b4036:	bf08      	it	eq
   b4038:	ea90 0f02 	teqeq	r0, r2
   b403c:	bf1f      	itttt	ne
   b403e:	ea54 0c00 	orrsne.w	ip, r4, r0
   b4042:	ea55 0c02 	orrsne.w	ip, r5, r2
   b4046:	ea7f 5c64 	mvnsne.w	ip, r4, asr #21
   b404a:	ea7f 5c65 	mvnsne.w	ip, r5, asr #21
   b404e:	f000 80e2 	beq.w	b4216 <__adddf3+0x1ee>
   b4052:	ea4f 5454 	mov.w	r4, r4, lsr #21
   b4056:	ebd4 5555 	rsbs	r5, r4, r5, lsr #21
   b405a:	bfb8      	it	lt
   b405c:	426d      	neglt	r5, r5
   b405e:	dd0c      	ble.n	b407a <__adddf3+0x52>
   b4060:	442c      	add	r4, r5
   b4062:	ea80 0202 	eor.w	r2, r0, r2
   b4066:	ea81 0303 	eor.w	r3, r1, r3
   b406a:	ea82 0000 	eor.w	r0, r2, r0
   b406e:	ea83 0101 	eor.w	r1, r3, r1
   b4072:	ea80 0202 	eor.w	r2, r0, r2
   b4076:	ea81 0303 	eor.w	r3, r1, r3
   b407a:	2d36      	cmp	r5, #54	; 0x36
   b407c:	bf88      	it	hi
   b407e:	bd30      	pophi	{r4, r5, pc}
   b4080:	f011 4f00 	tst.w	r1, #2147483648	; 0x80000000
   b4084:	ea4f 3101 	mov.w	r1, r1, lsl #12
   b4088:	f44f 1c80 	mov.w	ip, #1048576	; 0x100000
   b408c:	ea4c 3111 	orr.w	r1, ip, r1, lsr #12
   b4090:	d002      	beq.n	b4098 <__adddf3+0x70>
   b4092:	4240      	negs	r0, r0
   b4094:	eb61 0141 	sbc.w	r1, r1, r1, lsl #1
   b4098:	f013 4f00 	tst.w	r3, #2147483648	; 0x80000000
   b409c:	ea4f 3303 	mov.w	r3, r3, lsl #12
   b40a0:	ea4c 3313 	orr.w	r3, ip, r3, lsr #12
   b40a4:	d002      	beq.n	b40ac <__adddf3+0x84>
   b40a6:	4252      	negs	r2, r2
   b40a8:	eb63 0343 	sbc.w	r3, r3, r3, lsl #1
   b40ac:	ea94 0f05 	teq	r4, r5
   b40b0:	f000 80a7 	beq.w	b4202 <__adddf3+0x1da>
   b40b4:	f1a4 0401 	sub.w	r4, r4, #1
   b40b8:	f1d5 0e20 	rsbs	lr, r5, #32
   b40bc:	db0d      	blt.n	b40da <__adddf3+0xb2>
   b40be:	fa02 fc0e 	lsl.w	ip, r2, lr
   b40c2:	fa22 f205 	lsr.w	r2, r2, r5
   b40c6:	1880      	adds	r0, r0, r2
   b40c8:	f141 0100 	adc.w	r1, r1, #0
   b40cc:	fa03 f20e 	lsl.w	r2, r3, lr
   b40d0:	1880      	adds	r0, r0, r2
   b40d2:	fa43 f305 	asr.w	r3, r3, r5
   b40d6:	4159      	adcs	r1, r3
   b40d8:	e00e      	b.n	b40f8 <__adddf3+0xd0>
   b40da:	f1a5 0520 	sub.w	r5, r5, #32
   b40de:	f10e 0e20 	add.w	lr, lr, #32
   b40e2:	2a01      	cmp	r2, #1
   b40e4:	fa03 fc0e 	lsl.w	ip, r3, lr
   b40e8:	bf28      	it	cs
   b40ea:	f04c 0c02 	orrcs.w	ip, ip, #2
   b40ee:	fa43 f305 	asr.w	r3, r3, r5
   b40f2:	18c0      	adds	r0, r0, r3
   b40f4:	eb51 71e3 	adcs.w	r1, r1, r3, asr #31
   b40f8:	f001 4500 	and.w	r5, r1, #2147483648	; 0x80000000
   b40fc:	d507      	bpl.n	b410e <__adddf3+0xe6>
   b40fe:	f04f 0e00 	mov.w	lr, #0
   b4102:	f1dc 0c00 	rsbs	ip, ip, #0
   b4106:	eb7e 0000 	sbcs.w	r0, lr, r0
   b410a:	eb6e 0101 	sbc.w	r1, lr, r1
   b410e:	f5b1 1f80 	cmp.w	r1, #1048576	; 0x100000
   b4112:	d31b      	bcc.n	b414c <__adddf3+0x124>
   b4114:	f5b1 1f00 	cmp.w	r1, #2097152	; 0x200000
   b4118:	d30c      	bcc.n	b4134 <__adddf3+0x10c>
   b411a:	0849      	lsrs	r1, r1, #1
   b411c:	ea5f 0030 	movs.w	r0, r0, rrx
   b4120:	ea4f 0c3c 	mov.w	ip, ip, rrx
   b4124:	f104 0401 	add.w	r4, r4, #1
   b4128:	ea4f 5244 	mov.w	r2, r4, lsl #21
   b412c:	f512 0f80 	cmn.w	r2, #4194304	; 0x400000
   b4130:	f080 809a 	bcs.w	b4268 <__adddf3+0x240>
   b4134:	f1bc 4f00 	cmp.w	ip, #2147483648	; 0x80000000
   b4138:	bf08      	it	eq
   b413a:	ea5f 0c50 	movseq.w	ip, r0, lsr #1
   b413e:	f150 0000 	adcs.w	r0, r0, #0
   b4142:	eb41 5104 	adc.w	r1, r1, r4, lsl #20
   b4146:	ea41 0105 	orr.w	r1, r1, r5
   b414a:	bd30      	pop	{r4, r5, pc}
   b414c:	ea5f 0c4c 	movs.w	ip, ip, lsl #1
   b4150:	4140      	adcs	r0, r0
   b4152:	eb41 0101 	adc.w	r1, r1, r1
   b4156:	3c01      	subs	r4, #1
   b4158:	bf28      	it	cs
   b415a:	f5b1 1f80 	cmpcs.w	r1, #1048576	; 0x100000
   b415e:	d2e9      	bcs.n	b4134 <__adddf3+0x10c>
   b4160:	f091 0f00 	teq	r1, #0
   b4164:	bf04      	itt	eq
   b4166:	4601      	moveq	r1, r0
   b4168:	2000      	moveq	r0, #0
   b416a:	fab1 f381 	clz	r3, r1
   b416e:	bf08      	it	eq
   b4170:	3320      	addeq	r3, #32
   b4172:	f1a3 030b 	sub.w	r3, r3, #11
   b4176:	f1b3 0220 	subs.w	r2, r3, #32
   b417a:	da0c      	bge.n	b4196 <__adddf3+0x16e>
   b417c:	320c      	adds	r2, #12
   b417e:	dd08      	ble.n	b4192 <__adddf3+0x16a>
   b4180:	f102 0c14 	add.w	ip, r2, #20
   b4184:	f1c2 020c 	rsb	r2, r2, #12
   b4188:	fa01 f00c 	lsl.w	r0, r1, ip
   b418c:	fa21 f102 	lsr.w	r1, r1, r2
   b4190:	e00c      	b.n	b41ac <__adddf3+0x184>
   b4192:	f102 0214 	add.w	r2, r2, #20
   b4196:	bfd8      	it	le
   b4198:	f1c2 0c20 	rsble	ip, r2, #32
   b419c:	fa01 f102 	lsl.w	r1, r1, r2
   b41a0:	fa20 fc0c 	lsr.w	ip, r0, ip
   b41a4:	bfdc      	itt	le
   b41a6:	ea41 010c 	orrle.w	r1, r1, ip
   b41aa:	4090      	lslle	r0, r2
   b41ac:	1ae4      	subs	r4, r4, r3
   b41ae:	bfa2      	ittt	ge
   b41b0:	eb01 5104 	addge.w	r1, r1, r4, lsl #20
   b41b4:	4329      	orrge	r1, r5
   b41b6:	bd30      	popge	{r4, r5, pc}
   b41b8:	ea6f 0404 	mvn.w	r4, r4
   b41bc:	3c1f      	subs	r4, #31
   b41be:	da1c      	bge.n	b41fa <__adddf3+0x1d2>
   b41c0:	340c      	adds	r4, #12
   b41c2:	dc0e      	bgt.n	b41e2 <__adddf3+0x1ba>
   b41c4:	f104 0414 	add.w	r4, r4, #20
   b41c8:	f1c4 0220 	rsb	r2, r4, #32
   b41cc:	fa20 f004 	lsr.w	r0, r0, r4
   b41d0:	fa01 f302 	lsl.w	r3, r1, r2
   b41d4:	ea40 0003 	orr.w	r0, r0, r3
   b41d8:	fa21 f304 	lsr.w	r3, r1, r4
   b41dc:	ea45 0103 	orr.w	r1, r5, r3
   b41e0:	bd30      	pop	{r4, r5, pc}
   b41e2:	f1c4 040c 	rsb	r4, r4, #12
   b41e6:	f1c4 0220 	rsb	r2, r4, #32
   b41ea:	fa20 f002 	lsr.w	r0, r0, r2
   b41ee:	fa01 f304 	lsl.w	r3, r1, r4
   b41f2:	ea40 0003 	orr.w	r0, r0, r3
   b41f6:	4629      	mov	r1, r5
   b41f8:	bd30      	pop	{r4, r5, pc}
   b41fa:	fa21 f004 	lsr.w	r0, r1, r4
   b41fe:	4629      	mov	r1, r5
   b4200:	bd30      	pop	{r4, r5, pc}
   b4202:	f094 0f00 	teq	r4, #0
   b4206:	f483 1380 	eor.w	r3, r3, #1048576	; 0x100000
   b420a:	bf06      	itte	eq
   b420c:	f481 1180 	eoreq.w	r1, r1, #1048576	; 0x100000
   b4210:	3401      	addeq	r4, #1
   b4212:	3d01      	subne	r5, #1
   b4214:	e74e      	b.n	b40b4 <__adddf3+0x8c>
   b4216:	ea7f 5c64 	mvns.w	ip, r4, asr #21
   b421a:	bf18      	it	ne
   b421c:	ea7f 5c65 	mvnsne.w	ip, r5, asr #21
   b4220:	d029      	beq.n	b4276 <__adddf3+0x24e>
   b4222:	ea94 0f05 	teq	r4, r5
   b4226:	bf08      	it	eq
   b4228:	ea90 0f02 	teqeq	r0, r2
   b422c:	d005      	beq.n	b423a <__adddf3+0x212>
   b422e:	ea54 0c00 	orrs.w	ip, r4, r0
   b4232:	bf04      	itt	eq
   b4234:	4619      	moveq	r1, r3
   b4236:	4610      	moveq	r0, r2
   b4238:	bd30      	pop	{r4, r5, pc}
   b423a:	ea91 0f03 	teq	r1, r3
   b423e:	bf1e      	ittt	ne
   b4240:	2100      	movne	r1, #0
   b4242:	2000      	movne	r0, #0
   b4244:	bd30      	popne	{r4, r5, pc}
   b4246:	ea5f 5c54 	movs.w	ip, r4, lsr #21
   b424a:	d105      	bne.n	b4258 <__adddf3+0x230>
   b424c:	0040      	lsls	r0, r0, #1
   b424e:	4149      	adcs	r1, r1
   b4250:	bf28      	it	cs
   b4252:	f041 4100 	orrcs.w	r1, r1, #2147483648	; 0x80000000
   b4256:	bd30      	pop	{r4, r5, pc}
   b4258:	f514 0480 	adds.w	r4, r4, #4194304	; 0x400000
   b425c:	bf3c      	itt	cc
   b425e:	f501 1180 	addcc.w	r1, r1, #1048576	; 0x100000
   b4262:	bd30      	popcc	{r4, r5, pc}
   b4264:	f001 4500 	and.w	r5, r1, #2147483648	; 0x80000000
   b4268:	f045 41fe 	orr.w	r1, r5, #2130706432	; 0x7f000000
   b426c:	f441 0170 	orr.w	r1, r1, #15728640	; 0xf00000
   b4270:	f04f 0000 	mov.w	r0, #0
   b4274:	bd30      	pop	{r4, r5, pc}
   b4276:	ea7f 5c64 	mvns.w	ip, r4, asr #21
   b427a:	bf1a      	itte	ne
   b427c:	4619      	movne	r1, r3
   b427e:	4610      	movne	r0, r2
   b4280:	ea7f 5c65 	mvnseq.w	ip, r5, asr #21
   b4284:	bf1c      	itt	ne
   b4286:	460b      	movne	r3, r1
   b4288:	4602      	movne	r2, r0
   b428a:	ea50 3401 	orrs.w	r4, r0, r1, lsl #12
   b428e:	bf06      	itte	eq
   b4290:	ea52 3503 	orrseq.w	r5, r2, r3, lsl #12
   b4294:	ea91 0f03 	teqeq	r1, r3
   b4298:	f441 2100 	orrne.w	r1, r1, #524288	; 0x80000
   b429c:	bd30      	pop	{r4, r5, pc}
   b429e:	bf00      	nop

000b42a0 <__aeabi_ui2d>:
   b42a0:	f090 0f00 	teq	r0, #0
   b42a4:	bf04      	itt	eq
   b42a6:	2100      	moveq	r1, #0
   b42a8:	4770      	bxeq	lr
   b42aa:	b530      	push	{r4, r5, lr}
   b42ac:	f44f 6480 	mov.w	r4, #1024	; 0x400
   b42b0:	f104 0432 	add.w	r4, r4, #50	; 0x32
   b42b4:	f04f 0500 	mov.w	r5, #0
   b42b8:	f04f 0100 	mov.w	r1, #0
   b42bc:	e750      	b.n	b4160 <__adddf3+0x138>
   b42be:	bf00      	nop

000b42c0 <__aeabi_i2d>:
   b42c0:	f090 0f00 	teq	r0, #0
   b42c4:	bf04      	itt	eq
   b42c6:	2100      	moveq	r1, #0
   b42c8:	4770      	bxeq	lr
   b42ca:	b530      	push	{r4, r5, lr}
   b42cc:	f44f 6480 	mov.w	r4, #1024	; 0x400
   b42d0:	f104 0432 	add.w	r4, r4, #50	; 0x32
   b42d4:	f010 4500 	ands.w	r5, r0, #2147483648	; 0x80000000
   b42d8:	bf48      	it	mi
   b42da:	4240      	negmi	r0, r0
   b42dc:	f04f 0100 	mov.w	r1, #0
   b42e0:	e73e      	b.n	b4160 <__adddf3+0x138>
   b42e2:	bf00      	nop

000b42e4 <__aeabi_f2d>:
   b42e4:	0042      	lsls	r2, r0, #1
   b42e6:	ea4f 01e2 	mov.w	r1, r2, asr #3
   b42ea:	ea4f 0131 	mov.w	r1, r1, rrx
   b42ee:	ea4f 7002 	mov.w	r0, r2, lsl #28
   b42f2:	bf1f      	itttt	ne
   b42f4:	f012 437f 	andsne.w	r3, r2, #4278190080	; 0xff000000
   b42f8:	f093 4f7f 	teqne	r3, #4278190080	; 0xff000000
   b42fc:	f081 5160 	eorne.w	r1, r1, #939524096	; 0x38000000
   b4300:	4770      	bxne	lr
   b4302:	f032 427f 	bics.w	r2, r2, #4278190080	; 0xff000000
   b4306:	bf08      	it	eq
   b4308:	4770      	bxeq	lr
   b430a:	f093 4f7f 	teq	r3, #4278190080	; 0xff000000
   b430e:	bf04      	itt	eq
   b4310:	f441 2100 	orreq.w	r1, r1, #524288	; 0x80000
   b4314:	4770      	bxeq	lr
   b4316:	b530      	push	{r4, r5, lr}
   b4318:	f44f 7460 	mov.w	r4, #896	; 0x380
   b431c:	f001 4500 	and.w	r5, r1, #2147483648	; 0x80000000
   b4320:	f021 4100 	bic.w	r1, r1, #2147483648	; 0x80000000
   b4324:	e71c      	b.n	b4160 <__adddf3+0x138>
   b4326:	bf00      	nop

000b4328 <__aeabi_ul2d>:
   b4328:	ea50 0201 	orrs.w	r2, r0, r1
   b432c:	bf08      	it	eq
   b432e:	4770      	bxeq	lr
   b4330:	b530      	push	{r4, r5, lr}
   b4332:	f04f 0500 	mov.w	r5, #0
   b4336:	e00a      	b.n	b434e <__aeabi_l2d+0x16>

000b4338 <__aeabi_l2d>:
   b4338:	ea50 0201 	orrs.w	r2, r0, r1
   b433c:	bf08      	it	eq
   b433e:	4770      	bxeq	lr
   b4340:	b530      	push	{r4, r5, lr}
   b4342:	f011 4500 	ands.w	r5, r1, #2147483648	; 0x80000000
   b4346:	d502      	bpl.n	b434e <__aeabi_l2d+0x16>
   b4348:	4240      	negs	r0, r0
   b434a:	eb61 0141 	sbc.w	r1, r1, r1, lsl #1
   b434e:	f44f 6480 	mov.w	r4, #1024	; 0x400
   b4352:	f104 0432 	add.w	r4, r4, #50	; 0x32
   b4356:	ea5f 5c91 	movs.w	ip, r1, lsr #22
   b435a:	f43f aed8 	beq.w	b410e <__adddf3+0xe6>
   b435e:	f04f 0203 	mov.w	r2, #3
   b4362:	ea5f 0cdc 	movs.w	ip, ip, lsr #3
   b4366:	bf18      	it	ne
   b4368:	3203      	addne	r2, #3
   b436a:	ea5f 0cdc 	movs.w	ip, ip, lsr #3
   b436e:	bf18      	it	ne
   b4370:	3203      	addne	r2, #3
   b4372:	eb02 02dc 	add.w	r2, r2, ip, lsr #3
   b4376:	f1c2 0320 	rsb	r3, r2, #32
   b437a:	fa00 fc03 	lsl.w	ip, r0, r3
   b437e:	fa20 f002 	lsr.w	r0, r0, r2
   b4382:	fa01 fe03 	lsl.w	lr, r1, r3
   b4386:	ea40 000e 	orr.w	r0, r0, lr
   b438a:	fa21 f102 	lsr.w	r1, r1, r2
   b438e:	4414      	add	r4, r2
   b4390:	e6bd      	b.n	b410e <__adddf3+0xe6>
   b4392:	bf00      	nop

000b4394 <__aeabi_dmul>:
   b4394:	b570      	push	{r4, r5, r6, lr}
   b4396:	f04f 0cff 	mov.w	ip, #255	; 0xff
   b439a:	f44c 6ce0 	orr.w	ip, ip, #1792	; 0x700
   b439e:	ea1c 5411 	ands.w	r4, ip, r1, lsr #20
   b43a2:	bf1d      	ittte	ne
   b43a4:	ea1c 5513 	andsne.w	r5, ip, r3, lsr #20
   b43a8:	ea94 0f0c 	teqne	r4, ip
   b43ac:	ea95 0f0c 	teqne	r5, ip
   b43b0:	f000 f8de 	bleq	b4570 <__aeabi_dmul+0x1dc>
   b43b4:	442c      	add	r4, r5
   b43b6:	ea81 0603 	eor.w	r6, r1, r3
   b43ba:	ea21 514c 	bic.w	r1, r1, ip, lsl #21
   b43be:	ea23 534c 	bic.w	r3, r3, ip, lsl #21
   b43c2:	ea50 3501 	orrs.w	r5, r0, r1, lsl #12
   b43c6:	bf18      	it	ne
   b43c8:	ea52 3503 	orrsne.w	r5, r2, r3, lsl #12
   b43cc:	f441 1180 	orr.w	r1, r1, #1048576	; 0x100000
   b43d0:	f443 1380 	orr.w	r3, r3, #1048576	; 0x100000
   b43d4:	d038      	beq.n	b4448 <__aeabi_dmul+0xb4>
   b43d6:	fba0 ce02 	umull	ip, lr, r0, r2
   b43da:	f04f 0500 	mov.w	r5, #0
   b43de:	fbe1 e502 	umlal	lr, r5, r1, r2
   b43e2:	f006 4200 	and.w	r2, r6, #2147483648	; 0x80000000
   b43e6:	fbe0 e503 	umlal	lr, r5, r0, r3
   b43ea:	f04f 0600 	mov.w	r6, #0
   b43ee:	fbe1 5603 	umlal	r5, r6, r1, r3
   b43f2:	f09c 0f00 	teq	ip, #0
   b43f6:	bf18      	it	ne
   b43f8:	f04e 0e01 	orrne.w	lr, lr, #1
   b43fc:	f1a4 04ff 	sub.w	r4, r4, #255	; 0xff
   b4400:	f5b6 7f00 	cmp.w	r6, #512	; 0x200
   b4404:	f564 7440 	sbc.w	r4, r4, #768	; 0x300
   b4408:	d204      	bcs.n	b4414 <__aeabi_dmul+0x80>
   b440a:	ea5f 0e4e 	movs.w	lr, lr, lsl #1
   b440e:	416d      	adcs	r5, r5
   b4410:	eb46 0606 	adc.w	r6, r6, r6
   b4414:	ea42 21c6 	orr.w	r1, r2, r6, lsl #11
   b4418:	ea41 5155 	orr.w	r1, r1, r5, lsr #21
   b441c:	ea4f 20c5 	mov.w	r0, r5, lsl #11
   b4420:	ea40 505e 	orr.w	r0, r0, lr, lsr #21
   b4424:	ea4f 2ece 	mov.w	lr, lr, lsl #11
   b4428:	f1b4 0cfd 	subs.w	ip, r4, #253	; 0xfd
   b442c:	bf88      	it	hi
   b442e:	f5bc 6fe0 	cmphi.w	ip, #1792	; 0x700
   b4432:	d81e      	bhi.n	b4472 <__aeabi_dmul+0xde>
   b4434:	f1be 4f00 	cmp.w	lr, #2147483648	; 0x80000000
   b4438:	bf08      	it	eq
   b443a:	ea5f 0e50 	movseq.w	lr, r0, lsr #1
   b443e:	f150 0000 	adcs.w	r0, r0, #0
   b4442:	eb41 5104 	adc.w	r1, r1, r4, lsl #20
   b4446:	bd70      	pop	{r4, r5, r6, pc}
   b4448:	f006 4600 	and.w	r6, r6, #2147483648	; 0x80000000
   b444c:	ea46 0101 	orr.w	r1, r6, r1
   b4450:	ea40 0002 	orr.w	r0, r0, r2
   b4454:	ea81 0103 	eor.w	r1, r1, r3
   b4458:	ebb4 045c 	subs.w	r4, r4, ip, lsr #1
   b445c:	bfc2      	ittt	gt
   b445e:	ebd4 050c 	rsbsgt	r5, r4, ip
   b4462:	ea41 5104 	orrgt.w	r1, r1, r4, lsl #20
   b4466:	bd70      	popgt	{r4, r5, r6, pc}
   b4468:	f441 1180 	orr.w	r1, r1, #1048576	; 0x100000
   b446c:	f04f 0e00 	mov.w	lr, #0
   b4470:	3c01      	subs	r4, #1
   b4472:	f300 80ab 	bgt.w	b45cc <__aeabi_dmul+0x238>
   b4476:	f114 0f36 	cmn.w	r4, #54	; 0x36
   b447a:	bfde      	ittt	le
   b447c:	2000      	movle	r0, #0
   b447e:	f001 4100 	andle.w	r1, r1, #2147483648	; 0x80000000
   b4482:	bd70      	pople	{r4, r5, r6, pc}
   b4484:	f1c4 0400 	rsb	r4, r4, #0
   b4488:	3c20      	subs	r4, #32
   b448a:	da35      	bge.n	b44f8 <__aeabi_dmul+0x164>
   b448c:	340c      	adds	r4, #12
   b448e:	dc1b      	bgt.n	b44c8 <__aeabi_dmul+0x134>
   b4490:	f104 0414 	add.w	r4, r4, #20
   b4494:	f1c4 0520 	rsb	r5, r4, #32
   b4498:	fa00 f305 	lsl.w	r3, r0, r5
   b449c:	fa20 f004 	lsr.w	r0, r0, r4
   b44a0:	fa01 f205 	lsl.w	r2, r1, r5
   b44a4:	ea40 0002 	orr.w	r0, r0, r2
   b44a8:	f001 4200 	and.w	r2, r1, #2147483648	; 0x80000000
   b44ac:	f021 4100 	bic.w	r1, r1, #2147483648	; 0x80000000
   b44b0:	eb10 70d3 	adds.w	r0, r0, r3, lsr #31
   b44b4:	fa21 f604 	lsr.w	r6, r1, r4
   b44b8:	eb42 0106 	adc.w	r1, r2, r6
   b44bc:	ea5e 0e43 	orrs.w	lr, lr, r3, lsl #1
   b44c0:	bf08      	it	eq
   b44c2:	ea20 70d3 	biceq.w	r0, r0, r3, lsr #31
   b44c6:	bd70      	pop	{r4, r5, r6, pc}
   b44c8:	f1c4 040c 	rsb	r4, r4, #12
   b44cc:	f1c4 0520 	rsb	r5, r4, #32
   b44d0:	fa00 f304 	lsl.w	r3, r0, r4
   b44d4:	fa20 f005 	lsr.w	r0, r0, r5
   b44d8:	fa01 f204 	lsl.w	r2, r1, r4
   b44dc:	ea40 0002 	orr.w	r0, r0, r2
   b44e0:	f001 4100 	and.w	r1, r1, #2147483648	; 0x80000000
   b44e4:	eb10 70d3 	adds.w	r0, r0, r3, lsr #31
   b44e8:	f141 0100 	adc.w	r1, r1, #0
   b44ec:	ea5e 0e43 	orrs.w	lr, lr, r3, lsl #1
   b44f0:	bf08      	it	eq
   b44f2:	ea20 70d3 	biceq.w	r0, r0, r3, lsr #31
   b44f6:	bd70      	pop	{r4, r5, r6, pc}
   b44f8:	f1c4 0520 	rsb	r5, r4, #32
   b44fc:	fa00 f205 	lsl.w	r2, r0, r5
   b4500:	ea4e 0e02 	orr.w	lr, lr, r2
   b4504:	fa20 f304 	lsr.w	r3, r0, r4
   b4508:	fa01 f205 	lsl.w	r2, r1, r5
   b450c:	ea43 0302 	orr.w	r3, r3, r2
   b4510:	fa21 f004 	lsr.w	r0, r1, r4
   b4514:	f001 4100 	and.w	r1, r1, #2147483648	; 0x80000000
   b4518:	fa21 f204 	lsr.w	r2, r1, r4
   b451c:	ea20 0002 	bic.w	r0, r0, r2
   b4520:	eb00 70d3 	add.w	r0, r0, r3, lsr #31
   b4524:	ea5e 0e43 	orrs.w	lr, lr, r3, lsl #1
   b4528:	bf08      	it	eq
   b452a:	ea20 70d3 	biceq.w	r0, r0, r3, lsr #31
   b452e:	bd70      	pop	{r4, r5, r6, pc}
   b4530:	f094 0f00 	teq	r4, #0
   b4534:	d10f      	bne.n	b4556 <__aeabi_dmul+0x1c2>
   b4536:	f001 4600 	and.w	r6, r1, #2147483648	; 0x80000000
   b453a:	0040      	lsls	r0, r0, #1
   b453c:	eb41 0101 	adc.w	r1, r1, r1
   b4540:	f411 1f80 	tst.w	r1, #1048576	; 0x100000
   b4544:	bf08      	it	eq
   b4546:	3c01      	subeq	r4, #1
   b4548:	d0f7      	beq.n	b453a <__aeabi_dmul+0x1a6>
   b454a:	ea41 0106 	orr.w	r1, r1, r6
   b454e:	f095 0f00 	teq	r5, #0
   b4552:	bf18      	it	ne
   b4554:	4770      	bxne	lr
   b4556:	f003 4600 	and.w	r6, r3, #2147483648	; 0x80000000
   b455a:	0052      	lsls	r2, r2, #1
   b455c:	eb43 0303 	adc.w	r3, r3, r3
   b4560:	f413 1f80 	tst.w	r3, #1048576	; 0x100000
   b4564:	bf08      	it	eq
   b4566:	3d01      	subeq	r5, #1
   b4568:	d0f7      	beq.n	b455a <__aeabi_dmul+0x1c6>
   b456a:	ea43 0306 	orr.w	r3, r3, r6
   b456e:	4770      	bx	lr
   b4570:	ea94 0f0c 	teq	r4, ip
   b4574:	ea0c 5513 	and.w	r5, ip, r3, lsr #20
   b4578:	bf18      	it	ne
   b457a:	ea95 0f0c 	teqne	r5, ip
   b457e:	d00c      	beq.n	b459a <__aeabi_dmul+0x206>
   b4580:	ea50 0641 	orrs.w	r6, r0, r1, lsl #1
   b4584:	bf18      	it	ne
   b4586:	ea52 0643 	orrsne.w	r6, r2, r3, lsl #1
   b458a:	d1d1      	bne.n	b4530 <__aeabi_dmul+0x19c>
   b458c:	ea81 0103 	eor.w	r1, r1, r3
   b4590:	f001 4100 	and.w	r1, r1, #2147483648	; 0x80000000
   b4594:	f04f 0000 	mov.w	r0, #0
   b4598:	bd70      	pop	{r4, r5, r6, pc}
   b459a:	ea50 0641 	orrs.w	r6, r0, r1, lsl #1
   b459e:	bf06      	itte	eq
   b45a0:	4610      	moveq	r0, r2
   b45a2:	4619      	moveq	r1, r3
   b45a4:	ea52 0643 	orrsne.w	r6, r2, r3, lsl #1
   b45a8:	d019      	beq.n	b45de <__aeabi_dmul+0x24a>
   b45aa:	ea94 0f0c 	teq	r4, ip
   b45ae:	d102      	bne.n	b45b6 <__aeabi_dmul+0x222>
   b45b0:	ea50 3601 	orrs.w	r6, r0, r1, lsl #12
   b45b4:	d113      	bne.n	b45de <__aeabi_dmul+0x24a>
   b45b6:	ea95 0f0c 	teq	r5, ip
   b45ba:	d105      	bne.n	b45c8 <__aeabi_dmul+0x234>
   b45bc:	ea52 3603 	orrs.w	r6, r2, r3, lsl #12
   b45c0:	bf1c      	itt	ne
   b45c2:	4610      	movne	r0, r2
   b45c4:	4619      	movne	r1, r3
   b45c6:	d10a      	bne.n	b45de <__aeabi_dmul+0x24a>
   b45c8:	ea81 0103 	eor.w	r1, r1, r3
   b45cc:	f001 4100 	and.w	r1, r1, #2147483648	; 0x80000000
   b45d0:	f041 41fe 	orr.w	r1, r1, #2130706432	; 0x7f000000
   b45d4:	f441 0170 	orr.w	r1, r1, #15728640	; 0xf00000
   b45d8:	f04f 0000 	mov.w	r0, #0
   b45dc:	bd70      	pop	{r4, r5, r6, pc}
   b45de:	f041 41fe 	orr.w	r1, r1, #2130706432	; 0x7f000000
   b45e2:	f441 0178 	orr.w	r1, r1, #16252928	; 0xf80000
   b45e6:	bd70      	pop	{r4, r5, r6, pc}

000b45e8 <__aeabi_ddiv>:
   b45e8:	b570      	push	{r4, r5, r6, lr}
   b45ea:	f04f 0cff 	mov.w	ip, #255	; 0xff
   b45ee:	f44c 6ce0 	orr.w	ip, ip, #1792	; 0x700
   b45f2:	ea1c 5411 	ands.w	r4, ip, r1, lsr #20
   b45f6:	bf1d      	ittte	ne
   b45f8:	ea1c 5513 	andsne.w	r5, ip, r3, lsr #20
   b45fc:	ea94 0f0c 	teqne	r4, ip
   b4600:	ea95 0f0c 	teqne	r5, ip
   b4604:	f000 f8a7 	bleq	b4756 <__aeabi_ddiv+0x16e>
   b4608:	eba4 0405 	sub.w	r4, r4, r5
   b460c:	ea81 0e03 	eor.w	lr, r1, r3
   b4610:	ea52 3503 	orrs.w	r5, r2, r3, lsl #12
   b4614:	ea4f 3101 	mov.w	r1, r1, lsl #12
   b4618:	f000 8088 	beq.w	b472c <__aeabi_ddiv+0x144>
   b461c:	ea4f 3303 	mov.w	r3, r3, lsl #12
   b4620:	f04f 5580 	mov.w	r5, #268435456	; 0x10000000
   b4624:	ea45 1313 	orr.w	r3, r5, r3, lsr #4
   b4628:	ea43 6312 	orr.w	r3, r3, r2, lsr #24
   b462c:	ea4f 2202 	mov.w	r2, r2, lsl #8
   b4630:	ea45 1511 	orr.w	r5, r5, r1, lsr #4
   b4634:	ea45 6510 	orr.w	r5, r5, r0, lsr #24
   b4638:	ea4f 2600 	mov.w	r6, r0, lsl #8
   b463c:	f00e 4100 	and.w	r1, lr, #2147483648	; 0x80000000
   b4640:	429d      	cmp	r5, r3
   b4642:	bf08      	it	eq
   b4644:	4296      	cmpeq	r6, r2
   b4646:	f144 04fd 	adc.w	r4, r4, #253	; 0xfd
   b464a:	f504 7440 	add.w	r4, r4, #768	; 0x300
   b464e:	d202      	bcs.n	b4656 <__aeabi_ddiv+0x6e>
   b4650:	085b      	lsrs	r3, r3, #1
   b4652:	ea4f 0232 	mov.w	r2, r2, rrx
   b4656:	1ab6      	subs	r6, r6, r2
   b4658:	eb65 0503 	sbc.w	r5, r5, r3
   b465c:	085b      	lsrs	r3, r3, #1
   b465e:	ea4f 0232 	mov.w	r2, r2, rrx
   b4662:	f44f 1080 	mov.w	r0, #1048576	; 0x100000
   b4666:	f44f 2c00 	mov.w	ip, #524288	; 0x80000
   b466a:	ebb6 0e02 	subs.w	lr, r6, r2
   b466e:	eb75 0e03 	sbcs.w	lr, r5, r3
   b4672:	bf22      	ittt	cs
   b4674:	1ab6      	subcs	r6, r6, r2
   b4676:	4675      	movcs	r5, lr
   b4678:	ea40 000c 	orrcs.w	r0, r0, ip
   b467c:	085b      	lsrs	r3, r3, #1
   b467e:	ea4f 0232 	mov.w	r2, r2, rrx
   b4682:	ebb6 0e02 	subs.w	lr, r6, r2
   b4686:	eb75 0e03 	sbcs.w	lr, r5, r3
   b468a:	bf22      	ittt	cs
   b468c:	1ab6      	subcs	r6, r6, r2
   b468e:	4675      	movcs	r5, lr
   b4690:	ea40 005c 	orrcs.w	r0, r0, ip, lsr #1
   b4694:	085b      	lsrs	r3, r3, #1
   b4696:	ea4f 0232 	mov.w	r2, r2, rrx
   b469a:	ebb6 0e02 	subs.w	lr, r6, r2
   b469e:	eb75 0e03 	sbcs.w	lr, r5, r3
   b46a2:	bf22      	ittt	cs
   b46a4:	1ab6      	subcs	r6, r6, r2
   b46a6:	4675      	movcs	r5, lr
   b46a8:	ea40 009c 	orrcs.w	r0, r0, ip, lsr #2
   b46ac:	085b      	lsrs	r3, r3, #1
   b46ae:	ea4f 0232 	mov.w	r2, r2, rrx
   b46b2:	ebb6 0e02 	subs.w	lr, r6, r2
   b46b6:	eb75 0e03 	sbcs.w	lr, r5, r3
   b46ba:	bf22      	ittt	cs
   b46bc:	1ab6      	subcs	r6, r6, r2
   b46be:	4675      	movcs	r5, lr
   b46c0:	ea40 00dc 	orrcs.w	r0, r0, ip, lsr #3
   b46c4:	ea55 0e06 	orrs.w	lr, r5, r6
   b46c8:	d018      	beq.n	b46fc <__aeabi_ddiv+0x114>
   b46ca:	ea4f 1505 	mov.w	r5, r5, lsl #4
   b46ce:	ea45 7516 	orr.w	r5, r5, r6, lsr #28
   b46d2:	ea4f 1606 	mov.w	r6, r6, lsl #4
   b46d6:	ea4f 03c3 	mov.w	r3, r3, lsl #3
   b46da:	ea43 7352 	orr.w	r3, r3, r2, lsr #29
   b46de:	ea4f 02c2 	mov.w	r2, r2, lsl #3
   b46e2:	ea5f 1c1c 	movs.w	ip, ip, lsr #4
   b46e6:	d1c0      	bne.n	b466a <__aeabi_ddiv+0x82>
   b46e8:	f411 1f80 	tst.w	r1, #1048576	; 0x100000
   b46ec:	d10b      	bne.n	b4706 <__aeabi_ddiv+0x11e>
   b46ee:	ea41 0100 	orr.w	r1, r1, r0
   b46f2:	f04f 0000 	mov.w	r0, #0
   b46f6:	f04f 4c00 	mov.w	ip, #2147483648	; 0x80000000
   b46fa:	e7b6      	b.n	b466a <__aeabi_ddiv+0x82>
   b46fc:	f411 1f80 	tst.w	r1, #1048576	; 0x100000
   b4700:	bf04      	itt	eq
   b4702:	4301      	orreq	r1, r0
   b4704:	2000      	moveq	r0, #0
   b4706:	f1b4 0cfd 	subs.w	ip, r4, #253	; 0xfd
   b470a:	bf88      	it	hi
   b470c:	f5bc 6fe0 	cmphi.w	ip, #1792	; 0x700
   b4710:	f63f aeaf 	bhi.w	b4472 <__aeabi_dmul+0xde>
   b4714:	ebb5 0c03 	subs.w	ip, r5, r3
   b4718:	bf04      	itt	eq
   b471a:	ebb6 0c02 	subseq.w	ip, r6, r2
   b471e:	ea5f 0c50 	movseq.w	ip, r0, lsr #1
   b4722:	f150 0000 	adcs.w	r0, r0, #0
   b4726:	eb41 5104 	adc.w	r1, r1, r4, lsl #20
   b472a:	bd70      	pop	{r4, r5, r6, pc}
   b472c:	f00e 4e00 	and.w	lr, lr, #2147483648	; 0x80000000
   b4730:	ea4e 3111 	orr.w	r1, lr, r1, lsr #12
   b4734:	eb14 045c 	adds.w	r4, r4, ip, lsr #1
   b4738:	bfc2      	ittt	gt
   b473a:	ebd4 050c 	rsbsgt	r5, r4, ip
   b473e:	ea41 5104 	orrgt.w	r1, r1, r4, lsl #20
   b4742:	bd70      	popgt	{r4, r5, r6, pc}
   b4744:	f441 1180 	orr.w	r1, r1, #1048576	; 0x100000
   b4748:	f04f 0e00 	mov.w	lr, #0
   b474c:	3c01      	subs	r4, #1
   b474e:	e690      	b.n	b4472 <__aeabi_dmul+0xde>
   b4750:	ea45 0e06 	orr.w	lr, r5, r6
   b4754:	e68d      	b.n	b4472 <__aeabi_dmul+0xde>
   b4756:	ea0c 5513 	and.w	r5, ip, r3, lsr #20
   b475a:	ea94 0f0c 	teq	r4, ip
   b475e:	bf08      	it	eq
   b4760:	ea95 0f0c 	teqeq	r5, ip
   b4764:	f43f af3b 	beq.w	b45de <__aeabi_dmul+0x24a>
   b4768:	ea94 0f0c 	teq	r4, ip
   b476c:	d10a      	bne.n	b4784 <__aeabi_ddiv+0x19c>
   b476e:	ea50 3401 	orrs.w	r4, r0, r1, lsl #12
   b4772:	f47f af34 	bne.w	b45de <__aeabi_dmul+0x24a>
   b4776:	ea95 0f0c 	teq	r5, ip
   b477a:	f47f af25 	bne.w	b45c8 <__aeabi_dmul+0x234>
   b477e:	4610      	mov	r0, r2
   b4780:	4619      	mov	r1, r3
   b4782:	e72c      	b.n	b45de <__aeabi_dmul+0x24a>
   b4784:	ea95 0f0c 	teq	r5, ip
   b4788:	d106      	bne.n	b4798 <__aeabi_ddiv+0x1b0>
   b478a:	ea52 3503 	orrs.w	r5, r2, r3, lsl #12
   b478e:	f43f aefd 	beq.w	b458c <__aeabi_dmul+0x1f8>
   b4792:	4610      	mov	r0, r2
   b4794:	4619      	mov	r1, r3
   b4796:	e722      	b.n	b45de <__aeabi_dmul+0x24a>
   b4798:	ea50 0641 	orrs.w	r6, r0, r1, lsl #1
   b479c:	bf18      	it	ne
   b479e:	ea52 0643 	orrsne.w	r6, r2, r3, lsl #1
   b47a2:	f47f aec5 	bne.w	b4530 <__aeabi_dmul+0x19c>
   b47a6:	ea50 0441 	orrs.w	r4, r0, r1, lsl #1
   b47aa:	f47f af0d 	bne.w	b45c8 <__aeabi_dmul+0x234>
   b47ae:	ea52 0543 	orrs.w	r5, r2, r3, lsl #1
   b47b2:	f47f aeeb 	bne.w	b458c <__aeabi_dmul+0x1f8>
   b47b6:	e712      	b.n	b45de <__aeabi_dmul+0x24a>

000b47b8 <__gedf2>:
   b47b8:	f04f 3cff 	mov.w	ip, #4294967295
   b47bc:	e006      	b.n	b47cc <__cmpdf2+0x4>
   b47be:	bf00      	nop

000b47c0 <__ledf2>:
   b47c0:	f04f 0c01 	mov.w	ip, #1
   b47c4:	e002      	b.n	b47cc <__cmpdf2+0x4>
   b47c6:	bf00      	nop

000b47c8 <__cmpdf2>:
   b47c8:	f04f 0c01 	mov.w	ip, #1
   b47cc:	f84d cd04 	str.w	ip, [sp, #-4]!
   b47d0:	ea4f 0c41 	mov.w	ip, r1, lsl #1
   b47d4:	ea7f 5c6c 	mvns.w	ip, ip, asr #21
   b47d8:	ea4f 0c43 	mov.w	ip, r3, lsl #1
   b47dc:	bf18      	it	ne
   b47de:	ea7f 5c6c 	mvnsne.w	ip, ip, asr #21
   b47e2:	d01b      	beq.n	b481c <__cmpdf2+0x54>
   b47e4:	b001      	add	sp, #4
   b47e6:	ea50 0c41 	orrs.w	ip, r0, r1, lsl #1
   b47ea:	bf0c      	ite	eq
   b47ec:	ea52 0c43 	orrseq.w	ip, r2, r3, lsl #1
   b47f0:	ea91 0f03 	teqne	r1, r3
   b47f4:	bf02      	ittt	eq
   b47f6:	ea90 0f02 	teqeq	r0, r2
   b47fa:	2000      	moveq	r0, #0
   b47fc:	4770      	bxeq	lr
   b47fe:	f110 0f00 	cmn.w	r0, #0
   b4802:	ea91 0f03 	teq	r1, r3
   b4806:	bf58      	it	pl
   b4808:	4299      	cmppl	r1, r3
   b480a:	bf08      	it	eq
   b480c:	4290      	cmpeq	r0, r2
   b480e:	bf2c      	ite	cs
   b4810:	17d8      	asrcs	r0, r3, #31
   b4812:	ea6f 70e3 	mvncc.w	r0, r3, asr #31
   b4816:	f040 0001 	orr.w	r0, r0, #1
   b481a:	4770      	bx	lr
   b481c:	ea4f 0c41 	mov.w	ip, r1, lsl #1
   b4820:	ea7f 5c6c 	mvns.w	ip, ip, asr #21
   b4824:	d102      	bne.n	b482c <__cmpdf2+0x64>
   b4826:	ea50 3c01 	orrs.w	ip, r0, r1, lsl #12
   b482a:	d107      	bne.n	b483c <__cmpdf2+0x74>
   b482c:	ea4f 0c43 	mov.w	ip, r3, lsl #1
   b4830:	ea7f 5c6c 	mvns.w	ip, ip, asr #21
   b4834:	d1d6      	bne.n	b47e4 <__cmpdf2+0x1c>
   b4836:	ea52 3c03 	orrs.w	ip, r2, r3, lsl #12
   b483a:	d0d3      	beq.n	b47e4 <__cmpdf2+0x1c>
   b483c:	f85d 0b04 	ldr.w	r0, [sp], #4
   b4840:	4770      	bx	lr
   b4842:	bf00      	nop

000b4844 <__aeabi_cdrcmple>:
   b4844:	4684      	mov	ip, r0
   b4846:	4610      	mov	r0, r2
   b4848:	4662      	mov	r2, ip
   b484a:	468c      	mov	ip, r1
   b484c:	4619      	mov	r1, r3
   b484e:	4663      	mov	r3, ip
   b4850:	e000      	b.n	b4854 <__aeabi_cdcmpeq>
   b4852:	bf00      	nop

000b4854 <__aeabi_cdcmpeq>:
   b4854:	b501      	push	{r0, lr}
   b4856:	f7ff ffb7 	bl	b47c8 <__cmpdf2>
   b485a:	2800      	cmp	r0, #0
   b485c:	bf48      	it	mi
   b485e:	f110 0f00 	cmnmi.w	r0, #0
   b4862:	bd01      	pop	{r0, pc}

000b4864 <__aeabi_dcmpeq>:
   b4864:	f84d ed08 	str.w	lr, [sp, #-8]!
   b4868:	f7ff fff4 	bl	b4854 <__aeabi_cdcmpeq>
   b486c:	bf0c      	ite	eq
   b486e:	2001      	moveq	r0, #1
   b4870:	2000      	movne	r0, #0
   b4872:	f85d fb08 	ldr.w	pc, [sp], #8
   b4876:	bf00      	nop

000b4878 <__aeabi_dcmplt>:
   b4878:	f84d ed08 	str.w	lr, [sp, #-8]!
   b487c:	f7ff ffea 	bl	b4854 <__aeabi_cdcmpeq>
   b4880:	bf34      	ite	cc
   b4882:	2001      	movcc	r0, #1
   b4884:	2000      	movcs	r0, #0
   b4886:	f85d fb08 	ldr.w	pc, [sp], #8
   b488a:	bf00      	nop

000b488c <__aeabi_dcmple>:
   b488c:	f84d ed08 	str.w	lr, [sp, #-8]!
   b4890:	f7ff ffe0 	bl	b4854 <__aeabi_cdcmpeq>
   b4894:	bf94      	ite	ls
   b4896:	2001      	movls	r0, #1
   b4898:	2000      	movhi	r0, #0
   b489a:	f85d fb08 	ldr.w	pc, [sp], #8
   b489e:	bf00      	nop

000b48a0 <__aeabi_dcmpge>:
   b48a0:	f84d ed08 	str.w	lr, [sp, #-8]!
   b48a4:	f7ff ffce 	bl	b4844 <__aeabi_cdrcmple>
   b48a8:	bf94      	ite	ls
   b48aa:	2001      	movls	r0, #1
   b48ac:	2000      	movhi	r0, #0
   b48ae:	f85d fb08 	ldr.w	pc, [sp], #8
   b48b2:	bf00      	nop

000b48b4 <__aeabi_dcmpgt>:
   b48b4:	f84d ed08 	str.w	lr, [sp, #-8]!
   b48b8:	f7ff ffc4 	bl	b4844 <__aeabi_cdrcmple>
   b48bc:	bf34      	ite	cc
   b48be:	2001      	movcc	r0, #1
   b48c0:	2000      	movcs	r0, #0
   b48c2:	f85d fb08 	ldr.w	pc, [sp], #8
   b48c6:	bf00      	nop

000b48c8 <__aeabi_dcmpun>:
   b48c8:	ea4f 0c41 	mov.w	ip, r1, lsl #1
   b48cc:	ea7f 5c6c 	mvns.w	ip, ip, asr #21
   b48d0:	d102      	bne.n	b48d8 <__aeabi_dcmpun+0x10>
   b48d2:	ea50 3c01 	orrs.w	ip, r0, r1, lsl #12
   b48d6:	d10a      	bne.n	b48ee <__aeabi_dcmpun+0x26>
   b48d8:	ea4f 0c43 	mov.w	ip, r3, lsl #1
   b48dc:	ea7f 5c6c 	mvns.w	ip, ip, asr #21
   b48e0:	d102      	bne.n	b48e8 <__aeabi_dcmpun+0x20>
   b48e2:	ea52 3c03 	orrs.w	ip, r2, r3, lsl #12
   b48e6:	d102      	bne.n	b48ee <__aeabi_dcmpun+0x26>
   b48e8:	f04f 0000 	mov.w	r0, #0
   b48ec:	4770      	bx	lr
   b48ee:	f04f 0001 	mov.w	r0, #1
   b48f2:	4770      	bx	lr

000b48f4 <__aeabi_d2iz>:
   b48f4:	ea4f 0241 	mov.w	r2, r1, lsl #1
   b48f8:	f512 1200 	adds.w	r2, r2, #2097152	; 0x200000
   b48fc:	d215      	bcs.n	b492a <__aeabi_d2iz+0x36>
   b48fe:	d511      	bpl.n	b4924 <__aeabi_d2iz+0x30>
   b4900:	f46f 7378 	mvn.w	r3, #992	; 0x3e0
   b4904:	ebb3 5262 	subs.w	r2, r3, r2, asr #21
   b4908:	d912      	bls.n	b4930 <__aeabi_d2iz+0x3c>
   b490a:	ea4f 23c1 	mov.w	r3, r1, lsl #11
   b490e:	f043 4300 	orr.w	r3, r3, #2147483648	; 0x80000000
   b4912:	ea43 5350 	orr.w	r3, r3, r0, lsr #21
   b4916:	f011 4f00 	tst.w	r1, #2147483648	; 0x80000000
   b491a:	fa23 f002 	lsr.w	r0, r3, r2
   b491e:	bf18      	it	ne
   b4920:	4240      	negne	r0, r0
   b4922:	4770      	bx	lr
   b4924:	f04f 0000 	mov.w	r0, #0
   b4928:	4770      	bx	lr
   b492a:	ea50 3001 	orrs.w	r0, r0, r1, lsl #12
   b492e:	d105      	bne.n	b493c <__aeabi_d2iz+0x48>
   b4930:	f011 4000 	ands.w	r0, r1, #2147483648	; 0x80000000
   b4934:	bf08      	it	eq
   b4936:	f06f 4000 	mvneq.w	r0, #2147483648	; 0x80000000
   b493a:	4770      	bx	lr
   b493c:	f04f 0000 	mov.w	r0, #0
   b4940:	4770      	bx	lr
   b4942:	bf00      	nop

000b4944 <__aeabi_d2uiz>:
   b4944:	004a      	lsls	r2, r1, #1
   b4946:	d211      	bcs.n	b496c <__aeabi_d2uiz+0x28>
   b4948:	f512 1200 	adds.w	r2, r2, #2097152	; 0x200000
   b494c:	d211      	bcs.n	b4972 <__aeabi_d2uiz+0x2e>
   b494e:	d50d      	bpl.n	b496c <__aeabi_d2uiz+0x28>
   b4950:	f46f 7378 	mvn.w	r3, #992	; 0x3e0
   b4954:	ebb3 5262 	subs.w	r2, r3, r2, asr #21
   b4958:	d40e      	bmi.n	b4978 <__aeabi_d2uiz+0x34>
   b495a:	ea4f 23c1 	mov.w	r3, r1, lsl #11
   b495e:	f043 4300 	orr.w	r3, r3, #2147483648	; 0x80000000
   b4962:	ea43 5350 	orr.w	r3, r3, r0, lsr #21
   b4966:	fa23 f002 	lsr.w	r0, r3, r2
   b496a:	4770      	bx	lr
   b496c:	f04f 0000 	mov.w	r0, #0
   b4970:	4770      	bx	lr
   b4972:	ea50 3001 	orrs.w	r0, r0, r1, lsl #12
   b4976:	d102      	bne.n	b497e <__aeabi_d2uiz+0x3a>
   b4978:	f04f 30ff 	mov.w	r0, #4294967295
   b497c:	4770      	bx	lr
   b497e:	f04f 0000 	mov.w	r0, #0
   b4982:	4770      	bx	lr

000b4984 <strlen>:
   b4984:	4603      	mov	r3, r0
   b4986:	f813 2b01 	ldrb.w	r2, [r3], #1
   b498a:	2a00      	cmp	r2, #0
   b498c:	d1fb      	bne.n	b4986 <strlen+0x2>
   b498e:	1a18      	subs	r0, r3, r0
   b4990:	3801      	subs	r0, #1
   b4992:	4770      	bx	lr

000b4994 <module_user_pre_init>:
/**
 * Initializes this user module. Returns the start of the heap.
 */
void* module_user_pre_init() {

    if ( (&link_global_data_start!=&link_global_data_initial_values) && (link_global_data_size != 0))
   b4994:	4809      	ldr	r0, [pc, #36]	; (b49bc <module_user_pre_init+0x28>)
   b4996:	490a      	ldr	r1, [pc, #40]	; (b49c0 <module_user_pre_init+0x2c>)
   b4998:	4288      	cmp	r0, r1
void* module_user_pre_init() {
   b499a:	b508      	push	{r3, lr}
    if ( (&link_global_data_start!=&link_global_data_initial_values) && (link_global_data_size != 0))
   b499c:	d005      	beq.n	b49aa <module_user_pre_init+0x16>
   b499e:	4a09      	ldr	r2, [pc, #36]	; (b49c4 <module_user_pre_init+0x30>)
   b49a0:	4282      	cmp	r2, r0
   b49a2:	d002      	beq.n	b49aa <module_user_pre_init+0x16>
    {
        memcpy(&link_global_data_start, &link_global_data_initial_values, link_global_data_size);
   b49a4:	1a12      	subs	r2, r2, r0
   b49a6:	f006 ffca 	bl	bb93e <memcpy>
    }

    memset(&link_bss_location, 0, link_bss_size );
   b49aa:	4807      	ldr	r0, [pc, #28]	; (b49c8 <module_user_pre_init+0x34>)
   b49ac:	4a07      	ldr	r2, [pc, #28]	; (b49cc <module_user_pre_init+0x38>)
   b49ae:	2100      	movs	r1, #0
   b49b0:	1a12      	subs	r2, r2, r0
   b49b2:	f006 ffd2 	bl	bb95a <memset>
    return &link_global_data_start;
}
   b49b6:	4801      	ldr	r0, [pc, #4]	; (b49bc <module_user_pre_init+0x28>)
   b49b8:	bd08      	pop	{r3, pc}
   b49ba:	bf00      	nop
   b49bc:	2003dad0 	.word	0x2003dad0
   b49c0:	000bc2a4 	.word	0x000bc2a4
   b49c4:	2003db40 	.word	0x2003db40
   b49c8:	2003db40 	.word	0x2003db40
   b49cc:	2003e7fc 	.word	0x2003e7fc

000b49d0 <module_user_init>:
extern constructor_ptr_t link_constructors_location[];
extern constructor_ptr_t link_constructors_end;
#define link_constructors_size   ((unsigned long)&link_constructors_end  -  (unsigned long)&link_constructors_location )

void module_user_init()
{
   b49d0:	b570      	push	{r4, r5, r6, lr}
    module_user_init_hook();

    // invoke constructors
    for (size_t ctor_num=0; ctor_num < link_constructors_size/sizeof(constructor_ptr_t); ctor_num++ )
   b49d2:	4e07      	ldr	r6, [pc, #28]	; (b49f0 <module_user_init+0x20>)
   b49d4:	4c07      	ldr	r4, [pc, #28]	; (b49f4 <module_user_init+0x24>)
    module_user_init_hook();
   b49d6:	f006 f8c9 	bl	bab6c <module_user_init_hook>
    for (size_t ctor_num=0; ctor_num < link_constructors_size/sizeof(constructor_ptr_t); ctor_num++ )
   b49da:	1ba4      	subs	r4, r4, r6
   b49dc:	08a4      	lsrs	r4, r4, #2
   b49de:	2500      	movs	r5, #0
   b49e0:	42ac      	cmp	r4, r5
   b49e2:	d100      	bne.n	b49e6 <module_user_init+0x16>
    {
        link_constructors_location[ctor_num]();
    }
}
   b49e4:	bd70      	pop	{r4, r5, r6, pc}
        link_constructors_location[ctor_num]();
   b49e6:	f856 3b04 	ldr.w	r3, [r6], #4
   b49ea:	4798      	blx	r3
    for (size_t ctor_num=0; ctor_num < link_constructors_size/sizeof(constructor_ptr_t); ctor_num++ )
   b49ec:	3501      	adds	r5, #1
   b49ee:	e7f7      	b.n	b49e0 <module_user_init+0x10>
   b49f0:	000bc254 	.word	0x000bc254
   b49f4:	000bc280 	.word	0x000bc280

000b49f8 <module_user_setup>:

/**
 * Export these functions with a fuller name so they don't clash with the setup/loop wrappers in the system module.
 */
void module_user_setup() {
    setup();
   b49f8:	f001 bab0 	b.w	b5f5c <setup>

000b49fc <module_user_loop>:
}

void module_user_loop() {
   b49fc:	b508      	push	{r3, lr}
    loop();
   b49fe:	f001 fb8d 	bl	b611c <loop>
    _post_loop();
}
   b4a02:	e8bd 4008 	ldmia.w	sp!, {r3, lr}
    _post_loop();
   b4a06:	f006 b869 	b.w	baadc <_post_loop>

000b4a0a <_Znwj>:
 * Implement C++ new/delete operators using the heap
 */

void *operator new(size_t size)
{
	return malloc(size);
   b4a0a:	f005 bd8f 	b.w	ba52c <malloc>

000b4a0e <_Znaj>:
   b4a0e:	f005 bd8d 	b.w	ba52c <malloc>

000b4a12 <_ZdlPvj>:
	free(p);
}

void operator delete(void *p, size_t size)
{
	free(p);
   b4a12:	f005 bd93 	b.w	ba53c <free>

000b4a16 <__cxa_guard_acquire>:

/* Provide default implemenation for __cxa_guard_acquire() and
 * __cxa_guard_release(). Note: these must be revisited if a multitasking
 * OS is ported to this platform. */
__extension__ typedef int __guard __attribute__((mode (__DI__)));
int __cxa_guard_acquire(__guard *g) {return !*(char *)(g);};
   b4a16:	7800      	ldrb	r0, [r0, #0]
   b4a18:	fab0 f080 	clz	r0, r0
   b4a1c:	0940      	lsrs	r0, r0, #5
   b4a1e:	4770      	bx	lr

000b4a20 <__cxa_guard_release>:
void __cxa_guard_release (__guard *g) {*(char *)g = 1;};
   b4a20:	2301      	movs	r3, #1
   b4a22:	7003      	strb	r3, [r0, #0]
   b4a24:	4770      	bx	lr
	...

000b4a28 <calc_temperature>:
    float var1;
    float var2;
    float calc_temp;

    /* calculate var1 data */
    var1 = ((((float)temp_adc / 16384.0f) - ((float)dev->calib.par_t1 / 1024.0f)) * ((float)dev->calib.par_t2));
   b4a28:	8bcb      	ldrh	r3, [r1, #30]
   b4a2a:	ed9f 7a1a 	vldr	s14, [pc, #104]	; b4a94 <calc_temperature+0x6c>
   b4a2e:	ed9f 6a1a 	vldr	s12, [pc, #104]	; b4a98 <calc_temperature+0x70>
   b4a32:	ee07 0a90 	vmov	s15, r0
   b4a36:	ee00 3a10 	vmov	s0, r3
   b4a3a:	eef8 6a67 	vcvt.f32.u32	s13, s15
   b4a3e:	eef8 7a40 	vcvt.f32.u32	s15, s0

    /* calculate var2 data */
    var2 =
        (((((float)temp_adc / 131072.0f) - ((float)dev->calib.par_t1 / 8192.0f)) *
   b4a42:	ed9f 0a16 	vldr	s0, [pc, #88]	; b4a9c <calc_temperature+0x74>
    var1 = ((((float)temp_adc / 16384.0f) - ((float)dev->calib.par_t1 / 1024.0f)) * ((float)dev->calib.par_t2));
   b4a46:	f9b1 3020 	ldrsh.w	r3, [r1, #32]
   b4a4a:	ee27 7a67 	vnmul.f32	s14, s14, s15
        (((((float)temp_adc / 131072.0f) - ((float)dev->calib.par_t1 / 8192.0f)) *
   b4a4e:	ee20 0a67 	vnmul.f32	s0, s0, s15
   b4a52:	eddf 7a13 	vldr	s15, [pc, #76]	; b4aa0 <calc_temperature+0x78>
    var1 = ((((float)temp_adc / 16384.0f) - ((float)dev->calib.par_t1 / 1024.0f)) * ((float)dev->calib.par_t2));
   b4a56:	eea6 7a86 	vfma.f32	s14, s13, s12
        (((((float)temp_adc / 131072.0f) - ((float)dev->calib.par_t1 / 8192.0f)) *
   b4a5a:	eea6 0aa7 	vfma.f32	s0, s13, s15
    var1 = ((((float)temp_adc / 16384.0f) - ((float)dev->calib.par_t1 / 1024.0f)) * ((float)dev->calib.par_t2));
   b4a5e:	ee06 3a90 	vmov	s13, r3
          (((float)temp_adc / 131072.0f) - ((float)dev->calib.par_t1 / 8192.0f))) * ((float)dev->calib.par_t3 * 16.0f));
   b4a62:	f991 3022 	ldrsb.w	r3, [r1, #34]	; 0x22
   b4a66:	ee07 3a90 	vmov	s15, r3
   b4a6a:	eef8 7ae7 	vcvt.f32.s32	s15, s15
   b4a6e:	eeb3 6a00 	vmov.f32	s12, #48	; 0x41800000  16.0
   b4a72:	ee67 7a86 	vmul.f32	s15, s15, s12
        (((((float)temp_adc / 131072.0f) - ((float)dev->calib.par_t1 / 8192.0f)) *
   b4a76:	ee20 0a00 	vmul.f32	s0, s0, s0
    var1 = ((((float)temp_adc / 16384.0f) - ((float)dev->calib.par_t1 / 1024.0f)) * ((float)dev->calib.par_t2));
   b4a7a:	eef8 6ae6 	vcvt.f32.s32	s13, s13
    var2 =
   b4a7e:	ee67 7a80 	vmul.f32	s15, s15, s0

    /* compensated temperature data*/
    calc_temp = ((dev->calib.t_fine) / 5120.0f);

    return calc_temp;
}
   b4a82:	ed9f 0a08 	vldr	s0, [pc, #32]	; b4aa4 <calc_temperature+0x7c>
    dev->calib.t_fine = (var1 + var2);
   b4a86:	eee7 7a26 	vfma.f32	s15, s14, s13
}
   b4a8a:	ee87 0a80 	vdiv.f32	s0, s15, s0
    dev->calib.t_fine = (var1 + var2);
   b4a8e:	edc1 7a0e 	vstr	s15, [r1, #56]	; 0x38
}
   b4a92:	4770      	bx	lr
   b4a94:	3a800000 	.word	0x3a800000
   b4a98:	38800000 	.word	0x38800000
   b4a9c:	39000000 	.word	0x39000000
   b4aa0:	37000000 	.word	0x37000000
   b4aa4:	45a00000 	.word	0x45a00000

000b4aa8 <calc_pressure>:
    float var1;
    float var2;
    float var3;
    float calc_pres;

    var1 = (((float)dev->calib.t_fine / 2.0f) - 64000.0f);
   b4aa8:	ed91 7a0e 	vldr	s14, [r1, #56]	; 0x38
    var2 = var1 * var1 * (((float)dev->calib.par_p6) / (131072.0f));
    var2 = var2 + (var1 * ((float)dev->calib.par_p5) * 2.0f);
    var2 = (var2 / 4.0f) + (((float)dev->calib.par_p4) * 65536.0f);
    var1 = (((((float)dev->calib.par_p3 * var1 * var1) / 16384.0f) + ((float)dev->calib.par_p2 * var1)) / 524288.0f);
   b4aac:	f991 3028 	ldrsb.w	r3, [r1, #40]	; 0x28
    var1 = (((float)dev->calib.t_fine / 2.0f) - 64000.0f);
   b4ab0:	eddf 6a54 	vldr	s13, [pc, #336]	; b4c04 <calc_pressure+0x15c>
    var1 = (((((float)dev->calib.par_p3 * var1 * var1) / 16384.0f) + ((float)dev->calib.par_p2 * var1)) / 524288.0f);
   b4ab4:	ed9f 6a54 	vldr	s12, [pc, #336]	; b4c08 <calc_pressure+0x160>
    var1 = ((1.0f + (var1 / 32768.0f)) * ((float)dev->calib.par_p1));
   b4ab8:	eddf 4a54 	vldr	s9, [pc, #336]	; b4c0c <calc_pressure+0x164>
    var1 = (((float)dev->calib.t_fine / 2.0f) - 64000.0f);
   b4abc:	eef6 7a00 	vmov.f32	s15, #96	; 0x3f000000  0.5
   b4ac0:	eee7 6a27 	vfma.f32	s13, s14, s15
    var1 = (((((float)dev->calib.par_p3 * var1 * var1) / 16384.0f) + ((float)dev->calib.par_p2 * var1)) / 524288.0f);
   b4ac4:	ee07 3a90 	vmov	s15, r3
   b4ac8:	f9b1 3026 	ldrsh.w	r3, [r1, #38]	; 0x26
   b4acc:	eef8 7ae7 	vcvt.f32.s32	s15, s15
   b4ad0:	ee07 3a10 	vmov	s14, r3
   b4ad4:	ee67 7aa6 	vmul.f32	s15, s15, s13
   b4ad8:	eeb8 7ac7 	vcvt.f32.s32	s14, s14
   b4adc:	ee67 7aa6 	vmul.f32	s15, s15, s13
   b4ae0:	ee27 7a26 	vmul.f32	s14, s14, s13
    var1 = ((1.0f + (var1 / 32768.0f)) * ((float)dev->calib.par_p1));
   b4ae4:	8c8b      	ldrh	r3, [r1, #36]	; 0x24
    var1 = (((((float)dev->calib.par_p3 * var1 * var1) / 16384.0f) + ((float)dev->calib.par_p2 * var1)) / 524288.0f);
   b4ae6:	eea7 7a86 	vfma.f32	s14, s15, s12
   b4aea:	eddf 7a49 	vldr	s15, [pc, #292]	; b4c10 <calc_pressure+0x168>
    var1 = ((1.0f + (var1 / 32768.0f)) * ((float)dev->calib.par_p1));
   b4aee:	eeb7 6a00 	vmov.f32	s12, #112	; 0x3f800000  1.0
    var1 = (((((float)dev->calib.par_p3 * var1 * var1) / 16384.0f) + ((float)dev->calib.par_p2 * var1)) / 524288.0f);
   b4af2:	ee27 7a27 	vmul.f32	s14, s14, s15
    var1 = ((1.0f + (var1 / 32768.0f)) * ((float)dev->calib.par_p1));
   b4af6:	eef0 7a46 	vmov.f32	s15, s12
   b4afa:	eee7 7a24 	vfma.f32	s15, s14, s9
   b4afe:	ee06 3a10 	vmov	s12, r3
   b4b02:	eeb8 6a46 	vcvt.f32.u32	s12, s12
{
   b4b06:	ee04 0a10 	vmov	s8, r0
    var1 = ((1.0f + (var1 / 32768.0f)) * ((float)dev->calib.par_p1));
   b4b0a:	ee26 6a27 	vmul.f32	s12, s12, s15
    calc_pres = (1048576.0f - ((float)pres_adc));

    /* Avoid exception caused by division by zero */
    if ((int)var1 != 0)
   b4b0e:	eefd 7ac6 	vcvt.s32.f32	s15, s12
   b4b12:	ee17 3a90 	vmov	r3, s15
   b4b16:	2b00      	cmp	r3, #0
   b4b18:	d070      	beq.n	b4bfc <calc_pressure+0x154>
    var2 = var1 * var1 * (((float)dev->calib.par_p6) / (131072.0f));
   b4b1a:	f991 302e 	ldrsb.w	r3, [r1, #46]	; 0x2e
   b4b1e:	ed9f 5a3d 	vldr	s10, [pc, #244]	; b4c14 <calc_pressure+0x16c>
   b4b22:	ee07 3a10 	vmov	s14, r3
    var2 = var2 + (var1 * ((float)dev->calib.par_p5) * 2.0f);
   b4b26:	f9b1 302c 	ldrsh.w	r3, [r1, #44]	; 0x2c
    var2 = var1 * var1 * (((float)dev->calib.par_p6) / (131072.0f));
   b4b2a:	eeb8 7ac7 	vcvt.f32.s32	s14, s14
    var2 = var2 + (var1 * ((float)dev->calib.par_p5) * 2.0f);
   b4b2e:	ee05 3a90 	vmov	s11, r3
    var2 = var1 * var1 * (((float)dev->calib.par_p6) / (131072.0f));
   b4b32:	ee66 7aa6 	vmul.f32	s15, s13, s13
   b4b36:	ee27 7a05 	vmul.f32	s14, s14, s10
    var2 = var2 + (var1 * ((float)dev->calib.par_p5) * 2.0f);
   b4b3a:	eef8 5ae5 	vcvt.f32.s32	s11, s11
    var2 = var1 * var1 * (((float)dev->calib.par_p6) / (131072.0f));
   b4b3e:	ee27 7a27 	vmul.f32	s14, s14, s15
    var2 = var2 + (var1 * ((float)dev->calib.par_p5) * 2.0f);
   b4b42:	ee65 5aa6 	vmul.f32	s11, s11, s13
   b4b46:	eef0 7a00 	vmov.f32	s15, #0	; 0x40000000  2.0
   b4b4a:	eea5 7aa7 	vfma.f32	s14, s11, s15
    var2 = (var2 / 4.0f) + (((float)dev->calib.par_p4) * 65536.0f);
   b4b4e:	f9b1 302a 	ldrsh.w	r3, [r1, #42]	; 0x2a
   b4b52:	eef5 7a00 	vmov.f32	s15, #80	; 0x3e800000  0.250
   b4b56:	ee27 7a27 	vmul.f32	s14, s14, s15
   b4b5a:	ee07 3a90 	vmov	s15, r3
   b4b5e:	eddf 6a2e 	vldr	s13, [pc, #184]	; b4c18 <calc_pressure+0x170>
    {
        calc_pres = (((calc_pres - (var2 / 4096.0f)) * 6250.0f) / var1);
        var1 = (((float)dev->calib.par_p9) * calc_pres * calc_pres) / 2147483648.0f;
   b4b62:	f9b1 3032 	ldrsh.w	r3, [r1, #50]	; 0x32
    var2 = (var2 / 4.0f) + (((float)dev->calib.par_p4) * 65536.0f);
   b4b66:	eef8 7ae7 	vcvt.f32.s32	s15, s15
   b4b6a:	eea7 7aa6 	vfma.f32	s14, s15, s13
    calc_pres = (1048576.0f - ((float)pres_adc));
   b4b6e:	eef8 7a44 	vcvt.f32.u32	s15, s8
   b4b72:	eddf 6a2a 	vldr	s13, [pc, #168]	; b4c1c <calc_pressure+0x174>
   b4b76:	ee76 6ae7 	vsub.f32	s13, s13, s15
        calc_pres = (((calc_pres - (var2 / 4096.0f)) * 6250.0f) / var1);
   b4b7a:	eddf 7a29 	vldr	s15, [pc, #164]	; b4c20 <calc_pressure+0x178>
   b4b7e:	eee7 6a67 	vfms.f32	s13, s14, s15
   b4b82:	ed9f 7a28 	vldr	s14, [pc, #160]	; b4c24 <calc_pressure+0x17c>
   b4b86:	ee26 7a87 	vmul.f32	s14, s13, s14
        var2 = calc_pres * (((float)dev->calib.par_p8) / 32768.0f);
        var3 = ((calc_pres / 256.0f) * (calc_pres / 256.0f) * (calc_pres / 256.0f) * (dev->calib.par_p10 / 131072.0f));
   b4b8a:	eddf 6a27 	vldr	s13, [pc, #156]	; b4c28 <calc_pressure+0x180>
        calc_pres = (((calc_pres - (var2 / 4096.0f)) * 6250.0f) / var1);
   b4b8e:	ee87 0a06 	vdiv.f32	s0, s14, s12
        var1 = (((float)dev->calib.par_p9) * calc_pres * calc_pres) / 2147483648.0f;
   b4b92:	ee07 3a10 	vmov	s14, r3
        var2 = calc_pres * (((float)dev->calib.par_p8) / 32768.0f);
   b4b96:	f9b1 3030 	ldrsh.w	r3, [r1, #48]	; 0x30
   b4b9a:	ee07 3a90 	vmov	s15, r3
        var3 = ((calc_pres / 256.0f) * (calc_pres / 256.0f) * (calc_pres / 256.0f) * (dev->calib.par_p10 / 131072.0f));
   b4b9e:	ee60 6a26 	vmul.f32	s13, s0, s13
        var1 = (((float)dev->calib.par_p9) * calc_pres * calc_pres) / 2147483648.0f;
   b4ba2:	eeb8 7ac7 	vcvt.f32.s32	s14, s14
        var2 = calc_pres * (((float)dev->calib.par_p8) / 32768.0f);
   b4ba6:	eef8 7ae7 	vcvt.f32.s32	s15, s15
        var3 = ((calc_pres / 256.0f) * (calc_pres / 256.0f) * (calc_pres / 256.0f) * (dev->calib.par_p10 / 131072.0f));
   b4baa:	ee26 6aa6 	vmul.f32	s12, s13, s13
        var1 = (((float)dev->calib.par_p9) * calc_pres * calc_pres) / 2147483648.0f;
   b4bae:	ee27 7a00 	vmul.f32	s14, s14, s0
        var2 = calc_pres * (((float)dev->calib.par_p8) / 32768.0f);
   b4bb2:	ee67 7aa4 	vmul.f32	s15, s15, s9
        var3 = ((calc_pres / 256.0f) * (calc_pres / 256.0f) * (calc_pres / 256.0f) * (dev->calib.par_p10 / 131072.0f));
   b4bb6:	ee66 6a26 	vmul.f32	s13, s12, s13
        var1 = (((float)dev->calib.par_p9) * calc_pres * calc_pres) / 2147483648.0f;
   b4bba:	ee27 7a00 	vmul.f32	s14, s14, s0
        var3 = ((calc_pres / 256.0f) * (calc_pres / 256.0f) * (calc_pres / 256.0f) * (dev->calib.par_p10 / 131072.0f));
   b4bbe:	f891 3034 	ldrb.w	r3, [r1, #52]	; 0x34
        calc_pres = (calc_pres + (var1 + var2 + var3 + ((float)dev->calib.par_p7 * 128.0f)) / 16.0f);
   b4bc2:	ed9f 6a1a 	vldr	s12, [pc, #104]	; b4c2c <calc_pressure+0x184>
        var2 = calc_pres * (((float)dev->calib.par_p8) / 32768.0f);
   b4bc6:	ee67 7a80 	vmul.f32	s15, s15, s0
        calc_pres = (calc_pres + (var1 + var2 + var3 + ((float)dev->calib.par_p7 * 128.0f)) / 16.0f);
   b4bca:	eee7 7a06 	vfma.f32	s15, s14, s12
        var3 = ((calc_pres / 256.0f) * (calc_pres / 256.0f) * (calc_pres / 256.0f) * (dev->calib.par_p10 / 131072.0f));
   b4bce:	ee07 3a10 	vmov	s14, r3
   b4bd2:	eeb8 7ac7 	vcvt.f32.s32	s14, s14
        calc_pres = (calc_pres + (var1 + var2 + var3 + ((float)dev->calib.par_p7 * 128.0f)) / 16.0f);
   b4bd6:	f991 302f 	ldrsb.w	r3, [r1, #47]	; 0x2f
        var3 = ((calc_pres / 256.0f) * (calc_pres / 256.0f) * (calc_pres / 256.0f) * (dev->calib.par_p10 / 131072.0f));
   b4bda:	ee27 7a05 	vmul.f32	s14, s14, s10
        calc_pres = (calc_pres + (var1 + var2 + var3 + ((float)dev->calib.par_p7 * 128.0f)) / 16.0f);
   b4bde:	eee6 7a87 	vfma.f32	s15, s13, s14
   b4be2:	ee07 3a10 	vmov	s14, r3
   b4be6:	eddf 6a12 	vldr	s13, [pc, #72]	; b4c30 <calc_pressure+0x188>
   b4bea:	eeb8 7ac7 	vcvt.f32.s32	s14, s14
   b4bee:	eee7 7a26 	vfma.f32	s15, s14, s13
   b4bf2:	ed9f 7a10 	vldr	s14, [pc, #64]	; b4c34 <calc_pressure+0x18c>
   b4bf6:	eea7 0a87 	vfma.f32	s0, s15, s14
   b4bfa:	4770      	bx	lr
    }
    else
    {
        calc_pres = 0;
   b4bfc:	ed9f 0a0e 	vldr	s0, [pc, #56]	; b4c38 <calc_pressure+0x190>
    }

    return calc_pres;
}
   b4c00:	4770      	bx	lr
   b4c02:	bf00      	nop
   b4c04:	c77a0000 	.word	0xc77a0000
   b4c08:	38800000 	.word	0x38800000
   b4c0c:	38000000 	.word	0x38000000
   b4c10:	36000000 	.word	0x36000000
   b4c14:	37000000 	.word	0x37000000
   b4c18:	47800000 	.word	0x47800000
   b4c1c:	49800000 	.word	0x49800000
   b4c20:	39800000 	.word	0x39800000
   b4c24:	45c35000 	.word	0x45c35000
   b4c28:	3b800000 	.word	0x3b800000
   b4c2c:	30000000 	.word	0x30000000
   b4c30:	43000000 	.word	0x43000000
   b4c34:	3d800000 	.word	0x3d800000
   b4c38:	00000000 	.word	0x00000000

000b4c3c <calc_humidity>:
    float var3;
    float var4;
    float temp_comp;

    /* compensated temperature data*/
    temp_comp = ((dev->calib.t_fine) / 5120.0f);
   b4c3c:	ed91 7a0e 	vldr	s14, [r1, #56]	; 0x38
   b4c40:	eddf 7a31 	vldr	s15, [pc, #196]	; b4d08 <calc_humidity+0xcc>
    var1 = (float)((float)hum_adc) -
           (((float)dev->calib.par_h1 * 16.0f) + (((float)dev->calib.par_h3 / 2.0f) * temp_comp));
   b4c44:	8a0b      	ldrh	r3, [r1, #16]
    var2 = var1 *
           ((float)(((float)dev->calib.par_h2 / 262144.0f) *
                    (1.0f + (((float)dev->calib.par_h4 / 16384.0f) * temp_comp) +
   b4c46:	eddf 5a31 	vldr	s11, [pc, #196]	; b4d0c <calc_humidity+0xd0>
    temp_comp = ((dev->calib.t_fine) / 5120.0f);
   b4c4a:	eec7 6a27 	vdiv.f32	s13, s14, s15
           (((float)dev->calib.par_h1 * 16.0f) + (((float)dev->calib.par_h3 / 2.0f) * temp_comp));
   b4c4e:	ee07 3a90 	vmov	s15, r3
   b4c52:	f991 3014 	ldrsb.w	r3, [r1, #20]
   b4c56:	ee07 3a10 	vmov	s14, r3
   b4c5a:	eeba 7aef 	vcvt.f32.s32	s14, s14, #1
   b4c5e:	eef8 7a67 	vcvt.f32.u32	s15, s15
   b4c62:	ee27 7a26 	vmul.f32	s14, s14, s13
   b4c66:	eeb3 6a00 	vmov.f32	s12, #48	; 0x41800000  16.0
   b4c6a:	eea7 7a86 	vfma.f32	s14, s15, s12
                    (1.0f + (((float)dev->calib.par_h4 / 16384.0f) * temp_comp) +
   b4c6e:	f991 3015 	ldrsb.w	r3, [r1, #21]
    var1 = (float)((float)hum_adc) -
   b4c72:	ee07 0a90 	vmov	s15, r0
   b4c76:	eeb8 0a67 	vcvt.f32.u32	s0, s15
                    (1.0f + (((float)dev->calib.par_h4 / 16384.0f) * temp_comp) +
   b4c7a:	ee07 3a90 	vmov	s15, r3
   b4c7e:	eef8 7ae7 	vcvt.f32.s32	s15, s15
                     (((float)dev->calib.par_h5 / 1048576.0f) * temp_comp * temp_comp))));
   b4c82:	f991 3016 	ldrsb.w	r3, [r1, #22]
                    (1.0f + (((float)dev->calib.par_h4 / 16384.0f) * temp_comp) +
   b4c86:	ee67 7aa5 	vmul.f32	s15, s15, s11
    var1 = (float)((float)hum_adc) -
   b4c8a:	ee30 7a47 	vsub.f32	s14, s0, s14
                     (((float)dev->calib.par_h5 / 1048576.0f) * temp_comp * temp_comp))));
   b4c8e:	ee06 3a10 	vmov	s12, r3
                    (1.0f + (((float)dev->calib.par_h4 / 16384.0f) * temp_comp) +
   b4c92:	eeb7 0a00 	vmov.f32	s0, #112	; 0x3f800000  1.0
   b4c96:	eea7 0aa6 	vfma.f32	s0, s15, s13
           ((float)(((float)dev->calib.par_h2 / 262144.0f) *
   b4c9a:	8a4b      	ldrh	r3, [r1, #18]
                     (((float)dev->calib.par_h5 / 1048576.0f) * temp_comp * temp_comp))));
   b4c9c:	eeba 6ac6 	vcvt.f32.s32	s12, s12, #20
                    (1.0f + (((float)dev->calib.par_h4 / 16384.0f) * temp_comp) +
   b4ca0:	eef0 7a40 	vmov.f32	s15, s0
                     (((float)dev->calib.par_h5 / 1048576.0f) * temp_comp * temp_comp))));
   b4ca4:	ee26 6a26 	vmul.f32	s12, s12, s13
           ((float)(((float)dev->calib.par_h2 / 262144.0f) *
   b4ca8:	ee00 3a10 	vmov	s0, r3
                    (1.0f + (((float)dev->calib.par_h4 / 16384.0f) * temp_comp) +
   b4cac:	eee6 7a26 	vfma.f32	s15, s12, s13
    var3 = (float)dev->calib.par_h6 / 16384.0f;
   b4cb0:	7dcb      	ldrb	r3, [r1, #23]
           ((float)(((float)dev->calib.par_h2 / 262144.0f) *
   b4cb2:	eebb 0ac7 	vcvt.f32.u32	s0, s0, #18
   b4cb6:	ee20 0a27 	vmul.f32	s0, s0, s15
    var2 = var1 *
   b4cba:	ee20 0a07 	vmul.f32	s0, s0, s14
    var3 = (float)dev->calib.par_h6 / 16384.0f;
   b4cbe:	ee07 3a10 	vmov	s14, r3
    var4 = (float)dev->calib.par_h7 / 2097152.0f;
   b4cc2:	f991 3018 	ldrsb.w	r3, [r1, #24]
   b4cc6:	ee07 3a90 	vmov	s15, r3
   b4cca:	eefa 7ae5 	vcvt.f32.s32	s15, s15, #21
    var3 = (float)dev->calib.par_h6 / 16384.0f;
   b4cce:	eeb8 7a47 	vcvt.f32.u32	s14, s14
    calc_hum = var2 + ((var3 + (var4 * temp_comp)) * var2 * var2);
   b4cd2:	ee67 7aa6 	vmul.f32	s15, s15, s13
   b4cd6:	eee7 7a25 	vfma.f32	s15, s14, s11
   b4cda:	ee67 7a80 	vmul.f32	s15, s15, s0
   b4cde:	eea7 0a80 	vfma.f32	s0, s15, s0
    if (calc_hum > 100.0f)
   b4ce2:	eddf 7a0b 	vldr	s15, [pc, #44]	; b4d10 <calc_humidity+0xd4>
   b4ce6:	eeb4 0ae7 	vcmpe.f32	s0, s15
   b4cea:	eef1 fa10 	vmrs	APSR_nzcv, fpscr
   b4cee:	dc07      	bgt.n	b4d00 <calc_humidity+0xc4>
    {
        calc_hum = 100.0f;
    }
    else if (calc_hum < 0.0f)
   b4cf0:	eeb5 0ac0 	vcmpe.f32	s0, #0.0
   b4cf4:	eef1 fa10 	vmrs	APSR_nzcv, fpscr
   b4cf8:	d504      	bpl.n	b4d04 <calc_humidity+0xc8>
    {
        calc_hum = 0.0f;
   b4cfa:	ed9f 0a06 	vldr	s0, [pc, #24]	; b4d14 <calc_humidity+0xd8>
   b4cfe:	4770      	bx	lr
        calc_hum = 100.0f;
   b4d00:	eeb0 0a67 	vmov.f32	s0, s15
    }

    return calc_hum;
}
   b4d04:	4770      	bx	lr
   b4d06:	bf00      	nop
   b4d08:	45a00000 	.word	0x45a00000
   b4d0c:	38800000 	.word	0x38800000
   b4d10:	42c80000 	.word	0x42c80000
   b4d14:	00000000 	.word	0x00000000

000b4d18 <calc_res_heat>:
    if (temp > 400) /* Cap temperature */
    {
        temp = 400;
    }

    var1 = (((float)dev->calib.par_gh1 / (16.0f)) + 49.0f);
   b4d18:	f991 3019 	ldrsb.w	r3, [r1, #25]
   b4d1c:	eddf 6a30 	vldr	s13, [pc, #192]	; b4de0 <calc_res_heat+0xc8>
   b4d20:	ed9f 7a30 	vldr	s14, [pc, #192]	; b4de4 <calc_res_heat+0xcc>
    var2 = ((((float)dev->calib.par_gh2 / (32768.0f)) * (0.0005f)) + 0.00235f);
   b4d24:	ed9f 6a30 	vldr	s12, [pc, #192]	; b4de8 <calc_res_heat+0xd0>
    var1 = (((float)dev->calib.par_gh1 / (16.0f)) + 49.0f);
   b4d28:	ee07 3a90 	vmov	s15, r3
    var2 = ((((float)dev->calib.par_gh2 / (32768.0f)) * (0.0005f)) + 0.00235f);
   b4d2c:	f9b1 301a 	ldrsh.w	r3, [r1, #26]
    var1 = (((float)dev->calib.par_gh1 / (16.0f)) + 49.0f);
   b4d30:	eef8 7ae7 	vcvt.f32.s32	s15, s15
    var3 = ((float)dev->calib.par_gh3 / (1024.0f));
    var4 = (var1 * (1.0f + (var2 * (float)temp)));
   b4d34:	f5b0 7fc8 	cmp.w	r0, #400	; 0x190
    var1 = (((float)dev->calib.par_gh1 / (16.0f)) + 49.0f);
   b4d38:	eea7 7aa6 	vfma.f32	s14, s15, s13
    var4 = (var1 * (1.0f + (var2 * (float)temp)));
   b4d3c:	bf28      	it	cs
   b4d3e:	f44f 70c8 	movcs.w	r0, #400	; 0x190
{
   b4d42:	b082      	sub	sp, #8
    var2 = ((((float)dev->calib.par_gh2 / (32768.0f)) * (0.0005f)) + 0.00235f);
   b4d44:	ee07 3a90 	vmov	s15, r3
   b4d48:	eddf 6a28 	vldr	s13, [pc, #160]	; b4dec <calc_res_heat+0xd4>
    var3 = ((float)dev->calib.par_gh3 / (1024.0f));
   b4d4c:	f991 301c 	ldrsb.w	r3, [r1, #28]
    var2 = ((((float)dev->calib.par_gh2 / (32768.0f)) * (0.0005f)) + 0.00235f);
   b4d50:	eefa 7ae8 	vcvt.f32.s32	s15, s15, #15
   b4d54:	eee7 6a86 	vfma.f32	s13, s15, s12
    var4 = (var1 * (1.0f + (var2 * (float)temp)));
   b4d58:	ee07 0a90 	vmov	s15, r0
   b4d5c:	eeb7 6a00 	vmov.f32	s12, #112	; 0x3f800000  1.0
   b4d60:	eef8 7a67 	vcvt.f32.u32	s15, s15
   b4d64:	eef0 5a46 	vmov.f32	s11, s12
   b4d68:	eee7 5aa6 	vfma.f32	s11, s15, s13
    var3 = ((float)dev->calib.par_gh3 / (1024.0f));
   b4d6c:	ee07 3a90 	vmov	s15, r3
    var5 = (var4 + (var3 * (float)dev->amb_temp));
   b4d70:	f991 300e 	ldrsb.w	r3, [r1, #14]
   b4d74:	ee06 3a90 	vmov	s13, r3
    var3 = ((float)dev->calib.par_gh3 / (1024.0f));
   b4d78:	eefa 7acb 	vcvt.f32.s32	s15, s15, #10
    var5 = (var4 + (var3 * (float)dev->amb_temp));
   b4d7c:	eef8 6ae6 	vcvt.f32.s32	s13, s13
    res_heat =
        (uint8_t)(3.4f *
                  ((var5 * (4 / (4 + (float)dev->calib.res_heat_range)) *
   b4d80:	f891 303c 	ldrb.w	r3, [r1, #60]	; 0x3c
    var5 = (var4 + (var3 * (float)dev->amb_temp));
   b4d84:	ee67 7aa6 	vmul.f32	s15, s15, s13
   b4d88:	eee5 7a87 	vfma.f32	s15, s11, s14
                  ((var5 * (4 / (4 + (float)dev->calib.res_heat_range)) *
   b4d8c:	ee07 3a10 	vmov	s14, r3
   b4d90:	eeb8 7a47 	vcvt.f32.u32	s14, s14
   b4d94:	eef1 5a00 	vmov.f32	s11, #16	; 0x40800000  4.0
   b4d98:	ee37 7a25 	vadd.f32	s14, s14, s11
                    (1 / (1 + ((float)dev->calib.res_heat_val * 0.002f)))) -
   b4d9c:	f991 303d 	ldrsb.w	r3, [r1, #61]	; 0x3d
                  ((var5 * (4 / (4 + (float)dev->calib.res_heat_range)) *
   b4da0:	eec5 6a87 	vdiv.f32	s13, s11, s14
                    (1 / (1 + ((float)dev->calib.res_heat_val * 0.002f)))) -
   b4da4:	eef0 5a46 	vmov.f32	s11, s12
                  ((var5 * (4 / (4 + (float)dev->calib.res_heat_range)) *
   b4da8:	ee26 7aa7 	vmul.f32	s14, s13, s15
                    (1 / (1 + ((float)dev->calib.res_heat_val * 0.002f)))) -
   b4dac:	ee07 3a90 	vmov	s15, r3
   b4db0:	eddf 6a0f 	vldr	s13, [pc, #60]	; b4df0 <calc_res_heat+0xd8>
   b4db4:	eef8 7ae7 	vcvt.f32.s32	s15, s15
   b4db8:	eee7 5aa6 	vfma.f32	s11, s15, s13
   b4dbc:	eefb 7a09 	vmov.f32	s15, #185	; 0xc1c80000 -25.0
   b4dc0:	eec6 6a25 	vdiv.f32	s13, s12, s11
   b4dc4:	eee7 7a26 	vfma.f32	s15, s14, s13
        (uint8_t)(3.4f *
   b4dc8:	ed9f 7a0a 	vldr	s14, [pc, #40]	; b4df4 <calc_res_heat+0xdc>
   b4dcc:	ee67 7a87 	vmul.f32	s15, s15, s14
    res_heat =
   b4dd0:	eefc 7ae7 	vcvt.u32.f32	s15, s15
   b4dd4:	edcd 7a01 	vstr	s15, [sp, #4]
                   25));

    return res_heat;
}
   b4dd8:	f89d 0004 	ldrb.w	r0, [sp, #4]
   b4ddc:	b002      	add	sp, #8
   b4dde:	4770      	bx	lr
   b4de0:	3d800000 	.word	0x3d800000
   b4de4:	42440000 	.word	0x42440000
   b4de8:	3a03126f 	.word	0x3a03126f
   b4dec:	3b1a0275 	.word	0x3b1a0275
   b4df0:	3b03126f 	.word	0x3b03126f
   b4df4:	4059999a 	.word	0x4059999a

000b4df8 <null_ptr_check>:
/* This internal API is used to check the bme68x_dev for null pointers */
static int8_t null_ptr_check(const struct bme68x_dev *dev)
{
    int8_t rslt = BME68X_OK;

    if ((dev == NULL) || (dev->read == NULL) || (dev->write == NULL) || (dev->delay_us == NULL))
   b4df8:	b148      	cbz	r0, b4e0e <null_ptr_check+0x16>
   b4dfa:	6c03      	ldr	r3, [r0, #64]	; 0x40
   b4dfc:	b13b      	cbz	r3, b4e0e <null_ptr_check+0x16>
   b4dfe:	6c43      	ldr	r3, [r0, #68]	; 0x44
   b4e00:	b12b      	cbz	r3, b4e0e <null_ptr_check+0x16>
   b4e02:	6c80      	ldr	r0, [r0, #72]	; 0x48
   b4e04:	fab0 f080 	clz	r0, r0
   b4e08:	0940      	lsrs	r0, r0, #5
   b4e0a:	4240      	negs	r0, r0
   b4e0c:	4770      	bx	lr
    {
        /* Device structure pointer is not valid */
        rslt = BME68X_E_NULL_PTR;
   b4e0e:	f04f 30ff 	mov.w	r0, #4294967295
    }

    return rslt;
}
   b4e12:	4770      	bx	lr

000b4e14 <boundary_check>:
{
   b4e14:	b510      	push	{r4, lr}
   b4e16:	4604      	mov	r4, r0
    rslt = null_ptr_check(dev);
   b4e18:	4610      	mov	r0, r2
   b4e1a:	f7ff ffed 	bl	b4df8 <null_ptr_check>
    if ((value != NULL) && (rslt == BME68X_OK))
   b4e1e:	b950      	cbnz	r0, b4e36 <boundary_check+0x22>
        if (*value > max)
   b4e20:	7823      	ldrb	r3, [r4, #0]
   b4e22:	428b      	cmp	r3, r1
   b4e24:	d906      	bls.n	b4e34 <boundary_check+0x20>
            *value = max;
   b4e26:	7021      	strb	r1, [r4, #0]
            dev->info_msg |= BME68X_I_PARAM_CORR;
   b4e28:	f892 304d 	ldrb.w	r3, [r2, #77]	; 0x4d
   b4e2c:	f043 0301 	orr.w	r3, r3, #1
   b4e30:	f882 304d 	strb.w	r3, [r2, #77]	; 0x4d
}
   b4e34:	bd10      	pop	{r4, pc}
        rslt = BME68X_E_NULL_PTR;
   b4e36:	f04f 30ff 	mov.w	r0, #4294967295
   b4e3a:	e7fb      	b.n	b4e34 <boundary_check+0x20>

000b4e3c <set_mem_page>:
{
   b4e3c:	b573      	push	{r0, r1, r4, r5, r6, lr}
   b4e3e:	4602      	mov	r2, r0
    rslt = null_ptr_check(dev);
   b4e40:	4608      	mov	r0, r1
   b4e42:	f7ff ffd9 	bl	b4df8 <null_ptr_check>
{
   b4e46:	460c      	mov	r4, r1
    if (rslt == BME68X_OK)
   b4e48:	4605      	mov	r5, r0
   b4e4a:	bb40      	cbnz	r0, b4e9e <set_mem_page+0x62>
            mem_page = BME68X_MEM_PAGE0;
   b4e4c:	f012 0f80 	tst.w	r2, #128	; 0x80
        if (mem_page != dev->mem_page)
   b4e50:	7b4a      	ldrb	r2, [r1, #13]
            mem_page = BME68X_MEM_PAGE0;
   b4e52:	bf14      	ite	ne
   b4e54:	2300      	movne	r3, #0
   b4e56:	2310      	moveq	r3, #16
        if (mem_page != dev->mem_page)
   b4e58:	429a      	cmp	r2, r3
   b4e5a:	d020      	beq.n	b4e9e <set_mem_page+0x62>
            dev->mem_page = mem_page;
   b4e5c:	734b      	strb	r3, [r1, #13]
            dev->intf_rslt = dev->read(BME68X_REG_MEM_PAGE | BME68X_SPI_RD_MSK, &reg, 1, dev->intf_ptr);
   b4e5e:	6c0e      	ldr	r6, [r1, #64]	; 0x40
   b4e60:	684b      	ldr	r3, [r1, #4]
   b4e62:	2201      	movs	r2, #1
   b4e64:	f10d 0107 	add.w	r1, sp, #7
   b4e68:	20f3      	movs	r0, #243	; 0xf3
   b4e6a:	47b0      	blx	r6
   b4e6c:	f884 004c 	strb.w	r0, [r4, #76]	; 0x4c
            if (dev->intf_rslt != 0)
   b4e70:	b998      	cbnz	r0, b4e9a <set_mem_page+0x5e>
                reg = reg & (~BME68X_MEM_PAGE_MSK);
   b4e72:	f89d 2007 	ldrb.w	r2, [sp, #7]
                reg = reg | (dev->mem_page & BME68X_MEM_PAGE_MSK);
   b4e76:	7b63      	ldrb	r3, [r4, #13]
                dev->intf_rslt = dev->write(BME68X_REG_MEM_PAGE & BME68X_SPI_WR_MSK, &reg, 1, dev->intf_ptr);
   b4e78:	6c66      	ldr	r6, [r4, #68]	; 0x44
                reg = reg & (~BME68X_MEM_PAGE_MSK);
   b4e7a:	f022 0210 	bic.w	r2, r2, #16
                reg = reg | (dev->mem_page & BME68X_MEM_PAGE_MSK);
   b4e7e:	f003 0310 	and.w	r3, r3, #16
   b4e82:	4313      	orrs	r3, r2
   b4e84:	f88d 3007 	strb.w	r3, [sp, #7]
                dev->intf_rslt = dev->write(BME68X_REG_MEM_PAGE & BME68X_SPI_WR_MSK, &reg, 1, dev->intf_ptr);
   b4e88:	2201      	movs	r2, #1
   b4e8a:	6863      	ldr	r3, [r4, #4]
   b4e8c:	f10d 0107 	add.w	r1, sp, #7
   b4e90:	2073      	movs	r0, #115	; 0x73
   b4e92:	47b0      	blx	r6
   b4e94:	f884 004c 	strb.w	r0, [r4, #76]	; 0x4c
                if (dev->intf_rslt != 0)
   b4e98:	b108      	cbz	r0, b4e9e <set_mem_page+0x62>
                    rslt = BME68X_E_COM_FAIL;
   b4e9a:	f06f 0501 	mvn.w	r5, #1
}
   b4e9e:	4628      	mov	r0, r5
   b4ea0:	b002      	add	sp, #8
   b4ea2:	bd70      	pop	{r4, r5, r6, pc}

000b4ea4 <get_mem_page>:
{
   b4ea4:	b537      	push	{r0, r1, r2, r4, r5, lr}
   b4ea6:	4604      	mov	r4, r0
    rslt = null_ptr_check(dev);
   b4ea8:	f7ff ffa6 	bl	b4df8 <null_ptr_check>
    if (rslt == BME68X_OK)
   b4eac:	b970      	cbnz	r0, b4ecc <get_mem_page+0x28>
        dev->intf_rslt = dev->read(BME68X_REG_MEM_PAGE | BME68X_SPI_RD_MSK, &reg, 1, dev->intf_ptr);
   b4eae:	6c25      	ldr	r5, [r4, #64]	; 0x40
   b4eb0:	6863      	ldr	r3, [r4, #4]
   b4eb2:	2201      	movs	r2, #1
   b4eb4:	f10d 0107 	add.w	r1, sp, #7
   b4eb8:	20f3      	movs	r0, #243	; 0xf3
   b4eba:	47a8      	blx	r5
   b4ebc:	f884 004c 	strb.w	r0, [r4, #76]	; 0x4c
        if (dev->intf_rslt != 0)
   b4ec0:	b930      	cbnz	r0, b4ed0 <get_mem_page+0x2c>
            dev->mem_page = reg & BME68X_MEM_PAGE_MSK;
   b4ec2:	f89d 3007 	ldrb.w	r3, [sp, #7]
   b4ec6:	f003 0310 	and.w	r3, r3, #16
   b4eca:	7363      	strb	r3, [r4, #13]
}
   b4ecc:	b003      	add	sp, #12
   b4ece:	bd30      	pop	{r4, r5, pc}
            rslt = BME68X_E_COM_FAIL;
   b4ed0:	f06f 0001 	mvn.w	r0, #1
    return rslt;
   b4ed4:	e7fa      	b.n	b4ecc <get_mem_page+0x28>
	...

000b4ed8 <calc_gas_resistance_low.isra.0>:
static float calc_gas_resistance_low(uint16_t gas_res_adc, uint8_t gas_range, const struct bme68x_dev *dev)
   b4ed8:	b5f0      	push	{r4, r5, r6, r7, lr}
    const float lookup_k1_range[16] = {
   b4eda:	4c2d      	ldr	r4, [pc, #180]	; (b4f90 <calc_gas_resistance_low.isra.0+0xb8>)
    var1 = (1340.0f + (5.0f * dev->calib.range_sw_err));
   b4edc:	ed9f 7a2d 	vldr	s14, [pc, #180]	; b4f94 <calc_gas_resistance_low.isra.0+0xbc>
    const float lookup_k1_range[16] = {
   b4ee0:	4626      	mov	r6, r4
static float calc_gas_resistance_low(uint16_t gas_res_adc, uint8_t gas_range, const struct bme68x_dev *dev)
   b4ee2:	460f      	mov	r7, r1
   b4ee4:	ee06 0a90 	vmov	s13, r0
   b4ee8:	ee06 2a10 	vmov	s12, r2
    const float lookup_k1_range[16] = {
   b4eec:	ce0f      	ldmia	r6!, {r0, r1, r2, r3}
static float calc_gas_resistance_low(uint16_t gas_res_adc, uint8_t gas_range, const struct bme68x_dev *dev)
   b4eee:	b0a1      	sub	sp, #132	; 0x84
    const float lookup_k1_range[16] = {
   b4ef0:	466d      	mov	r5, sp
   b4ef2:	c50f      	stmia	r5!, {r0, r1, r2, r3}
   b4ef4:	ce0f      	ldmia	r6!, {r0, r1, r2, r3}
   b4ef6:	c50f      	stmia	r5!, {r0, r1, r2, r3}
   b4ef8:	ce0f      	ldmia	r6!, {r0, r1, r2, r3}
   b4efa:	c50f      	stmia	r5!, {r0, r1, r2, r3}
   b4efc:	e896 000f 	ldmia.w	r6, {r0, r1, r2, r3}
    const float lookup_k2_range[16] = {
   b4f00:	3440      	adds	r4, #64	; 0x40
    const float lookup_k1_range[16] = {
   b4f02:	e885 000f 	stmia.w	r5, {r0, r1, r2, r3}
    const float lookup_k2_range[16] = {
   b4f06:	cc0f      	ldmia	r4!, {r0, r1, r2, r3}
   b4f08:	ad10      	add	r5, sp, #64	; 0x40
   b4f0a:	c50f      	stmia	r5!, {r0, r1, r2, r3}
   b4f0c:	cc0f      	ldmia	r4!, {r0, r1, r2, r3}
   b4f0e:	c50f      	stmia	r5!, {r0, r1, r2, r3}
   b4f10:	cc0f      	ldmia	r4!, {r0, r1, r2, r3}
   b4f12:	c50f      	stmia	r5!, {r0, r1, r2, r3}
   b4f14:	e894 000f 	ldmia.w	r4, {r0, r1, r2, r3}
    var1 = (1340.0f + (5.0f * dev->calib.range_sw_err));
   b4f18:	eeb8 6ac6 	vcvt.f32.s32	s12, s12
    const float lookup_k2_range[16] = {
   b4f1c:	e885 000f 	stmia.w	r5, {r0, r1, r2, r3}
    var2 = (var1) * (1.0f + lookup_k1_range[gas_range] / 100.0f);
   b4f20:	ab20      	add	r3, sp, #128	; 0x80
   b4f22:	eb03 0387 	add.w	r3, r3, r7, lsl #2
    var1 = (1340.0f + (5.0f * dev->calib.range_sw_err));
   b4f26:	eef1 5a04 	vmov.f32	s11, #20	; 0x40a00000  5.0
   b4f2a:	eef0 7a47 	vmov.f32	s15, s14
   b4f2e:	eee6 7a25 	vfma.f32	s15, s12, s11
    calc_gas_res = 1.0f / (float)(var3 * (0.000000125f) * gas_range_f * (((gas_res_f - 512.0f) / var2) + 1.0f));
   b4f32:	ed9f 7a19 	vldr	s14, [pc, #100]	; b4f98 <calc_gas_resistance_low.isra.0+0xc0>
    var2 = (var1) * (1.0f + lookup_k1_range[gas_range] / 100.0f);
   b4f36:	ed53 5a20 	vldr	s11, [r3, #-128]	; 0xffffff80
   b4f3a:	ed9f 6a18 	vldr	s12, [pc, #96]	; b4f9c <calc_gas_resistance_low.isra.0+0xc4>
    float gas_res_f = gas_res_adc;
   b4f3e:	eef8 6a66 	vcvt.f32.u32	s13, s13
    var2 = (var1) * (1.0f + lookup_k1_range[gas_range] / 100.0f);
   b4f42:	eeb7 0a00 	vmov.f32	s0, #112	; 0x3f800000  1.0
    calc_gas_res = 1.0f / (float)(var3 * (0.000000125f) * gas_range_f * (((gas_res_f - 512.0f) / var2) + 1.0f));
   b4f46:	ee76 6ac7 	vsub.f32	s13, s13, s14
    var2 = (var1) * (1.0f + lookup_k1_range[gas_range] / 100.0f);
   b4f4a:	ee85 7a86 	vdiv.f32	s14, s11, s12
   b4f4e:	ee37 7a00 	vadd.f32	s14, s14, s0
   b4f52:	ee27 7a27 	vmul.f32	s14, s14, s15
    calc_gas_res = 1.0f / (float)(var3 * (0.000000125f) * gas_range_f * (((gas_res_f - 512.0f) / var2) + 1.0f));
   b4f56:	eec6 7a87 	vdiv.f32	s15, s13, s14
    var3 = 1.0f + (lookup_k2_range[gas_range] / 100.0f);
   b4f5a:	ed13 7a10 	vldr	s14, [r3, #-64]	; 0xffffffc0
    calc_gas_res = 1.0f / (float)(var3 * (0.000000125f) * gas_range_f * (((gas_res_f - 512.0f) / var2) + 1.0f));
   b4f5e:	ee77 6a80 	vadd.f32	s13, s15, s0
    var3 = 1.0f + (lookup_k2_range[gas_range] / 100.0f);
   b4f62:	eec7 7a06 	vdiv.f32	s15, s14, s12
    float gas_range_f = (1U << gas_range); /*lint !e790 / Suspicious truncation, integral to float */
   b4f66:	2301      	movs	r3, #1
   b4f68:	40bb      	lsls	r3, r7
    calc_gas_res = 1.0f / (float)(var3 * (0.000000125f) * gas_range_f * (((gas_res_f - 512.0f) / var2) + 1.0f));
   b4f6a:	ed9f 7a0d 	vldr	s14, [pc, #52]	; b4fa0 <calc_gas_resistance_low.isra.0+0xc8>
    var3 = 1.0f + (lookup_k2_range[gas_range] / 100.0f);
   b4f6e:	ee77 7a80 	vadd.f32	s15, s15, s0
    calc_gas_res = 1.0f / (float)(var3 * (0.000000125f) * gas_range_f * (((gas_res_f - 512.0f) / var2) + 1.0f));
   b4f72:	ee27 7a87 	vmul.f32	s14, s15, s14
    float gas_range_f = (1U << gas_range); /*lint !e790 / Suspicious truncation, integral to float */
   b4f76:	ee07 3a90 	vmov	s15, r3
   b4f7a:	eef8 7ae7 	vcvt.f32.s32	s15, s15
    calc_gas_res = 1.0f / (float)(var3 * (0.000000125f) * gas_range_f * (((gas_res_f - 512.0f) / var2) + 1.0f));
   b4f7e:	ee67 7a27 	vmul.f32	s15, s14, s15
   b4f82:	ee66 7aa7 	vmul.f32	s15, s13, s15
}
   b4f86:	ee80 0a27 	vdiv.f32	s0, s0, s15
   b4f8a:	b021      	add	sp, #132	; 0x84
   b4f8c:	bdf0      	pop	{r4, r5, r6, r7, pc}
   b4f8e:	bf00      	nop
   b4f90:	000bbaf8 	.word	0x000bbaf8
   b4f94:	44a78000 	.word	0x44a78000
   b4f98:	44000000 	.word	0x44000000
   b4f9c:	42c80000 	.word	0x42c80000
   b4fa0:	340637bd 	.word	0x340637bd

000b4fa4 <bme68x_set_regs>:
{
   b4fa4:	e92d 43f0 	stmdb	sp!, {r4, r5, r6, r7, r8, r9, lr}
   b4fa8:	b087      	sub	sp, #28
   b4faa:	461c      	mov	r4, r3
   b4fac:	4607      	mov	r7, r0
   b4fae:	460d      	mov	r5, r1
   b4fb0:	4616      	mov	r6, r2
    uint8_t tmp_buff[BME68X_LEN_INTERLEAVE_BUFF] = { 0 };
   b4fb2:	2100      	movs	r1, #0
   b4fb4:	2210      	movs	r2, #16
   b4fb6:	a802      	add	r0, sp, #8
   b4fb8:	9101      	str	r1, [sp, #4]
   b4fba:	f006 fcce 	bl	bb95a <memset>
    rslt = null_ptr_check(dev);
   b4fbe:	4620      	mov	r0, r4
   b4fc0:	f7ff ff1a 	bl	b4df8 <null_ptr_check>
    if ((rslt == BME68X_OK) && reg_addr && reg_data)
   b4fc4:	bb90      	cbnz	r0, b502c <bme68x_set_regs+0x88>
   b4fc6:	b38f      	cbz	r7, b502c <bme68x_set_regs+0x88>
   b4fc8:	b385      	cbz	r5, b502c <bme68x_set_regs+0x88>
        if ((len > 0) && (len <= (BME68X_LEN_INTERLEAVE_BUFF / 2)))
   b4fca:	1e73      	subs	r3, r6, #1
   b4fcc:	2b09      	cmp	r3, #9
   b4fce:	d830      	bhi.n	b5032 <bme68x_set_regs+0x8e>
   b4fd0:	3d01      	subs	r5, #1
   b4fd2:	f10d 0804 	add.w	r8, sp, #4
   b4fd6:	eb07 0906 	add.w	r9, r7, r6
            for (index = 0; index < len; index++)
   b4fda:	454f      	cmp	r7, r9
   b4fdc:	d112      	bne.n	b5004 <bme68x_set_regs+0x60>
            if (rslt == BME68X_OK)
   b4fde:	b970      	cbnz	r0, b4ffe <bme68x_set_regs+0x5a>
                dev->intf_rslt = dev->write(tmp_buff[0], &tmp_buff[1], (2 * len) - 1, dev->intf_ptr);
   b4fe0:	0072      	lsls	r2, r6, #1
   b4fe2:	6c65      	ldr	r5, [r4, #68]	; 0x44
   b4fe4:	6863      	ldr	r3, [r4, #4]
   b4fe6:	f89d 0004 	ldrb.w	r0, [sp, #4]
   b4fea:	3a01      	subs	r2, #1
   b4fec:	f10d 0105 	add.w	r1, sp, #5
   b4ff0:	47a8      	blx	r5
                    rslt = BME68X_E_COM_FAIL;
   b4ff2:	2800      	cmp	r0, #0
                dev->intf_rslt = dev->write(tmp_buff[0], &tmp_buff[1], (2 * len) - 1, dev->intf_ptr);
   b4ff4:	f884 004c 	strb.w	r0, [r4, #76]	; 0x4c
                    rslt = BME68X_E_COM_FAIL;
   b4ff8:	bf18      	it	ne
   b4ffa:	f06f 0001 	mvnne.w	r0, #1
}
   b4ffe:	b007      	add	sp, #28
   b5000:	e8bd 83f0 	ldmia.w	sp!, {r4, r5, r6, r7, r8, r9, pc}
                if (dev->intf == BME68X_SPI_INTF)
   b5004:	7b22      	ldrb	r2, [r4, #12]
                    rslt = set_mem_page(reg_addr[index], dev);
   b5006:	783b      	ldrb	r3, [r7, #0]
                if (dev->intf == BME68X_SPI_INTF)
   b5008:	b932      	cbnz	r2, b5018 <bme68x_set_regs+0x74>
                    rslt = set_mem_page(reg_addr[index], dev);
   b500a:	4618      	mov	r0, r3
   b500c:	4621      	mov	r1, r4
   b500e:	f7ff ff15 	bl	b4e3c <set_mem_page>
                    tmp_buff[(2 * index)] = reg_addr[index] & BME68X_SPI_WR_MSK;
   b5012:	783b      	ldrb	r3, [r7, #0]
   b5014:	f003 037f 	and.w	r3, r3, #127	; 0x7f
                    tmp_buff[(2 * index)] = reg_addr[index];
   b5018:	f888 3000 	strb.w	r3, [r8]
                tmp_buff[(2 * index) + 1] = reg_data[index];
   b501c:	f815 3f01 	ldrb.w	r3, [r5, #1]!
   b5020:	f888 3001 	strb.w	r3, [r8, #1]
            for (index = 0; index < len; index++)
   b5024:	3701      	adds	r7, #1
   b5026:	f108 0802 	add.w	r8, r8, #2
   b502a:	e7d6      	b.n	b4fda <bme68x_set_regs+0x36>
        rslt = BME68X_E_NULL_PTR;
   b502c:	f04f 30ff 	mov.w	r0, #4294967295
   b5030:	e7e5      	b.n	b4ffe <bme68x_set_regs+0x5a>
            rslt = BME68X_E_INVALID_LENGTH;
   b5032:	f06f 0003 	mvn.w	r0, #3
   b5036:	e7e2      	b.n	b4ffe <bme68x_set_regs+0x5a>

000b5038 <bme68x_get_regs>:
{
   b5038:	e92d 42f0 	stmdb	sp!, {r4, r5, r6, r7, r9, lr}
   b503c:	4606      	mov	r6, r0
    rslt = null_ptr_check(dev);
   b503e:	4618      	mov	r0, r3
{
   b5040:	461d      	mov	r5, r3
    rslt = null_ptr_check(dev);
   b5042:	f7ff fed9 	bl	b4df8 <null_ptr_check>
{
   b5046:	460f      	mov	r7, r1
   b5048:	4691      	mov	r9, r2
    if ((rslt == BME68X_OK) && reg_data)
   b504a:	4604      	mov	r4, r0
   b504c:	b9c8      	cbnz	r0, b5082 <bme68x_get_regs+0x4a>
   b504e:	b1c1      	cbz	r1, b5082 <bme68x_get_regs+0x4a>
        if (dev->intf == BME68X_SPI_INTF)
   b5050:	7b2b      	ldrb	r3, [r5, #12]
   b5052:	b93b      	cbnz	r3, b5064 <bme68x_get_regs+0x2c>
            rslt = set_mem_page(reg_addr, dev);
   b5054:	4629      	mov	r1, r5
   b5056:	4630      	mov	r0, r6
   b5058:	f7ff fef0 	bl	b4e3c <set_mem_page>
            if (rslt == BME68X_OK)
   b505c:	4604      	mov	r4, r0
   b505e:	b908      	cbnz	r0, b5064 <bme68x_get_regs+0x2c>
                reg_addr = reg_addr | BME68X_SPI_RD_MSK;
   b5060:	f046 0680 	orr.w	r6, r6, #128	; 0x80
        dev->intf_rslt = dev->read(reg_addr, reg_data, len, dev->intf_ptr);
   b5064:	4630      	mov	r0, r6
   b5066:	686b      	ldr	r3, [r5, #4]
   b5068:	6c2e      	ldr	r6, [r5, #64]	; 0x40
   b506a:	464a      	mov	r2, r9
   b506c:	4639      	mov	r1, r7
   b506e:	47b0      	blx	r6
            rslt = BME68X_E_COM_FAIL;
   b5070:	2800      	cmp	r0, #0
        dev->intf_rslt = dev->read(reg_addr, reg_data, len, dev->intf_ptr);
   b5072:	f885 004c 	strb.w	r0, [r5, #76]	; 0x4c
            rslt = BME68X_E_COM_FAIL;
   b5076:	bf18      	it	ne
   b5078:	f06f 0401 	mvnne.w	r4, #1
}
   b507c:	4620      	mov	r0, r4
   b507e:	e8bd 82f0 	ldmia.w	sp!, {r4, r5, r6, r7, r9, pc}
        rslt = BME68X_E_NULL_PTR;
   b5082:	f04f 34ff 	mov.w	r4, #4294967295
   b5086:	e7f9      	b.n	b507c <bme68x_get_regs+0x44>

000b5088 <bme68x_soft_reset>:
{
   b5088:	b537      	push	{r0, r1, r2, r4, r5, lr}
    uint8_t reg_addr = BME68X_REG_SOFT_RESET;
   b508a:	23e0      	movs	r3, #224	; 0xe0
   b508c:	f88d 3006 	strb.w	r3, [sp, #6]
    uint8_t soft_rst_cmd = BME68X_SOFT_RESET_CMD;
   b5090:	23b6      	movs	r3, #182	; 0xb6
{
   b5092:	4605      	mov	r5, r0
    uint8_t soft_rst_cmd = BME68X_SOFT_RESET_CMD;
   b5094:	f88d 3007 	strb.w	r3, [sp, #7]
    rslt = null_ptr_check(dev);
   b5098:	f7ff feae 	bl	b4df8 <null_ptr_check>
    if (rslt == BME68X_OK)
   b509c:	4604      	mov	r4, r0
   b509e:	b980      	cbnz	r0, b50c2 <bme68x_soft_reset+0x3a>
        if (dev->intf == BME68X_SPI_INTF)
   b50a0:	7b2b      	ldrb	r3, [r5, #12]
   b50a2:	b18b      	cbz	r3, b50c8 <bme68x_soft_reset+0x40>
            rslt = bme68x_set_regs(&reg_addr, &soft_rst_cmd, 1, dev);
   b50a4:	462b      	mov	r3, r5
   b50a6:	f10d 0107 	add.w	r1, sp, #7
   b50aa:	2201      	movs	r2, #1
   b50ac:	f10d 0006 	add.w	r0, sp, #6
   b50b0:	f7ff ff78 	bl	b4fa4 <bme68x_set_regs>
            dev->delay_us(BME68X_PERIOD_RESET, dev->intf_ptr);
   b50b4:	6cab      	ldr	r3, [r5, #72]	; 0x48
   b50b6:	6869      	ldr	r1, [r5, #4]
            rslt = bme68x_set_regs(&reg_addr, &soft_rst_cmd, 1, dev);
   b50b8:	4604      	mov	r4, r0
            dev->delay_us(BME68X_PERIOD_RESET, dev->intf_ptr);
   b50ba:	f242 7010 	movw	r0, #10000	; 0x2710
   b50be:	4798      	blx	r3
            if (rslt == BME68X_OK)
   b50c0:	b14c      	cbz	r4, b50d6 <bme68x_soft_reset+0x4e>
}
   b50c2:	4620      	mov	r0, r4
   b50c4:	b003      	add	sp, #12
   b50c6:	bd30      	pop	{r4, r5, pc}
            rslt = get_mem_page(dev);
   b50c8:	4628      	mov	r0, r5
   b50ca:	f7ff feeb 	bl	b4ea4 <get_mem_page>
        if (rslt == BME68X_OK)
   b50ce:	4604      	mov	r4, r0
   b50d0:	2800      	cmp	r0, #0
   b50d2:	d1f6      	bne.n	b50c2 <bme68x_soft_reset+0x3a>
   b50d4:	e7e6      	b.n	b50a4 <bme68x_soft_reset+0x1c>
                if (dev->intf == BME68X_SPI_INTF)
   b50d6:	7b2b      	ldrb	r3, [r5, #12]
   b50d8:	2b00      	cmp	r3, #0
   b50da:	d1f2      	bne.n	b50c2 <bme68x_soft_reset+0x3a>
                    rslt = get_mem_page(dev);
   b50dc:	4628      	mov	r0, r5
   b50de:	f7ff fee1 	bl	b4ea4 <get_mem_page>
   b50e2:	4604      	mov	r4, r0
   b50e4:	e7ed      	b.n	b50c2 <bme68x_soft_reset+0x3a>

000b50e6 <bme68x_init>:
{
   b50e6:	b510      	push	{r4, lr}
   b50e8:	b08c      	sub	sp, #48	; 0x30
   b50ea:	4604      	mov	r4, r0
    rslt = bme68x_soft_reset(dev);
   b50ec:	f7ff ffcc 	bl	b5088 <bme68x_soft_reset>
    if (rslt == BME68X_OK)
   b50f0:	4603      	mov	r3, r0
   b50f2:	2800      	cmp	r0, #0
   b50f4:	f040 809b 	bne.w	b522e <bme68x_init+0x148>
        rslt = bme68x_get_regs(BME68X_REG_CHIP_ID, &dev->chip_id, 1, dev);
   b50f8:	4623      	mov	r3, r4
   b50fa:	2201      	movs	r2, #1
   b50fc:	4621      	mov	r1, r4
   b50fe:	20d0      	movs	r0, #208	; 0xd0
   b5100:	f7ff ff9a 	bl	b5038 <bme68x_get_regs>
        if (rslt == BME68X_OK)
   b5104:	4603      	mov	r3, r0
   b5106:	2800      	cmp	r0, #0
   b5108:	f040 8091 	bne.w	b522e <bme68x_init+0x148>
            if (dev->chip_id == BME68X_CHIP_ID)
   b510c:	7822      	ldrb	r2, [r4, #0]
   b510e:	2a61      	cmp	r2, #97	; 0x61
   b5110:	f040 8090 	bne.w	b5234 <bme68x_init+0x14e>

/* This internal API is used to read variant ID information from the register */
static int8_t read_variant_id(struct bme68x_dev *dev)
{
    int8_t rslt;
    uint8_t reg_data = 0;
   b5114:	f88d 0004 	strb.w	r0, [sp, #4]

    /* Read variant ID information register */
    rslt = bme68x_get_regs(BME68X_REG_VARIANT_ID, &reg_data, 1, dev);
   b5118:	4623      	mov	r3, r4
   b511a:	2201      	movs	r2, #1
   b511c:	a901      	add	r1, sp, #4
   b511e:	20f0      	movs	r0, #240	; 0xf0
   b5120:	f7ff ff8a 	bl	b5038 <bme68x_get_regs>

    if (rslt == BME68X_OK)
   b5124:	4603      	mov	r3, r0
   b5126:	2800      	cmp	r0, #0
   b5128:	f040 8081 	bne.w	b522e <bme68x_init+0x148>
    {
        dev->variant_id = reg_data;
   b512c:	f89d 3004 	ldrb.w	r3, [sp, #4]
   b5130:	60a3      	str	r3, [r4, #8]
    rslt = bme68x_get_regs(BME68X_REG_COEFF1, coeff_array, BME68X_LEN_COEFF1, dev);
   b5132:	2217      	movs	r2, #23
   b5134:	4623      	mov	r3, r4
   b5136:	a901      	add	r1, sp, #4
   b5138:	208a      	movs	r0, #138	; 0x8a
   b513a:	f7ff ff7d 	bl	b5038 <bme68x_get_regs>
    if (rslt == BME68X_OK)
   b513e:	4603      	mov	r3, r0
   b5140:	2800      	cmp	r0, #0
   b5142:	d174      	bne.n	b522e <bme68x_init+0x148>
        rslt = bme68x_get_regs(BME68X_REG_COEFF2, &coeff_array[BME68X_LEN_COEFF1], BME68X_LEN_COEFF2, dev);
   b5144:	4623      	mov	r3, r4
   b5146:	220e      	movs	r2, #14
   b5148:	f10d 011b 	add.w	r1, sp, #27
   b514c:	20e1      	movs	r0, #225	; 0xe1
   b514e:	f7ff ff73 	bl	b5038 <bme68x_get_regs>
    if (rslt == BME68X_OK)
   b5152:	4603      	mov	r3, r0
   b5154:	2800      	cmp	r0, #0
   b5156:	d16a      	bne.n	b522e <bme68x_init+0x148>
        rslt = bme68x_get_regs(BME68X_REG_COEFF3,
   b5158:	4623      	mov	r3, r4
   b515a:	2205      	movs	r2, #5
   b515c:	f10d 0129 	add.w	r1, sp, #41	; 0x29
   b5160:	f7ff ff6a 	bl	b5038 <bme68x_get_regs>
    if (rslt == BME68X_OK)
   b5164:	4603      	mov	r3, r0
   b5166:	2800      	cmp	r0, #0
   b5168:	d161      	bne.n	b522e <bme68x_init+0x148>
        dev->calib.par_t1 =
   b516a:	f8bd 2023 	ldrh.w	r2, [sp, #35]	; 0x23
   b516e:	83e2      	strh	r2, [r4, #30]
        dev->calib.par_t2 =
   b5170:	f8bd 2004 	ldrh.w	r2, [sp, #4]
   b5174:	8422      	strh	r2, [r4, #32]
        dev->calib.par_t3 = (int8_t)(coeff_array[BME68X_IDX_T3]);
   b5176:	f89d 2006 	ldrb.w	r2, [sp, #6]
   b517a:	f884 2022 	strb.w	r2, [r4, #34]	; 0x22
        dev->calib.par_p1 =
   b517e:	f8bd 2008 	ldrh.w	r2, [sp, #8]
   b5182:	84a2      	strh	r2, [r4, #36]	; 0x24
        dev->calib.par_p2 =
   b5184:	f8bd 200a 	ldrh.w	r2, [sp, #10]
   b5188:	84e2      	strh	r2, [r4, #38]	; 0x26
        dev->calib.par_p3 = (int8_t)coeff_array[BME68X_IDX_P3];
   b518a:	f89d 200c 	ldrb.w	r2, [sp, #12]
   b518e:	f884 2028 	strb.w	r2, [r4, #40]	; 0x28
        dev->calib.par_p4 =
   b5192:	f8bd 200e 	ldrh.w	r2, [sp, #14]
   b5196:	8562      	strh	r2, [r4, #42]	; 0x2a
        dev->calib.par_p5 =
   b5198:	f8bd 2010 	ldrh.w	r2, [sp, #16]
   b519c:	85a2      	strh	r2, [r4, #44]	; 0x2c
        dev->calib.par_p6 = (int8_t)(coeff_array[BME68X_IDX_P6]);
   b519e:	f89d 2013 	ldrb.w	r2, [sp, #19]
   b51a2:	f884 202e 	strb.w	r2, [r4, #46]	; 0x2e
        dev->calib.par_p7 = (int8_t)(coeff_array[BME68X_IDX_P7]);
   b51a6:	f89d 2012 	ldrb.w	r2, [sp, #18]
   b51aa:	f884 202f 	strb.w	r2, [r4, #47]	; 0x2f
        dev->calib.par_p8 =
   b51ae:	f8bd 2016 	ldrh.w	r2, [sp, #22]
   b51b2:	8622      	strh	r2, [r4, #48]	; 0x30
        dev->calib.par_p9 =
   b51b4:	f8bd 2018 	ldrh.w	r2, [sp, #24]
   b51b8:	8662      	strh	r2, [r4, #50]	; 0x32
        dev->calib.par_p10 = (uint8_t)(coeff_array[BME68X_IDX_P10]);
   b51ba:	f89d 201a 	ldrb.w	r2, [sp, #26]
   b51be:	f884 2034 	strb.w	r2, [r4, #52]	; 0x34
                       (coeff_array[BME68X_IDX_H1_LSB] & BME68X_BIT_H1_DATA_MSK));
   b51c2:	f89d 201c 	ldrb.w	r2, [sp, #28]
            (uint16_t)(((uint16_t)coeff_array[BME68X_IDX_H1_MSB] << 4) |
   b51c6:	f89d 001d 	ldrb.w	r0, [sp, #29]
                       (coeff_array[BME68X_IDX_H1_LSB] & BME68X_BIT_H1_DATA_MSK));
   b51ca:	f002 010f 	and.w	r1, r2, #15
            (uint16_t)(((uint16_t)coeff_array[BME68X_IDX_H1_MSB] << 4) |
   b51ce:	ea41 1100 	orr.w	r1, r1, r0, lsl #4
        dev->calib.par_h1 =
   b51d2:	8221      	strh	r1, [r4, #16]
            (uint16_t)(((uint16_t)coeff_array[BME68X_IDX_H2_MSB] << 4) | ((coeff_array[BME68X_IDX_H2_LSB]) >> 4));
   b51d4:	f89d 101b 	ldrb.w	r1, [sp, #27]
   b51d8:	0912      	lsrs	r2, r2, #4
   b51da:	ea42 1201 	orr.w	r2, r2, r1, lsl #4
        dev->calib.par_h2 =
   b51de:	8262      	strh	r2, [r4, #18]
        dev->calib.par_h3 = (int8_t)coeff_array[BME68X_IDX_H3];
   b51e0:	f89d 201e 	ldrb.w	r2, [sp, #30]
   b51e4:	7522      	strb	r2, [r4, #20]
        dev->calib.par_h4 = (int8_t)coeff_array[BME68X_IDX_H4];
   b51e6:	f89d 201f 	ldrb.w	r2, [sp, #31]
   b51ea:	7562      	strb	r2, [r4, #21]
        dev->calib.par_h5 = (int8_t)coeff_array[BME68X_IDX_H5];
   b51ec:	f89d 2020 	ldrb.w	r2, [sp, #32]
   b51f0:	75a2      	strb	r2, [r4, #22]
        dev->calib.par_h6 = (uint8_t)coeff_array[BME68X_IDX_H6];
   b51f2:	f89d 2021 	ldrb.w	r2, [sp, #33]	; 0x21
   b51f6:	75e2      	strb	r2, [r4, #23]
        dev->calib.par_h7 = (int8_t)coeff_array[BME68X_IDX_H7];
   b51f8:	f89d 2022 	ldrb.w	r2, [sp, #34]	; 0x22
   b51fc:	7622      	strb	r2, [r4, #24]
        dev->calib.par_gh1 = (int8_t)coeff_array[BME68X_IDX_GH1];
   b51fe:	f89d 2027 	ldrb.w	r2, [sp, #39]	; 0x27
   b5202:	7662      	strb	r2, [r4, #25]
            (int16_t)(BME68X_CONCAT_BYTES(coeff_array[BME68X_IDX_GH2_MSB], coeff_array[BME68X_IDX_GH2_LSB]));
   b5204:	f8bd 2025 	ldrh.w	r2, [sp, #37]	; 0x25
        dev->calib.par_gh2 =
   b5208:	8362      	strh	r2, [r4, #26]
        dev->calib.par_gh3 = (int8_t)coeff_array[BME68X_IDX_GH3];
   b520a:	f89d 2028 	ldrb.w	r2, [sp, #40]	; 0x28
   b520e:	7722      	strb	r2, [r4, #28]
        dev->calib.res_heat_range = ((coeff_array[BME68X_IDX_RES_HEAT_RANGE] & BME68X_RHRANGE_MSK) / 16);
   b5210:	f89d 202b 	ldrb.w	r2, [sp, #43]	; 0x2b
   b5214:	f3c2 1201 	ubfx	r2, r2, #4, #2
   b5218:	f884 203c 	strb.w	r2, [r4, #60]	; 0x3c
        dev->calib.res_heat_val = (int8_t)coeff_array[BME68X_IDX_RES_HEAT_VAL];
   b521c:	f89d 2029 	ldrb.w	r2, [sp, #41]	; 0x29
   b5220:	f884 203d 	strb.w	r2, [r4, #61]	; 0x3d
        dev->calib.range_sw_err = ((int8_t)(coeff_array[BME68X_IDX_RANGE_SW_ERR] & BME68X_RSERROR_MSK)) / 16;
   b5224:	f99d 202d 	ldrsb.w	r2, [sp, #45]	; 0x2d
   b5228:	1112      	asrs	r2, r2, #4
   b522a:	f884 203e 	strb.w	r2, [r4, #62]	; 0x3e
}
   b522e:	4618      	mov	r0, r3
   b5230:	b00c      	add	sp, #48	; 0x30
   b5232:	bd10      	pop	{r4, pc}
                rslt = BME68X_E_DEV_NOT_FOUND;
   b5234:	f06f 0302 	mvn.w	r3, #2
   b5238:	e7f9      	b.n	b522e <bme68x_init+0x148>

000b523a <bme68x_set_op_mode>:
{
   b523a:	b573      	push	{r0, r1, r4, r5, r6, lr}
    uint8_t reg_addr = BME68X_REG_CTRL_MEAS;
   b523c:	2374      	movs	r3, #116	; 0x74
{
   b523e:	4606      	mov	r6, r0
   b5240:	460d      	mov	r5, r1
    uint8_t reg_addr = BME68X_REG_CTRL_MEAS;
   b5242:	f88d 3007 	strb.w	r3, [sp, #7]
        rslt = bme68x_get_regs(BME68X_REG_CTRL_MEAS, &tmp_pow_mode, 1, dev);
   b5246:	462b      	mov	r3, r5
   b5248:	2201      	movs	r2, #1
   b524a:	f10d 0106 	add.w	r1, sp, #6
   b524e:	2074      	movs	r0, #116	; 0x74
   b5250:	f7ff fef2 	bl	b5038 <bme68x_get_regs>
        if (rslt == BME68X_OK)
   b5254:	4604      	mov	r4, r0
   b5256:	b9b8      	cbnz	r0, b5288 <bme68x_set_op_mode+0x4e>
            pow_mode = (tmp_pow_mode & BME68X_MODE_MSK);
   b5258:	f89d 2006 	ldrb.w	r2, [sp, #6]
            if (pow_mode != BME68X_SLEEP_MODE)
   b525c:	0793      	lsls	r3, r2, #30
   b525e:	d016      	beq.n	b528e <bme68x_set_op_mode+0x54>
                tmp_pow_mode &= ~BME68X_MODE_MSK; /* Set to sleep */
   b5260:	f022 0203 	bic.w	r2, r2, #3
   b5264:	f88d 2006 	strb.w	r2, [sp, #6]
                rslt = bme68x_set_regs(&reg_addr, &tmp_pow_mode, 1, dev);
   b5268:	462b      	mov	r3, r5
   b526a:	f10d 0106 	add.w	r1, sp, #6
   b526e:	2201      	movs	r2, #1
   b5270:	f10d 0007 	add.w	r0, sp, #7
   b5274:	f7ff fe96 	bl	b4fa4 <bme68x_set_regs>
                dev->delay_us(BME68X_PERIOD_POLL, dev->intf_ptr);
   b5278:	6cab      	ldr	r3, [r5, #72]	; 0x48
   b527a:	6869      	ldr	r1, [r5, #4]
                rslt = bme68x_set_regs(&reg_addr, &tmp_pow_mode, 1, dev);
   b527c:	4604      	mov	r4, r0
                dev->delay_us(BME68X_PERIOD_POLL, dev->intf_ptr);
   b527e:	f242 7010 	movw	r0, #10000	; 0x2710
   b5282:	4798      	blx	r3
    } while ((pow_mode != BME68X_SLEEP_MODE) && (rslt == BME68X_OK));
   b5284:	2c00      	cmp	r4, #0
   b5286:	d0de      	beq.n	b5246 <bme68x_set_op_mode+0xc>
}
   b5288:	4620      	mov	r0, r4
   b528a:	b002      	add	sp, #8
   b528c:	bd70      	pop	{r4, r5, r6, pc}
    if ((op_mode != BME68X_SLEEP_MODE) && (rslt == BME68X_OK))
   b528e:	2e00      	cmp	r6, #0
   b5290:	d0fa      	beq.n	b5288 <bme68x_set_op_mode+0x4e>
        tmp_pow_mode = (tmp_pow_mode & ~BME68X_MODE_MSK) | (op_mode & BME68X_MODE_MSK);
   b5292:	f022 0203 	bic.w	r2, r2, #3
   b5296:	f006 0603 	and.w	r6, r6, #3
   b529a:	4332      	orrs	r2, r6
   b529c:	f88d 2006 	strb.w	r2, [sp, #6]
        rslt = bme68x_set_regs(&reg_addr, &tmp_pow_mode, 1, dev);
   b52a0:	462b      	mov	r3, r5
   b52a2:	2201      	movs	r2, #1
   b52a4:	f10d 0106 	add.w	r1, sp, #6
   b52a8:	f10d 0007 	add.w	r0, sp, #7
   b52ac:	f7ff fe7a 	bl	b4fa4 <bme68x_set_regs>
   b52b0:	4604      	mov	r4, r0
   b52b2:	e7e9      	b.n	b5288 <bme68x_set_op_mode+0x4e>

000b52b4 <bme68x_get_op_mode>:
{
   b52b4:	b513      	push	{r0, r1, r4, lr}
   b52b6:	460b      	mov	r3, r1
    if (op_mode)
   b52b8:	4604      	mov	r4, r0
   b52ba:	b160      	cbz	r0, b52d6 <bme68x_get_op_mode+0x22>
        rslt = bme68x_get_regs(BME68X_REG_CTRL_MEAS, &mode, 1, dev);
   b52bc:	2201      	movs	r2, #1
   b52be:	f10d 0107 	add.w	r1, sp, #7
   b52c2:	2074      	movs	r0, #116	; 0x74
   b52c4:	f7ff feb8 	bl	b5038 <bme68x_get_regs>
        *op_mode = mode & BME68X_MODE_MSK;
   b52c8:	f89d 3007 	ldrb.w	r3, [sp, #7]
   b52cc:	f003 0303 	and.w	r3, r3, #3
   b52d0:	7023      	strb	r3, [r4, #0]
}
   b52d2:	b002      	add	sp, #8
   b52d4:	bd10      	pop	{r4, pc}
        rslt = BME68X_E_NULL_PTR;
   b52d6:	f04f 30ff 	mov.w	r0, #4294967295
   b52da:	e7fa      	b.n	b52d2 <bme68x_get_op_mode+0x1e>

000b52dc <bme68x_set_conf>:
{
   b52dc:	b5f0      	push	{r4, r5, r6, r7, lr}
    uint8_t reg_array[BME68X_LEN_CONFIG] = { 0x71, 0x72, 0x73, 0x74, 0x75 };
   b52de:	4b4d      	ldr	r3, [pc, #308]	; (b5414 <bme68x_set_conf+0x138>)
{
   b52e0:	b087      	sub	sp, #28
   b52e2:	4606      	mov	r6, r0
    uint8_t reg_array[BME68X_LEN_CONFIG] = { 0x71, 0x72, 0x73, 0x74, 0x75 };
   b52e4:	6818      	ldr	r0, [r3, #0]
   b52e6:	791b      	ldrb	r3, [r3, #4]
   b52e8:	9002      	str	r0, [sp, #8]
   b52ea:	f88d 300c 	strb.w	r3, [sp, #12]
    rslt = bme68x_get_op_mode(&current_op_mode, dev);
   b52ee:	f10d 0007 	add.w	r0, sp, #7
    uint8_t data_array[BME68X_LEN_CONFIG] = { 0 };
   b52f2:	2300      	movs	r3, #0
{
   b52f4:	460d      	mov	r5, r1
    uint8_t data_array[BME68X_LEN_CONFIG] = { 0 };
   b52f6:	9304      	str	r3, [sp, #16]
   b52f8:	f88d 3014 	strb.w	r3, [sp, #20]
    rslt = bme68x_get_op_mode(&current_op_mode, dev);
   b52fc:	f7ff ffda 	bl	b52b4 <bme68x_get_op_mode>
    if (rslt == BME68X_OK)
   b5300:	4604      	mov	r4, r0
   b5302:	2800      	cmp	r0, #0
   b5304:	f040 8083 	bne.w	b540e <bme68x_set_conf+0x132>
        rslt = bme68x_set_op_mode(BME68X_SLEEP_MODE, dev);
   b5308:	4629      	mov	r1, r5
   b530a:	f7ff ff96 	bl	b523a <bme68x_set_op_mode>
   b530e:	4607      	mov	r7, r0
   b5310:	4604      	mov	r4, r0
    if (conf == NULL)
   b5312:	b966      	cbnz	r6, b532e <bme68x_set_conf+0x52>
        rslt = BME68X_E_NULL_PTR;
   b5314:	f04f 34ff 	mov.w	r4, #4294967295
    if ((current_op_mode != BME68X_SLEEP_MODE) && (rslt == BME68X_OK))
   b5318:	f89d 0007 	ldrb.w	r0, [sp, #7]
   b531c:	b120      	cbz	r0, b5328 <bme68x_set_conf+0x4c>
   b531e:	b91c      	cbnz	r4, b5328 <bme68x_set_conf+0x4c>
        rslt = bme68x_set_op_mode(current_op_mode, dev);
   b5320:	4629      	mov	r1, r5
   b5322:	f7ff ff8a 	bl	b523a <bme68x_set_op_mode>
   b5326:	4604      	mov	r4, r0
}
   b5328:	4620      	mov	r0, r4
   b532a:	b007      	add	sp, #28
   b532c:	bdf0      	pop	{r4, r5, r6, r7, pc}
    else if (rslt == BME68X_OK)
   b532e:	2800      	cmp	r0, #0
   b5330:	d1f2      	bne.n	b5318 <bme68x_set_conf+0x3c>
        rslt = bme68x_get_regs(reg_array[0], data_array, BME68X_LEN_CONFIG, dev);
   b5332:	f89d 0008 	ldrb.w	r0, [sp, #8]
   b5336:	462b      	mov	r3, r5
   b5338:	2205      	movs	r2, #5
   b533a:	a904      	add	r1, sp, #16
   b533c:	f7ff fe7c 	bl	b5038 <bme68x_get_regs>
        dev->info_msg = BME68X_OK;
   b5340:	f885 704d 	strb.w	r7, [r5, #77]	; 0x4d
        if (rslt == BME68X_OK)
   b5344:	4604      	mov	r4, r0
   b5346:	2800      	cmp	r0, #0
   b5348:	d1e6      	bne.n	b5318 <bme68x_set_conf+0x3c>
            rslt = boundary_check(&conf->filter, BME68X_FILTER_SIZE_127, dev);
   b534a:	462a      	mov	r2, r5
   b534c:	2107      	movs	r1, #7
   b534e:	1cf0      	adds	r0, r6, #3
   b5350:	f7ff fd60 	bl	b4e14 <boundary_check>
        if (rslt == BME68X_OK)
   b5354:	4604      	mov	r4, r0
   b5356:	2800      	cmp	r0, #0
   b5358:	d1de      	bne.n	b5318 <bme68x_set_conf+0x3c>
            rslt = boundary_check(&conf->os_temp, BME68X_OS_16X, dev);
   b535a:	2105      	movs	r1, #5
   b535c:	1c70      	adds	r0, r6, #1
   b535e:	f7ff fd59 	bl	b4e14 <boundary_check>
        if (rslt == BME68X_OK)
   b5362:	4604      	mov	r4, r0
   b5364:	2800      	cmp	r0, #0
   b5366:	d1d7      	bne.n	b5318 <bme68x_set_conf+0x3c>
            rslt = boundary_check(&conf->os_pres, BME68X_OS_16X, dev);
   b5368:	1cb0      	adds	r0, r6, #2
   b536a:	f7ff fd53 	bl	b4e14 <boundary_check>
        if (rslt == BME68X_OK)
   b536e:	4604      	mov	r4, r0
   b5370:	2800      	cmp	r0, #0
   b5372:	d1d1      	bne.n	b5318 <bme68x_set_conf+0x3c>
            rslt = boundary_check(&conf->os_hum, BME68X_OS_16X, dev);
   b5374:	4630      	mov	r0, r6
   b5376:	f7ff fd4d 	bl	b4e14 <boundary_check>
        if (rslt == BME68X_OK)
   b537a:	4604      	mov	r4, r0
   b537c:	2800      	cmp	r0, #0
   b537e:	d1cb      	bne.n	b5318 <bme68x_set_conf+0x3c>
            rslt = boundary_check(&conf->odr, BME68X_ODR_NONE, dev);
   b5380:	2108      	movs	r1, #8
   b5382:	1d30      	adds	r0, r6, #4
   b5384:	f7ff fd46 	bl	b4e14 <boundary_check>
        if (rslt == BME68X_OK)
   b5388:	4604      	mov	r4, r0
   b538a:	2800      	cmp	r0, #0
   b538c:	d1c4      	bne.n	b5318 <bme68x_set_conf+0x3c>
            data_array[4] = BME68X_SET_BITS(data_array[4], BME68X_FILTER, conf->filter);
   b538e:	78f3      	ldrb	r3, [r6, #3]
   b5390:	f89d 2014 	ldrb.w	r2, [sp, #20]
            data_array[3] = BME68X_SET_BITS(data_array[3], BME68X_OST, conf->os_temp);
   b5394:	7871      	ldrb	r1, [r6, #1]
            data_array[4] = BME68X_SET_BITS(data_array[4], BME68X_FILTER, conf->filter);
   b5396:	009b      	lsls	r3, r3, #2
   b5398:	f022 021c 	bic.w	r2, r2, #28
   b539c:	f003 031c 	and.w	r3, r3, #28
   b53a0:	4313      	orrs	r3, r2
   b53a2:	b25a      	sxtb	r2, r3
            data_array[3] = BME68X_SET_BITS(data_array[3], BME68X_OST, conf->os_temp);
   b53a4:	f89d 3013 	ldrb.w	r3, [sp, #19]
   b53a8:	f003 031f 	and.w	r3, r3, #31
   b53ac:	ea43 1341 	orr.w	r3, r3, r1, lsl #5
            data_array[3] = BME68X_SET_BITS(data_array[3], BME68X_OSP, conf->os_pres);
   b53b0:	78b1      	ldrb	r1, [r6, #2]
   b53b2:	0089      	lsls	r1, r1, #2
   b53b4:	f001 011c 	and.w	r1, r1, #28
   b53b8:	f023 031c 	bic.w	r3, r3, #28
   b53bc:	430b      	orrs	r3, r1
   b53be:	f88d 3013 	strb.w	r3, [sp, #19]
            data_array[1] = BME68X_SET_BITS_POS_0(data_array[1], BME68X_OSH, conf->os_hum);
   b53c2:	7831      	ldrb	r1, [r6, #0]
   b53c4:	f89d 3011 	ldrb.w	r3, [sp, #17]
   b53c8:	f001 0107 	and.w	r1, r1, #7
   b53cc:	f023 0307 	bic.w	r3, r3, #7
   b53d0:	430b      	orrs	r3, r1
            if (conf->odr != BME68X_ODR_NONE)
   b53d2:	7931      	ldrb	r1, [r6, #4]
            data_array[1] = BME68X_SET_BITS_POS_0(data_array[1], BME68X_OSH, conf->os_hum);
   b53d4:	f88d 3011 	strb.w	r3, [sp, #17]
            data_array[0] = BME68X_SET_BITS(data_array[0], BME68X_ODR3, odr3);
   b53d8:	f89d 3010 	ldrb.w	r3, [sp, #16]
            if (conf->odr != BME68X_ODR_NONE)
   b53dc:	2908      	cmp	r1, #8
                odr3 = 0;
   b53de:	bf12      	itee	ne
   b53e0:	2000      	movne	r0, #0
    uint8_t odr20 = 0, odr3 = 1;
   b53e2:	2001      	moveq	r0, #1
   b53e4:	2100      	moveq	r1, #0
            data_array[4] = BME68X_SET_BITS(data_array[4], BME68X_ODR20, odr20);
   b53e6:	f002 021f 	and.w	r2, r2, #31
            data_array[0] = BME68X_SET_BITS(data_array[0], BME68X_ODR3, odr3);
   b53ea:	f003 037f 	and.w	r3, r3, #127	; 0x7f
            data_array[4] = BME68X_SET_BITS(data_array[4], BME68X_ODR20, odr20);
   b53ee:	ea42 1241 	orr.w	r2, r2, r1, lsl #5
            data_array[0] = BME68X_SET_BITS(data_array[0], BME68X_ODR3, odr3);
   b53f2:	ea43 13c0 	orr.w	r3, r3, r0, lsl #7
            data_array[4] = BME68X_SET_BITS(data_array[4], BME68X_ODR20, odr20);
   b53f6:	f88d 2014 	strb.w	r2, [sp, #20]
            data_array[0] = BME68X_SET_BITS(data_array[0], BME68X_ODR3, odr3);
   b53fa:	f88d 3010 	strb.w	r3, [sp, #16]
        rslt = bme68x_set_regs(reg_array, data_array, BME68X_LEN_CONFIG, dev);
   b53fe:	2205      	movs	r2, #5
   b5400:	462b      	mov	r3, r5
   b5402:	a904      	add	r1, sp, #16
   b5404:	a802      	add	r0, sp, #8
   b5406:	f7ff fdcd 	bl	b4fa4 <bme68x_set_regs>
   b540a:	4604      	mov	r4, r0
   b540c:	e784      	b.n	b5318 <bme68x_set_conf+0x3c>
    if (conf == NULL)
   b540e:	2e00      	cmp	r6, #0
   b5410:	d182      	bne.n	b5318 <bme68x_set_conf+0x3c>
   b5412:	e77f      	b.n	b5314 <bme68x_set_conf+0x38>
   b5414:	000bbb9c 	.word	0x000bbb9c

000b5418 <bme68x_get_meas_dur>:
{
   b5418:	b537      	push	{r0, r1, r2, r4, r5, lr}
    uint8_t os_to_meas_cycles[6] = { 0, 1, 2, 4, 8, 16 };
   b541a:	4b1e      	ldr	r3, [pc, #120]	; (b5494 <bme68x_get_meas_dur+0x7c>)
{
   b541c:	4605      	mov	r5, r0
    uint8_t os_to_meas_cycles[6] = { 0, 1, 2, 4, 8, 16 };
   b541e:	f8d3 0080 	ldr.w	r0, [r3, #128]	; 0x80
   b5422:	f8b3 3084 	ldrh.w	r3, [r3, #132]	; 0x84
   b5426:	9000      	str	r0, [sp, #0]
   b5428:	f8ad 3004 	strh.w	r3, [sp, #4]
    if (conf != NULL)
   b542c:	460c      	mov	r4, r1
   b542e:	b911      	cbnz	r1, b5436 <bme68x_get_meas_dur+0x1e>
    uint32_t meas_dur = 0; /* Calculate in us */
   b5430:	2000      	movs	r0, #0
}
   b5432:	b003      	add	sp, #12
   b5434:	bd30      	pop	{r4, r5, pc}
        rslt = boundary_check(&conf->os_temp, BME68X_OS_16X, dev);
   b5436:	2105      	movs	r1, #5
   b5438:	1c60      	adds	r0, r4, #1
   b543a:	f7ff fceb 	bl	b4e14 <boundary_check>
        if (rslt == BME68X_OK)
   b543e:	2800      	cmp	r0, #0
   b5440:	d1f6      	bne.n	b5430 <bme68x_get_meas_dur+0x18>
            rslt = boundary_check(&conf->os_pres, BME68X_OS_16X, dev);
   b5442:	1ca0      	adds	r0, r4, #2
   b5444:	f7ff fce6 	bl	b4e14 <boundary_check>
        if (rslt == BME68X_OK)
   b5448:	2800      	cmp	r0, #0
   b544a:	d1f1      	bne.n	b5430 <bme68x_get_meas_dur+0x18>
            rslt = boundary_check(&conf->os_hum, BME68X_OS_16X, dev);
   b544c:	4620      	mov	r0, r4
   b544e:	f7ff fce1 	bl	b4e14 <boundary_check>
        if (rslt == BME68X_OK)
   b5452:	2800      	cmp	r0, #0
   b5454:	d1ec      	bne.n	b5430 <bme68x_get_meas_dur+0x18>
            meas_cycles = os_to_meas_cycles[conf->os_temp];
   b5456:	7863      	ldrb	r3, [r4, #1]
   b5458:	aa02      	add	r2, sp, #8
   b545a:	4413      	add	r3, r2
            meas_cycles += os_to_meas_cycles[conf->os_pres];
   b545c:	78a2      	ldrb	r2, [r4, #2]
            meas_cycles = os_to_meas_cycles[conf->os_temp];
   b545e:	f813 0c08 	ldrb.w	r0, [r3, #-8]
            meas_cycles += os_to_meas_cycles[conf->os_pres];
   b5462:	ab02      	add	r3, sp, #8
   b5464:	441a      	add	r2, r3
            if (op_mode != BME68X_PARALLEL_MODE)
   b5466:	2d02      	cmp	r5, #2
            meas_cycles += os_to_meas_cycles[conf->os_pres];
   b5468:	f812 3c08 	ldrb.w	r3, [r2, #-8]
   b546c:	4418      	add	r0, r3
            meas_cycles += os_to_meas_cycles[conf->os_hum];
   b546e:	7823      	ldrb	r3, [r4, #0]
   b5470:	aa02      	add	r2, sp, #8
   b5472:	4413      	add	r3, r2
   b5474:	f813 3c08 	ldrb.w	r3, [r3, #-8]
   b5478:	4403      	add	r3, r0
            meas_dur = meas_cycles * UINT32_C(1963);
   b547a:	f240 70ab 	movw	r0, #1963	; 0x7ab
   b547e:	fb00 f303 	mul.w	r3, r0, r3
            meas_dur += UINT32_C(477 * 5); /* Gas measurement duration */
   b5482:	bf0b      	itete	eq
   b5484:	f503 5086 	addeq.w	r0, r3, #4288	; 0x10c0
                meas_dur += UINT32_C(1000); /* Wake up duration of 1ms */
   b5488:	f503 50a5 	addne.w	r0, r3, #5280	; 0x14a0
            meas_dur += UINT32_C(477 * 5); /* Gas measurement duration */
   b548c:	1840      	addeq	r0, r0, r1
                meas_dur += UINT32_C(1000); /* Wake up duration of 1ms */
   b548e:	300d      	addne	r0, #13
    return meas_dur;
   b5490:	e7cf      	b.n	b5432 <bme68x_get_meas_dur+0x1a>
   b5492:	bf00      	nop
   b5494:	000bbaf8 	.word	0x000bbaf8

000b5498 <bme68x_get_data>:
{
   b5498:	e92d 4ff0 	stmdb	sp!, {r4, r5, r6, r7, r8, r9, sl, fp, lr}
   b549c:	b0b5      	sub	sp, #212	; 0xd4
   b549e:	461f      	mov	r7, r3
    struct bme68x_data field_data[3] = { { 0 } };
   b54a0:	ab22      	add	r3, sp, #136	; 0x88
{
   b54a2:	9201      	str	r2, [sp, #4]
   b54a4:	4604      	mov	r4, r0
   b54a6:	460d      	mov	r5, r1
    struct bme68x_data field_data[3] = { { 0 } };
   b54a8:	4618      	mov	r0, r3
   b54aa:	2248      	movs	r2, #72	; 0x48
   b54ac:	2100      	movs	r1, #0
   b54ae:	f006 fa54 	bl	bb95a <memset>
    field_ptr[1] = &field_data[1];
   b54b2:	ab28      	add	r3, sp, #160	; 0xa0
    field_ptr[0] = &field_data[0];
   b54b4:	900a      	str	r0, [sp, #40]	; 0x28
    field_ptr[1] = &field_data[1];
   b54b6:	930b      	str	r3, [sp, #44]	; 0x2c
    rslt = null_ptr_check(dev);
   b54b8:	4638      	mov	r0, r7
    field_ptr[2] = &field_data[2];
   b54ba:	ab2e      	add	r3, sp, #184	; 0xb8
   b54bc:	930c      	str	r3, [sp, #48]	; 0x30
    rslt = null_ptr_check(dev);
   b54be:	f7ff fc9b 	bl	b4df8 <null_ptr_check>
    if ((rslt == BME68X_OK) && (data != NULL))
   b54c2:	4606      	mov	r6, r0
   b54c4:	b128      	cbz	r0, b54d2 <bme68x_get_data+0x3a>
        rslt = BME68X_E_NULL_PTR;
   b54c6:	f04f 34ff 	mov.w	r4, #4294967295
}
   b54ca:	4620      	mov	r0, r4
   b54cc:	b035      	add	sp, #212	; 0xd4
   b54ce:	e8bd 8ff0 	ldmia.w	sp!, {r4, r5, r6, r7, r8, r9, sl, fp, pc}
    if ((rslt == BME68X_OK) && (data != NULL))
   b54d2:	2d00      	cmp	r5, #0
   b54d4:	d0f7      	beq.n	b54c6 <bme68x_get_data+0x2e>
        if (op_mode == BME68X_FORCED_MODE)
   b54d6:	2c01      	cmp	r4, #1
   b54d8:	f040 80dc 	bne.w	b5694 <bme68x_get_data+0x1fc>
    uint8_t buff[BME68X_LEN_FIELD] = { 0 };
   b54dc:	9015      	str	r0, [sp, #84]	; 0x54
   b54de:	4601      	mov	r1, r0
   b54e0:	220d      	movs	r2, #13
   b54e2:	a816      	add	r0, sp, #88	; 0x58
   b54e4:	f006 fa39 	bl	bb95a <memset>
   b54e8:	2605      	movs	r6, #5
        rslt = bme68x_get_regs(((uint8_t)(BME68X_REG_FIELD0 + (index * BME68X_LEN_FIELD_OFFSET))),
   b54ea:	463b      	mov	r3, r7
   b54ec:	2211      	movs	r2, #17
   b54ee:	a915      	add	r1, sp, #84	; 0x54
   b54f0:	201d      	movs	r0, #29
   b54f2:	f7ff fda1 	bl	b5038 <bme68x_get_regs>
        data->meas_index = buff[1];
   b54f6:	f89d 2055 	ldrb.w	r2, [sp, #85]	; 0x55
   b54fa:	70aa      	strb	r2, [r5, #2]
        adc_pres = (uint32_t)(((uint32_t)buff[2] * 4096) | ((uint32_t)buff[3] * 16) | ((uint32_t)buff[4] / 16));
   b54fc:	f89d 2056 	ldrb.w	r2, [sp, #86]	; 0x56
   b5500:	9202      	str	r2, [sp, #8]
   b5502:	f89d 2057 	ldrb.w	r2, [sp, #87]	; 0x57
   b5506:	9203      	str	r2, [sp, #12]
   b5508:	f89d 2058 	ldrb.w	r2, [sp, #88]	; 0x58
   b550c:	9204      	str	r2, [sp, #16]
        adc_temp = (uint32_t)(((uint32_t)buff[5] * 4096) | ((uint32_t)buff[6] * 16) | ((uint32_t)buff[7] / 16));
   b550e:	f89d 2059 	ldrb.w	r2, [sp, #89]	; 0x59
   b5512:	9205      	str	r2, [sp, #20]
        rslt = bme68x_get_regs(((uint8_t)(BME68X_REG_FIELD0 + (index * BME68X_LEN_FIELD_OFFSET))),
   b5514:	4604      	mov	r4, r0
        adc_temp = (uint32_t)(((uint32_t)buff[5] * 4096) | ((uint32_t)buff[6] * 16) | ((uint32_t)buff[7] / 16));
   b5516:	f89d 205a 	ldrb.w	r2, [sp, #90]	; 0x5a
        data->status = buff[0] & BME68X_NEW_DATA_MSK;
   b551a:	f89d 0054 	ldrb.w	r0, [sp, #84]	; 0x54
        adc_temp = (uint32_t)(((uint32_t)buff[5] * 4096) | ((uint32_t)buff[6] * 16) | ((uint32_t)buff[7] / 16));
   b551e:	9206      	str	r2, [sp, #24]
        adc_hum = (uint16_t)(((uint32_t)buff[8] * 256) | (uint32_t)buff[9]);
   b5520:	f89d 205c 	ldrb.w	r2, [sp, #92]	; 0x5c
   b5524:	9207      	str	r2, [sp, #28]
        data->status = buff[0] & BME68X_NEW_DATA_MSK;
   b5526:	f000 0380 	and.w	r3, r0, #128	; 0x80
        adc_hum = (uint16_t)(((uint32_t)buff[8] * 256) | (uint32_t)buff[9]);
   b552a:	f89d 205d 	ldrb.w	r2, [sp, #93]	; 0x5d
        data->status = buff[0] & BME68X_NEW_DATA_MSK;
   b552e:	702b      	strb	r3, [r5, #0]
        data->gas_index = buff[0] & BME68X_GAS_INDEX_MSK;
   b5530:	f000 000f 	and.w	r0, r0, #15
   b5534:	7068      	strb	r0, [r5, #1]
        adc_hum = (uint16_t)(((uint32_t)buff[8] * 256) | (uint32_t)buff[9]);
   b5536:	9208      	str	r2, [sp, #32]
        adc_gas_res_low = (uint16_t)((uint32_t)buff[13] * 4 | (((uint32_t)buff[14]) / 64));
   b5538:	f89d 2061 	ldrb.w	r2, [sp, #97]	; 0x61
   b553c:	9209      	str	r2, [sp, #36]	; 0x24
        if (dev->variant_id == BME68X_VARIANT_GAS_HIGH)
   b553e:	68ba      	ldr	r2, [r7, #8]
        adc_gas_res_low = (uint16_t)((uint32_t)buff[13] * 4 | (((uint32_t)buff[14]) / 64));
   b5540:	f89d a062 	ldrb.w	sl, [sp, #98]	; 0x62
        adc_gas_res_high = (uint16_t)((uint32_t)buff[15] * 4 | (((uint32_t)buff[16]) / 64));
   b5544:	f89d 8064 	ldrb.w	r8, [sp, #100]	; 0x64
        adc_temp = (uint32_t)(((uint32_t)buff[5] * 4096) | ((uint32_t)buff[6] * 16) | ((uint32_t)buff[7] / 16));
   b5548:	f89d 905b 	ldrb.w	r9, [sp, #91]	; 0x5b
        adc_gas_res_high = (uint16_t)((uint32_t)buff[15] * 4 | (((uint32_t)buff[16]) / 64));
   b554c:	f89d b063 	ldrb.w	fp, [sp, #99]	; 0x63
        if (dev->variant_id == BME68X_VARIANT_GAS_HIGH)
   b5550:	2a01      	cmp	r2, #1
            data->status |= buff[14] & BME68X_GASM_VALID_MSK;
   b5552:	bf13      	iteet	ne
   b5554:	f00a 0220 	andne.w	r2, sl, #32
            data->status |= buff[16] & BME68X_GASM_VALID_MSK;
   b5558:	f008 0220 	andeq.w	r2, r8, #32
   b555c:	431a      	orreq	r2, r3
            data->status |= buff[14] & BME68X_GASM_VALID_MSK;
   b555e:	4313      	orrne	r3, r2
            data->status |= buff[16] & BME68X_HEAT_STAB_MSK;
   b5560:	bf0c      	ite	eq
   b5562:	f008 0310 	andeq.w	r3, r8, #16
            data->status |= buff[14] & BME68X_HEAT_STAB_MSK;
   b5566:	f00a 0210 	andne.w	r2, sl, #16
   b556a:	4313      	orrs	r3, r2
   b556c:	702b      	strb	r3, [r5, #0]
        if ((data->status & BME68X_NEW_DATA_MSK) && (rslt == BME68X_OK))
   b556e:	061b      	lsls	r3, r3, #24
   b5570:	d579      	bpl.n	b5666 <bme68x_get_data+0x1ce>
   b5572:	2c00      	cmp	r4, #0
   b5574:	d17d      	bne.n	b5672 <bme68x_get_data+0x1da>
            rslt = bme68x_get_regs(BME68X_REG_RES_HEAT0 + data->gas_index, &data->res_heat, 1, dev);
   b5576:	463b      	mov	r3, r7
   b5578:	2201      	movs	r2, #1
   b557a:	1ce9      	adds	r1, r5, #3
   b557c:	305a      	adds	r0, #90	; 0x5a
   b557e:	f7ff fd5b 	bl	b5038 <bme68x_get_regs>
            if (rslt == BME68X_OK)
   b5582:	4604      	mov	r4, r0
   b5584:	2800      	cmp	r0, #0
   b5586:	d174      	bne.n	b5672 <bme68x_get_data+0x1da>
                rslt = bme68x_get_regs(BME68X_REG_IDAC_HEAT0 + data->gas_index, &data->idac, 1, dev);
   b5588:	7868      	ldrb	r0, [r5, #1]
   b558a:	3050      	adds	r0, #80	; 0x50
   b558c:	463b      	mov	r3, r7
   b558e:	2201      	movs	r2, #1
   b5590:	1d29      	adds	r1, r5, #4
   b5592:	b2c0      	uxtb	r0, r0
   b5594:	f7ff fd50 	bl	b5038 <bme68x_get_regs>
            if (rslt == BME68X_OK)
   b5598:	4604      	mov	r4, r0
   b559a:	2800      	cmp	r0, #0
   b559c:	d169      	bne.n	b5672 <bme68x_get_data+0x1da>
                rslt = bme68x_get_regs(BME68X_REG_GAS_WAIT0 + data->gas_index, &data->gas_wait, 1, dev);
   b559e:	7868      	ldrb	r0, [r5, #1]
   b55a0:	3064      	adds	r0, #100	; 0x64
   b55a2:	463b      	mov	r3, r7
   b55a4:	2201      	movs	r2, #1
   b55a6:	1d69      	adds	r1, r5, #5
   b55a8:	b2c0      	uxtb	r0, r0
   b55aa:	f7ff fd45 	bl	b5038 <bme68x_get_regs>
            if (rslt == BME68X_OK)
   b55ae:	4604      	mov	r4, r0
   b55b0:	2800      	cmp	r0, #0
   b55b2:	d15e      	bne.n	b5672 <bme68x_get_data+0x1da>
        adc_temp = (uint32_t)(((uint32_t)buff[5] * 4096) | ((uint32_t)buff[6] * 16) | ((uint32_t)buff[7] / 16));
   b55b4:	9b06      	ldr	r3, [sp, #24]
   b55b6:	ea4f 1019 	mov.w	r0, r9, lsr #4
   b55ba:	ea40 1003 	orr.w	r0, r0, r3, lsl #4
                data->temperature = calc_temperature(adc_temp, dev);
   b55be:	9b05      	ldr	r3, [sp, #20]
   b55c0:	4639      	mov	r1, r7
   b55c2:	ea40 3003 	orr.w	r0, r0, r3, lsl #12
   b55c6:	f7ff fa2f 	bl	b4a28 <calc_temperature>
        adc_pres = (uint32_t)(((uint32_t)buff[2] * 4096) | ((uint32_t)buff[3] * 16) | ((uint32_t)buff[4] / 16));
   b55ca:	9b04      	ldr	r3, [sp, #16]
                data->temperature = calc_temperature(adc_temp, dev);
   b55cc:	ed85 0a02 	vstr	s0, [r5, #8]
        adc_pres = (uint32_t)(((uint32_t)buff[2] * 4096) | ((uint32_t)buff[3] * 16) | ((uint32_t)buff[4] / 16));
   b55d0:	0918      	lsrs	r0, r3, #4
   b55d2:	9b03      	ldr	r3, [sp, #12]
   b55d4:	ea40 1003 	orr.w	r0, r0, r3, lsl #4
                data->pressure = calc_pressure(adc_pres, dev);
   b55d8:	9b02      	ldr	r3, [sp, #8]
   b55da:	ea40 3003 	orr.w	r0, r0, r3, lsl #12
   b55de:	f7ff fa63 	bl	b4aa8 <calc_pressure>
                data->humidity = calc_humidity(adc_hum, dev);
   b55e2:	e9dd 2307 	ldrd	r2, r3, [sp, #28]
                data->pressure = calc_pressure(adc_pres, dev);
   b55e6:	ed85 0a03 	vstr	s0, [r5, #12]
                data->humidity = calc_humidity(adc_hum, dev);
   b55ea:	ea43 2002 	orr.w	r0, r3, r2, lsl #8
   b55ee:	f7ff fb25 	bl	b4c3c <calc_humidity>
   b55f2:	ed85 0a04 	vstr	s0, [r5, #16]
                if (dev->variant_id == BME68X_VARIANT_GAS_HIGH)
   b55f6:	68bb      	ldr	r3, [r7, #8]
   b55f8:	2b01      	cmp	r3, #1
   b55fa:	d126      	bne.n	b564a <bme68x_get_data+0x1b2>
        adc_gas_res_high = (uint16_t)((uint32_t)buff[15] * 4 | (((uint32_t)buff[16]) / 64));
   b55fc:	ea4f 1398 	mov.w	r3, r8, lsr #6
    int32_t var2 = (int32_t)gas_res_adc - INT32_C(512);
   b5600:	ea43 0b8b 	orr.w	fp, r3, fp, lsl #2
    uint32_t var1 = UINT32_C(262144) >> gas_range;
   b5604:	f008 080f 	and.w	r8, r8, #15
   b5608:	f44f 2380 	mov.w	r3, #262144	; 0x40000
   b560c:	fa23 f308 	lsr.w	r3, r3, r8
   b5610:	ee07 3a10 	vmov	s14, r3
    calc_gas_res = 1000000.0f * (float)var1 / (float)var2;
   b5614:	eddf 7ab4 	vldr	s15, [pc, #720]	; b58e8 <bme68x_get_data+0x450>
   b5618:	eeb8 7ac7 	vcvt.f32.s32	s14, s14
    var2 *= INT32_C(3);
   b561c:	eb0b 0b4b 	add.w	fp, fp, fp, lsl #1
    var2 = INT32_C(4096) + var2;
   b5620:	f50b 6b20 	add.w	fp, fp, #2560	; 0xa00
    calc_gas_res = 1000000.0f * (float)var1 / (float)var2;
   b5624:	ee27 7a27 	vmul.f32	s14, s14, s15
   b5628:	ee07 ba90 	vmov	s15, fp
   b562c:	eef8 7ae7 	vcvt.f32.s32	s15, s15
   b5630:	eec7 6a27 	vdiv.f32	s13, s14, s15
                    data->gas_resistance = calc_gas_resistance_high(adc_gas_res_high, gas_range_h);
   b5634:	edc5 6a05 	vstr	s13, [r5, #20]
                if (data->status & BME68X_NEW_DATA_MSK)
   b5638:	f995 3000 	ldrsb.w	r3, [r5]
                    new_fields = 0;
   b563c:	2b00      	cmp	r3, #0
   b563e:	bfb5      	itete	lt
   b5640:	2601      	movlt	r6, #1
   b5642:	2600      	movge	r6, #0
   b5644:	2400      	movlt	r4, #0
   b5646:	2402      	movge	r4, #2
   b5648:	e01e      	b.n	b5688 <bme68x_get_data+0x1f0>
                    data->gas_resistance = calc_gas_resistance_low(adc_gas_res_low, gas_range_l, dev);
   b564a:	9b09      	ldr	r3, [sp, #36]	; 0x24
   b564c:	f997 203e 	ldrsb.w	r2, [r7, #62]	; 0x3e
        adc_gas_res_low = (uint16_t)((uint32_t)buff[13] * 4 | (((uint32_t)buff[14]) / 64));
   b5650:	ea4f 109a 	mov.w	r0, sl, lsr #6
                    data->gas_resistance = calc_gas_resistance_low(adc_gas_res_low, gas_range_l, dev);
   b5654:	f00a 010f 	and.w	r1, sl, #15
   b5658:	ea40 0083 	orr.w	r0, r0, r3, lsl #2
   b565c:	f7ff fc3c 	bl	b4ed8 <calc_gas_resistance_low.isra.0>
   b5660:	ed85 0a05 	vstr	s0, [r5, #20]
            if (rslt == BME68X_OK)
   b5664:	e7e8      	b.n	b5638 <bme68x_get_data+0x1a0>
        if (rslt == BME68X_OK)
   b5666:	b924      	cbnz	r4, b5672 <bme68x_get_data+0x1da>
            dev->delay_us(BME68X_PERIOD_POLL, dev->intf_ptr);
   b5668:	6cbb      	ldr	r3, [r7, #72]	; 0x48
   b566a:	6879      	ldr	r1, [r7, #4]
   b566c:	f242 7010 	movw	r0, #10000	; 0x2710
   b5670:	4798      	blx	r3
    while ((tries) && (rslt == BME68X_OK))
   b5672:	3e01      	subs	r6, #1
   b5674:	f016 06ff 	ands.w	r6, r6, #255	; 0xff
   b5678:	d004      	beq.n	b5684 <bme68x_get_data+0x1ec>
   b567a:	2c00      	cmp	r4, #0
   b567c:	f43f af35 	beq.w	b54ea <bme68x_get_data+0x52>
    uint8_t i = 0, j = 0, new_fields = 0;
   b5680:	2600      	movs	r6, #0
   b5682:	e001      	b.n	b5688 <bme68x_get_data+0x1f0>
            if (rslt == BME68X_OK)
   b5684:	2c00      	cmp	r4, #0
   b5686:	d0d7      	beq.n	b5638 <bme68x_get_data+0x1a0>
        if (n_data == NULL)
   b5688:	9b01      	ldr	r3, [sp, #4]
   b568a:	2b00      	cmp	r3, #0
   b568c:	f43f af1b 	beq.w	b54c6 <bme68x_get_data+0x2e>
            *n_data = new_fields;
   b5690:	701e      	strb	r6, [r3, #0]
    return rslt;
   b5692:	e71a      	b.n	b54ca <bme68x_get_data+0x32>
        else if ((op_mode == BME68X_PARALLEL_MODE) || (op_mode == BME68X_SEQUENTIAL_MODE))
   b5694:	3c02      	subs	r4, #2
   b5696:	2c01      	cmp	r4, #1
   b5698:	f200 8123 	bhi.w	b58e2 <bme68x_get_data+0x44a>
    uint8_t buff[BME68X_LEN_FIELD * 3] = { 0 };
   b569c:	4601      	mov	r1, r0
   b569e:	9015      	str	r0, [sp, #84]	; 0x54
   b56a0:	222f      	movs	r2, #47	; 0x2f
   b56a2:	a816      	add	r0, sp, #88	; 0x58
   b56a4:	f006 f959 	bl	bb95a <memset>
    uint8_t set_val[30] = { 0 }; /* idac, res_heat, gas_wait */
   b56a8:	221a      	movs	r2, #26
   b56aa:	4631      	mov	r1, r6
   b56ac:	a80e      	add	r0, sp, #56	; 0x38
   b56ae:	960d      	str	r6, [sp, #52]	; 0x34
   b56b0:	f006 f953 	bl	bb95a <memset>
        rslt = bme68x_get_regs(BME68X_REG_FIELD0, buff, (uint32_t) BME68X_LEN_FIELD * 3, dev);
   b56b4:	463b      	mov	r3, r7
   b56b6:	2233      	movs	r2, #51	; 0x33
   b56b8:	a915      	add	r1, sp, #84	; 0x54
   b56ba:	201d      	movs	r0, #29
   b56bc:	f7ff fcbc 	bl	b5038 <bme68x_get_regs>
   b56c0:	4604      	mov	r4, r0
   b56c2:	4682      	mov	sl, r0
    if (rslt == BME68X_OK)
   b56c4:	2800      	cmp	r0, #0
   b56c6:	f040 809a 	bne.w	b57fe <bme68x_get_data+0x366>
        rslt = bme68x_get_regs(BME68X_REG_IDAC_HEAT0, set_val, 30, dev);
   b56ca:	463b      	mov	r3, r7
   b56cc:	221e      	movs	r2, #30
   b56ce:	a90d      	add	r1, sp, #52	; 0x34
   b56d0:	2050      	movs	r0, #80	; 0x50
   b56d2:	f7ff fcb1 	bl	b5038 <bme68x_get_regs>
    for (i = 0; ((i < 3) && (rslt == BME68X_OK)); i++)
   b56d6:	ae15      	add	r6, sp, #84	; 0x54
    calc_gas_res = 1000000.0f * (float)var1 / (float)var2;
   b56d8:	eddf 3a83 	vldr	s7, [pc, #524]	; b58e8 <bme68x_get_data+0x450>
    for (i = 0; ((i < 3) && (rslt == BME68X_OK)); i++)
   b56dc:	4604      	mov	r4, r0
   b56de:	2800      	cmp	r0, #0
   b56e0:	f040 808d 	bne.w	b57fe <bme68x_get_data+0x366>
        data[i]->status = buff[off] & BME68X_NEW_DATA_MSK;
   b56e4:	ab0a      	add	r3, sp, #40	; 0x28
            (uint32_t) (((uint32_t) buff[off + 2] * 4096) | ((uint32_t) buff[off + 3] * 16) |
   b56e6:	f896 9003 	ldrb.w	r9, [r6, #3]
        data[i]->status = buff[off] & BME68X_NEW_DATA_MSK;
   b56ea:	f853 802a 	ldr.w	r8, [r3, sl, lsl #2]
        data[i]->meas_index = buff[off + 1];
   b56ee:	7873      	ldrb	r3, [r6, #1]
   b56f0:	f888 3002 	strb.w	r3, [r8, #2]
            (uint32_t) (((uint32_t) buff[off + 2] * 4096) | ((uint32_t) buff[off + 3] * 16) |
   b56f4:	78b3      	ldrb	r3, [r6, #2]
            (uint32_t) (((uint32_t) buff[off + 5] * 4096) | ((uint32_t) buff[off + 6] * 16) |
   b56f6:	79b0      	ldrb	r0, [r6, #6]
        adc_hum = (uint16_t) (((uint32_t) buff[off + 8] * 256) | (uint32_t) buff[off + 9]);
   b56f8:	7a32      	ldrb	r2, [r6, #8]
        data[i]->status = buff[off] & BME68X_NEW_DATA_MSK;
   b56fa:	7831      	ldrb	r1, [r6, #0]
        adc_gas_res_low = (uint16_t) ((uint32_t) buff[off + 13] * 4 | (((uint32_t) buff[off + 14]) / 64));
   b56fc:	f896 b00e 	ldrb.w	fp, [r6, #14]
            (uint32_t) (((uint32_t) buff[off + 2] * 4096) | ((uint32_t) buff[off + 3] * 16) |
   b5700:	ea4f 1909 	mov.w	r9, r9, lsl #4
   b5704:	ea49 3903 	orr.w	r9, r9, r3, lsl #12
                        ((uint32_t) buff[off + 4] / 16));
   b5708:	7933      	ldrb	r3, [r6, #4]
        adc_pres =
   b570a:	ea49 1913 	orr.w	r9, r9, r3, lsr #4
            (uint32_t) (((uint32_t) buff[off + 5] * 4096) | ((uint32_t) buff[off + 6] * 16) |
   b570e:	7973      	ldrb	r3, [r6, #5]
   b5710:	0100      	lsls	r0, r0, #4
   b5712:	ea40 3003 	orr.w	r0, r0, r3, lsl #12
                        ((uint32_t) buff[off + 7] / 16));
   b5716:	79f3      	ldrb	r3, [r6, #7]
        adc_temp =
   b5718:	ea40 1313 	orr.w	r3, r0, r3, lsr #4
   b571c:	ee07 3a90 	vmov	s15, r3
        adc_hum = (uint16_t) (((uint32_t) buff[off + 8] * 256) | (uint32_t) buff[off + 9]);
   b5720:	7a73      	ldrb	r3, [r6, #9]
        if (dev->variant_id == BME68X_VARIANT_GAS_HIGH)
   b5722:	68b8      	ldr	r0, [r7, #8]
        adc_hum = (uint16_t) (((uint32_t) buff[off + 8] * 256) | (uint32_t) buff[off + 9]);
   b5724:	ea43 2302 	orr.w	r3, r3, r2, lsl #8
        adc_gas_res_low = (uint16_t) ((uint32_t) buff[off + 13] * 4 | (((uint32_t) buff[off + 14]) / 64));
   b5728:	7b72      	ldrb	r2, [r6, #13]
   b572a:	9202      	str	r2, [sp, #8]
        adc_gas_res_high = (uint16_t) ((uint32_t) buff[off + 15] * 4 | (((uint32_t) buff[off + 16]) / 64));
   b572c:	7bf2      	ldrb	r2, [r6, #15]
   b572e:	9203      	str	r2, [sp, #12]
   b5730:	7c32      	ldrb	r2, [r6, #16]
   b5732:	9304      	str	r3, [sp, #16]
        if (dev->variant_id == BME68X_VARIANT_GAS_HIGH)
   b5734:	2801      	cmp	r0, #1
        data[i]->gas_index = buff[off] & BME68X_GAS_INDEX_MSK;
   b5736:	f001 0c0f 	and.w	ip, r1, #15
        data[i]->status = buff[off] & BME68X_NEW_DATA_MSK;
   b573a:	f021 017f 	bic.w	r1, r1, #127	; 0x7f
            data[i]->status |= buff[off + 16] & BME68X_GASM_VALID_MSK;
   b573e:	bf0c      	ite	eq
   b5740:	f002 0e20 	andeq.w	lr, r2, #32
            data[i]->status |= buff[off + 14] & BME68X_GASM_VALID_MSK;
   b5744:	f00b 0e20 	andne.w	lr, fp, #32
            data[i]->status |= buff[off + 16] & BME68X_GASM_VALID_MSK;
   b5748:	b249      	sxtb	r1, r1
   b574a:	bf0b      	itete	eq
   b574c:	ea41 010e 	orreq.w	r1, r1, lr
            data[i]->status |= buff[off + 14] & BME68X_GASM_VALID_MSK;
   b5750:	ea41 010e 	orrne.w	r1, r1, lr
            data[i]->status |= buff[off + 16] & BME68X_HEAT_STAB_MSK;
   b5754:	f002 0e10 	andeq.w	lr, r2, #16
            data[i]->status |= buff[off + 14] & BME68X_HEAT_STAB_MSK;
   b5758:	f00b 0e10 	andne.w	lr, fp, #16
        data[i]->idac = set_val[data[i]->gas_index];
   b575c:	ab34      	add	r3, sp, #208	; 0xd0
            data[i]->status |= buff[off + 14] & BME68X_HEAT_STAB_MSK;
   b575e:	ea41 010e 	orr.w	r1, r1, lr
   b5762:	f888 1000 	strb.w	r1, [r8]
        data[i]->idac = set_val[data[i]->gas_index];
   b5766:	eb03 010c 	add.w	r1, r3, ip
        data[i]->gas_index = buff[off] & BME68X_GAS_INDEX_MSK;
   b576a:	f888 c001 	strb.w	ip, [r8, #1]
        data[i]->idac = set_val[data[i]->gas_index];
   b576e:	f811 1c9c 	ldrb.w	r1, [r1, #-156]
   b5772:	f888 1004 	strb.w	r1, [r8, #4]
        data[i]->res_heat = set_val[10 + data[i]->gas_index];
   b5776:	eb03 010c 	add.w	r1, r3, ip
        data[i]->gas_wait = set_val[20 + data[i]->gas_index];
   b577a:	449c      	add	ip, r3
        data[i]->res_heat = set_val[10 + data[i]->gas_index];
   b577c:	f811 1c92 	ldrb.w	r1, [r1, #-146]
   b5780:	f888 1003 	strb.w	r1, [r8, #3]
        data[i]->gas_wait = set_val[20 + data[i]->gas_index];
   b5784:	f81c 1c88 	ldrb.w	r1, [ip, #-136]
   b5788:	f888 1005 	strb.w	r1, [r8, #5]
        data[i]->temperature = calc_temperature(adc_temp, dev);
   b578c:	ee17 0a90 	vmov	r0, s15
   b5790:	4639      	mov	r1, r7
   b5792:	f7ff f949 	bl	b4a28 <calc_temperature>
        data[i]->pressure = calc_pressure(adc_pres, dev);
   b5796:	4648      	mov	r0, r9
        data[i]->temperature = calc_temperature(adc_temp, dev);
   b5798:	ed88 0a02 	vstr	s0, [r8, #8]
        data[i]->pressure = calc_pressure(adc_pres, dev);
   b579c:	f7ff f984 	bl	b4aa8 <calc_pressure>
        data[i]->humidity = calc_humidity(adc_hum, dev);
   b57a0:	9b04      	ldr	r3, [sp, #16]
        data[i]->pressure = calc_pressure(adc_pres, dev);
   b57a2:	ed88 0a03 	vstr	s0, [r8, #12]
        data[i]->humidity = calc_humidity(adc_hum, dev);
   b57a6:	4618      	mov	r0, r3
   b57a8:	f7ff fa48 	bl	b4c3c <calc_humidity>
        if (dev->variant_id == BME68X_VARIANT_GAS_HIGH)
   b57ac:	68bb      	ldr	r3, [r7, #8]
        data[i]->humidity = calc_humidity(adc_hum, dev);
   b57ae:	ed88 0a04 	vstr	s0, [r8, #16]
        if (dev->variant_id == BME68X_VARIANT_GAS_HIGH)
   b57b2:	2b01      	cmp	r3, #1
   b57b4:	d13a      	bne.n	b582c <bme68x_get_data+0x394>
    int32_t var2 = (int32_t)gas_res_adc - INT32_C(512);
   b57b6:	9903      	ldr	r1, [sp, #12]
        adc_gas_res_high = (uint16_t) ((uint32_t) buff[off + 15] * 4 | (((uint32_t) buff[off + 16]) / 64));
   b57b8:	0993      	lsrs	r3, r2, #6
    int32_t var2 = (int32_t)gas_res_adc - INT32_C(512);
   b57ba:	ea43 0381 	orr.w	r3, r3, r1, lsl #2
    uint32_t var1 = UINT32_C(262144) >> gas_range;
   b57be:	f002 020f 	and.w	r2, r2, #15
   b57c2:	f44f 2180 	mov.w	r1, #262144	; 0x40000
   b57c6:	fa21 f202 	lsr.w	r2, r1, r2
    calc_gas_res = 1000000.0f * (float)var1 / (float)var2;
   b57ca:	ee07 2a90 	vmov	s15, r2
    var2 *= INT32_C(3);
   b57ce:	eb03 0343 	add.w	r3, r3, r3, lsl #1
    var2 = INT32_C(4096) + var2;
   b57d2:	f503 6320 	add.w	r3, r3, #2560	; 0xa00
    calc_gas_res = 1000000.0f * (float)var1 / (float)var2;
   b57d6:	eef8 7ae7 	vcvt.f32.s32	s15, s15
   b57da:	ee07 3a10 	vmov	s14, r3
   b57de:	ee67 7aa3 	vmul.f32	s15, s15, s7
   b57e2:	eeb8 7ac7 	vcvt.f32.s32	s14, s14
   b57e6:	ee87 0a87 	vdiv.f32	s0, s15, s14
    for (i = 0; ((i < 3) && (rslt == BME68X_OK)); i++)
   b57ea:	f10a 0a01 	add.w	sl, sl, #1
   b57ee:	f1ba 0f03 	cmp.w	sl, #3
   b57f2:	f106 0611 	add.w	r6, r6, #17
   b57f6:	ed88 0a05 	vstr	s0, [r8, #20]
   b57fa:	f47f af73 	bne.w	b56e4 <bme68x_get_data+0x24c>
            for (i = 0; (i < 3) && (rslt == BME68X_OK); i++)
   b57fe:	f10d 0e28 	add.w	lr, sp, #40	; 0x28
   b5802:	4672      	mov	r2, lr
   b5804:	2303      	movs	r3, #3
            new_fields = 0;
   b5806:	2600      	movs	r6, #0
            for (i = 0; (i < 3) && (rslt == BME68X_OK); i++)
   b5808:	2c00      	cmp	r4, #0
   b580a:	d151      	bne.n	b58b0 <bme68x_get_data+0x418>
                if (field_ptr[i]->status & BME68X_NEW_DATA_MSK)
   b580c:	f852 1b04 	ldr.w	r1, [r2], #4
   b5810:	f991 1000 	ldrsb.w	r1, [r1]
   b5814:	2900      	cmp	r1, #0
                    new_fields++;
   b5816:	bfb8      	it	lt
   b5818:	3601      	addlt	r6, #1
            for (i = 0; (i < 3) && (rslt == BME68X_OK); i++)
   b581a:	f103 33ff 	add.w	r3, r3, #4294967295
                    new_fields++;
   b581e:	bfb8      	it	lt
   b5820:	b2f6      	uxtblt	r6, r6
            for (i = 0; (i < 3) && (rslt == BME68X_OK); i++)
   b5822:	f013 03ff 	ands.w	r3, r3, #255	; 0xff
   b5826:	d1f1      	bne.n	b580c <bme68x_get_data+0x374>
   b5828:	4670      	mov	r0, lr
   b582a:	e039      	b.n	b58a0 <bme68x_get_data+0x408>
            data[i]->gas_resistance = calc_gas_resistance_low(adc_gas_res_low, gas_range_l, dev);
   b582c:	9b02      	ldr	r3, [sp, #8]
   b582e:	f997 203e 	ldrsb.w	r2, [r7, #62]	; 0x3e
        adc_gas_res_low = (uint16_t) ((uint32_t) buff[off + 13] * 4 | (((uint32_t) buff[off + 14]) / 64));
   b5832:	ea4f 109b 	mov.w	r0, fp, lsr #6
            data[i]->gas_resistance = calc_gas_resistance_low(adc_gas_res_low, gas_range_l, dev);
   b5836:	f00b 010f 	and.w	r1, fp, #15
   b583a:	ea40 0083 	orr.w	r0, r0, r3, lsl #2
   b583e:	f7ff fb4b 	bl	b4ed8 <calc_gas_resistance_low.isra.0>
   b5842:	e7d2      	b.n	b57ea <bme68x_get_data+0x352>
   b5844:	f04f 0902 	mov.w	r9, #2
    meas_index1 = (int16_t)field[low_index]->meas_index;
   b5848:	f8dc 7000 	ldr.w	r7, [ip]
    meas_index2 = (int16_t)field[high_index]->meas_index;
   b584c:	f851 3b04 	ldr.w	r3, [r1], #4
    if ((field[low_index]->status & BME68X_NEW_DATA_MSK) && (field[high_index]->status & BME68X_NEW_DATA_MSK))
   b5850:	f997 a000 	ldrsb.w	sl, [r7]
   b5854:	f993 2000 	ldrsb.w	r2, [r3]
   b5858:	f1ba 0f00 	cmp.w	sl, #0
   b585c:	da16      	bge.n	b588c <bme68x_get_data+0x3f4>
   b585e:	2a00      	cmp	r2, #0
   b5860:	da16      	bge.n	b5890 <bme68x_get_data+0x3f8>
        int16_t diff = meas_index2 - meas_index1;
   b5862:	f897 a002 	ldrb.w	sl, [r7, #2]
   b5866:	789a      	ldrb	r2, [r3, #2]
   b5868:	eba2 020a 	sub.w	r2, r2, sl
   b586c:	b292      	uxth	r2, r2
        if (((diff > -3) && (diff < 0)) || (diff > 2))
   b586e:	f102 0a02 	add.w	sl, r2, #2
   b5872:	fa1f fa8a 	uxth.w	sl, sl
   b5876:	f1ba 0f01 	cmp.w	sl, #1
   b587a:	d902      	bls.n	b5882 <bme68x_get_data+0x3ea>
   b587c:	b212      	sxth	r2, r2
   b587e:	2a02      	cmp	r2, #2
   b5880:	dd06      	ble.n	b5890 <bme68x_get_data+0x3f8>
    field[index1] = field[index2];
   b5882:	f8cc 3000 	str.w	r3, [ip]
    field[index2] = temp;
   b5886:	f841 7c04 	str.w	r7, [r1, #-4]
}
   b588a:	e001      	b.n	b5890 <bme68x_get_data+0x3f8>
    else if (field[high_index]->status & BME68X_NEW_DATA_MSK)
   b588c:	2a00      	cmp	r2, #0
   b588e:	dbf8      	blt.n	b5882 <bme68x_get_data+0x3ea>
                for (j = i + 1; j < 3; j++)
   b5890:	f1b9 0f02 	cmp.w	r9, #2
   b5894:	d1d6      	bne.n	b5844 <bme68x_get_data+0x3ac>
            for (i = 0; (i < 2) && (rslt == BME68X_OK); i++)
   b5896:	f1b8 0f02 	cmp.w	r8, #2
   b589a:	f04f 0301 	mov.w	r3, #1
   b589e:	d007      	beq.n	b58b0 <bme68x_get_data+0x418>
                for (j = i + 1; j < 3; j++)
   b58a0:	3301      	adds	r3, #1
   b58a2:	fa5f f883 	uxtb.w	r8, r3
   b58a6:	4684      	mov	ip, r0
   b58a8:	3004      	adds	r0, #4
   b58aa:	4601      	mov	r1, r0
   b58ac:	46c1      	mov	r9, r8
   b58ae:	e7cb      	b.n	b5848 <bme68x_get_data+0x3b0>
   b58b0:	f04f 0800 	mov.w	r8, #0
                data[i] = *field_ptr[i];
   b58b4:	f04f 0918 	mov.w	r9, #24
            for (i = 0; ((i < 3) && (rslt == BME68X_OK)); i++)
   b58b8:	b97c      	cbnz	r4, b58da <bme68x_get_data+0x442>
                data[i] = *field_ptr[i];
   b58ba:	f85e cb04 	ldr.w	ip, [lr], #4
   b58be:	e8bc 000f 	ldmia.w	ip!, {r0, r1, r2, r3}
   b58c2:	fb09 5708 	mla	r7, r9, r8, r5
   b58c6:	c70f      	stmia	r7!, {r0, r1, r2, r3}
   b58c8:	e89c 0003 	ldmia.w	ip, {r0, r1}
            for (i = 0; ((i < 3) && (rslt == BME68X_OK)); i++)
   b58cc:	f108 0801 	add.w	r8, r8, #1
   b58d0:	f1b8 0f03 	cmp.w	r8, #3
                data[i] = *field_ptr[i];
   b58d4:	e887 0003 	stmia.w	r7, {r0, r1}
            for (i = 0; ((i < 3) && (rslt == BME68X_OK)); i++)
   b58d8:	d1ef      	bne.n	b58ba <bme68x_get_data+0x422>
                rslt = BME68X_W_NO_NEW_DATA;
   b58da:	2e00      	cmp	r6, #0
   b58dc:	bf08      	it	eq
   b58de:	2402      	moveq	r4, #2
   b58e0:	e6d2      	b.n	b5688 <bme68x_get_data+0x1f0>
            rslt = BME68X_W_DEFINE_OP_MODE;
   b58e2:	2401      	movs	r4, #1
   b58e4:	e6d0      	b.n	b5688 <bme68x_get_data+0x1f0>
   b58e6:	bf00      	nop
   b58e8:	49742400 	.word	0x49742400

000b58ec <bme68x_set_heatr_conf>:
{
   b58ec:	e92d 4ff0 	stmdb	sp!, {r4, r5, r6, r7, r8, r9, sl, fp, lr}
   b58f0:	b093      	sub	sp, #76	; 0x4c
    uint8_t ctrl_gas_addr[2] = { BME68X_REG_CTRL_GAS_0, BME68X_REG_CTRL_GAS_1 };
   b58f2:	f247 1370 	movw	r3, #29040	; 0x7170
{
   b58f6:	4606      	mov	r6, r0
   b58f8:	4617      	mov	r7, r2
    uint8_t ctrl_gas_addr[2] = { BME68X_REG_CTRL_GAS_0, BME68X_REG_CTRL_GAS_1 };
   b58fa:	f8ad 3014 	strh.w	r3, [sp, #20]
    if (conf != NULL)
   b58fe:	460d      	mov	r5, r1
   b5900:	2900      	cmp	r1, #0
   b5902:	f000 8093 	beq.w	b5a2c <bme68x_set_heatr_conf+0x140>
        rslt = bme68x_set_op_mode(BME68X_SLEEP_MODE, dev);
   b5906:	4611      	mov	r1, r2
   b5908:	2000      	movs	r0, #0
   b590a:	f7ff fc96 	bl	b523a <bme68x_set_op_mode>
        if (rslt == BME68X_OK)
   b590e:	4604      	mov	r4, r0
   b5910:	2800      	cmp	r0, #0
   b5912:	f040 80f5 	bne.w	b5b00 <bme68x_set_heatr_conf+0x214>
    uint8_t rh_reg_addr[10] = { 0, 0, 0, 0, 0, 0, 0, 0, 0, 0 };
   b5916:	4a8d      	ldr	r2, [pc, #564]	; (b5b4c <bme68x_set_heatr_conf+0x260>)
    uint8_t heater_dur_shared_addr = BME68X_REG_SHD_HEATR_DUR;
   b5918:	236e      	movs	r3, #110	; 0x6e
    uint8_t rh_reg_addr[10] = { 0, 0, 0, 0, 0, 0, 0, 0, 0, 0 };
   b591a:	f8d2 0086 	ldr.w	r0, [r2, #134]	; 0x86
   b591e:	f8d2 108a 	ldr.w	r1, [r2, #138]	; 0x8a
    uint8_t heater_dur_shared_addr = BME68X_REG_SHD_HEATR_DUR;
   b5922:	f88d 3013 	strb.w	r3, [sp, #19]
    uint8_t rh_reg_addr[10] = { 0, 0, 0, 0, 0, 0, 0, 0, 0, 0 };
   b5926:	ab06      	add	r3, sp, #24
   b5928:	c303      	stmia	r3!, {r0, r1}
   b592a:	f8b2 208e 	ldrh.w	r2, [r2, #142]	; 0x8e
   b592e:	801a      	strh	r2, [r3, #0]
    uint8_t rh_reg_data[10] = { 0, 0, 0, 0, 0, 0, 0, 0, 0, 0 };
   b5930:	ab09      	add	r3, sp, #36	; 0x24
   b5932:	c303      	stmia	r3!, {r0, r1}
   b5934:	801a      	strh	r2, [r3, #0]
    uint8_t gw_reg_addr[10] = { 0, 0, 0, 0, 0, 0, 0, 0, 0, 0 };
   b5936:	ab0c      	add	r3, sp, #48	; 0x30
   b5938:	c303      	stmia	r3!, {r0, r1}
   b593a:	801a      	strh	r2, [r3, #0]
    uint8_t gw_reg_data[10] = { 0, 0, 0, 0, 0, 0, 0, 0, 0, 0 };
   b593c:	ab0f      	add	r3, sp, #60	; 0x3c
   b593e:	c303      	stmia	r3!, {r0, r1}
    switch (op_mode)
   b5940:	2e02      	cmp	r6, #2
    uint8_t gw_reg_data[10] = { 0, 0, 0, 0, 0, 0, 0, 0, 0, 0 };
   b5942:	801a      	strh	r2, [r3, #0]
    switch (op_mode)
   b5944:	f10d 0818 	add.w	r8, sp, #24
   b5948:	f10d 0924 	add.w	r9, sp, #36	; 0x24
   b594c:	f10d 0a3c 	add.w	sl, sp, #60	; 0x3c
   b5950:	f000 809e 	beq.w	b5a90 <bme68x_set_heatr_conf+0x1a4>
   b5954:	2e03      	cmp	r6, #3
   b5956:	d064      	beq.n	b5a22 <bme68x_set_heatr_conf+0x136>
   b5958:	2e01      	cmp	r6, #1
   b595a:	f040 80f5 	bne.w	b5b48 <bme68x_set_heatr_conf+0x25c>
            rh_reg_addr[0] = BME68X_REG_RES_HEAT0;
   b595e:	235a      	movs	r3, #90	; 0x5a
            rh_reg_data[0] = calc_res_heat(conf->heatr_temp, dev);
   b5960:	8868      	ldrh	r0, [r5, #2]
            rh_reg_addr[0] = BME68X_REG_RES_HEAT0;
   b5962:	f88d 3018 	strb.w	r3, [sp, #24]
            rh_reg_data[0] = calc_res_heat(conf->heatr_temp, dev);
   b5966:	4639      	mov	r1, r7
   b5968:	f7ff f9d6 	bl	b4d18 <calc_res_heat>
            gw_reg_addr[0] = BME68X_REG_GAS_WAIT0;
   b596c:	2364      	movs	r3, #100	; 0x64
   b596e:	f88d 3030 	strb.w	r3, [sp, #48]	; 0x30
            gw_reg_data[0] = calc_gas_wait(conf->heatr_dur);
   b5972:	88ab      	ldrh	r3, [r5, #4]
            rh_reg_data[0] = calc_res_heat(conf->heatr_temp, dev);
   b5974:	f88d 0024 	strb.w	r0, [sp, #36]	; 0x24
    if (dur >= 0xfc0)
   b5978:	f5b3 6f7c 	cmp.w	r3, #4032	; 0xfc0
   b597c:	d24f      	bcs.n	b5a1e <bme68x_set_heatr_conf+0x132>
        while (dur > 0x3F)
   b597e:	2b3f      	cmp	r3, #63	; 0x3f
   b5980:	b2e2      	uxtb	r2, r4
   b5982:	f104 0401 	add.w	r4, r4, #1
   b5986:	d848      	bhi.n	b5a1a <bme68x_set_heatr_conf+0x12e>
        durval = (uint8_t)(dur + (factor * 64));
   b5988:	eb03 1382 	add.w	r3, r3, r2, lsl #6
   b598c:	b2db      	uxtb	r3, r3
            gw_reg_data[0] = calc_gas_wait(conf->heatr_dur);
   b598e:	f88d 303c 	strb.w	r3, [sp, #60]	; 0x3c
            (*nb_conv) = 0;
   b5992:	f04f 0a00 	mov.w	sl, #0
        rslt = bme68x_set_regs(rh_reg_addr, rh_reg_data, write_len, dev);
   b5996:	463b      	mov	r3, r7
   b5998:	4632      	mov	r2, r6
   b599a:	4649      	mov	r1, r9
   b599c:	4640      	mov	r0, r8
   b599e:	f7ff fb01 	bl	b4fa4 <bme68x_set_regs>
    if (rslt == BME68X_OK)
   b59a2:	4604      	mov	r4, r0
   b59a4:	2800      	cmp	r0, #0
   b59a6:	f040 80ab 	bne.w	b5b00 <bme68x_set_heatr_conf+0x214>
        rslt = bme68x_set_regs(gw_reg_addr, gw_reg_data, write_len, dev);
   b59aa:	463b      	mov	r3, r7
   b59ac:	4632      	mov	r2, r6
   b59ae:	a90f      	add	r1, sp, #60	; 0x3c
   b59b0:	a80c      	add	r0, sp, #48	; 0x30
   b59b2:	f7ff faf7 	bl	b4fa4 <bme68x_set_regs>
        if (rslt == BME68X_OK)
   b59b6:	4604      	mov	r4, r0
   b59b8:	2800      	cmp	r0, #0
   b59ba:	f040 80a1 	bne.w	b5b00 <bme68x_set_heatr_conf+0x214>
            rslt = bme68x_get_regs(BME68X_REG_CTRL_GAS_0, ctrl_gas_data, 2, dev);
   b59be:	463b      	mov	r3, r7
   b59c0:	2202      	movs	r2, #2
   b59c2:	a90f      	add	r1, sp, #60	; 0x3c
   b59c4:	2070      	movs	r0, #112	; 0x70
   b59c6:	f7ff fb37 	bl	b5038 <bme68x_get_regs>
            if (rslt == BME68X_OK)
   b59ca:	4604      	mov	r4, r0
   b59cc:	2800      	cmp	r0, #0
   b59ce:	f040 8097 	bne.w	b5b00 <bme68x_set_heatr_conf+0x214>
                if (conf->enable == BME68X_ENABLE)
   b59d2:	782a      	ldrb	r2, [r5, #0]
   b59d4:	2a01      	cmp	r2, #1
   b59d6:	f040 80b4 	bne.w	b5b42 <bme68x_set_heatr_conf+0x256>
                    if (dev->variant_id == BME68X_VARIANT_GAS_HIGH)
   b59da:	68bb      	ldr	r3, [r7, #8]
                    hctrl = BME68X_ENABLE_HEATER;
   b59dc:	2b01      	cmp	r3, #1
   b59de:	bf08      	it	eq
   b59e0:	2202      	moveq	r2, #2
                ctrl_gas_data[0] = BME68X_SET_BITS(ctrl_gas_data[0], BME68X_HCTRL, hctrl);
   b59e2:	f89d 303c 	ldrb.w	r3, [sp, #60]	; 0x3c
   b59e6:	f023 0308 	bic.w	r3, r3, #8
   b59ea:	ea43 04c4 	orr.w	r4, r3, r4, lsl #3
                ctrl_gas_data[1] = BME68X_SET_BITS_POS_0(ctrl_gas_data[1], BME68X_NBCONV, nb_conv);
   b59ee:	f89d 303d 	ldrb.w	r3, [sp, #61]	; 0x3d
                ctrl_gas_data[0] = BME68X_SET_BITS(ctrl_gas_data[0], BME68X_HCTRL, hctrl);
   b59f2:	f88d 403c 	strb.w	r4, [sp, #60]	; 0x3c
                ctrl_gas_data[1] = BME68X_SET_BITS_POS_0(ctrl_gas_data[1], BME68X_NBCONV, nb_conv);
   b59f6:	f023 030f 	bic.w	r3, r3, #15
   b59fa:	ea43 030a 	orr.w	r3, r3, sl
                ctrl_gas_data[1] = BME68X_SET_BITS(ctrl_gas_data[1], BME68X_RUN_GAS, run_gas);
   b59fe:	f023 0330 	bic.w	r3, r3, #48	; 0x30
   b5a02:	ea43 1302 	orr.w	r3, r3, r2, lsl #4
   b5a06:	f88d 303d 	strb.w	r3, [sp, #61]	; 0x3d
                rslt = bme68x_set_regs(ctrl_gas_addr, ctrl_gas_data, 2, dev);
   b5a0a:	2202      	movs	r2, #2
   b5a0c:	463b      	mov	r3, r7
   b5a0e:	a90f      	add	r1, sp, #60	; 0x3c
   b5a10:	a805      	add	r0, sp, #20
   b5a12:	f7ff fac7 	bl	b4fa4 <bme68x_set_regs>
   b5a16:	4604      	mov	r4, r0
   b5a18:	e072      	b.n	b5b00 <bme68x_set_heatr_conf+0x214>
            dur = dur / 4;
   b5a1a:	089b      	lsrs	r3, r3, #2
            factor += 1;
   b5a1c:	e7af      	b.n	b597e <bme68x_set_heatr_conf+0x92>
        durval = 0xff; /* Max duration*/
   b5a1e:	23ff      	movs	r3, #255	; 0xff
   b5a20:	e7b5      	b.n	b598e <bme68x_set_heatr_conf+0xa2>
            if ((!conf->heatr_dur_prof) || (!conf->heatr_temp_prof))
   b5a22:	f8d5 b00c 	ldr.w	fp, [r5, #12]
   b5a26:	f1bb 0f00 	cmp.w	fp, #0
   b5a2a:	d102      	bne.n	b5a32 <bme68x_set_heatr_conf+0x146>
        rslt = BME68X_E_NULL_PTR;
   b5a2c:	f04f 34ff 	mov.w	r4, #4294967295
   b5a30:	e066      	b.n	b5b00 <bme68x_set_heatr_conf+0x214>
            if ((!conf->heatr_dur_prof) || (!conf->heatr_temp_prof))
   b5a32:	68ab      	ldr	r3, [r5, #8]
   b5a34:	2b00      	cmp	r3, #0
   b5a36:	d0f9      	beq.n	b5a2c <bme68x_set_heatr_conf+0x140>
            for (i = 0; i < conf->profile_len; i++)
   b5a38:	7c2e      	ldrb	r6, [r5, #16]
   b5a3a:	b2e2      	uxtb	r2, r4
   b5a3c:	4296      	cmp	r6, r2
   b5a3e:	d801      	bhi.n	b5a44 <bme68x_set_heatr_conf+0x158>
   b5a40:	46b2      	mov	sl, r6
   b5a42:	e7a8      	b.n	b5996 <bme68x_set_heatr_conf+0xaa>
                rh_reg_addr[i] = BME68X_REG_RES_HEAT0 + i;
   b5a44:	f102 015a 	add.w	r1, r2, #90	; 0x5a
   b5a48:	f808 1004 	strb.w	r1, [r8, r4]
                rh_reg_data[i] = calc_res_heat(conf->heatr_temp_prof[i], dev);
   b5a4c:	4639      	mov	r1, r7
   b5a4e:	f833 0014 	ldrh.w	r0, [r3, r4, lsl #1]
   b5a52:	9301      	str	r3, [sp, #4]
   b5a54:	f7ff f960 	bl	b4d18 <calc_res_heat>
                gw_reg_addr[i] = BME68X_REG_GAS_WAIT0 + i;
   b5a58:	ab0c      	add	r3, sp, #48	; 0x30
   b5a5a:	3264      	adds	r2, #100	; 0x64
   b5a5c:	551a      	strb	r2, [r3, r4]
                rh_reg_data[i] = calc_res_heat(conf->heatr_temp_prof[i], dev);
   b5a5e:	f809 0004 	strb.w	r0, [r9, r4]
                gw_reg_data[i] = calc_gas_wait(conf->heatr_dur_prof[i]);
   b5a62:	f83b 2014 	ldrh.w	r2, [fp, r4, lsl #1]
    if (dur >= 0xfc0)
   b5a66:	9b01      	ldr	r3, [sp, #4]
   b5a68:	f5b2 6f7c 	cmp.w	r2, #4032	; 0xfc0
   b5a6c:	d20e      	bcs.n	b5a8c <bme68x_set_heatr_conf+0x1a0>
   b5a6e:	2100      	movs	r1, #0
        while (dur > 0x3F)
   b5a70:	2a3f      	cmp	r2, #63	; 0x3f
   b5a72:	b2c8      	uxtb	r0, r1
   b5a74:	f101 0101 	add.w	r1, r1, #1
   b5a78:	d806      	bhi.n	b5a88 <bme68x_set_heatr_conf+0x19c>
        durval = (uint8_t)(dur + (factor * 64));
   b5a7a:	eb02 1280 	add.w	r2, r2, r0, lsl #6
   b5a7e:	b2d2      	uxtb	r2, r2
                gw_reg_data[i] = calc_gas_wait(conf->heatr_dur_prof[i]);
   b5a80:	f80a 2004 	strb.w	r2, [sl, r4]
            for (i = 0; i < conf->profile_len; i++)
   b5a84:	3401      	adds	r4, #1
   b5a86:	e7d8      	b.n	b5a3a <bme68x_set_heatr_conf+0x14e>
            dur = dur / 4;
   b5a88:	0892      	lsrs	r2, r2, #2
            factor += 1;
   b5a8a:	e7f1      	b.n	b5a70 <bme68x_set_heatr_conf+0x184>
        durval = 0xff; /* Max duration*/
   b5a8c:	22ff      	movs	r2, #255	; 0xff
   b5a8e:	e7f7      	b.n	b5a80 <bme68x_set_heatr_conf+0x194>
            if ((!conf->heatr_dur_prof) || (!conf->heatr_temp_prof))
   b5a90:	f8d5 b00c 	ldr.w	fp, [r5, #12]
   b5a94:	f1bb 0f00 	cmp.w	fp, #0
   b5a98:	d0c8      	beq.n	b5a2c <bme68x_set_heatr_conf+0x140>
   b5a9a:	68ab      	ldr	r3, [r5, #8]
   b5a9c:	9301      	str	r3, [sp, #4]
   b5a9e:	2b00      	cmp	r3, #0
   b5aa0:	d0c4      	beq.n	b5a2c <bme68x_set_heatr_conf+0x140>
            if (conf->shared_heatr_dur == 0)
   b5aa2:	8a6b      	ldrh	r3, [r5, #18]
            for (i = 0; i < conf->profile_len; i++)
   b5aa4:	7c2e      	ldrb	r6, [r5, #16]
                gw_reg_data[i] = (uint8_t) conf->heatr_dur_prof[i];
   b5aa6:	f8cd a008 	str.w	sl, [sp, #8]
                rslt = BME68X_W_DEFINE_SHD_HEATR_DUR;
   b5aaa:	2b00      	cmp	r3, #0
   b5aac:	bf08      	it	eq
   b5aae:	2403      	moveq	r4, #3
            for (i = 0; i < conf->profile_len; i++)
   b5ab0:	2200      	movs	r2, #0
   b5ab2:	fa5f fa82 	uxtb.w	sl, r2
   b5ab6:	4556      	cmp	r6, sl
   b5ab8:	d826      	bhi.n	b5b08 <bme68x_set_heatr_conf+0x21c>
    if (dur >= 0x783)
   b5aba:	f240 7282 	movw	r2, #1922	; 0x782
   b5abe:	4293      	cmp	r3, r2
   b5ac0:	d83d      	bhi.n	b5b3e <bme68x_set_heatr_conf+0x252>
        dur = (uint16_t)(((uint32_t)dur * 1000) / 477);
   b5ac2:	f44f 727a 	mov.w	r2, #1000	; 0x3e8
   b5ac6:	4353      	muls	r3, r2
   b5ac8:	f240 12dd 	movw	r2, #477	; 0x1dd
   b5acc:	fbb3 f3f2 	udiv	r3, r3, r2
        while (dur > 0x3F)
   b5ad0:	2200      	movs	r2, #0
        dur = (uint16_t)(((uint32_t)dur * 1000) / 477);
   b5ad2:	b29b      	uxth	r3, r3
        while (dur > 0x3F)
   b5ad4:	2b3f      	cmp	r3, #63	; 0x3f
   b5ad6:	b2d1      	uxtb	r1, r2
   b5ad8:	f102 0201 	add.w	r2, r2, #1
   b5adc:	d82d      	bhi.n	b5b3a <bme68x_set_heatr_conf+0x24e>
        heatdurval = (uint8_t)(dur + (factor * 64));
   b5ade:	eb03 1381 	add.w	r3, r3, r1, lsl #6
   b5ae2:	b2db      	uxtb	r3, r3
            shared_dur = calc_heatr_dur_shared(conf->shared_heatr_dur);
   b5ae4:	f88d 3012 	strb.w	r3, [sp, #18]
            if (rslt == BME68X_OK)
   b5ae8:	b954      	cbnz	r4, b5b00 <bme68x_set_heatr_conf+0x214>
                rslt = bme68x_set_regs(&heater_dur_shared_addr, &shared_dur, 1, dev);
   b5aea:	463b      	mov	r3, r7
   b5aec:	2201      	movs	r2, #1
   b5aee:	f10d 0112 	add.w	r1, sp, #18
   b5af2:	f10d 0013 	add.w	r0, sp, #19
   b5af6:	f7ff fa55 	bl	b4fa4 <bme68x_set_regs>
    if (rslt == BME68X_OK)
   b5afa:	4604      	mov	r4, r0
   b5afc:	2800      	cmp	r0, #0
   b5afe:	d09f      	beq.n	b5a40 <bme68x_set_heatr_conf+0x154>
}
   b5b00:	4620      	mov	r0, r4
   b5b02:	b013      	add	sp, #76	; 0x4c
   b5b04:	e8bd 8ff0 	ldmia.w	sp!, {r4, r5, r6, r7, r8, r9, sl, fp, pc}
                rh_reg_addr[i] = BME68X_REG_RES_HEAT0 + i;
   b5b08:	f10a 015a 	add.w	r1, sl, #90	; 0x5a
   b5b0c:	f808 1002 	strb.w	r1, [r8, r2]
   b5b10:	9303      	str	r3, [sp, #12]
                rh_reg_data[i] = calc_res_heat(conf->heatr_temp_prof[i], dev);
   b5b12:	9b01      	ldr	r3, [sp, #4]
   b5b14:	4639      	mov	r1, r7
   b5b16:	f833 0012 	ldrh.w	r0, [r3, r2, lsl #1]
   b5b1a:	f7ff f8fd 	bl	b4d18 <calc_res_heat>
                gw_reg_addr[i] = BME68X_REG_GAS_WAIT0 + i;
   b5b1e:	ab0c      	add	r3, sp, #48	; 0x30
   b5b20:	f10a 0a64 	add.w	sl, sl, #100	; 0x64
   b5b24:	f803 a002 	strb.w	sl, [r3, r2]
                rh_reg_data[i] = calc_res_heat(conf->heatr_temp_prof[i], dev);
   b5b28:	f809 0002 	strb.w	r0, [r9, r2]
                gw_reg_data[i] = (uint8_t) conf->heatr_dur_prof[i];
   b5b2c:	9b02      	ldr	r3, [sp, #8]
   b5b2e:	f83b 1012 	ldrh.w	r1, [fp, r2, lsl #1]
   b5b32:	54d1      	strb	r1, [r2, r3]
            for (i = 0; i < conf->profile_len; i++)
   b5b34:	9b03      	ldr	r3, [sp, #12]
   b5b36:	3201      	adds	r2, #1
   b5b38:	e7bb      	b.n	b5ab2 <bme68x_set_heatr_conf+0x1c6>
            dur = dur >> 2;
   b5b3a:	089b      	lsrs	r3, r3, #2
            factor += 1;
   b5b3c:	e7ca      	b.n	b5ad4 <bme68x_set_heatr_conf+0x1e8>
        heatdurval = 0xff; /* Max duration */
   b5b3e:	23ff      	movs	r3, #255	; 0xff
   b5b40:	e7d0      	b.n	b5ae4 <bme68x_set_heatr_conf+0x1f8>
                    run_gas = BME68X_DISABLE_GAS_MEAS;
   b5b42:	4602      	mov	r2, r0
                    hctrl = BME68X_DISABLE_HEATER;
   b5b44:	2401      	movs	r4, #1
   b5b46:	e74c      	b.n	b59e2 <bme68x_set_heatr_conf+0xf6>
    switch (op_mode)
   b5b48:	2401      	movs	r4, #1
    return rslt;
   b5b4a:	e7d9      	b.n	b5b00 <bme68x_set_heatr_conf+0x214>
   b5b4c:	000bbaf8 	.word	0x000bbaf8

000b5b50 <_ZN16Adafruit_ADS1115C1Ev>:
/*!
    @brief  Instantiates a new ADS1115 class w/appropriate properties
*/
/**************************************************************************/
Adafruit_ADS1115::Adafruit_ADS1115() {
  m_bitShift = 0;
   b5b50:	2200      	movs	r2, #0
   b5b52:	7102      	strb	r2, [r0, #4]
  m_gain = GAIN_TWOTHIRDS; /* +/- 6.144V range (limited to VDD +0.3V max!) */
   b5b54:	80c2      	strh	r2, [r0, #6]
  m_dataRate = RATE_ADS1115_128SPS;
   b5b56:	2280      	movs	r2, #128	; 0x80
   b5b58:	8102      	strh	r2, [r0, #8]
}
   b5b5a:	4770      	bx	lr

000b5b5c <_ZN16Adafruit_ADS1X155beginEhP7TwoWire>:
    @param wire I2C bus

    @return true if successful, otherwise false
*/
/**************************************************************************/
bool Adafruit_ADS1X15::begin(uint8_t i2c_addr, TwoWire *wire) {
   b5b5c:	b537      	push	{r0, r1, r2, r4, r5, lr}
   b5b5e:	4605      	mov	r5, r0
  m_i2c_dev = new Adafruit_I2CDevice(i2c_addr, wire);
   b5b60:	2010      	movs	r0, #16
bool Adafruit_ADS1X15::begin(uint8_t i2c_addr, TwoWire *wire) {
   b5b62:	e9cd 2100 	strd	r2, r1, [sp]
  m_i2c_dev = new Adafruit_I2CDevice(i2c_addr, wire);
   b5b66:	f7fe ff50 	bl	b4a0a <_Znwj>
   b5b6a:	4604      	mov	r4, r0
   b5b6c:	b118      	cbz	r0, b5b76 <_ZN16Adafruit_ADS1X155beginEhP7TwoWire+0x1a>
   b5b6e:	e9dd 2100 	ldrd	r2, r1, [sp]
   b5b72:	f001 fce3 	bl	b753c <_ZN18Adafruit_I2CDeviceC1EhP7TwoWire>
  return m_i2c_dev->begin();
   b5b76:	2101      	movs	r1, #1
   b5b78:	4620      	mov	r0, r4
  m_i2c_dev = new Adafruit_I2CDevice(i2c_addr, wire);
   b5b7a:	602c      	str	r4, [r5, #0]
}
   b5b7c:	b003      	add	sp, #12
   b5b7e:	e8bd 4030 	ldmia.w	sp!, {r4, r5, lr}
  return m_i2c_dev->begin();
   b5b82:	f001 bcf7 	b.w	b7574 <_ZN18Adafruit_I2CDevice5beginEb>

000b5b86 <_ZN16Adafruit_ADS1X1513writeRegisterEht>:

    @param reg register address to write to
    @param value value to write to register
*/
/**************************************************************************/
void Adafruit_ADS1X15::writeRegister(uint8_t reg, uint16_t value) {
   b5b86:	b507      	push	{r0, r1, r2, lr}
  buffer[0] = reg;
  buffer[1] = value >> 8;
   b5b88:	0a13      	lsrs	r3, r2, #8
   b5b8a:	72c3      	strb	r3, [r0, #11]
  buffer[2] = value & 0xFF;
  m_i2c_dev->write(buffer, 3);
   b5b8c:	2300      	movs	r3, #0
  buffer[0] = reg;
   b5b8e:	7281      	strb	r1, [r0, #10]
  buffer[2] = value & 0xFF;
   b5b90:	7302      	strb	r2, [r0, #12]
  m_i2c_dev->write(buffer, 3);
   b5b92:	e9cd 3300 	strd	r3, r3, [sp]
   b5b96:	f100 010a 	add.w	r1, r0, #10
   b5b9a:	2301      	movs	r3, #1
   b5b9c:	2203      	movs	r2, #3
   b5b9e:	6800      	ldr	r0, [r0, #0]
   b5ba0:	f001 fcf7 	bl	b7592 <_ZN18Adafruit_I2CDevice5writeEPKhjbS1_j>
}
   b5ba4:	b003      	add	sp, #12
   b5ba6:	f85d fb04 	ldr.w	pc, [sp], #4

000b5baa <_ZN16Adafruit_ADS1X1515startADCReadingEtb>:
void Adafruit_ADS1X15::startADCReading(uint16_t mux, bool continuous) {
   b5baa:	b510      	push	{r4, lr}
    config |= ADS1X15_REG_CONFIG_MODE_SINGLE;
   b5bac:	2a00      	cmp	r2, #0
   b5bae:	bf14      	ite	ne
   b5bb0:	2200      	movne	r2, #0
   b5bb2:	f44f 7280 	moveq.w	r2, #256	; 0x100
  config |= m_dataRate;
   b5bb6:	430a      	orrs	r2, r1
   b5bb8:	88c1      	ldrh	r1, [r0, #6]
   b5bba:	430a      	orrs	r2, r1
  config |= mux;
   b5bbc:	8901      	ldrh	r1, [r0, #8]
   b5bbe:	430a      	orrs	r2, r1
void Adafruit_ADS1X15::startADCReading(uint16_t mux, bool continuous) {
   b5bc0:	4604      	mov	r4, r0
  writeRegister(ADS1X15_REG_POINTER_CONFIG, config);
   b5bc2:	f442 4200 	orr.w	r2, r2, #32768	; 0x8000
   b5bc6:	2101      	movs	r1, #1
   b5bc8:	f7ff ffdd 	bl	b5b86 <_ZN16Adafruit_ADS1X1513writeRegisterEht>
  writeRegister(ADS1X15_REG_POINTER_HITHRESH, 0x8000);
   b5bcc:	4620      	mov	r0, r4
   b5bce:	f44f 4200 	mov.w	r2, #32768	; 0x8000
   b5bd2:	2103      	movs	r1, #3
   b5bd4:	f7ff ffd7 	bl	b5b86 <_ZN16Adafruit_ADS1X1513writeRegisterEht>
  writeRegister(ADS1X15_REG_POINTER_LOWTHRESH, 0x0000);
   b5bd8:	4620      	mov	r0, r4
   b5bda:	2200      	movs	r2, #0
}
   b5bdc:	e8bd 4010 	ldmia.w	sp!, {r4, lr}
  writeRegister(ADS1X15_REG_POINTER_LOWTHRESH, 0x0000);
   b5be0:	2102      	movs	r1, #2
   b5be2:	f7ff bfd0 	b.w	b5b86 <_ZN16Adafruit_ADS1X1513writeRegisterEht>

000b5be6 <_ZN16Adafruit_ADS1X1512readRegisterEh>:
    @param reg register address to read from

    @return 16 bit register value read
*/
/**************************************************************************/
uint16_t Adafruit_ADS1X15::readRegister(uint8_t reg) {
   b5be6:	b537      	push	{r0, r1, r2, r4, r5, lr}
  buffer[0] = reg;
   b5be8:	4605      	mov	r5, r0
  m_i2c_dev->write(buffer, 1);
   b5bea:	2300      	movs	r3, #0
  buffer[0] = reg;
   b5bec:	f805 1f0a 	strb.w	r1, [r5, #10]!
  m_i2c_dev->write(buffer, 1);
   b5bf0:	e9cd 3300 	strd	r3, r3, [sp]
uint16_t Adafruit_ADS1X15::readRegister(uint8_t reg) {
   b5bf4:	4604      	mov	r4, r0
  m_i2c_dev->write(buffer, 1);
   b5bf6:	2301      	movs	r3, #1
   b5bf8:	461a      	mov	r2, r3
   b5bfa:	4629      	mov	r1, r5
   b5bfc:	6800      	ldr	r0, [r0, #0]
   b5bfe:	f001 fcc8 	bl	b7592 <_ZN18Adafruit_I2CDevice5writeEPKhjbS1_j>
  m_i2c_dev->read(buffer, 2);
   b5c02:	6820      	ldr	r0, [r4, #0]
   b5c04:	2301      	movs	r3, #1
   b5c06:	2202      	movs	r2, #2
   b5c08:	4629      	mov	r1, r5
   b5c0a:	f001 fd11 	bl	b7630 <_ZN18Adafruit_I2CDevice4readEPhjb>
  return ((buffer[0] << 8) | buffer[1]);
   b5c0e:	8960      	ldrh	r0, [r4, #10]
   b5c10:	ba40      	rev16	r0, r0
}
   b5c12:	b280      	uxth	r0, r0
   b5c14:	b003      	add	sp, #12
   b5c16:	bd30      	pop	{r4, r5, pc}

000b5c18 <_ZN16Adafruit_ADS1X1524getLastConversionResultsEv>:
int16_t Adafruit_ADS1X15::getLastConversionResults() {
   b5c18:	b510      	push	{r4, lr}
  uint16_t res = readRegister(ADS1X15_REG_POINTER_CONVERT) >> m_bitShift;
   b5c1a:	2100      	movs	r1, #0
int16_t Adafruit_ADS1X15::getLastConversionResults() {
   b5c1c:	4604      	mov	r4, r0
  uint16_t res = readRegister(ADS1X15_REG_POINTER_CONVERT) >> m_bitShift;
   b5c1e:	f7ff ffe2 	bl	b5be6 <_ZN16Adafruit_ADS1X1512readRegisterEh>
   b5c22:	7923      	ldrb	r3, [r4, #4]
   b5c24:	4118      	asrs	r0, r3
  if (m_bitShift == 0) {
   b5c26:	b90b      	cbnz	r3, b5c2c <_ZN16Adafruit_ADS1X1524getLastConversionResultsEv+0x14>
    return (int16_t)res;
   b5c28:	b200      	sxth	r0, r0
}
   b5c2a:	bd10      	pop	{r4, pc}
  uint16_t res = readRegister(ADS1X15_REG_POINTER_CONVERT) >> m_bitShift;
   b5c2c:	b280      	uxth	r0, r0
    if (res > 0x07FF) {
   b5c2e:	f5b0 6f00 	cmp.w	r0, #2048	; 0x800
      res |= 0xF000;
   b5c32:	bf28      	it	cs
   b5c34:	f440 4070 	orrcs.w	r0, r0, #61440	; 0xf000
   b5c38:	e7f6      	b.n	b5c28 <_ZN16Adafruit_ADS1X1524getLastConversionResultsEv+0x10>

000b5c3a <_ZN16Adafruit_ADS1X1518conversionCompleteEv>:
bool Adafruit_ADS1X15::conversionComplete() {
   b5c3a:	b508      	push	{r3, lr}
  return (readRegister(ADS1X15_REG_POINTER_CONFIG) & 0x8000) != 0;
   b5c3c:	2101      	movs	r1, #1
   b5c3e:	f7ff ffd2 	bl	b5be6 <_ZN16Adafruit_ADS1X1512readRegisterEh>
}
   b5c42:	f3c0 30c0 	ubfx	r0, r0, #15, #1
   b5c46:	bd08      	pop	{r3, pc}

000b5c48 <_ZN16Adafruit_ADS1X1519readADC_SingleEndedEh>:
  if (channel > 3) {
   b5c48:	2903      	cmp	r1, #3
int16_t Adafruit_ADS1X15::readADC_SingleEnded(uint8_t channel) {
   b5c4a:	b510      	push	{r4, lr}
   b5c4c:	4604      	mov	r4, r0
  if (channel > 3) {
   b5c4e:	d80f      	bhi.n	b5c70 <_ZN16Adafruit_ADS1X1519readADC_SingleEndedEh+0x28>
  startADCReading(MUX_BY_CHANNEL[channel], /*continuous=*/false);
   b5c50:	4b08      	ldr	r3, [pc, #32]	; (b5c74 <_ZN16Adafruit_ADS1X1519readADC_SingleEndedEh+0x2c>)
   b5c52:	2200      	movs	r2, #0
   b5c54:	f833 1011 	ldrh.w	r1, [r3, r1, lsl #1]
   b5c58:	f7ff ffa7 	bl	b5baa <_ZN16Adafruit_ADS1X1515startADCReadingEtb>
  while (!conversionComplete())
   b5c5c:	4620      	mov	r0, r4
   b5c5e:	f7ff ffec 	bl	b5c3a <_ZN16Adafruit_ADS1X1518conversionCompleteEv>
   b5c62:	2800      	cmp	r0, #0
   b5c64:	d0fa      	beq.n	b5c5c <_ZN16Adafruit_ADS1X1519readADC_SingleEndedEh+0x14>
  return getLastConversionResults();
   b5c66:	4620      	mov	r0, r4
}
   b5c68:	e8bd 4010 	ldmia.w	sp!, {r4, lr}
  return getLastConversionResults();
   b5c6c:	f7ff bfd4 	b.w	b5c18 <_ZN16Adafruit_ADS1X1524getLastConversionResultsEv>
}
   b5c70:	2000      	movs	r0, #0
   b5c72:	bd10      	pop	{r4, pc}
   b5c74:	000bbba2 	.word	0x000bbba2

000b5c78 <_ZN16Adafruit_ADS1X1524readADC_Differential_0_1Ev>:
  startADCReading(ADS1X15_REG_CONFIG_MUX_DIFF_0_1, /*continuous=*/false);
   b5c78:	2200      	movs	r2, #0
int16_t Adafruit_ADS1X15::readADC_Differential_0_1() {
   b5c7a:	b510      	push	{r4, lr}
  startADCReading(ADS1X15_REG_CONFIG_MUX_DIFF_0_1, /*continuous=*/false);
   b5c7c:	4611      	mov	r1, r2
int16_t Adafruit_ADS1X15::readADC_Differential_0_1() {
   b5c7e:	4604      	mov	r4, r0
  startADCReading(ADS1X15_REG_CONFIG_MUX_DIFF_0_1, /*continuous=*/false);
   b5c80:	f7ff ff93 	bl	b5baa <_ZN16Adafruit_ADS1X1515startADCReadingEtb>
  while (!conversionComplete())
   b5c84:	4620      	mov	r0, r4
   b5c86:	f7ff ffd8 	bl	b5c3a <_ZN16Adafruit_ADS1X1518conversionCompleteEv>
   b5c8a:	2800      	cmp	r0, #0
   b5c8c:	d0fa      	beq.n	b5c84 <_ZN16Adafruit_ADS1X1524readADC_Differential_0_1Ev+0xc>
  return getLastConversionResults();
   b5c8e:	4620      	mov	r0, r4
}
   b5c90:	e8bd 4010 	ldmia.w	sp!, {r4, lr}
  return getLastConversionResults();
   b5c94:	f7ff bfc0 	b.w	b5c18 <_ZN16Adafruit_ADS1X1524getLastConversionResultsEv>

000b5c98 <_ZN16Adafruit_ADS1X1524readADC_Differential_2_3Ev>:
int16_t Adafruit_ADS1X15::readADC_Differential_2_3() {
   b5c98:	b510      	push	{r4, lr}
  startADCReading(ADS1X15_REG_CONFIG_MUX_DIFF_2_3, /*continuous=*/false);
   b5c9a:	2200      	movs	r2, #0
   b5c9c:	f44f 5140 	mov.w	r1, #12288	; 0x3000
int16_t Adafruit_ADS1X15::readADC_Differential_2_3() {
   b5ca0:	4604      	mov	r4, r0
  startADCReading(ADS1X15_REG_CONFIG_MUX_DIFF_2_3, /*continuous=*/false);
   b5ca2:	f7ff ff82 	bl	b5baa <_ZN16Adafruit_ADS1X1515startADCReadingEtb>
  while (!conversionComplete())
   b5ca6:	4620      	mov	r0, r4
   b5ca8:	f7ff ffc7 	bl	b5c3a <_ZN16Adafruit_ADS1X1518conversionCompleteEv>
   b5cac:	2800      	cmp	r0, #0
   b5cae:	d0fa      	beq.n	b5ca6 <_ZN16Adafruit_ADS1X1524readADC_Differential_2_3Ev+0xe>
  return getLastConversionResults();
   b5cb0:	4620      	mov	r0, r4
}
   b5cb2:	e8bd 4010 	ldmia.w	sp!, {r4, lr}
  return getLastConversionResults();
   b5cb6:	f7ff bfaf 	b.w	b5c18 <_ZN16Adafruit_ADS1X1524getLastConversionResultsEv>

000b5cba <_ZN8particle11SPISettingsD1Ev>:
  SPISettings()
  {
  }

  virtual ~SPISettings() {
  }
   b5cba:	4770      	bx	lr

000b5cbc <_ZN6SdFileD1Ev>:
#endif  // HAS_INCLUDE_FS_H
/**
 * \class SdFile
 * \brief FAT16/FAT32 file with Print.
 */
class SdFile : public PrintFile<SdBaseFile> {
   b5cbc:	4770      	bx	lr

000b5cbe <_ZN8particle11SPISettingsD0Ev>:
  virtual ~SPISettings() {
   b5cbe:	b510      	push	{r4, lr}
  }
   b5cc0:	2110      	movs	r1, #16
  virtual ~SPISettings() {
   b5cc2:	4604      	mov	r4, r0
  }
   b5cc4:	f7fe fea5 	bl	b4a12 <_ZdlPvj>
   b5cc8:	4620      	mov	r0, r4
   b5cca:	bd10      	pop	{r4, pc}

000b5ccc <_ZN6SdFileD0Ev>:
   b5ccc:	b510      	push	{r4, lr}
   b5cce:	2148      	movs	r1, #72	; 0x48
   b5cd0:	4604      	mov	r4, r0
   b5cd2:	f7fe fe9e 	bl	b4a12 <_ZdlPvj>
   b5cd6:	4620      	mov	r0, r4
   b5cd8:	bd10      	pop	{r4, pc}

000b5cda <_ZN9PrintFileI10FsBaseFileE5writeEh>:
  using BaseFile::write;
  /** Write a single byte.
   * \param[in] b byte to write.
   * \return one for success.
   */
  size_t write(uint8_t b) { return BaseFile::write(&b, 1); }
   b5cda:	b507      	push	{r0, r1, r2, lr}
   *
   * \return For success write() returns the number of bytes written, always
   * \a nbyte.  If an error occurs, write() returns zero and writeError is set.
   */
  size_t write(const void* buf, size_t count) {
    return m_fFile   ? m_fFile->write(buf, count)
   b5cdc:	6c03      	ldr	r3, [r0, #64]	; 0x40
   b5cde:	f88d 1007 	strb.w	r1, [sp, #7]
   b5ce2:	b143      	cbz	r3, b5cf6 <_ZN9PrintFileI10FsBaseFileE5writeEh+0x1c>
   b5ce4:	2201      	movs	r2, #1
   b5ce6:	f10d 0107 	add.w	r1, sp, #7
   b5cea:	4618      	mov	r0, r3
   b5cec:	f002 fc2a 	bl	b8544 <_ZN7FatFile5writeEPKvj>
   b5cf0:	b003      	add	sp, #12
   b5cf2:	f85d fb04 	ldr.w	pc, [sp], #4
   b5cf6:	6c40      	ldr	r0, [r0, #68]	; 0x44
           : m_xFile ? m_xFile->write(buf, count)
   b5cf8:	2800      	cmp	r0, #0
   b5cfa:	d0f9      	beq.n	b5cf0 <_ZN9PrintFileI10FsBaseFileE5writeEh+0x16>
   b5cfc:	2201      	movs	r2, #1
   b5cfe:	f10d 0107 	add.w	r1, sp, #7
   b5d02:	f003 f8cf 	bl	b8ea4 <_ZN9ExFatFile5writeEPKvj>
   b5d06:	e7f3      	b.n	b5cf0 <_ZN9PrintFileI10FsBaseFileE5writeEh+0x16>

000b5d08 <_ZN5Print5printEfi.isra.0>:
    template <typename T, std::enable_if_t<!std::is_base_of<Printable, T>::value && (std::is_integral<T>::value || std::is_convertible<T, unsigned long long>::value ||
        std::is_convertible<T, long long>::value), int> = 0>
    size_t print(T, int = DEC);

#ifndef PARTICLE_WIRING_PRINT_NO_FLOAT
    size_t print(float n, int digits = FLOAT_DEFAULT_FRACTIONAL_DIGITS) {
   b5d08:	e92d 4ff8 	stmdb	sp!, {r3, r4, r5, r6, r7, r8, r9, sl, fp, lr}
   b5d0c:	4682      	mov	sl, r0
   b5d0e:	ed2d 8b02 	vpush	{d8}
        return printFloat((double)n, digits);
   b5d12:	ee10 0a10 	vmov	r0, s0
    size_t print(float n, int digits = FLOAT_DEFAULT_FRACTIONAL_DIGITS) {
   b5d16:	eeb0 8a40 	vmov.f32	s16, s0
   b5d1a:	468b      	mov	fp, r1
        return printFloat((double)n, digits);
   b5d1c:	f7fe fae2 	bl	b42e4 <__aeabi_f2d>
        if (std::isnan(number)) {
   b5d20:	4602      	mov	r2, r0
   b5d22:	460b      	mov	r3, r1
        return printFloat((double)n, digits);
   b5d24:	4604      	mov	r4, r0
   b5d26:	460d      	mov	r5, r1
   b5d28:	4606      	mov	r6, r0
   b5d2a:	460f      	mov	r7, r1
        if (std::isnan(number)) {
   b5d2c:	f7fe fdcc 	bl	b48c8 <__aeabi_dcmpun>
   b5d30:	b138      	cbz	r0, b5d42 <_ZN5Print5printEfi.isra.0+0x3a>
            return print("nan");
   b5d32:	494e      	ldr	r1, [pc, #312]	; (b5e6c <_ZN5Print5printEfi.isra.0+0x164>)
    }
   b5d34:	ecbd 8b02 	vpop	{d8}
            return print ("ovf"); // constant determined empirically
   b5d38:	4650      	mov	r0, sl
    }
   b5d3a:	e8bd 4ff8 	ldmia.w	sp!, {r3, r4, r5, r6, r7, r8, r9, sl, fp, lr}
            return print ("ovf"); // constant determined empirically
   b5d3e:	f004 bdf3 	b.w	ba928 <_ZN5Print5printEPKc>
  && !_GLIBCXX_NO_OBSOLETE_ISINF_ISNAN_DYNAMIC
  using ::isinf;
#else
  constexpr bool
  isinf(double __x)
  { return __builtin_isinf(__x); }
   b5d42:	f025 4900 	bic.w	r9, r5, #2147483648	; 0x80000000
        if (std::isinf(number)) {
   b5d46:	4b4a      	ldr	r3, [pc, #296]	; (b5e70 <_ZN5Print5printEfi.isra.0+0x168>)
   b5d48:	f04f 32ff 	mov.w	r2, #4294967295
   b5d4c:	4620      	mov	r0, r4
   b5d4e:	4649      	mov	r1, r9
   b5d50:	f7fe fdba 	bl	b48c8 <__aeabi_dcmpun>
   b5d54:	b948      	cbnz	r0, b5d6a <_ZN5Print5printEfi.isra.0+0x62>
   b5d56:	4b46      	ldr	r3, [pc, #280]	; (b5e70 <_ZN5Print5printEfi.isra.0+0x168>)
   b5d58:	f04f 32ff 	mov.w	r2, #4294967295
   b5d5c:	4620      	mov	r0, r4
   b5d5e:	4649      	mov	r1, r9
   b5d60:	f7fe fd94 	bl	b488c <__aeabi_dcmple>
   b5d64:	b908      	cbnz	r0, b5d6a <_ZN5Print5printEfi.isra.0+0x62>
            return print("inf");
   b5d66:	4943      	ldr	r1, [pc, #268]	; (b5e74 <_ZN5Print5printEfi.isra.0+0x16c>)
   b5d68:	e7e4      	b.n	b5d34 <_ZN5Print5printEfi.isra.0+0x2c>
        if (number > 4294967040.0) {
   b5d6a:	eddf 7a43 	vldr	s15, [pc, #268]	; b5e78 <_ZN5Print5printEfi.isra.0+0x170>
   b5d6e:	eeb4 8ae7 	vcmpe.f32	s16, s15
   b5d72:	eef1 fa10 	vmrs	APSR_nzcv, fpscr
   b5d76:	dd01      	ble.n	b5d7c <_ZN5Print5printEfi.isra.0+0x74>
            return print ("ovf"); // constant determined empirically
   b5d78:	4940      	ldr	r1, [pc, #256]	; (b5e7c <_ZN5Print5printEfi.isra.0+0x174>)
   b5d7a:	e7db      	b.n	b5d34 <_ZN5Print5printEfi.isra.0+0x2c>
        if (number <-4294967040.0) {
   b5d7c:	eddf 7a40 	vldr	s15, [pc, #256]	; b5e80 <_ZN5Print5printEfi.isra.0+0x178>
   b5d80:	eeb4 8ae7 	vcmpe.f32	s16, s15
   b5d84:	eef1 fa10 	vmrs	APSR_nzcv, fpscr
   b5d88:	d4f6      	bmi.n	b5d78 <_ZN5Print5printEfi.isra.0+0x70>
        if (number < 0.0) {
   b5d8a:	eeb5 8ac0 	vcmpe.f32	s16, #0.0
   b5d8e:	eef1 fa10 	vmrs	APSR_nzcv, fpscr
   b5d92:	d506      	bpl.n	b5da2 <_ZN5Print5printEfi.isra.0+0x9a>
            n += print('-');
   b5d94:	212d      	movs	r1, #45	; 0x2d
   b5d96:	4650      	mov	r0, sl
   b5d98:	f004 fdca 	bl	ba930 <_ZN5Print5printEc>
            number = -number;
   b5d9c:	4626      	mov	r6, r4
   b5d9e:	f105 4700 	add.w	r7, r5, #2147483648	; 0x80000000
        double rounding = 0.5;
   b5da2:	4938      	ldr	r1, [pc, #224]	; (b5e84 <_ZN5Print5printEfi.isra.0+0x17c>)
            rounding /= 10.0;
   b5da4:	4d38      	ldr	r5, [pc, #224]	; (b5e88 <_ZN5Print5printEfi.isra.0+0x180>)
        return printFloat((double)n, digits);
   b5da6:	fa5f f88b 	uxtb.w	r8, fp
   b5daa:	f04f 0900 	mov.w	r9, #0
        double rounding = 0.5;
   b5dae:	2000      	movs	r0, #0
            rounding /= 10.0;
   b5db0:	2400      	movs	r4, #0
        for (uint8_t i = 0; i < digits; ++i) {
   b5db2:	fa5f f389 	uxtb.w	r3, r9
   b5db6:	4598      	cmp	r8, r3
   b5db8:	d906      	bls.n	b5dc8 <_ZN5Print5printEfi.isra.0+0xc0>
            rounding /= 10.0;
   b5dba:	4622      	mov	r2, r4
   b5dbc:	462b      	mov	r3, r5
   b5dbe:	f7fe fc13 	bl	b45e8 <__aeabi_ddiv>
        for (uint8_t i = 0; i < digits; ++i) {
   b5dc2:	f109 0901 	add.w	r9, r9, #1
   b5dc6:	e7f4      	b.n	b5db2 <_ZN5Print5printEfi.isra.0+0xaa>
        number += rounding;
   b5dc8:	4632      	mov	r2, r6
   b5dca:	463b      	mov	r3, r7
   b5dcc:	f7fe f92c 	bl	b4028 <__adddf3>
   b5dd0:	460d      	mov	r5, r1
   b5dd2:	4604      	mov	r4, r0
        unsigned long int_part = (unsigned long)number;
   b5dd4:	f7fe fdb6 	bl	b4944 <__aeabi_d2uiz>
   b5dd8:	4606      	mov	r6, r0
        double remainder = number - (double)int_part;
   b5dda:	f7fe fa61 	bl	b42a0 <__aeabi_ui2d>
   b5dde:	4602      	mov	r2, r0
   b5de0:	460b      	mov	r3, r1
   b5de2:	4620      	mov	r0, r4
   b5de4:	4629      	mov	r1, r5
   b5de6:	f7fe f91d 	bl	b4024 <__aeabi_dsub>
            val = n;
        }
#if __GNUC__ >= 9
#pragma GCC diagnostic pop
#endif // __GNUC__ >= 9
        return printNumber(val, base) + t;
   b5dea:	220a      	movs	r2, #10
        double remainder = number - (double)int_part;
   b5dec:	4604      	mov	r4, r0
   b5dee:	460d      	mov	r5, r1
        return printNumber(val, base) + t;
   b5df0:	4650      	mov	r0, sl
   b5df2:	4631      	mov	r1, r6
   b5df4:	f004 fdbb 	bl	ba96e <_ZN5Print11printNumberEmh>
        if (digits > 0) {
   b5df8:	f1b8 0f00 	cmp.w	r8, #0
   b5dfc:	d031      	beq.n	b5e62 <_ZN5Print5printEfi.isra.0+0x15a>
            n += print(".");
   b5dfe:	4923      	ldr	r1, [pc, #140]	; (b5e8c <_ZN5Print5printEfi.isra.0+0x184>)
            remainder *= 10.0;
   b5e00:	4f21      	ldr	r7, [pc, #132]	; (b5e88 <_ZN5Print5printEfi.isra.0+0x180>)
            n += print(".");
   b5e02:	4650      	mov	r0, sl
   b5e04:	f004 fd90 	bl	ba928 <_ZN5Print5printEPKc>
            remainder *= 10.0;
   b5e08:	2600      	movs	r6, #0
        while (digits-- > 0) {
   b5e0a:	f1b8 0f00 	cmp.w	r8, #0
   b5e0e:	d028      	beq.n	b5e62 <_ZN5Print5printEfi.isra.0+0x15a>
            remainder *= 10.0;
   b5e10:	4632      	mov	r2, r6
   b5e12:	463b      	mov	r3, r7
   b5e14:	4620      	mov	r0, r4
   b5e16:	4629      	mov	r1, r5
   b5e18:	f7fe fabc 	bl	b4394 <__aeabi_dmul>
   b5e1c:	4604      	mov	r4, r0
   b5e1e:	460d      	mov	r5, r1
            int toPrint = int(remainder);
   b5e20:	f7fe fd68 	bl	b48f4 <__aeabi_d2iz>
        if (n < 0 && base == 10) {
   b5e24:	f1b0 0900 	subs.w	r9, r0, #0
   b5e28:	da19      	bge.n	b5e5e <_ZN5Print5printEfi.isra.0+0x156>
            t = print('-');
   b5e2a:	212d      	movs	r1, #45	; 0x2d
   b5e2c:	4650      	mov	r0, sl
   b5e2e:	f004 fd7f 	bl	ba930 <_ZN5Print5printEc>
            val = -n;
   b5e32:	f1c9 0100 	rsb	r1, r9, #0
        return printNumber(val, base) + t;
   b5e36:	220a      	movs	r2, #10
   b5e38:	4650      	mov	r0, sl
   b5e3a:	f004 fd98 	bl	ba96e <_ZN5Print11printNumberEmh>
            remainder -= toPrint;
   b5e3e:	4648      	mov	r0, r9
   b5e40:	f7fe fa3e 	bl	b42c0 <__aeabi_i2d>
   b5e44:	4602      	mov	r2, r0
   b5e46:	460b      	mov	r3, r1
   b5e48:	4620      	mov	r0, r4
   b5e4a:	4629      	mov	r1, r5
   b5e4c:	f7fe f8ea 	bl	b4024 <__aeabi_dsub>
   b5e50:	f108 38ff 	add.w	r8, r8, #4294967295
   b5e54:	4604      	mov	r4, r0
   b5e56:	460d      	mov	r5, r1
   b5e58:	fa5f f888 	uxtb.w	r8, r8
        while (digits-- > 0) {
   b5e5c:	e7d5      	b.n	b5e0a <_ZN5Print5printEfi.isra.0+0x102>
            val = n;
   b5e5e:	4649      	mov	r1, r9
   b5e60:	e7e9      	b.n	b5e36 <_ZN5Print5printEfi.isra.0+0x12e>
    }
   b5e62:	ecbd 8b02 	vpop	{d8}
   b5e66:	e8bd 8ff8 	ldmia.w	sp!, {r3, r4, r5, r6, r7, r8, r9, sl, fp, pc}
   b5e6a:	bf00      	nop
   b5e6c:	000bbbaa 	.word	0x000bbbaa
   b5e70:	7fefffff 	.word	0x7fefffff
   b5e74:	000bbbae 	.word	0x000bbbae
   b5e78:	4f7fffff 	.word	0x4f7fffff
   b5e7c:	000bbbb2 	.word	0x000bbbb2
   b5e80:	cf7fffff 	.word	0xcf7fffff
   b5e84:	3fe00000 	.word	0x3fe00000
   b5e88:	40240000 	.word	0x40240000
   b5e8c:	000bbbb6 	.word	0x000bbbb6

000b5e90 <_ZN5Print6printfEPKcz>:
    size_t printf(const char* format, ...) __attribute__ ((format(printf, 2, 3)))
   b5e90:	b40e      	push	{r1, r2, r3}
   b5e92:	b503      	push	{r0, r1, lr}
   b5e94:	ab03      	add	r3, sp, #12
        auto r = this->vprintf(false, format, args);
   b5e96:	2100      	movs	r1, #0
    size_t printf(const char* format, ...) __attribute__ ((format(printf, 2, 3)))
   b5e98:	f853 2b04 	ldr.w	r2, [r3], #4
        va_start(args, format);
   b5e9c:	9301      	str	r3, [sp, #4]
        auto r = this->vprintf(false, format, args);
   b5e9e:	f004 fd84 	bl	ba9aa <_ZN5Print7vprintfEbPKcSt9__va_list>
    }
   b5ea2:	b002      	add	sp, #8
   b5ea4:	f85d eb04 	ldr.w	lr, [sp], #4
   b5ea8:	b003      	add	sp, #12
   b5eaa:	4770      	bx	lr

000b5eac <_ZNK8particle11SPISettings7printToER5Print>:
  bool operator!=(const SPISettings& other) const
  {
    return !(other == *this);
  }

  virtual size_t printTo(Print& p) const
   b5eac:	b573      	push	{r0, r1, r4, r5, r6, lr}
   b5eae:	4604      	mov	r4, r0
   b5eb0:	4608      	mov	r0, r1
  {
    if (default_ && clock_ == 0)
   b5eb2:	7922      	ldrb	r2, [r4, #4]
   b5eb4:	68a3      	ldr	r3, [r4, #8]
   b5eb6:	b132      	cbz	r2, b5ec6 <_ZNK8particle11SPISettings7printToER5Print+0x1a>
   b5eb8:	b9a3      	cbnz	r3, b5ee4 <_ZNK8particle11SPISettings7printToER5Print+0x38>
      return p.print("<SPISettings default>");
   b5eba:	490b      	ldr	r1, [pc, #44]	; (b5ee8 <_ZNK8particle11SPISettings7printToER5Print+0x3c>)
    else
      return p.printf("<SPISettings %s%u %s MODE%u>", default_ ? "default " : "", (unsigned int)clock_,
          bitOrder_ == MSBFIRST ? "MSB" : "LSB", (unsigned int)dataMode_);
  }
   b5ebc:	b002      	add	sp, #8
   b5ebe:	e8bd 4070 	ldmia.w	sp!, {r4, r5, r6, lr}
      return p.print("<SPISettings default>");
   b5ec2:	f004 bd31 	b.w	ba928 <_ZN5Print5printEPKc>
      return p.printf("<SPISettings %s%u %s MODE%u>", default_ ? "default " : "", (unsigned int)clock_,
   b5ec6:	4a09      	ldr	r2, [pc, #36]	; (b5eec <_ZNK8particle11SPISettings7printToER5Print+0x40>)
   b5ec8:	7b26      	ldrb	r6, [r4, #12]
   b5eca:	4d09      	ldr	r5, [pc, #36]	; (b5ef0 <_ZNK8particle11SPISettings7printToER5Print+0x44>)
   b5ecc:	4909      	ldr	r1, [pc, #36]	; (b5ef4 <_ZNK8particle11SPISettings7printToER5Print+0x48>)
   b5ece:	7b64      	ldrb	r4, [r4, #13]
   b5ed0:	2e01      	cmp	r6, #1
   b5ed2:	bf18      	it	ne
   b5ed4:	4629      	movne	r1, r5
   b5ed6:	e9cd 1400 	strd	r1, r4, [sp]
   b5eda:	4907      	ldr	r1, [pc, #28]	; (b5ef8 <_ZNK8particle11SPISettings7printToER5Print+0x4c>)
   b5edc:	f7ff ffd8 	bl	b5e90 <_ZN5Print6printfEPKcz>
  }
   b5ee0:	b002      	add	sp, #8
   b5ee2:	bd70      	pop	{r4, r5, r6, pc}
      return p.printf("<SPISettings %s%u %s MODE%u>", default_ ? "default " : "", (unsigned int)clock_,
   b5ee4:	4a05      	ldr	r2, [pc, #20]	; (b5efc <_ZNK8particle11SPISettings7printToER5Print+0x50>)
   b5ee6:	e7ef      	b.n	b5ec8 <_ZNK8particle11SPISettings7printToER5Print+0x1c>
   b5ee8:	000bbbc9 	.word	0x000bbbc9
   b5eec:	000bbbc0 	.word	0x000bbbc0
   b5ef0:	000bbbc5 	.word	0x000bbbc5
   b5ef4:	000bbbc1 	.word	0x000bbbc1
   b5ef8:	000bbbdf 	.word	0x000bbbdf
   b5efc:	000bbbb8 	.word	0x000bbbb8

000b5f00 <_ZN6SdBaseI8FsVolume11FsFormatterE5beginEh>:
  bool begin(SdCsPin_t csPin = SS) {
   b5f00:	b570      	push	{r4, r5, r6, lr}
   b5f02:	4b15      	ldr	r3, [pc, #84]	; (b5f58 <_ZN6SdBaseI8FsVolume11FsFormatterE5beginEh+0x58>)
   b5f04:	b086      	sub	sp, #24
   b5f06:	2400      	movs	r4, #0
   b5f08:	e9cd 3404 	strd	r3, r4, [sp, #16]
   b5f0c:	4605      	mov	r5, r0
   b5f0e:	f88d 100c 	strb.w	r1, [sp, #12]
   b5f12:	f88d 400d 	strb.w	r4, [sp, #13]
   *
   * \param[in] config SPI configuration.
   * \return generic card pointer or nullptr if failure.
   */
  SdCard* newCard(SdSpiConfig config) {
    m_spiCard.begin(config);
   b5f16:	f200 468c 	addw	r6, r0, #1164	; 0x48c
   b5f1a:	ab06      	add	r3, sp, #24
   b5f1c:	e913 000e 	ldmdb	r3, {r1, r2, r3}
   b5f20:	4630      	mov	r0, r6
   b5f22:	f003 ff9f 	bl	b9e64 <_ZN16DedicatedSpiCard5beginE11SdSpiConfig>
    return m_card && !m_card->errorCode();
   b5f26:	f895 34a2 	ldrb.w	r3, [r5, #1186]	; 0x4a2
    m_card = m_cardFactory.newCard(spiConfig);
   b5f2a:	f8c5 6488 	str.w	r6, [r5, #1160]	; 0x488
    return m_card && !m_card->errorCode();
   b5f2e:	b983      	cbnz	r3, b5f52 <_ZN6SdBaseI8FsVolume11FsFormatterE5beginEh+0x52>
    return Vol::begin(m_card) || Vol::begin(m_card, true, 0);
   b5f30:	9300      	str	r3, [sp, #0]
   b5f32:	2301      	movs	r3, #1
   b5f34:	461a      	mov	r2, r3
   b5f36:	4631      	mov	r1, r6
   b5f38:	4628      	mov	r0, r5
   b5f3a:	f003 fcc3 	bl	b98c4 <_ZN8FsVolume5beginEP16DedicatedSpiCardbhm>
   b5f3e:	b948      	cbnz	r0, b5f54 <_ZN6SdBaseI8FsVolume11FsFormatterE5beginEh+0x54>
   b5f40:	9000      	str	r0, [sp, #0]
   b5f42:	4603      	mov	r3, r0
   b5f44:	f8d5 1488 	ldr.w	r1, [r5, #1160]	; 0x488
   b5f48:	2201      	movs	r2, #1
   b5f4a:	4628      	mov	r0, r5
   b5f4c:	f003 fcba 	bl	b98c4 <_ZN8FsVolume5beginEP16DedicatedSpiCardbhm>
   b5f50:	e000      	b.n	b5f54 <_ZN6SdBaseI8FsVolume11FsFormatterE5beginEh+0x54>
    return cardBegin(spiConfig) && volumeBegin();
   b5f52:	4620      	mov	r0, r4
  }
   b5f54:	b006      	add	sp, #24
   b5f56:	bd70      	pop	{r4, r5, r6, pc}
   b5f58:	02faf080 	.word	0x02faf080

000b5f5c <setup>:
  LPOD_data lpoddata;
#endif

/***************************************************************************************/
// setup() runs once, when the device is first turned on
void setup() {
   b5f5c:	b57f      	push	{r0, r1, r2, r3, r4, r5, r6, lr}
  #if SERIAL_ENABLED
    Serial.begin(9600);
   b5f5e:	f005 f9b1 	bl	bb2c4 <_Z16_fetch_usbserialv>
   b5f62:	f44f 5116 	mov.w	r1, #9600	; 0x2580
   b5f66:	f005 f9a1 	bl	bb2ac <_ZN9USBSerial5beginEl>
  #endif

  pinMode(GREEN_LED, OUTPUT);
   b5f6a:	2101      	movs	r1, #1
   b5f6c:	2005      	movs	r0, #5
   b5f6e:	f005 fc21 	bl	bb7b4 <pinMode>
  pinMode(BLUE_LED, OUTPUT);
   b5f72:	2101      	movs	r1, #1
   b5f74:	2002      	movs	r0, #2
   b5f76:	f005 fc1d 	bl	bb7b4 <pinMode>
  pinMode(RED_LED, OUTPUT);
   b5f7a:	2101      	movs	r1, #1
   b5f7c:	2003      	movs	r0, #3
   b5f7e:	f005 fc19 	bl	bb7b4 <pinMode>
  pinMode(SD_CS, OUTPUT);
   b5f82:	2101      	movs	r1, #1
   b5f84:	2011      	movs	r0, #17
   b5f86:	f005 fc15 	bl	bb7b4 <pinMode>
  pinMode(GREEN_EXTERNAL, OUTPUT);
   b5f8a:	2101      	movs	r1, #1
   b5f8c:	2006      	movs	r0, #6
   b5f8e:	f005 fc11 	bl	bb7b4 <pinMode>
  pinMode(RED_EXTERNAL, OUTPUT);
   b5f92:	2101      	movs	r1, #1
   b5f94:	2004      	movs	r0, #4
   b5f96:	f005 fc0d 	bl	bb7b4 <pinMode>

  #if DS3231_ENABLED
    ds3231.begin();
   b5f9a:	f005 fc91 	bl	bb8c0 <_Z19__fetch_global_Wirev>
   b5f9e:	4601      	mov	r1, r0
   b5fa0:	484e      	ldr	r0, [pc, #312]	; (b60dc <setup+0x180>)
   b5fa2:	f001 f9ff 	bl	b73a4 <_ZN10RTC_DS32315beginEP7TwoWire>
    #if ADJUST_DATETIME
      ds3231.adjust(DateTime(F(__DATE__), F(__TIME__)));
   b5fa6:	4a4e      	ldr	r2, [pc, #312]	; (b60e0 <setup+0x184>)
   b5fa8:	494e      	ldr	r1, [pc, #312]	; (b60e4 <setup+0x188>)
   b5faa:	a802      	add	r0, sp, #8
   b5fac:	f000 fda8 	bl	b6b00 <_ZN8DateTimeC1EPK19__FlashStringHelperS2_>
   b5fb0:	a902      	add	r1, sp, #8
   b5fb2:	484a      	ldr	r0, [pc, #296]	; (b60dc <setup+0x180>)
   b5fb4:	f001 fa0e 	bl	b73d4 <_ZN10RTC_DS32316adjustERK8DateTime>
    #endif //ADJUST_DATETIME
  #endif //DS3231_ENABLED
  
  #if ADS_ENABLED
    ads_module.begin();
   b5fb8:	484b      	ldr	r0, [pc, #300]	; (b60e8 <setup+0x18c>)
   b5fba:	f001 f809 	bl	b6fd0 <_ZN10ADS_Module5beginEv>
  #endif  //ADS_ENABLED

  #if BME_ENABLED    
    bme680.begin(BME_SENSOR_ADDR);
   b5fbe:	2201      	movs	r2, #1
   b5fc0:	2176      	movs	r1, #118	; 0x76
   b5fc2:	484a      	ldr	r0, [pc, #296]	; (b60ec <setup+0x190>)
   b5fc4:	f000 ff5a 	bl	b6e7c <_ZN15Adafruit_BME6805beginEhb>
    if (!bme680.begin(BME_SENSOR_ADDR)) {
   b5fc8:	4848      	ldr	r0, [pc, #288]	; (b60ec <setup+0x190>)
   b5fca:	2201      	movs	r2, #1
   b5fcc:	2176      	movs	r1, #118	; 0x76
   b5fce:	f000 ff55 	bl	b6e7c <_ZN15Adafruit_BME6805beginEhb>
   b5fd2:	b928      	cbnz	r0, b5fe0 <setup+0x84>
      Serial.println(F("Could not find a valid BME680 sensor, check wiring!"));
   b5fd4:	f005 f976 	bl	bb2c4 <_Z16_fetch_usbserialv>
   b5fd8:	4945      	ldr	r1, [pc, #276]	; (b60f0 <setup+0x194>)
   b5fda:	f004 fcc6 	bl	ba96a <_ZN5Print7printlnEPK19__FlashStringHelper>
      while (1);
   b5fde:	e7fe      	b.n	b5fde <setup+0x82>
    } //if(!bme680.begin(BME680_CS))
    //Set up oversampling an initialize filter
    bme680.setTemperatureOversampling(BME680_OS_8X);
   b5fe0:	2104      	movs	r1, #4
   b5fe2:	4842      	ldr	r0, [pc, #264]	; (b60ec <setup+0x190>)
    bme680.setGasHeater(320, 150);
  #endif  //BME_ENABLED
  #if SD_ENABLED
    digitalWrite(SD_CS, LOW);
    sd.begin(SD_CS);
    while(!sd.begin(SD_CS)){
   b5fe4:	4d43      	ldr	r5, [pc, #268]	; (b60f4 <setup+0x198>)
      #if SERIAL_ENABLED
        Serial.println(F("Insert SD Card to begin!"));
   b5fe6:	4e44      	ldr	r6, [pc, #272]	; (b60f8 <setup+0x19c>)
    bme680.setTemperatureOversampling(BME680_OS_8X);
   b5fe8:	f000 ff08 	bl	b6dfc <_ZN15Adafruit_BME68026setTemperatureOversamplingEh>
    bme680.setHumidityOversampling(BME680_OS_2X);
   b5fec:	2102      	movs	r1, #2
   b5fee:	483f      	ldr	r0, [pc, #252]	; (b60ec <setup+0x190>)
   b5ff0:	f000 ff14 	bl	b6e1c <_ZN15Adafruit_BME68023setHumidityOversamplingEh>
    bme680.setPressureOversampling(BME680_OS_4X);
   b5ff4:	2103      	movs	r1, #3
   b5ff6:	483d      	ldr	r0, [pc, #244]	; (b60ec <setup+0x190>)
   b5ff8:	f000 ff20 	bl	b6e3c <_ZN15Adafruit_BME68023setPressureOversamplingEh>
    bme680.setIIRFilterSize(BME680_FILTER_SIZE_3);
   b5ffc:	2102      	movs	r1, #2
   b5ffe:	483b      	ldr	r0, [pc, #236]	; (b60ec <setup+0x190>)
   b6000:	f000 ff2c 	bl	b6e5c <_ZN15Adafruit_BME68016setIIRFilterSizeEh>
    bme680.setGasHeater(320, 150);
   b6004:	2296      	movs	r2, #150	; 0x96
   b6006:	f44f 71a0 	mov.w	r1, #320	; 0x140
   b600a:	4838      	ldr	r0, [pc, #224]	; (b60ec <setup+0x190>)
   b600c:	f000 fecd 	bl	b6daa <_ZN15Adafruit_BME68012setGasHeaterEtt>
    digitalWrite(SD_CS, LOW);
   b6010:	2100      	movs	r1, #0
   b6012:	2011      	movs	r0, #17
   b6014:	f005 fbdf 	bl	bb7d6 <digitalWrite>
    sd.begin(SD_CS);
   b6018:	4836      	ldr	r0, [pc, #216]	; (b60f4 <setup+0x198>)
   b601a:	2111      	movs	r1, #17
   b601c:	f7ff ff70 	bl	b5f00 <_ZN6SdBaseI8FsVolume11FsFormatterE5beginEh>
    while(!sd.begin(SD_CS)){
   b6020:	2111      	movs	r1, #17
   b6022:	4628      	mov	r0, r5
   b6024:	f7ff ff6c 	bl	b5f00 <_ZN6SdBaseI8FsVolume11FsFormatterE5beginEh>
   b6028:	4604      	mov	r4, r0
   b602a:	b9c0      	cbnz	r0, b605e <setup+0x102>
        Serial.println(F("Insert SD Card to begin!"));
   b602c:	f005 f94a 	bl	bb2c4 <_Z16_fetch_usbserialv>
   b6030:	4631      	mov	r1, r6
   b6032:	f004 fc9a 	bl	ba96a <_ZN5Print7printlnEPK19__FlashStringHelper>
        digitalWrite(RED_LED, HIGH);
   b6036:	2101      	movs	r1, #1
   b6038:	2003      	movs	r0, #3
   b603a:	f005 fbcc 	bl	bb7d6 <digitalWrite>
        digitalWrite(GREEN_EXTERNAL, LOW);
   b603e:	4621      	mov	r1, r4
   b6040:	2006      	movs	r0, #6
   b6042:	f005 fbc8 	bl	bb7d6 <digitalWrite>
        digitalWrite(RED_EXTERNAL, HIGH);
   b6046:	2101      	movs	r1, #1
   b6048:	2004      	movs	r0, #4
   b604a:	f005 fbc4 	bl	bb7d6 <digitalWrite>
        delay(100);
   b604e:	2064      	movs	r0, #100	; 0x64
   b6050:	f004 fd18 	bl	baa84 <delay>
      #endif  //SERIAL_ENABLED
      sd.begin(SD_CS);
   b6054:	2111      	movs	r1, #17
   b6056:	4628      	mov	r0, r5
   b6058:	f7ff ff52 	bl	b5f00 <_ZN6SdBaseI8FsVolume11FsFormatterE5beginEh>
    while(!sd.begin(SD_CS)){
   b605c:	e7e0      	b.n	b6020 <setup+0xc4>
    }
    DateTime now = ds3231.now();
   b605e:	491f      	ldr	r1, [pc, #124]	; (b60dc <setup+0x180>)
   b6060:	a802      	add	r0, sp, #8
   b6062:	f001 fa18 	bl	b7496 <_ZN10RTC_DS32313nowEv>

  /*!
      @brief  Return the year.
      @return Year (range: 2000--2099).
  */
  uint16_t year() const { return 2000U + yOff; }
   b6066:	f89d 3008 	ldrb.w	r3, [sp, #8]
      Y = now.year();
   b606a:	4a24      	ldr	r2, [pc, #144]	; (b60fc <setup+0x1a0>)
      M = now.month();
   b606c:	4924      	ldr	r1, [pc, #144]	; (b6100 <setup+0x1a4>)
      D = now.day();
   b606e:	4825      	ldr	r0, [pc, #148]	; (b6104 <setup+0x1a8>)
      Y = now.year();
   b6070:	f503 63fa 	add.w	r3, r3, #2000	; 0x7d0
   b6074:	6013      	str	r3, [r2, #0]
      M = now.month();
   b6076:	f89d 2009 	ldrb.w	r2, [sp, #9]
   b607a:	600a      	str	r2, [r1, #0]
      D = now.day();
   b607c:	f89d 100a 	ldrb.w	r1, [sp, #10]
   b6080:	6001      	str	r1, [r0, #0]
    sprintf(fileName, "%s_%04u_%02u_%02u.CSV", lpodID, Y, M, D);
   b6082:	e9cd 2100 	strd	r2, r1, [sp]
   b6086:	4820      	ldr	r0, [pc, #128]	; (b6108 <setup+0x1ac>)
   b6088:	4920      	ldr	r1, [pc, #128]	; (b610c <setup+0x1b0>)
   b608a:	4a21      	ldr	r2, [pc, #132]	; (b6110 <setup+0x1b4>)
   b608c:	f004 fa5e 	bl	ba54c <sprintf>
      delay(100);
   b6090:	2064      	movs	r0, #100	; 0x64
   b6092:	f004 fcf7 	bl	baa84 <delay>
    return FsVolume::m_cwv && open(FsVolume::m_cwv, path, oflag);
   b6096:	4b1f      	ldr	r3, [pc, #124]	; (b6114 <setup+0x1b8>)
   b6098:	6819      	ldr	r1, [r3, #0]
   b609a:	b129      	cbz	r1, b60a8 <setup+0x14c>
   b609c:	4a1a      	ldr	r2, [pc, #104]	; (b6108 <setup+0x1ac>)
   b609e:	481e      	ldr	r0, [pc, #120]	; (b6118 <setup+0x1bc>)
   b60a0:	f240 2309 	movw	r3, #521	; 0x209
   b60a4:	f003 fbca 	bl	b983c <_ZN10FsBaseFile4openEP8FsVolumePKci>
    file.open(fileName, O_CREAT | O_APPEND | O_WRITE);    
    digitalWrite(RED_LED, LOW);
   b60a8:	2100      	movs	r1, #0
   b60aa:	2003      	movs	r0, #3
   b60ac:	f005 fb93 	bl	bb7d6 <digitalWrite>
    digitalWrite(RED_EXTERNAL, LOW);
   b60b0:	2100      	movs	r1, #0
   b60b2:	2004      	movs	r0, #4
   b60b4:	f005 fb8f 	bl	bb7d6 <digitalWrite>
    digitalWrite(GREEN_LED, HIGH);
   b60b8:	2101      	movs	r1, #1
   b60ba:	2005      	movs	r0, #5
   b60bc:	f005 fb8b 	bl	bb7d6 <digitalWrite>
    #if SERIAL_ENABLED
      Serial.println(fileName);
   b60c0:	f005 f900 	bl	bb2c4 <_Z16_fetch_usbserialv>
   b60c4:	4910      	ldr	r1, [pc, #64]	; (b6108 <setup+0x1ac>)
   b60c6:	f004 fc46 	bl	ba956 <_ZN5Print7printlnEPKc>
    #endif //SERIAL_ENABLED
    file.close();
   b60ca:	4813      	ldr	r0, [pc, #76]	; (b6118 <setup+0x1bc>)
   b60cc:	f003 fba3 	bl	b9816 <_ZN10FsBaseFile5closeEv>
    digitalWrite(SD_CS, HIGH);
   b60d0:	2101      	movs	r1, #1
   b60d2:	2011      	movs	r0, #17
   b60d4:	f005 fb7f 	bl	bb7d6 <digitalWrite>
  #endif //SD_ENABLED
}
   b60d8:	b004      	add	sp, #16
   b60da:	bd70      	pop	{r4, r5, r6, pc}
   b60dc:	2003e014 	.word	0x2003e014
   b60e0:	000bbbfc 	.word	0x000bbbfc
   b60e4:	000bbc05 	.word	0x000bbc05
   b60e8:	2003db64 	.word	0x2003db64
   b60ec:	2003dc04 	.word	0x2003dc04
   b60f0:	000bbc11 	.word	0x000bbc11
   b60f4:	2003e1bc 	.word	0x2003e1bc
   b60f8:	000bbc45 	.word	0x000bbc45
   b60fc:	2003db54 	.word	0x2003db54
   b6100:	2003db44 	.word	0x2003db44
   b6104:	2003db40 	.word	0x2003db40
   b6108:	2003e060 	.word	0x2003e060
   b610c:	000bbc5e 	.word	0x000bbc5e
   b6110:	000bbf97 	.word	0x000bbf97
   b6114:	2003e674 	.word	0x2003e674
   b6118:	2003e020 	.word	0x2003e020

000b611c <loop>:

/***************************************************************************************/
// loop() runs over and over again, as quickly as it can execute.
void loop() {
   b611c:	b5f0      	push	{r4, r5, r6, r7, lr}
   b611e:	f5ad 7d21 	sub.w	sp, sp, #644	; 0x284
  #if DS3231_ENABLED
    DateTime now = ds3231.now();
   b6122:	4938      	ldr	r1, [pc, #224]	; (b6204 <loop+0xe8>)
    Y = now.year();  M = now.month();  D = now.day();  h = now.hour();  m = now.minute();  s = now.second();
   b6124:	4c38      	ldr	r4, [pc, #224]	; (b6208 <loop+0xec>)
   b6126:	4d39      	ldr	r5, [pc, #228]	; (b620c <loop+0xf0>)
   b6128:	4e39      	ldr	r6, [pc, #228]	; (b6210 <loop+0xf4>)
    DateTime now = ds3231.now();
   b612a:	a89c      	add	r0, sp, #624	; 0x270
   b612c:	f001 f9b3 	bl	b7496 <_ZN10RTC_DS32313nowEv>
   b6130:	f89d 2270 	ldrb.w	r2, [sp, #624]	; 0x270
    Y = now.year();  M = now.month();  D = now.day();  h = now.hour();  m = now.minute();  s = now.second();
   b6134:	4b37      	ldr	r3, [pc, #220]	; (b6214 <loop+0xf8>)
   b6136:	4938      	ldr	r1, [pc, #224]	; (b6218 <loop+0xfc>)
   b6138:	4838      	ldr	r0, [pc, #224]	; (b621c <loop+0x100>)
   b613a:	f502 62fa 	add.w	r2, r2, #2000	; 0x7d0
   b613e:	601a      	str	r2, [r3, #0]
   b6140:	f89d 3271 	ldrb.w	r3, [sp, #625]	; 0x271
   b6144:	600b      	str	r3, [r1, #0]
   b6146:	f89d 1272 	ldrb.w	r1, [sp, #626]	; 0x272
   b614a:	6001      	str	r1, [r0, #0]
   b614c:	f89d 0273 	ldrb.w	r0, [sp, #627]	; 0x273
   b6150:	6020      	str	r0, [r4, #0]
   b6152:	f89d 4274 	ldrb.w	r4, [sp, #628]	; 0x274
   b6156:	602c      	str	r4, [r5, #0]
   b6158:	f89d 5275 	ldrb.w	r5, [sp, #629]	; 0x275
   b615c:	6035      	str	r5, [r6, #0]
    sprintf(bufftime, "%04u-%02u-%02uT%02u:%02u:%02u", Y, M, D, h, m, s);
   b615e:	e9cd 1000 	strd	r1, r0, [sp]
   b6162:	e9cd 4502 	strd	r4, r5, [sp, #8]
   b6166:	492e      	ldr	r1, [pc, #184]	; (b6220 <loop+0x104>)
   b6168:	482e      	ldr	r0, [pc, #184]	; (b6224 <loop+0x108>)
  #endif  //DS3231_ENABLED
  
  #if ADS_ENABLED
    ads = ads_module.return_updated();
   b616a:	4d2f      	ldr	r5, [pc, #188]	; (b6228 <loop+0x10c>)
    sprintf(bufftime, "%04u-%02u-%02uT%02u:%02u:%02u", Y, M, D, h, m, s);
   b616c:	f004 f9ee 	bl	ba54c <sprintf>
    ads = ads_module.return_updated();
   b6170:	a89a      	add	r0, sp, #616	; 0x268
   b6172:	492e      	ldr	r1, [pc, #184]	; (b622c <loop+0x110>)
   b6174:	f000 ff82 	bl	b707c <_ZN10ADS_Module14return_updatedEv>
   b6178:	9b9a      	ldr	r3, [sp, #616]	; 0x268
   b617a:	602b      	str	r3, [r5, #0]
   b617c:	9b9b      	ldr	r3, [sp, #620]	; 0x26c
    // Serial.println(F("you did it"));
  #endif  //ADS_ENABLED

  #if BME_ENABLED
    if(!bme680.performReading())  {
   b617e:	482c      	ldr	r0, [pc, #176]	; (b6230 <loop+0x114>)
    ads = ads_module.return_updated();
   b6180:	606b      	str	r3, [r5, #4]
    if(!bme680.performReading())  {
   b6182:	f000 fdf3 	bl	b6d6c <_ZN15Adafruit_BME68014performReadingEv>
   b6186:	b938      	cbnz	r0, b6198 <loop+0x7c>
      Serial.println(F("Failed to perform reading :("));
   b6188:	f005 f89c 	bl	bb2c4 <_Z16_fetch_usbserialv>
   b618c:	4929      	ldr	r1, [pc, #164]	; (b6234 <loop+0x118>)
   b618e:	f004 fbec 	bl	ba96a <_ZN5Print7printlnEPK19__FlashStringHelper>
      }
    #endif //CELL_ENABLED

  }

}
   b6192:	f50d 7d21 	add.w	sp, sp, #644	; 0x284
   b6196:	bdf0      	pop	{r4, r5, r6, r7, pc}
  if (millis() - lastLog >= logPeriod.count())
   b6198:	4c27      	ldr	r4, [pc, #156]	; (b6238 <loop+0x11c>)

#ifdef __cplusplus
extern "C" {
#endif

inline system_tick_t millis(void) { return HAL_Timer_Get_Milli_Seconds(); }
   b619a:	f003 ffcb 	bl	ba134 <HAL_Timer_Get_Milli_Seconds>
   b619e:	6823      	ldr	r3, [r4, #0]
   b61a0:	1ac0      	subs	r0, r0, r3
   b61a2:	f242 730f 	movw	r3, #9999	; 0x270f
   b61a6:	4298      	cmp	r0, r3
   b61a8:	d9f3      	bls.n	b6192 <loop+0x76>
   b61aa:	f003 ffc3 	bl	ba134 <HAL_Timer_Get_Milli_Seconds>
    digitalWrite(SD_CS, LOW);
   b61ae:	2100      	movs	r1, #0
    lastLog = millis();
   b61b0:	6020      	str	r0, [r4, #0]
    digitalWrite(SD_CS, LOW);
   b61b2:	2011      	movs	r0, #17
   b61b4:	f005 fb0f 	bl	bb7d6 <digitalWrite>
    sd.begin(SD_CS);
   b61b8:	4820      	ldr	r0, [pc, #128]	; (b623c <loop+0x120>)
    while(!sd.begin(SD_CS)){
   b61ba:	4e20      	ldr	r6, [pc, #128]	; (b623c <loop+0x120>)
        Serial.println("Cannot find SD Card!");
   b61bc:	4f20      	ldr	r7, [pc, #128]	; (b6240 <loop+0x124>)
    sd.begin(SD_CS);
   b61be:	2111      	movs	r1, #17
   b61c0:	f7ff fe9e 	bl	b5f00 <_ZN6SdBaseI8FsVolume11FsFormatterE5beginEh>
    while(!sd.begin(SD_CS)){
   b61c4:	2111      	movs	r1, #17
   b61c6:	4630      	mov	r0, r6
   b61c8:	f7ff fe9a 	bl	b5f00 <_ZN6SdBaseI8FsVolume11FsFormatterE5beginEh>
   b61cc:	4604      	mov	r4, r0
   b61ce:	bbc8      	cbnz	r0, b6244 <loop+0x128>
        Serial.println("Cannot find SD Card!");
   b61d0:	f005 f878 	bl	bb2c4 <_Z16_fetch_usbserialv>
   b61d4:	4639      	mov	r1, r7
   b61d6:	f004 fbbe 	bl	ba956 <_ZN5Print7printlnEPKc>
        digitalWrite(RED_LED, HIGH);
   b61da:	2101      	movs	r1, #1
   b61dc:	2003      	movs	r0, #3
   b61de:	f005 fafa 	bl	bb7d6 <digitalWrite>
        digitalWrite(GREEN_EXTERNAL, LOW);
   b61e2:	4621      	mov	r1, r4
   b61e4:	2006      	movs	r0, #6
   b61e6:	f005 faf6 	bl	bb7d6 <digitalWrite>
        digitalWrite(RED_EXTERNAL, HIGH);
   b61ea:	2101      	movs	r1, #1
   b61ec:	2004      	movs	r0, #4
   b61ee:	f005 faf2 	bl	bb7d6 <digitalWrite>
        delay(100);
   b61f2:	2064      	movs	r0, #100	; 0x64
   b61f4:	f004 fc46 	bl	baa84 <delay>
      sd.begin(SD_CS);
   b61f8:	2111      	movs	r1, #17
   b61fa:	4630      	mov	r0, r6
   b61fc:	f7ff fe80 	bl	b5f00 <_ZN6SdBaseI8FsVolume11FsFormatterE5beginEh>
    while(!sd.begin(SD_CS)){
   b6200:	e7e0      	b.n	b61c4 <loop+0xa8>
   b6202:	bf00      	nop
   b6204:	2003e014 	.word	0x2003e014
   b6208:	2003e078 	.word	0x2003e078
   b620c:	2003e1b4 	.word	0x2003e1b4
   b6210:	2003e1b8 	.word	0x2003e1b8
   b6214:	2003db54 	.word	0x2003db54
   b6218:	2003db44 	.word	0x2003db44
   b621c:	2003db40 	.word	0x2003db40
   b6220:	000bbc74 	.word	0x000bbc74
   b6224:	2003dff8 	.word	0x2003dff8
   b6228:	2003db5a 	.word	0x2003db5a
   b622c:	2003db64 	.word	0x2003db64
   b6230:	2003dc04 	.word	0x2003dc04
   b6234:	000bbc92 	.word	0x000bbc92
   b6238:	2003e080 	.word	0x2003e080
   b623c:	2003e1bc 	.word	0x2003e1bc
   b6240:	000bbcaf 	.word	0x000bbcaf
    digitalWrite(RED_LED, LOW);
   b6244:	2100      	movs	r1, #0
   b6246:	2003      	movs	r0, #3
   b6248:	f005 fac5 	bl	bb7d6 <digitalWrite>
    digitalWrite(RED_EXTERNAL, LOW);
   b624c:	2100      	movs	r1, #0
   b624e:	2004      	movs	r0, #4
   b6250:	f005 fac1 	bl	bb7d6 <digitalWrite>
    if(sd.begin(SD_CS)){
   b6254:	48bd      	ldr	r0, [pc, #756]	; (b654c <loop+0x430>)
   b6256:	2111      	movs	r1, #17
   b6258:	f7ff fe52 	bl	b5f00 <_ZN6SdBaseI8FsVolume11FsFormatterE5beginEh>
   b625c:	2800      	cmp	r0, #0
   b625e:	f000 80a1 	beq.w	b63a4 <loop+0x288>
      delay(100);
   b6262:	2064      	movs	r0, #100	; 0x64
   b6264:	f004 fc0e 	bl	baa84 <delay>
   b6268:	4bb9      	ldr	r3, [pc, #740]	; (b6550 <loop+0x434>)
   b626a:	6819      	ldr	r1, [r3, #0]
   b626c:	b129      	cbz	r1, b627a <loop+0x15e>
   b626e:	4ab9      	ldr	r2, [pc, #740]	; (b6554 <loop+0x438>)
   b6270:	48b9      	ldr	r0, [pc, #740]	; (b6558 <loop+0x43c>)
   b6272:	f240 2309 	movw	r3, #521	; 0x209
   b6276:	f003 fae1 	bl	b983c <_ZN10FsBaseFile4openEP8FsVolumePKci>
      delay(1000);
   b627a:	f44f 707a 	mov.w	r0, #1000	; 0x3e8
   b627e:	f004 fc01 	bl	baa84 <delay>
      digitalWrite(GREEN_LED, HIGH);
   b6282:	2101      	movs	r1, #1
   b6284:	2005      	movs	r0, #5
   b6286:	f005 faa6 	bl	bb7d6 <digitalWrite>
      digitalWrite(RED_EXTERNAL, LOW);
   b628a:	2100      	movs	r1, #0
   b628c:	2004      	movs	r0, #4
      file.println();
   b628e:	4cb3      	ldr	r4, [pc, #716]	; (b655c <loop+0x440>)
      digitalWrite(RED_EXTERNAL, LOW);
   b6290:	f005 faa1 	bl	bb7d6 <digitalWrite>
      digitalWrite(GREEN_EXTERNAL, HIGH);
   b6294:	2101      	movs	r1, #1
   b6296:	2006      	movs	r0, #6
   b6298:	f005 fa9d 	bl	bb7d6 <digitalWrite>
      delay(100);
   b629c:	2064      	movs	r0, #100	; 0x64
   b629e:	f004 fbf1 	bl	baa84 <delay>
      file.println();
   b62a2:	4620      	mov	r0, r4
   b62a4:	f004 fb4b 	bl	ba93e <_ZN5Print7printlnEv>
        file.print(bufftime);
   b62a8:	49ad      	ldr	r1, [pc, #692]	; (b6560 <loop+0x444>)
   b62aa:	4620      	mov	r0, r4
   b62ac:	f004 fb3c 	bl	ba928 <_ZN5Print5printEPKc>
        file.print(F(","));
   b62b0:	49ac      	ldr	r1, [pc, #688]	; (b6564 <loop+0x448>)
   b62b2:	4620      	mov	r0, r4
   b62b4:	f004 fb3f 	bl	ba936 <_ZN5Print5printEPK19__FlashStringHelper>
        delay(100);
   b62b8:	2064      	movs	r0, #100	; 0x64
   b62ba:	f004 fbe3 	bl	baa84 <delay>
        return printNumber(val, base) + t;
   b62be:	220a      	movs	r2, #10
   b62c0:	8829      	ldrh	r1, [r5, #0]
   b62c2:	4620      	mov	r0, r4
   b62c4:	f004 fb53 	bl	ba96e <_ZN5Print11printNumberEmh>
        file.print(F(","));
   b62c8:	49a6      	ldr	r1, [pc, #664]	; (b6564 <loop+0x448>)
   b62ca:	4620      	mov	r0, r4
   b62cc:	f004 fb33 	bl	ba936 <_ZN5Print5printEPK19__FlashStringHelper>
        delay(100);
   b62d0:	2064      	movs	r0, #100	; 0x64
   b62d2:	f004 fbd7 	bl	baa84 <delay>
   b62d6:	220a      	movs	r2, #10
   b62d8:	8869      	ldrh	r1, [r5, #2]
   b62da:	4620      	mov	r0, r4
   b62dc:	f004 fb47 	bl	ba96e <_ZN5Print11printNumberEmh>
        file.print(F(","));
   b62e0:	49a0      	ldr	r1, [pc, #640]	; (b6564 <loop+0x448>)
   b62e2:	4620      	mov	r0, r4
   b62e4:	f004 fb27 	bl	ba936 <_ZN5Print5printEPK19__FlashStringHelper>
        delay(100);
   b62e8:	2064      	movs	r0, #100	; 0x64
   b62ea:	f004 fbcb 	bl	baa84 <delay>
   b62ee:	220a      	movs	r2, #10
   b62f0:	88a9      	ldrh	r1, [r5, #4]
   b62f2:	4620      	mov	r0, r4
   b62f4:	f004 fb3b 	bl	ba96e <_ZN5Print11printNumberEmh>
        file.print(F(","));
   b62f8:	499a      	ldr	r1, [pc, #616]	; (b6564 <loop+0x448>)
   b62fa:	4620      	mov	r0, r4
   b62fc:	f004 fb1b 	bl	ba936 <_ZN5Print5printEPK19__FlashStringHelper>
        delay(100);
   b6300:	2064      	movs	r0, #100	; 0x64
   b6302:	f004 fbbf 	bl	baa84 <delay>
   b6306:	220a      	movs	r2, #10
   b6308:	88e9      	ldrh	r1, [r5, #6]
   b630a:	4620      	mov	r0, r4
   b630c:	f004 fb2f 	bl	ba96e <_ZN5Print11printNumberEmh>
        file.print(F(","));
   b6310:	4994      	ldr	r1, [pc, #592]	; (b6564 <loop+0x448>)
   b6312:	4620      	mov	r0, r4
   b6314:	f004 fb0f 	bl	ba936 <_ZN5Print5printEPK19__FlashStringHelper>
        delay(100);
   b6318:	2064      	movs	r0, #100	; 0x64
   b631a:	f004 fbb3 	bl	baa84 <delay>
        file.print(bme680.readTemperature());
   b631e:	4892      	ldr	r0, [pc, #584]	; (b6568 <loop+0x44c>)
   b6320:	f000 fd26 	bl	b6d70 <_ZN15Adafruit_BME68015readTemperatureEv>
   b6324:	2102      	movs	r1, #2
   b6326:	4620      	mov	r0, r4
   b6328:	f7ff fcee 	bl	b5d08 <_ZN5Print5printEfi.isra.0>
        file.print(F(","));
   b632c:	498d      	ldr	r1, [pc, #564]	; (b6564 <loop+0x448>)
   b632e:	4620      	mov	r0, r4
   b6330:	f004 fb01 	bl	ba936 <_ZN5Print5printEPK19__FlashStringHelper>
        file.print(bme680.readPressure());
   b6334:	488c      	ldr	r0, [pc, #560]	; (b6568 <loop+0x44c>)
   b6336:	f000 fd22 	bl	b6d7e <_ZN15Adafruit_BME68012readPressureEv>
   b633a:	2102      	movs	r1, #2
   b633c:	4620      	mov	r0, r4
   b633e:	f7ff fce3 	bl	b5d08 <_ZN5Print5printEfi.isra.0>
        file.print(F(","));
   b6342:	4988      	ldr	r1, [pc, #544]	; (b6564 <loop+0x448>)
   b6344:	4620      	mov	r0, r4
   b6346:	f004 faf6 	bl	ba936 <_ZN5Print5printEPK19__FlashStringHelper>
        file.print(bme680.readHumidity());
   b634a:	4887      	ldr	r0, [pc, #540]	; (b6568 <loop+0x44c>)
   b634c:	f000 fd20 	bl	b6d90 <_ZN15Adafruit_BME68012readHumidityEv>
   b6350:	2102      	movs	r1, #2
   b6352:	4620      	mov	r0, r4
   b6354:	f7ff fcd8 	bl	b5d08 <_ZN5Print5printEfi.isra.0>
        file.print(F(","));
   b6358:	4982      	ldr	r1, [pc, #520]	; (b6564 <loop+0x448>)
   b635a:	4620      	mov	r0, r4
   b635c:	f004 faeb 	bl	ba936 <_ZN5Print5printEPK19__FlashStringHelper>
        file.print(bme680.readGas());
   b6360:	4881      	ldr	r0, [pc, #516]	; (b6568 <loop+0x44c>)
   b6362:	f000 fd1c 	bl	b6d9e <_ZN15Adafruit_BME6807readGasEv>
   b6366:	220a      	movs	r2, #10
   b6368:	4601      	mov	r1, r0
   b636a:	4620      	mov	r0, r4
   b636c:	f004 faff 	bl	ba96e <_ZN5Print11printNumberEmh>
        file.print(F(","));
   b6370:	497c      	ldr	r1, [pc, #496]	; (b6564 <loop+0x448>)
   b6372:	4620      	mov	r0, r4
   b6374:	f004 fadf 	bl	ba936 <_ZN5Print5printEPK19__FlashStringHelper>
        delay(100);
   b6378:	2064      	movs	r0, #100	; 0x64
   b637a:	f004 fb83 	bl	baa84 <delay>
    return m_fFile ? m_fFile->sync() : m_xFile ? m_xFile->sync() : false;
   b637e:	6c20      	ldr	r0, [r4, #64]	; 0x40
   b6380:	2800      	cmp	r0, #0
   b6382:	f000 82ef 	beq.w	b6964 <loop+0x848>
   b6386:	f002 f841 	bl	b840c <_ZN7FatFile4syncEv>
      delay(100);
   b638a:	2064      	movs	r0, #100	; 0x64
   b638c:	f004 fb7a 	bl	baa84 <delay>
      file.close();
   b6390:	4871      	ldr	r0, [pc, #452]	; (b6558 <loop+0x43c>)
   b6392:	f003 fa40 	bl	b9816 <_ZN10FsBaseFile5closeEv>
      delay(100);
   b6396:	2064      	movs	r0, #100	; 0x64
   b6398:	f004 fb74 	bl	baa84 <delay>
      digitalWrite(GREEN_LED, LOW);
   b639c:	2100      	movs	r1, #0
   b639e:	2005      	movs	r0, #5
   b63a0:	f005 fa19 	bl	bb7d6 <digitalWrite>
      Serial.println();
   b63a4:	f004 ff8e 	bl	bb2c4 <_Z16_fetch_usbserialv>
   b63a8:	f004 fac9 	bl	ba93e <_ZN5Print7printlnEv>
        Serial.print(bufftime);
   b63ac:	f004 ff8a 	bl	bb2c4 <_Z16_fetch_usbserialv>
   b63b0:	496b      	ldr	r1, [pc, #428]	; (b6560 <loop+0x444>)
      lpoddata.Mics[i] = ads.Mics;
   b63b2:	4e6e      	ldr	r6, [pc, #440]	; (b656c <loop+0x450>)
        Serial.print(bufftime);
   b63b4:	f004 fab8 	bl	ba928 <_ZN5Print5printEPKc>
        Serial.print(F(","));
   b63b8:	f004 ff84 	bl	bb2c4 <_Z16_fetch_usbserialv>
   b63bc:	4969      	ldr	r1, [pc, #420]	; (b6564 <loop+0x448>)
   b63be:	f004 faba 	bl	ba936 <_ZN5Print5printEPK19__FlashStringHelper>
        Serial.print(ads.Mics); 
   b63c2:	f004 ff7f 	bl	bb2c4 <_Z16_fetch_usbserialv>
   b63c6:	220a      	movs	r2, #10
   b63c8:	8829      	ldrh	r1, [r5, #0]
   b63ca:	f004 fad0 	bl	ba96e <_ZN5Print11printNumberEmh>
        Serial.print(F(","));
   b63ce:	f004 ff79 	bl	bb2c4 <_Z16_fetch_usbserialv>
   b63d2:	4964      	ldr	r1, [pc, #400]	; (b6564 <loop+0x448>)
   b63d4:	f004 faaf 	bl	ba936 <_ZN5Print5printEPK19__FlashStringHelper>
        delay(100);
   b63d8:	2064      	movs	r0, #100	; 0x64
   b63da:	f004 fb53 	bl	baa84 <delay>
        Serial.print(ads.Mq); 
   b63de:	f004 ff71 	bl	bb2c4 <_Z16_fetch_usbserialv>
   b63e2:	220a      	movs	r2, #10
   b63e4:	8869      	ldrh	r1, [r5, #2]
   b63e6:	f004 fac2 	bl	ba96e <_ZN5Print11printNumberEmh>
        Serial.print(F(","));
   b63ea:	f004 ff6b 	bl	bb2c4 <_Z16_fetch_usbserialv>
   b63ee:	495d      	ldr	r1, [pc, #372]	; (b6564 <loop+0x448>)
   b63f0:	f004 faa1 	bl	ba936 <_ZN5Print5printEPK19__FlashStringHelper>
        delay(100);
   b63f4:	2064      	movs	r0, #100	; 0x64
   b63f6:	f004 fb45 	bl	baa84 <delay>
        Serial.print(ads.Worker); 
   b63fa:	f004 ff63 	bl	bb2c4 <_Z16_fetch_usbserialv>
   b63fe:	220a      	movs	r2, #10
   b6400:	88a9      	ldrh	r1, [r5, #4]
   b6402:	f004 fab4 	bl	ba96e <_ZN5Print11printNumberEmh>
        Serial.print(F(","));
   b6406:	f004 ff5d 	bl	bb2c4 <_Z16_fetch_usbserialv>
   b640a:	4956      	ldr	r1, [pc, #344]	; (b6564 <loop+0x448>)
   b640c:	f004 fa93 	bl	ba936 <_ZN5Print5printEPK19__FlashStringHelper>
        delay(100);
   b6410:	2064      	movs	r0, #100	; 0x64
   b6412:	f004 fb37 	bl	baa84 <delay>
        Serial.print(ads.Auxiliary); 
   b6416:	f004 ff55 	bl	bb2c4 <_Z16_fetch_usbserialv>
   b641a:	220a      	movs	r2, #10
   b641c:	88e9      	ldrh	r1, [r5, #6]
   b641e:	f004 faa6 	bl	ba96e <_ZN5Print11printNumberEmh>
        Serial.print(F(","));
   b6422:	f004 ff4f 	bl	bb2c4 <_Z16_fetch_usbserialv>
   b6426:	494f      	ldr	r1, [pc, #316]	; (b6564 <loop+0x448>)
   b6428:	f004 fa85 	bl	ba936 <_ZN5Print5printEPK19__FlashStringHelper>
        delay(100);
   b642c:	2064      	movs	r0, #100	; 0x64
   b642e:	f004 fb29 	bl	baa84 <delay>
        Serial.print(bme680.readTemperature());
   b6432:	f004 ff47 	bl	bb2c4 <_Z16_fetch_usbserialv>
   b6436:	4604      	mov	r4, r0
   b6438:	484b      	ldr	r0, [pc, #300]	; (b6568 <loop+0x44c>)
   b643a:	f000 fc99 	bl	b6d70 <_ZN15Adafruit_BME68015readTemperatureEv>
   b643e:	2102      	movs	r1, #2
   b6440:	4620      	mov	r0, r4
   b6442:	f7ff fc61 	bl	b5d08 <_ZN5Print5printEfi.isra.0>
        Serial.print(F(","));
   b6446:	f004 ff3d 	bl	bb2c4 <_Z16_fetch_usbserialv>
   b644a:	4946      	ldr	r1, [pc, #280]	; (b6564 <loop+0x448>)
   b644c:	f004 fa73 	bl	ba936 <_ZN5Print5printEPK19__FlashStringHelper>
        Serial.print(bme680.readPressure());
   b6450:	f004 ff38 	bl	bb2c4 <_Z16_fetch_usbserialv>
   b6454:	4604      	mov	r4, r0
   b6456:	4844      	ldr	r0, [pc, #272]	; (b6568 <loop+0x44c>)
   b6458:	f000 fc91 	bl	b6d7e <_ZN15Adafruit_BME68012readPressureEv>
   b645c:	2102      	movs	r1, #2
   b645e:	4620      	mov	r0, r4
   b6460:	f7ff fc52 	bl	b5d08 <_ZN5Print5printEfi.isra.0>
        Serial.print(F(","));
   b6464:	f004 ff2e 	bl	bb2c4 <_Z16_fetch_usbserialv>
   b6468:	493e      	ldr	r1, [pc, #248]	; (b6564 <loop+0x448>)
   b646a:	f004 fa64 	bl	ba936 <_ZN5Print5printEPK19__FlashStringHelper>
        Serial.print(bme680.readHumidity());
   b646e:	f004 ff29 	bl	bb2c4 <_Z16_fetch_usbserialv>
   b6472:	4604      	mov	r4, r0
   b6474:	483c      	ldr	r0, [pc, #240]	; (b6568 <loop+0x44c>)
   b6476:	f000 fc8b 	bl	b6d90 <_ZN15Adafruit_BME68012readHumidityEv>
   b647a:	2102      	movs	r1, #2
   b647c:	4620      	mov	r0, r4
   b647e:	f7ff fc43 	bl	b5d08 <_ZN5Print5printEfi.isra.0>
        Serial.print(F(","));
   b6482:	f004 ff1f 	bl	bb2c4 <_Z16_fetch_usbserialv>
   b6486:	4937      	ldr	r1, [pc, #220]	; (b6564 <loop+0x448>)
   b6488:	f004 fa55 	bl	ba936 <_ZN5Print5printEPK19__FlashStringHelper>
        Serial.print(bme680.readGas());
   b648c:	f004 ff1a 	bl	bb2c4 <_Z16_fetch_usbserialv>
   b6490:	4604      	mov	r4, r0
   b6492:	4835      	ldr	r0, [pc, #212]	; (b6568 <loop+0x44c>)
   b6494:	f000 fc83 	bl	b6d9e <_ZN15Adafruit_BME6807readGasEv>
   b6498:	220a      	movs	r2, #10
   b649a:	4601      	mov	r1, r0
   b649c:	4620      	mov	r0, r4
   b649e:	f004 fa66 	bl	ba96e <_ZN5Print11printNumberEmh>
        Serial.print(F(","));
   b64a2:	f004 ff0f 	bl	bb2c4 <_Z16_fetch_usbserialv>
   b64a6:	492f      	ldr	r1, [pc, #188]	; (b6564 <loop+0x448>)
      lpoddata.Mics[i] = ads.Mics;
   b64a8:	4c31      	ldr	r4, [pc, #196]	; (b6570 <loop+0x454>)
        Serial.print(F(","));
   b64aa:	f004 fa44 	bl	ba936 <_ZN5Print5printEPK19__FlashStringHelper>
        delay(100);
   b64ae:	2064      	movs	r0, #100	; 0x64
   b64b0:	f004 fae8 	bl	baa84 <delay>
      digitalWrite(BLUE_LED, HIGH);
   b64b4:	2101      	movs	r1, #1
   b64b6:	2002      	movs	r0, #2
   b64b8:	f005 f98d 	bl	bb7d6 <digitalWrite>
      lpoddata.Mics[i] = ads.Mics;
   b64bc:	6833      	ldr	r3, [r6, #0]
   b64be:	882a      	ldrh	r2, [r5, #0]
   b64c0:	f824 2013 	strh.w	r2, [r4, r3, lsl #1]
      delay(100);
   b64c4:	2064      	movs	r0, #100	; 0x64
   b64c6:	f004 fadd 	bl	baa84 <delay>
      lpoddata.Mq[i] = ads.Mq;
   b64ca:	6833      	ldr	r3, [r6, #0]
   b64cc:	886a      	ldrh	r2, [r5, #2]
   b64ce:	eb04 0343 	add.w	r3, r4, r3, lsl #1
      delay(100);
   b64d2:	2064      	movs	r0, #100	; 0x64
      lpoddata.Mq[i] = ads.Mq;
   b64d4:	84da      	strh	r2, [r3, #38]	; 0x26
      delay(100);
   b64d6:	f004 fad5 	bl	baa84 <delay>
      lpoddata.CO_Auxiliary[i] = ads.Auxiliary;
   b64da:	6833      	ldr	r3, [r6, #0]
   b64dc:	88ea      	ldrh	r2, [r5, #6]
   b64de:	eb04 0343 	add.w	r3, r4, r3, lsl #1
      delay(100);
   b64e2:	2064      	movs	r0, #100	; 0x64
      lpoddata.CO_Auxiliary[i] = ads.Auxiliary;
   b64e4:	f8a3 2072 	strh.w	r2, [r3, #114]	; 0x72
      delay(100);
   b64e8:	f004 facc 	bl	baa84 <delay>
      lpoddata.CO_Worker[i] = ads.Worker;
   b64ec:	6833      	ldr	r3, [r6, #0]
   b64ee:	88aa      	ldrh	r2, [r5, #4]
   b64f0:	eb04 0343 	add.w	r3, r4, r3, lsl #1
      delay(100);
   b64f4:	2064      	movs	r0, #100	; 0x64
      lpoddata.CO_Worker[i] = ads.Worker;
   b64f6:	f8a3 204c 	strh.w	r2, [r3, #76]	; 0x4c
      delay(100);
   b64fa:	f004 fac3 	bl	baa84 <delay>
      lpoddata.Rel_Humidity[i] = bme680.readHumidity();
   b64fe:	481a      	ldr	r0, [pc, #104]	; (b6568 <loop+0x44c>)
   b6500:	6835      	ldr	r5, [r6, #0]
   b6502:	f000 fc45 	bl	b6d90 <_ZN15Adafruit_BME68012readHumidityEv>
   b6506:	eb04 0585 	add.w	r5, r4, r5, lsl #2
   b650a:	ed85 0a39 	vstr	s0, [r5, #228]	; 0xe4
      delay(100);
   b650e:	2064      	movs	r0, #100	; 0x64
   b6510:	f004 fab8 	bl	baa84 <delay>
      lpoddata.Temperature[i] = bme680.readTemperature();
   b6514:	4814      	ldr	r0, [pc, #80]	; (b6568 <loop+0x44c>)
   b6516:	6835      	ldr	r5, [r6, #0]
   b6518:	f000 fc2a 	bl	b6d70 <_ZN15Adafruit_BME68015readTemperatureEv>
   b651c:	eb04 0585 	add.w	r5, r4, r5, lsl #2
   b6520:	ed85 0a26 	vstr	s0, [r5, #152]	; 0x98
      delay(100);
   b6524:	2064      	movs	r0, #100	; 0x64
   b6526:	f004 faad 	bl	baa84 <delay>
      i = i+1;
   b652a:	6833      	ldr	r3, [r6, #0]
      digitalWrite(BLUE_LED, LOW);
   b652c:	2100      	movs	r1, #0
      i = i+1;
   b652e:	3301      	adds	r3, #1
      digitalWrite(BLUE_LED, LOW);
   b6530:	2002      	movs	r0, #2
      i = i+1;
   b6532:	6033      	str	r3, [r6, #0]
      digitalWrite(BLUE_LED, LOW);
   b6534:	f005 f94f 	bl	bb7d6 <digitalWrite>
      if(i == RUN_TO_PUBLISH) {
   b6538:	6833      	ldr	r3, [r6, #0]
   b653a:	2b13      	cmp	r3, #19
   b653c:	f47f ae29 	bne.w	b6192 <loop+0x76>
    static void sleep(Spark_Sleep_TypeDef sleepMode, long seconds=0) __attribute__ ((deprecated("Please use System.sleep() instead.")))
    { SystemClass::sleep(sleepMode, seconds); }
    static void sleep(uint16_t wakeUpPin, InterruptMode edgeTriggerMode, long seconds=0) __attribute__ ((deprecated("Please use System.sleep() instead.")))
    { SystemClass::sleep(wakeUpPin, edgeTriggerMode, seconds); }

    static bool connected(void) { return spark_cloud_flag_connected(); }
   b6540:	f003 ffdc 	bl	ba4fc <spark_cloud_flag_connected>
        if(Particle.connected())  {
   b6544:	2800      	cmp	r0, #0
   b6546:	f43f ae24 	beq.w	b6192 <loop+0x76>
   b654a:	e013      	b.n	b6574 <loop+0x458>
   b654c:	2003e1bc 	.word	0x2003e1bc
   b6550:	2003e674 	.word	0x2003e674
   b6554:	2003e060 	.word	0x2003e060
   b6558:	2003e020 	.word	0x2003e020
   b655c:	2003e018 	.word	0x2003e018
   b6560:	2003dff8 	.word	0x2003dff8
   b6564:	000bbcc4 	.word	0x000bbcc4
   b6568:	2003dc04 	.word	0x2003dc04
   b656c:	2003e07c 	.word	0x2003e07c
   b6570:	2003e084 	.word	0x2003e084
          digitalWrite(BLUE_LED, HIGH);
   b6574:	2101      	movs	r1, #1
   b6576:	2002      	movs	r0, #2
   b6578:	f005 f92d 	bl	bb7d6 <digitalWrite>
          digitalWrite(RED_LED, HIGH);
   b657c:	2101      	movs	r1, #1
   b657e:	2003      	movs	r0, #3
   b6580:	f005 f929 	bl	bb7d6 <digitalWrite>
          snprintf(buff, sizeof(buff), 
   b6584:	8823      	ldrh	r3, [r4, #0]
   b6586:	f8d4 012c 	ldr.w	r0, [r4, #300]	; 0x12c
   b658a:	9399      	str	r3, [sp, #612]	; 0x264
   b658c:	f7fd feaa 	bl	b42e4 <__aeabi_f2d>
   b6590:	e9cd 0196 	strd	r0, r1, [sp, #600]	; 0x258
   b6594:	f8d4 00e0 	ldr.w	r0, [r4, #224]	; 0xe0
   b6598:	f7fd fea4 	bl	b42e4 <__aeabi_f2d>
   b659c:	e9cd 0194 	strd	r0, r1, [sp, #592]	; 0x250
   b65a0:	f8b4 2070 	ldrh.w	r2, [r4, #112]	; 0x70
   b65a4:	9293      	str	r2, [sp, #588]	; 0x24c
   b65a6:	f8b4 2096 	ldrh.w	r2, [r4, #150]	; 0x96
   b65aa:	9292      	str	r2, [sp, #584]	; 0x248
   b65ac:	f8b4 204a 	ldrh.w	r2, [r4, #74]	; 0x4a
   b65b0:	9291      	str	r2, [sp, #580]	; 0x244
   b65b2:	8ca2      	ldrh	r2, [r4, #36]	; 0x24
   b65b4:	9290      	str	r2, [sp, #576]	; 0x240
   b65b6:	f8d4 0128 	ldr.w	r0, [r4, #296]	; 0x128
   b65ba:	f7fd fe93 	bl	b42e4 <__aeabi_f2d>
   b65be:	e9cd 018e 	strd	r0, r1, [sp, #568]	; 0x238
   b65c2:	f8d4 00dc 	ldr.w	r0, [r4, #220]	; 0xdc
   b65c6:	f7fd fe8d 	bl	b42e4 <__aeabi_f2d>
   b65ca:	e9cd 018c 	strd	r0, r1, [sp, #560]	; 0x230
   b65ce:	f8b4 206e 	ldrh.w	r2, [r4, #110]	; 0x6e
   b65d2:	928b      	str	r2, [sp, #556]	; 0x22c
   b65d4:	f8b4 2094 	ldrh.w	r2, [r4, #148]	; 0x94
   b65d8:	928a      	str	r2, [sp, #552]	; 0x228
   b65da:	f8b4 2048 	ldrh.w	r2, [r4, #72]	; 0x48
   b65de:	9289      	str	r2, [sp, #548]	; 0x224
   b65e0:	8c62      	ldrh	r2, [r4, #34]	; 0x22
   b65e2:	9288      	str	r2, [sp, #544]	; 0x220
   b65e4:	f8d4 0124 	ldr.w	r0, [r4, #292]	; 0x124
   b65e8:	f7fd fe7c 	bl	b42e4 <__aeabi_f2d>
   b65ec:	e9cd 0186 	strd	r0, r1, [sp, #536]	; 0x218
   b65f0:	f8d4 00d8 	ldr.w	r0, [r4, #216]	; 0xd8
   b65f4:	f7fd fe76 	bl	b42e4 <__aeabi_f2d>
   b65f8:	e9cd 0184 	strd	r0, r1, [sp, #528]	; 0x210
   b65fc:	f8b4 206c 	ldrh.w	r2, [r4, #108]	; 0x6c
   b6600:	9283      	str	r2, [sp, #524]	; 0x20c
   b6602:	f8b4 2092 	ldrh.w	r2, [r4, #146]	; 0x92
   b6606:	9282      	str	r2, [sp, #520]	; 0x208
   b6608:	f8b4 2046 	ldrh.w	r2, [r4, #70]	; 0x46
   b660c:	9281      	str	r2, [sp, #516]	; 0x204
   b660e:	8c22      	ldrh	r2, [r4, #32]
   b6610:	9280      	str	r2, [sp, #512]	; 0x200
   b6612:	f8d4 0120 	ldr.w	r0, [r4, #288]	; 0x120
   b6616:	f7fd fe65 	bl	b42e4 <__aeabi_f2d>
   b661a:	e9cd 017e 	strd	r0, r1, [sp, #504]	; 0x1f8
   b661e:	f8d4 00d4 	ldr.w	r0, [r4, #212]	; 0xd4
   b6622:	f7fd fe5f 	bl	b42e4 <__aeabi_f2d>
   b6626:	e9cd 017c 	strd	r0, r1, [sp, #496]	; 0x1f0
   b662a:	f8b4 206a 	ldrh.w	r2, [r4, #106]	; 0x6a
   b662e:	927b      	str	r2, [sp, #492]	; 0x1ec
   b6630:	f8b4 2090 	ldrh.w	r2, [r4, #144]	; 0x90
   b6634:	927a      	str	r2, [sp, #488]	; 0x1e8
   b6636:	f8b4 2044 	ldrh.w	r2, [r4, #68]	; 0x44
   b663a:	9279      	str	r2, [sp, #484]	; 0x1e4
   b663c:	8be2      	ldrh	r2, [r4, #30]
   b663e:	9278      	str	r2, [sp, #480]	; 0x1e0
   b6640:	f8d4 011c 	ldr.w	r0, [r4, #284]	; 0x11c
   b6644:	f7fd fe4e 	bl	b42e4 <__aeabi_f2d>
   b6648:	e9cd 0176 	strd	r0, r1, [sp, #472]	; 0x1d8
   b664c:	f8d4 00d0 	ldr.w	r0, [r4, #208]	; 0xd0
   b6650:	f7fd fe48 	bl	b42e4 <__aeabi_f2d>
   b6654:	e9cd 0174 	strd	r0, r1, [sp, #464]	; 0x1d0
   b6658:	f8b4 2068 	ldrh.w	r2, [r4, #104]	; 0x68
   b665c:	9273      	str	r2, [sp, #460]	; 0x1cc
   b665e:	f8b4 208e 	ldrh.w	r2, [r4, #142]	; 0x8e
   b6662:	9272      	str	r2, [sp, #456]	; 0x1c8
   b6664:	f8b4 2042 	ldrh.w	r2, [r4, #66]	; 0x42
   b6668:	9271      	str	r2, [sp, #452]	; 0x1c4
   b666a:	8ba2      	ldrh	r2, [r4, #28]
   b666c:	9270      	str	r2, [sp, #448]	; 0x1c0
   b666e:	f8d4 0118 	ldr.w	r0, [r4, #280]	; 0x118
   b6672:	f7fd fe37 	bl	b42e4 <__aeabi_f2d>
   b6676:	e9cd 016e 	strd	r0, r1, [sp, #440]	; 0x1b8
   b667a:	f8d4 00cc 	ldr.w	r0, [r4, #204]	; 0xcc
   b667e:	f7fd fe31 	bl	b42e4 <__aeabi_f2d>
   b6682:	e9cd 016c 	strd	r0, r1, [sp, #432]	; 0x1b0
   b6686:	f8b4 2066 	ldrh.w	r2, [r4, #102]	; 0x66
   b668a:	926b      	str	r2, [sp, #428]	; 0x1ac
   b668c:	f8b4 208c 	ldrh.w	r2, [r4, #140]	; 0x8c
   b6690:	926a      	str	r2, [sp, #424]	; 0x1a8
   b6692:	f8b4 2040 	ldrh.w	r2, [r4, #64]	; 0x40
   b6696:	9269      	str	r2, [sp, #420]	; 0x1a4
   b6698:	8b62      	ldrh	r2, [r4, #26]
   b669a:	9268      	str	r2, [sp, #416]	; 0x1a0
   b669c:	f8d4 0114 	ldr.w	r0, [r4, #276]	; 0x114
   b66a0:	f7fd fe20 	bl	b42e4 <__aeabi_f2d>
   b66a4:	e9cd 0166 	strd	r0, r1, [sp, #408]	; 0x198
   b66a8:	f8d4 00c8 	ldr.w	r0, [r4, #200]	; 0xc8
   b66ac:	f7fd fe1a 	bl	b42e4 <__aeabi_f2d>
   b66b0:	e9cd 0164 	strd	r0, r1, [sp, #400]	; 0x190
   b66b4:	f8b4 2064 	ldrh.w	r2, [r4, #100]	; 0x64
   b66b8:	9263      	str	r2, [sp, #396]	; 0x18c
   b66ba:	f8b4 208a 	ldrh.w	r2, [r4, #138]	; 0x8a
   b66be:	9262      	str	r2, [sp, #392]	; 0x188
   b66c0:	8fe2      	ldrh	r2, [r4, #62]	; 0x3e
   b66c2:	9261      	str	r2, [sp, #388]	; 0x184
   b66c4:	8b22      	ldrh	r2, [r4, #24]
   b66c6:	9260      	str	r2, [sp, #384]	; 0x180
   b66c8:	f8d4 0110 	ldr.w	r0, [r4, #272]	; 0x110
   b66cc:	f7fd fe0a 	bl	b42e4 <__aeabi_f2d>
   b66d0:	e9cd 015e 	strd	r0, r1, [sp, #376]	; 0x178
   b66d4:	f8d4 00c4 	ldr.w	r0, [r4, #196]	; 0xc4
   b66d8:	f7fd fe04 	bl	b42e4 <__aeabi_f2d>
   b66dc:	e9cd 015c 	strd	r0, r1, [sp, #368]	; 0x170
   b66e0:	f8b4 2062 	ldrh.w	r2, [r4, #98]	; 0x62
   b66e4:	925b      	str	r2, [sp, #364]	; 0x16c
   b66e6:	f8b4 2088 	ldrh.w	r2, [r4, #136]	; 0x88
   b66ea:	925a      	str	r2, [sp, #360]	; 0x168
   b66ec:	8fa2      	ldrh	r2, [r4, #60]	; 0x3c
   b66ee:	9259      	str	r2, [sp, #356]	; 0x164
   b66f0:	8ae2      	ldrh	r2, [r4, #22]
   b66f2:	9258      	str	r2, [sp, #352]	; 0x160
   b66f4:	f8d4 010c 	ldr.w	r0, [r4, #268]	; 0x10c
   b66f8:	f7fd fdf4 	bl	b42e4 <__aeabi_f2d>
   b66fc:	e9cd 0156 	strd	r0, r1, [sp, #344]	; 0x158
   b6700:	f8d4 00c0 	ldr.w	r0, [r4, #192]	; 0xc0
   b6704:	f7fd fdee 	bl	b42e4 <__aeabi_f2d>
   b6708:	e9cd 0154 	strd	r0, r1, [sp, #336]	; 0x150
   b670c:	f8b4 2060 	ldrh.w	r2, [r4, #96]	; 0x60
   b6710:	9253      	str	r2, [sp, #332]	; 0x14c
   b6712:	f8b4 2086 	ldrh.w	r2, [r4, #134]	; 0x86
   b6716:	9252      	str	r2, [sp, #328]	; 0x148
   b6718:	8f62      	ldrh	r2, [r4, #58]	; 0x3a
   b671a:	9251      	str	r2, [sp, #324]	; 0x144
   b671c:	8aa2      	ldrh	r2, [r4, #20]
   b671e:	9250      	str	r2, [sp, #320]	; 0x140
   b6720:	f8d4 0108 	ldr.w	r0, [r4, #264]	; 0x108
   b6724:	f7fd fdde 	bl	b42e4 <__aeabi_f2d>
   b6728:	e9cd 014e 	strd	r0, r1, [sp, #312]	; 0x138
   b672c:	f8d4 00bc 	ldr.w	r0, [r4, #188]	; 0xbc
   b6730:	f7fd fdd8 	bl	b42e4 <__aeabi_f2d>
   b6734:	e9cd 014c 	strd	r0, r1, [sp, #304]	; 0x130
   b6738:	f8b4 205e 	ldrh.w	r2, [r4, #94]	; 0x5e
   b673c:	924b      	str	r2, [sp, #300]	; 0x12c
   b673e:	f8b4 2084 	ldrh.w	r2, [r4, #132]	; 0x84
   b6742:	924a      	str	r2, [sp, #296]	; 0x128
   b6744:	8f22      	ldrh	r2, [r4, #56]	; 0x38
   b6746:	9249      	str	r2, [sp, #292]	; 0x124
   b6748:	8a62      	ldrh	r2, [r4, #18]
   b674a:	9248      	str	r2, [sp, #288]	; 0x120
   b674c:	f8d4 0104 	ldr.w	r0, [r4, #260]	; 0x104
   b6750:	f7fd fdc8 	bl	b42e4 <__aeabi_f2d>
   b6754:	e9cd 0146 	strd	r0, r1, [sp, #280]	; 0x118
   b6758:	f8d4 00b8 	ldr.w	r0, [r4, #184]	; 0xb8
   b675c:	f7fd fdc2 	bl	b42e4 <__aeabi_f2d>
   b6760:	e9cd 0144 	strd	r0, r1, [sp, #272]	; 0x110
   b6764:	f8b4 205c 	ldrh.w	r2, [r4, #92]	; 0x5c
   b6768:	9243      	str	r2, [sp, #268]	; 0x10c
   b676a:	f8b4 2082 	ldrh.w	r2, [r4, #130]	; 0x82
   b676e:	9242      	str	r2, [sp, #264]	; 0x108
   b6770:	8ee2      	ldrh	r2, [r4, #54]	; 0x36
   b6772:	9241      	str	r2, [sp, #260]	; 0x104
   b6774:	8a22      	ldrh	r2, [r4, #16]
   b6776:	9240      	str	r2, [sp, #256]	; 0x100
   b6778:	f8d4 0100 	ldr.w	r0, [r4, #256]	; 0x100
   b677c:	f7fd fdb2 	bl	b42e4 <__aeabi_f2d>
   b6780:	e9cd 013e 	strd	r0, r1, [sp, #248]	; 0xf8
   b6784:	f8d4 00b4 	ldr.w	r0, [r4, #180]	; 0xb4
   b6788:	f7fd fdac 	bl	b42e4 <__aeabi_f2d>
   b678c:	e9cd 013c 	strd	r0, r1, [sp, #240]	; 0xf0
   b6790:	f8b4 205a 	ldrh.w	r2, [r4, #90]	; 0x5a
   b6794:	923b      	str	r2, [sp, #236]	; 0xec
   b6796:	f8b4 2080 	ldrh.w	r2, [r4, #128]	; 0x80
   b679a:	923a      	str	r2, [sp, #232]	; 0xe8
   b679c:	8ea2      	ldrh	r2, [r4, #52]	; 0x34
   b679e:	9239      	str	r2, [sp, #228]	; 0xe4
   b67a0:	89e2      	ldrh	r2, [r4, #14]
   b67a2:	9238      	str	r2, [sp, #224]	; 0xe0
   b67a4:	f8d4 00fc 	ldr.w	r0, [r4, #252]	; 0xfc
   b67a8:	f7fd fd9c 	bl	b42e4 <__aeabi_f2d>
   b67ac:	e9cd 0136 	strd	r0, r1, [sp, #216]	; 0xd8
   b67b0:	f8d4 00b0 	ldr.w	r0, [r4, #176]	; 0xb0
   b67b4:	f7fd fd96 	bl	b42e4 <__aeabi_f2d>
   b67b8:	e9cd 0134 	strd	r0, r1, [sp, #208]	; 0xd0
   b67bc:	f8b4 2058 	ldrh.w	r2, [r4, #88]	; 0x58
   b67c0:	9233      	str	r2, [sp, #204]	; 0xcc
   b67c2:	f8b4 207e 	ldrh.w	r2, [r4, #126]	; 0x7e
   b67c6:	9232      	str	r2, [sp, #200]	; 0xc8
   b67c8:	8e62      	ldrh	r2, [r4, #50]	; 0x32
   b67ca:	9231      	str	r2, [sp, #196]	; 0xc4
   b67cc:	89a2      	ldrh	r2, [r4, #12]
   b67ce:	9230      	str	r2, [sp, #192]	; 0xc0
   b67d0:	f8d4 00f8 	ldr.w	r0, [r4, #248]	; 0xf8
   b67d4:	f7fd fd86 	bl	b42e4 <__aeabi_f2d>
   b67d8:	e9cd 012e 	strd	r0, r1, [sp, #184]	; 0xb8
   b67dc:	f8d4 00ac 	ldr.w	r0, [r4, #172]	; 0xac
   b67e0:	f7fd fd80 	bl	b42e4 <__aeabi_f2d>
   b67e4:	e9cd 012c 	strd	r0, r1, [sp, #176]	; 0xb0
   b67e8:	f8b4 2056 	ldrh.w	r2, [r4, #86]	; 0x56
   b67ec:	922b      	str	r2, [sp, #172]	; 0xac
   b67ee:	f8b4 207c 	ldrh.w	r2, [r4, #124]	; 0x7c
   b67f2:	922a      	str	r2, [sp, #168]	; 0xa8
   b67f4:	8e22      	ldrh	r2, [r4, #48]	; 0x30
   b67f6:	9229      	str	r2, [sp, #164]	; 0xa4
   b67f8:	8962      	ldrh	r2, [r4, #10]
   b67fa:	9228      	str	r2, [sp, #160]	; 0xa0
   b67fc:	f8d4 00f4 	ldr.w	r0, [r4, #244]	; 0xf4
   b6800:	f7fd fd70 	bl	b42e4 <__aeabi_f2d>
   b6804:	e9cd 0126 	strd	r0, r1, [sp, #152]	; 0x98
   b6808:	f8d4 00a8 	ldr.w	r0, [r4, #168]	; 0xa8
   b680c:	f7fd fd6a 	bl	b42e4 <__aeabi_f2d>
   b6810:	e9cd 0124 	strd	r0, r1, [sp, #144]	; 0x90
   b6814:	f8b4 2054 	ldrh.w	r2, [r4, #84]	; 0x54
   b6818:	9223      	str	r2, [sp, #140]	; 0x8c
   b681a:	f8b4 207a 	ldrh.w	r2, [r4, #122]	; 0x7a
   b681e:	9222      	str	r2, [sp, #136]	; 0x88
   b6820:	8de2      	ldrh	r2, [r4, #46]	; 0x2e
   b6822:	9221      	str	r2, [sp, #132]	; 0x84
   b6824:	8922      	ldrh	r2, [r4, #8]
   b6826:	9220      	str	r2, [sp, #128]	; 0x80
   b6828:	f8d4 00f0 	ldr.w	r0, [r4, #240]	; 0xf0
   b682c:	f7fd fd5a 	bl	b42e4 <__aeabi_f2d>
   b6830:	e9cd 011e 	strd	r0, r1, [sp, #120]	; 0x78
   b6834:	f8d4 00a4 	ldr.w	r0, [r4, #164]	; 0xa4
   b6838:	f7fd fd54 	bl	b42e4 <__aeabi_f2d>
   b683c:	e9cd 011c 	strd	r0, r1, [sp, #112]	; 0x70
   b6840:	f8b4 2052 	ldrh.w	r2, [r4, #82]	; 0x52
   b6844:	921b      	str	r2, [sp, #108]	; 0x6c
   b6846:	f8b4 2078 	ldrh.w	r2, [r4, #120]	; 0x78
   b684a:	921a      	str	r2, [sp, #104]	; 0x68
   b684c:	8da2      	ldrh	r2, [r4, #44]	; 0x2c
   b684e:	9219      	str	r2, [sp, #100]	; 0x64
   b6850:	88e2      	ldrh	r2, [r4, #6]
   b6852:	9218      	str	r2, [sp, #96]	; 0x60
   b6854:	f8d4 00ec 	ldr.w	r0, [r4, #236]	; 0xec
   b6858:	f7fd fd44 	bl	b42e4 <__aeabi_f2d>
   b685c:	e9cd 0116 	strd	r0, r1, [sp, #88]	; 0x58
   b6860:	f8d4 00a0 	ldr.w	r0, [r4, #160]	; 0xa0
   b6864:	f7fd fd3e 	bl	b42e4 <__aeabi_f2d>
   b6868:	e9cd 0114 	strd	r0, r1, [sp, #80]	; 0x50
   b686c:	f8b4 2050 	ldrh.w	r2, [r4, #80]	; 0x50
   b6870:	9213      	str	r2, [sp, #76]	; 0x4c
   b6872:	f8b4 2076 	ldrh.w	r2, [r4, #118]	; 0x76
   b6876:	9212      	str	r2, [sp, #72]	; 0x48
   b6878:	8d62      	ldrh	r2, [r4, #42]	; 0x2a
   b687a:	9211      	str	r2, [sp, #68]	; 0x44
   b687c:	88a2      	ldrh	r2, [r4, #4]
   b687e:	9210      	str	r2, [sp, #64]	; 0x40
   b6880:	f8d4 00e8 	ldr.w	r0, [r4, #232]	; 0xe8
   b6884:	f7fd fd2e 	bl	b42e4 <__aeabi_f2d>
   b6888:	e9cd 010e 	strd	r0, r1, [sp, #56]	; 0x38
   b688c:	f8d4 009c 	ldr.w	r0, [r4, #156]	; 0x9c
   b6890:	f7fd fd28 	bl	b42e4 <__aeabi_f2d>
   b6894:	e9cd 010c 	strd	r0, r1, [sp, #48]	; 0x30
   b6898:	f8b4 204e 	ldrh.w	r2, [r4, #78]	; 0x4e
   b689c:	920b      	str	r2, [sp, #44]	; 0x2c
   b689e:	f8b4 2074 	ldrh.w	r2, [r4, #116]	; 0x74
   b68a2:	920a      	str	r2, [sp, #40]	; 0x28
   b68a4:	8d22      	ldrh	r2, [r4, #40]	; 0x28
   b68a6:	9209      	str	r2, [sp, #36]	; 0x24
   b68a8:	8862      	ldrh	r2, [r4, #2]
   b68aa:	9208      	str	r2, [sp, #32]
   b68ac:	f8d4 00e4 	ldr.w	r0, [r4, #228]	; 0xe4
   b68b0:	f7fd fd18 	bl	b42e4 <__aeabi_f2d>
   b68b4:	e9cd 0106 	strd	r0, r1, [sp, #24]
   b68b8:	f8d4 0098 	ldr.w	r0, [r4, #152]	; 0x98
   b68bc:	f7fd fd12 	bl	b42e4 <__aeabi_f2d>
   b68c0:	e9cd 0104 	strd	r0, r1, [sp, #16]
   b68c4:	f8b4 204c 	ldrh.w	r2, [r4, #76]	; 0x4c
   b68c8:	9202      	str	r2, [sp, #8]
   b68ca:	f8b4 2072 	ldrh.w	r2, [r4, #114]	; 0x72
   b68ce:	9201      	str	r2, [sp, #4]
   b68d0:	8ce2      	ldrh	r2, [r4, #38]	; 0x26
   b68d2:	9b99      	ldr	r3, [sp, #612]	; 0x264
   b68d4:	9200      	str	r2, [sp, #0]
   b68d6:	f44f 7158 	mov.w	r1, #864	; 0x360
   b68da:	4a26      	ldr	r2, [pc, #152]	; (b6974 <loop+0x858>)
   b68dc:	4826      	ldr	r0, [pc, #152]	; (b6978 <loop+0x85c>)
   b68de:	f003 fe3d 	bl	ba55c <snprintf>
          delay(100);
   b68e2:	2064      	movs	r0, #100	; 0x64
   b68e4:	f004 f8ce 	bl	baa84 <delay>
          Particle.publish(eventName,buff,PRIVATE);
   b68e8:	4b24      	ldr	r3, [pc, #144]	; (b697c <loop+0x860>)
        return publish_event(eventName, eventData, eventData ? std::strlen(eventData) : 0, static_cast<int>(particle::ContentType::TEXT), ttl, flags1 | flags2);
   b68ea:	4823      	ldr	r0, [pc, #140]	; (b6978 <loop+0x85c>)
   b68ec:	6819      	ldr	r1, [r3, #0]
   b68ee:	9199      	str	r1, [sp, #612]	; 0x264
   b68f0:	f7fe f848 	bl	b4984 <strlen>
inline particle::Flags<TagT, ValueT>::Flags(Flag<TagT, ValueT> flag) :
        val_(flag.value()) {
}

template<typename TagT, typename ValueT>
inline particle::Flags<TagT, ValueT>::Flags(ValueT val) :
   b68f4:	4a22      	ldr	r2, [pc, #136]	; (b6980 <loop+0x864>)
   b68f6:	7812      	ldrb	r2, [r2, #0]
   b68f8:	f88d 2008 	strb.w	r2, [sp, #8]
   b68fc:	213c      	movs	r1, #60	; 0x3c
   b68fe:	2200      	movs	r2, #0
   b6900:	e9cd 2100 	strd	r2, r1, [sp]
   b6904:	4603      	mov	r3, r0
   b6906:	4a1c      	ldr	r2, [pc, #112]	; (b6978 <loop+0x85c>)
   b6908:	9999      	ldr	r1, [sp, #612]	; 0x264
   b690a:	a89e      	add	r0, sp, #632	; 0x278
   b690c:	f004 fab4 	bl	bae78 <_ZN10CloudClass13publish_eventEPKcS1_jiiN8particle5FlagsI15PublishFlagTypehEE>
      // Does not throw if __r._M_get_use_count() == 0, caller must check.
      explicit __shared_count(const __weak_count<_Lp>& __r, std::nothrow_t);

      ~__shared_count() noexcept
      {
	if (_M_pi != nullptr)
   b6910:	9c9f      	ldr	r4, [sp, #636]	; 0x27c
   b6912:	b17c      	cbz	r4, b6934 <loop+0x818>
      if (--_M_use_count == 0)
   b6914:	6863      	ldr	r3, [r4, #4]
   b6916:	3b01      	subs	r3, #1
   b6918:	6063      	str	r3, [r4, #4]
   b691a:	b95b      	cbnz	r3, b6934 <loop+0x818>
          _M_dispose();
   b691c:	6823      	ldr	r3, [r4, #0]
   b691e:	4620      	mov	r0, r4
   b6920:	689b      	ldr	r3, [r3, #8]
   b6922:	4798      	blx	r3
          if (--_M_weak_count == 0)
   b6924:	68a3      	ldr	r3, [r4, #8]
   b6926:	3b01      	subs	r3, #1
   b6928:	60a3      	str	r3, [r4, #8]
   b692a:	b91b      	cbnz	r3, b6934 <loop+0x818>
            _M_destroy();
   b692c:	6823      	ldr	r3, [r4, #0]
   b692e:	4620      	mov	r0, r4
   b6930:	68db      	ldr	r3, [r3, #12]
   b6932:	4798      	blx	r3
            Serial.println();
   b6934:	f004 fcc6 	bl	bb2c4 <_Z16_fetch_usbserialv>
   b6938:	f004 f801 	bl	ba93e <_ZN5Print7printlnEv>
            Serial.println(buff);
   b693c:	f004 fcc2 	bl	bb2c4 <_Z16_fetch_usbserialv>
   b6940:	490d      	ldr	r1, [pc, #52]	; (b6978 <loop+0x85c>)
   b6942:	f004 f808 	bl	ba956 <_ZN5Print7printlnEPKc>
            Serial.println("Cellular Published");
   b6946:	f004 fcbd 	bl	bb2c4 <_Z16_fetch_usbserialv>
   b694a:	490e      	ldr	r1, [pc, #56]	; (b6984 <loop+0x868>)
   b694c:	f004 f803 	bl	ba956 <_ZN5Print7printlnEPKc>
          i = 0;
   b6950:	2100      	movs	r1, #0
          digitalWrite(BLUE_LED, LOW);
   b6952:	2002      	movs	r0, #2
          i = 0;
   b6954:	6031      	str	r1, [r6, #0]
          digitalWrite(BLUE_LED, LOW);
   b6956:	f004 ff3e 	bl	bb7d6 <digitalWrite>
          digitalWrite(RED_LED, LOW);
   b695a:	2100      	movs	r1, #0
   b695c:	2003      	movs	r0, #3
   b695e:	f004 ff3a 	bl	bb7d6 <digitalWrite>
   b6962:	e416      	b.n	b6192 <loop+0x76>
   b6964:	6c60      	ldr	r0, [r4, #68]	; 0x44
   b6966:	2800      	cmp	r0, #0
   b6968:	f43f ad0f 	beq.w	b638a <loop+0x26e>
   b696c:	f002 f9ba 	bl	b8ce4 <_ZN9ExFatFile4syncEv>
   b6970:	e50b      	b.n	b638a <loop+0x26e>
   b6972:	bf00      	nop
   b6974:	000bbcc6 	.word	0x000bbcc6
   b6978:	2003dc98 	.word	0x2003dc98
   b697c:	2003dad0 	.word	0x2003dad0
   b6980:	2003db58 	.word	0x2003db58
   b6984:	000bbf4e 	.word	0x000bbf4e

000b6988 <_GLOBAL__sub_I_SystemMode>:
}
   b6988:	b538      	push	{r3, r4, r5, lr}
        val_(val) {
   b698a:	4b1d      	ldr	r3, [pc, #116]	; (b6a00 <_GLOBAL__sub_I_SystemMode+0x78>)
};

PARTICLE_DEFINE_ENUM_COMPARISON_OPERATORS(UpdateStatus)

struct SleepResult {
    SleepResult() {}
   b698c:	4a1d      	ldr	r2, [pc, #116]	; (b6a04 <_GLOBAL__sub_I_SystemMode+0x7c>)
   b698e:	2501      	movs	r5, #1
   b6990:	701d      	strb	r5, [r3, #0]

class SystemSleepResult {
public:
    SystemSleepResult()
            : wakeupSource_(nullptr),
              error_(SYSTEM_ERROR_NONE) {
   b6992:	4b1d      	ldr	r3, [pc, #116]	; (b6a08 <_GLOBAL__sub_I_SystemMode+0x80>)
   b6994:	2400      	movs	r4, #0
   b6996:	e9c3 4400 	strd	r4, r4, [r3]
    SleepResult() {}
   b699a:	609a      	str	r2, [r3, #8]

class SystemClass {
public:

    SystemClass(System_Mode_TypeDef mode = DEFAULT) {
        set_system_mode(mode);
   b699c:	4628      	mov	r0, r5
   b699e:	f003 fd09 	bl	ba3b4 <set_system_mode>
 * \class FsVolume
 * \brief FsVolume class.
 */
class FsVolume {
 public:
  FsVolume() = default;
   b69a2:	4b1a      	ldr	r3, [pc, #104]	; (b6a0c <_GLOBAL__sub_I_SystemMode+0x84>)
  {
   b69a4:	4a1a      	ldr	r2, [pc, #104]	; (b6a10 <_GLOBAL__sub_I_SystemMode+0x88>)
   b69a6:	f8c3 2490 	str.w	r2, [r3, #1168]	; 0x490
  void spiSetSckSpeed(uint32_t maxSck) { m_spiDriverPtr->setSckSpeed(maxSck); }
  SdSpiDriver* m_spiDriverPtr;

#endif  // SPI_DRIVER_SELECT < 2
  void initSharedSpiCard() {
    m_beginCalled = false;
   b69aa:	f44f 1228 	mov.w	r2, #2752512	; 0x2a0000
   b69ae:	f8c3 4480 	str.w	r4, [r3, #1152]	; 0x480
   b69b2:	f8c3 4484 	str.w	r4, [r3, #1156]	; 0x484
class SdBase : public Vol {
   b69b6:	f8c3 4488 	str.w	r4, [r3, #1160]	; 0x488
 * \brief Optimized SPI class for access to SD and SDHC flash memory cards.
 */
class SdSpiArduinoDriver {
 public:
  /** Constructor. */
  SdSpiArduinoDriver() = default;
   b69ba:	f8c3 448c 	str.w	r4, [r3, #1164]	; 0x48c
   b69be:	f883 5494 	strb.w	r5, [r3, #1172]	; 0x494
   b69c2:	f8c3 4498 	str.w	r4, [r3, #1176]	; 0x498
   b69c6:	f8a3 449c 	strh.w	r4, [r3, #1180]	; 0x49c
   b69ca:	f8c3 24a0 	str.w	r2, [r3, #1184]	; 0x4a0
    m_csPin = 0;
    m_errorCode = SD_CARD_ERROR_INIT_NOT_CALLED;
    m_spiActive = false;
    m_state = IDLE_STATE;
   b69ce:	f8a3 44a4 	strh.w	r4, [r3, #1188]	; 0x4a4
    m_status = 0;
    m_type = 0;
   b69d2:	f883 44a6 	strb.w	r4, [r3, #1190]	; 0x4a6
 * \brief Raw access to SD and SDHC flash memory cards via dedicate SPI port.
 */
class DedicatedSpiCard : public SharedSpiCard {
 public:
  /** Construct an instance of DedicatedSpiCard. */
  DedicatedSpiCard() = default;
   b69d6:	f8c3 44a8 	str.w	r4, [r3, #1192]	; 0x4a8
   b69da:	f883 44ac 	strb.w	r4, [r3, #1196]	; 0x4ac
    Print() : write_error(0) {}
   b69de:	4b0d      	ldr	r3, [pc, #52]	; (b6a14 <_GLOBAL__sub_I_SystemMode+0x8c>)
 public:
  SdFile() {}
   b69e0:	4a0d      	ldr	r2, [pc, #52]	; (b6a18 <_GLOBAL__sub_I_SystemMode+0x90>)
   b69e2:	605c      	str	r4, [r3, #4]
  FsBaseFile() = default;
   b69e4:	e9c3 4410 	strd	r4, r4, [r3, #64]	; 0x40
   b69e8:	601a      	str	r2, [r3, #0]
  ADS_Module ads_module;
   b69ea:	480c      	ldr	r0, [pc, #48]	; (b6a1c <_GLOBAL__sub_I_SystemMode+0x94>)
   b69ec:	f000 faba 	bl	b6f64 <_ZN10ADS_ModuleC1Ev>
  Adafruit_BME680 bme680;
   b69f0:	f004 ff66 	bl	bb8c0 <_Z19__fetch_global_Wirev>
}
   b69f4:	e8bd 4038 	ldmia.w	sp!, {r3, r4, r5, lr}
  Adafruit_BME680 bme680;
   b69f8:	4601      	mov	r1, r0
   b69fa:	4809      	ldr	r0, [pc, #36]	; (b6a20 <_GLOBAL__sub_I_SystemMode+0x98>)
   b69fc:	f000 b942 	b.w	b6c84 <_ZN15Adafruit_BME680C1EP7TwoWire>
   b6a00:	2003db58 	.word	0x2003db58
   b6a04:	ffff0000 	.word	0xffff0000
   b6a08:	2003db48 	.word	0x2003db48
   b6a0c:	2003e1bc 	.word	0x2003e1bc
   b6a10:	000bbf6c 	.word	0x000bbf6c
   b6a14:	2003e018 	.word	0x2003e018
   b6a18:	000bbf80 	.word	0x000bbf80
   b6a1c:	2003db64 	.word	0x2003db64
   b6a20:	2003dc04 	.word	0x2003dc04

000b6a24 <_ZL9date2daysthh>:
    @param m Month
    @param d Day
    @return Number of days
*/
/**************************************************************************/
static uint16_t date2days(uint16_t y, uint8_t m, uint8_t d) {
   b6a24:	b530      	push	{r4, r5, lr}
   b6a26:	4c0f      	ldr	r4, [pc, #60]	; (b6a64 <_ZL9date2daysthh+0x40>)
  if (y >= 2000U)
    y -= 2000U;
  uint16_t days = d;
   b6a28:	2300      	movs	r3, #0
  for (uint8_t i = 1; i < m; ++i)
   b6a2a:	3301      	adds	r3, #1
   b6a2c:	b2dd      	uxtb	r5, r3
   b6a2e:	428d      	cmp	r5, r1
   b6a30:	d204      	bcs.n	b6a3c <_ZL9date2daysthh+0x18>
    days += pgm_read_byte(daysInMonth + i - 1);
   b6a32:	f814 5b01 	ldrb.w	r5, [r4], #1
   b6a36:	442a      	add	r2, r5
   b6a38:	b292      	uxth	r2, r2
  for (uint8_t i = 1; i < m; ++i)
   b6a3a:	e7f6      	b.n	b6a2a <_ZL9date2daysthh+0x6>
  if (m > 2 && y % 4 == 0)
   b6a3c:	2902      	cmp	r1, #2
   b6a3e:	d903      	bls.n	b6a48 <_ZL9date2daysthh+0x24>
   b6a40:	0783      	lsls	r3, r0, #30
    ++days;
   b6a42:	bf04      	itt	eq
   b6a44:	3201      	addeq	r2, #1
   b6a46:	b292      	uxtheq	r2, r2
  return days + 365 * y + (y + 3) / 4 - 1;
   b6a48:	eb00 01c0 	add.w	r1, r0, r0, lsl #3
   b6a4c:	1cc3      	adds	r3, r0, #3
   b6a4e:	eb00 00c1 	add.w	r0, r0, r1, lsl #3
   b6a52:	eb00 0080 	add.w	r0, r0, r0, lsl #2
   b6a56:	f3c3 038d 	ubfx	r3, r3, #2, #14
   b6a5a:	3801      	subs	r0, #1
   b6a5c:	4418      	add	r0, r3
   b6a5e:	4410      	add	r0, r2
}
   b6a60:	b280      	uxth	r0, r0
   b6a62:	bd30      	pop	{r4, r5, pc}
   b6a64:	000bbf9e 	.word	0x000bbf9e

000b6a68 <_ZL6conv2dPKc>:
    @param p Pointer to a string containing two digits
*/
/**************************************************************************/
static uint8_t conv2d(const char *p) {
  uint8_t v = 0;
  if ('0' <= *p && *p <= '9')
   b6a68:	7803      	ldrb	r3, [r0, #0]
    v = *p - '0';
  return 10 * v + *++p - '0';
   b6a6a:	7840      	ldrb	r0, [r0, #1]
  if ('0' <= *p && *p <= '9')
   b6a6c:	3b30      	subs	r3, #48	; 0x30
   b6a6e:	b2db      	uxtb	r3, r3
  uint8_t v = 0;
   b6a70:	2b0a      	cmp	r3, #10
   b6a72:	bf28      	it	cs
   b6a74:	2300      	movcs	r3, #0
  return 10 * v + *++p - '0';
   b6a76:	eb03 0383 	add.w	r3, r3, r3, lsl #2
   b6a7a:	3830      	subs	r0, #48	; 0x30
   b6a7c:	eb00 0043 	add.w	r0, r0, r3, lsl #1
}
   b6a80:	b2c0      	uxtb	r0, r0
   b6a82:	4770      	bx	lr

000b6a84 <_ZN7RTC_I2C14write_registerEhh>:
void RTC_I2C::write_register(uint8_t reg, uint8_t val) {
   b6a84:	b51f      	push	{r0, r1, r2, r3, r4, lr}
  i2c_dev->write(buffer, 2);
   b6a86:	2300      	movs	r3, #0
   b6a88:	e9cd 3300 	strd	r3, r3, [sp]
  uint8_t buffer[2] = {reg, val};
   b6a8c:	f88d 100c 	strb.w	r1, [sp, #12]
   b6a90:	f88d 200d 	strb.w	r2, [sp, #13]
  i2c_dev->write(buffer, 2);
   b6a94:	2301      	movs	r3, #1
   b6a96:	2202      	movs	r2, #2
   b6a98:	a903      	add	r1, sp, #12
   b6a9a:	6800      	ldr	r0, [r0, #0]
   b6a9c:	f000 fd79 	bl	b7592 <_ZN18Adafruit_I2CDevice5writeEPKhjbS1_j>
}
   b6aa0:	b005      	add	sp, #20
   b6aa2:	f85d fb04 	ldr.w	pc, [sp], #4

000b6aa6 <_ZN7RTC_I2C13read_registerEh>:
uint8_t RTC_I2C::read_register(uint8_t reg) {
   b6aa6:	b510      	push	{r4, lr}
  i2c_dev->write(&reg, 1);
   b6aa8:	2300      	movs	r3, #0
uint8_t RTC_I2C::read_register(uint8_t reg) {
   b6aaa:	b086      	sub	sp, #24
  i2c_dev->write(&reg, 1);
   b6aac:	e9cd 3300 	strd	r3, r3, [sp]
   b6ab0:	2301      	movs	r3, #1
uint8_t RTC_I2C::read_register(uint8_t reg) {
   b6ab2:	4604      	mov	r4, r0
   b6ab4:	f88d 100f 	strb.w	r1, [sp, #15]
  i2c_dev->write(&reg, 1);
   b6ab8:	461a      	mov	r2, r3
   b6aba:	f10d 010f 	add.w	r1, sp, #15
   b6abe:	6800      	ldr	r0, [r0, #0]
   b6ac0:	f000 fd67 	bl	b7592 <_ZN18Adafruit_I2CDevice5writeEPKhjbS1_j>
  i2c_dev->read(buffer, 1);
   b6ac4:	2301      	movs	r3, #1
   b6ac6:	6820      	ldr	r0, [r4, #0]
   b6ac8:	461a      	mov	r2, r3
   b6aca:	a905      	add	r1, sp, #20
   b6acc:	f000 fdb0 	bl	b7630 <_ZN18Adafruit_I2CDevice4readEPhjb>
}
   b6ad0:	f89d 0014 	ldrb.w	r0, [sp, #20]
   b6ad4:	b006      	add	sp, #24
   b6ad6:	bd10      	pop	{r4, pc}

000b6ad8 <_ZN8DateTimeC1Ethhhhh>:
  if (year >= 2000U)
   b6ad8:	f5b1 6ffa 	cmp.w	r1, #2000	; 0x7d0
  d = day;
   b6adc:	7083      	strb	r3, [r0, #2]
  hh = hour;
   b6ade:	f89d 3000 	ldrb.w	r3, [sp]
   b6ae2:	70c3      	strb	r3, [r0, #3]
    year -= 2000U;
   b6ae4:	bf28      	it	cs
   b6ae6:	f5a1 61fa 	subcs.w	r1, r1, #2000	; 0x7d0
  mm = min;
   b6aea:	f89d 3004 	ldrb.w	r3, [sp, #4]
   b6aee:	7103      	strb	r3, [r0, #4]
    year -= 2000U;
   b6af0:	bf28      	it	cs
   b6af2:	b289      	uxthcs	r1, r1
  ss = sec;
   b6af4:	f89d 3008 	ldrb.w	r3, [sp, #8]
  yOff = year;
   b6af8:	7001      	strb	r1, [r0, #0]
  m = month;
   b6afa:	7042      	strb	r2, [r0, #1]
  ss = sec;
   b6afc:	7143      	strb	r3, [r0, #5]
}
   b6afe:	4770      	bx	lr

000b6b00 <_ZN8DateTimeC1EPK19__FlashStringHelperS2_>:

    @param date Date PROGMEM string, e.g. F("Apr 16 2020").
    @param time Time PROGMEM string, e.g. F("18:34:56").
*/
/**************************************************************************/
DateTime::DateTime(const __FlashStringHelper *date,
   b6b00:	b530      	push	{r4, r5, lr}
   b6b02:	460d      	mov	r5, r1
   b6b04:	b085      	sub	sp, #20
   b6b06:	4604      	mov	r4, r0
                   const __FlashStringHelper *time) {
  char buff[11];
  memcpy_P(buff, date, 11);
   b6b08:	6808      	ldr	r0, [r1, #0]
   b6b0a:	6849      	ldr	r1, [r1, #4]
   b6b0c:	ab01      	add	r3, sp, #4
   b6b0e:	c303      	stmia	r3!, {r0, r1}
   b6b10:	8928      	ldrh	r0, [r5, #8]
   b6b12:	7aa9      	ldrb	r1, [r5, #10]
   b6b14:	8018      	strh	r0, [r3, #0]
   b6b16:	7099      	strb	r1, [r3, #2]
  yOff = conv2d(buff + 9);
   b6b18:	f10d 000d 	add.w	r0, sp, #13
   b6b1c:	f7ff ffa4 	bl	b6a68 <_ZL6conv2dPKc>
   b6b20:	f89d 3004 	ldrb.w	r3, [sp, #4]
   b6b24:	7020      	strb	r0, [r4, #0]
  // Jan Feb Mar Apr May Jun Jul Aug Sep Oct Nov Dec
  switch (buff[0]) {
   b6b26:	3b41      	subs	r3, #65	; 0x41
   b6b28:	2b12      	cmp	r3, #18
   b6b2a:	d816      	bhi.n	b6b5a <_ZN8DateTimeC1EPK19__FlashStringHelperS2_+0x5a>
   b6b2c:	e8df f003 	tbb	[pc, r3]
   b6b30:	46151532 	.word	0x46151532
   b6b34:	15153015 	.word	0x15153015
   b6b38:	15150a15 	.word	0x15150a15
   b6b3c:	15424439 	.word	0x15424439
   b6b40:	1515      	.short	0x1515
   b6b42:	40          	.byte	0x40
   b6b43:	00          	.byte	0x00
  case 'J':
    m = (buff[1] == 'a') ? 1 : ((buff[2] == 'n') ? 6 : 7);
   b6b44:	f89d 3005 	ldrb.w	r3, [sp, #5]
   b6b48:	2b61      	cmp	r3, #97	; 0x61
   b6b4a:	d01f      	beq.n	b6b8c <_ZN8DateTimeC1EPK19__FlashStringHelperS2_+0x8c>
   b6b4c:	f89d 3006 	ldrb.w	r3, [sp, #6]
   b6b50:	2b6e      	cmp	r3, #110	; 0x6e
   b6b52:	bf0c      	ite	eq
   b6b54:	2306      	moveq	r3, #6
   b6b56:	2307      	movne	r3, #7
    break;
  case 'N':
    m = 11;
    break;
  case 'D':
    m = 12;
   b6b58:	7063      	strb	r3, [r4, #1]
    break;
  }
  d = conv2d(buff + 4);
   b6b5a:	a802      	add	r0, sp, #8
   b6b5c:	f7ff ff84 	bl	b6a68 <_ZL6conv2dPKc>
   b6b60:	70a0      	strb	r0, [r4, #2]
  memcpy_P(buff, time, 8);
   b6b62:	6810      	ldr	r0, [r2, #0]
   b6b64:	6851      	ldr	r1, [r2, #4]
   b6b66:	ab01      	add	r3, sp, #4
   b6b68:	c303      	stmia	r3!, {r0, r1}
  hh = conv2d(buff);
   b6b6a:	a801      	add	r0, sp, #4
   b6b6c:	f7ff ff7c 	bl	b6a68 <_ZL6conv2dPKc>
   b6b70:	70e0      	strb	r0, [r4, #3]
  mm = conv2d(buff + 3);
   b6b72:	f10d 0007 	add.w	r0, sp, #7
   b6b76:	f7ff ff77 	bl	b6a68 <_ZL6conv2dPKc>
   b6b7a:	7120      	strb	r0, [r4, #4]
  ss = conv2d(buff + 6);
   b6b7c:	f10d 000a 	add.w	r0, sp, #10
   b6b80:	f7ff ff72 	bl	b6a68 <_ZL6conv2dPKc>
   b6b84:	7160      	strb	r0, [r4, #5]
}
   b6b86:	4620      	mov	r0, r4
   b6b88:	b005      	add	sp, #20
   b6b8a:	bd30      	pop	{r4, r5, pc}
    m = (buff[1] == 'a') ? 1 : ((buff[2] == 'n') ? 6 : 7);
   b6b8c:	2301      	movs	r3, #1
   b6b8e:	e7e3      	b.n	b6b58 <_ZN8DateTimeC1EPK19__FlashStringHelperS2_+0x58>
    m = 2;
   b6b90:	2302      	movs	r3, #2
   b6b92:	e7e1      	b.n	b6b58 <_ZN8DateTimeC1EPK19__FlashStringHelperS2_+0x58>
    m = buff[2] == 'r' ? 4 : 8;
   b6b94:	f89d 3006 	ldrb.w	r3, [sp, #6]
   b6b98:	2b72      	cmp	r3, #114	; 0x72
   b6b9a:	bf0c      	ite	eq
   b6b9c:	2304      	moveq	r3, #4
   b6b9e:	2308      	movne	r3, #8
   b6ba0:	e7da      	b.n	b6b58 <_ZN8DateTimeC1EPK19__FlashStringHelperS2_+0x58>
    m = buff[2] == 'r' ? 3 : 5;
   b6ba2:	f89d 3006 	ldrb.w	r3, [sp, #6]
   b6ba6:	2b72      	cmp	r3, #114	; 0x72
   b6ba8:	bf0c      	ite	eq
   b6baa:	2303      	moveq	r3, #3
   b6bac:	2305      	movne	r3, #5
   b6bae:	e7d3      	b.n	b6b58 <_ZN8DateTimeC1EPK19__FlashStringHelperS2_+0x58>
    m = 9;
   b6bb0:	2309      	movs	r3, #9
   b6bb2:	e7d1      	b.n	b6b58 <_ZN8DateTimeC1EPK19__FlashStringHelperS2_+0x58>
    m = 10;
   b6bb4:	230a      	movs	r3, #10
   b6bb6:	e7cf      	b.n	b6b58 <_ZN8DateTimeC1EPK19__FlashStringHelperS2_+0x58>
    m = 11;
   b6bb8:	230b      	movs	r3, #11
   b6bba:	e7cd      	b.n	b6b58 <_ZN8DateTimeC1EPK19__FlashStringHelperS2_+0x58>
    m = 12;
   b6bbc:	230c      	movs	r3, #12
   b6bbe:	e7cb      	b.n	b6b58 <_ZN8DateTimeC1EPK19__FlashStringHelperS2_+0x58>

000b6bc0 <_ZNK8DateTime12dayOfTheWeekEv>:
/*!
    @brief  Return the day of the week.
    @return Day of week as an integer from 0 (Sunday) to 6 (Saturday).
*/
/**************************************************************************/
uint8_t DateTime::dayOfTheWeek() const {
   b6bc0:	b508      	push	{r3, lr}
  uint16_t day = date2days(yOff, m, d);
   b6bc2:	7882      	ldrb	r2, [r0, #2]
   b6bc4:	7841      	ldrb	r1, [r0, #1]
   b6bc6:	7800      	ldrb	r0, [r0, #0]
   b6bc8:	f7ff ff2c 	bl	b6a24 <_ZL9date2daysthh>
  return (day + 6) % 7; // Jan 1, 2000 is a Saturday, i.e. returns 6
   b6bcc:	2307      	movs	r3, #7
   b6bce:	3006      	adds	r0, #6
   b6bd0:	fbb0 f3f3 	udiv	r3, r0, r3
   b6bd4:	ebc3 03c3 	rsb	r3, r3, r3, lsl #3
   b6bd8:	1ac0      	subs	r0, r0, r3
}
   b6bda:	b2c0      	uxtb	r0, r0
   b6bdc:	bd08      	pop	{r3, pc}

000b6bde <_ZL10delay_usecmPv>:
  }

  return 0;
}

static void delay_usec(uint32_t us, void *intf_ptr) {
   b6bde:	b508      	push	{r3, lr}
inline unsigned long micros(void) { return HAL_Timer_Get_Micro_Seconds(); }
void delay(unsigned long ms);
inline void delayMicroseconds(unsigned int us) { HAL_Delay_Microseconds(us); }
   b6be0:	f003 faa0 	bl	ba124 <HAL_Delay_Microseconds>
  (void)intf_ptr; // Unused parameter
  delayMicroseconds(us);
  yield();
}
   b6be4:	e8bd 4008 	ldmia.w	sp!, {r3, lr}
#define digitalPinToInterrupt(P)      (P)
#endif

inline void yield() {
#if PLATFORM_THREADING
  os_thread_yield();
   b6be8:	f003 baac 	b.w	ba144 <os_thread_yield>

000b6bec <_ZL9spi_writehPKhmPv>:
                        void *intf_ptr) {
   b6bec:	b51f      	push	{r0, r1, r2, r3, r4, lr}
   b6bee:	4604      	mov	r4, r0
   b6bf0:	4618      	mov	r0, r3
  if (!_dev->write((uint8_t *)reg_data, len, &reg_addr, 1)) {
   b6bf2:	2301      	movs	r3, #1
   b6bf4:	9300      	str	r3, [sp, #0]
   b6bf6:	f10d 030f 	add.w	r3, sp, #15
                        void *intf_ptr) {
   b6bfa:	f88d 400f 	strb.w	r4, [sp, #15]
  if (!_dev->write((uint8_t *)reg_data, len, &reg_addr, 1)) {
   b6bfe:	f000 fb8b 	bl	b7318 <_ZN18Adafruit_SPIDevice5writeEPKhjS1_j>
   b6c02:	f080 0001 	eor.w	r0, r0, #1
   b6c06:	4240      	negs	r0, r0
}
   b6c08:	b240      	sxtb	r0, r0
   b6c0a:	b004      	add	sp, #16
   b6c0c:	bd10      	pop	{r4, pc}

000b6c0e <_ZL8spi_readhPhmPv>:
                       void *intf_ptr) {
   b6c0e:	b51f      	push	{r0, r1, r2, r3, r4, lr}
   b6c10:	461c      	mov	r4, r3
  reg_addr |= 0x80;
   b6c12:	f060 037f 	orn	r3, r0, #127	; 0x7f
   b6c16:	f88d 300f 	strb.w	r3, [sp, #15]
  if (!_dev->write_then_read(&reg_addr, 1, reg_data, len, 0x0)) {
   b6c1a:	2300      	movs	r3, #0
   b6c1c:	e9cd 2300 	strd	r2, r3, [sp]
   b6c20:	4620      	mov	r0, r4
   b6c22:	460b      	mov	r3, r1
   b6c24:	2201      	movs	r2, #1
   b6c26:	f10d 010f 	add.w	r1, sp, #15
   b6c2a:	f000 fb97 	bl	b735c <_ZN18Adafruit_SPIDevice15write_then_readEPKhjPhjh>
   b6c2e:	f080 0001 	eor.w	r0, r0, #1
   b6c32:	4240      	negs	r0, r0
}
   b6c34:	b240      	sxtb	r0, r0
   b6c36:	b004      	add	sp, #16
   b6c38:	bd10      	pop	{r4, pc}

000b6c3a <_ZL9i2c_writehPKhmPv>:
                 void *intf) {
   b6c3a:	b51f      	push	{r0, r1, r2, r3, r4, lr}
   b6c3c:	4604      	mov	r4, r0
   b6c3e:	f88d 400f 	strb.w	r4, [sp, #15]
   b6c42:	4618      	mov	r0, r3
  if (!_dev->write((uint8_t *)reg_data, len, true, &reg_addr, 1)) {
   b6c44:	f10d 040f 	add.w	r4, sp, #15
   b6c48:	2301      	movs	r3, #1
   b6c4a:	9301      	str	r3, [sp, #4]
   b6c4c:	9400      	str	r4, [sp, #0]
   b6c4e:	f000 fca0 	bl	b7592 <_ZN18Adafruit_I2CDevice5writeEPKhjbS1_j>
   b6c52:	f080 0001 	eor.w	r0, r0, #1
   b6c56:	4240      	negs	r0, r0
}
   b6c58:	b240      	sxtb	r0, r0
   b6c5a:	b004      	add	sp, #16
   b6c5c:	bd10      	pop	{r4, pc}

000b6c5e <_ZL8i2c_readhPhmPv>:
int8_t i2c_read(uint8_t reg_addr, uint8_t *reg_data, uint32_t len, void *intf) {
   b6c5e:	b51f      	push	{r0, r1, r2, r3, r4, lr}
   b6c60:	4604      	mov	r4, r0
   b6c62:	f88d 400f 	strb.w	r4, [sp, #15]
  if (!_dev->write_then_read(&reg_addr, 1, reg_data, len, true)) {
   b6c66:	2401      	movs	r4, #1
   b6c68:	e9cd 2400 	strd	r2, r4, [sp]
int8_t i2c_read(uint8_t reg_addr, uint8_t *reg_data, uint32_t len, void *intf) {
   b6c6c:	4618      	mov	r0, r3
  if (!_dev->write_then_read(&reg_addr, 1, reg_data, len, true)) {
   b6c6e:	4622      	mov	r2, r4
   b6c70:	460b      	mov	r3, r1
   b6c72:	f10d 010f 	add.w	r1, sp, #15
   b6c76:	f000 fcfa 	bl	b766e <_ZN18Adafruit_I2CDevice15write_then_readEPKhjPhjb>
   b6c7a:	4060      	eors	r0, r4
   b6c7c:	4240      	negs	r0, r0
}
   b6c7e:	b240      	sxtb	r0, r0
   b6c80:	b004      	add	sp, #16
   b6c82:	bd10      	pop	{r4, pc}

000b6c84 <_ZN15Adafruit_BME680C1EP7TwoWire>:
    : _meas_start(0), _meas_period(0) {
   b6c84:	2200      	movs	r2, #0
   b6c86:	e9c0 2204 	strd	r2, r2, [r0, #16]
   b6c8a:	6202      	str	r2, [r0, #32]
   b6c8c:	8482      	strh	r2, [r0, #36]	; 0x24
  _wire = theWire;
   b6c8e:	6181      	str	r1, [r0, #24]
}
   b6c90:	4770      	bx	lr

000b6c92 <_ZN15Adafruit_BME68012beginReadingEv>:
uint32_t Adafruit_BME680::beginReading(void) {
   b6c92:	b573      	push	{r0, r1, r4, r5, r6, lr}
  if (_meas_start != 0) {
   b6c94:	6a04      	ldr	r4, [r0, #32]
uint32_t Adafruit_BME680::beginReading(void) {
   b6c96:	4606      	mov	r6, r0
  if (_meas_start != 0) {
   b6c98:	b124      	cbz	r4, b6ca4 <_ZN15Adafruit_BME68012beginReadingEv+0x12>
    return _meas_start + _meas_period;
   b6c9a:	8c83      	ldrh	r3, [r0, #36]	; 0x24
   b6c9c:	441c      	add	r4, r3
}
   b6c9e:	4620      	mov	r0, r4
   b6ca0:	b002      	add	sp, #8
   b6ca2:	bd70      	pop	{r4, r5, r6, pc}
  int8_t rslt = bme68x_set_op_mode(BME68X_FORCED_MODE, &gas_sensor);
   b6ca4:	f100 0228 	add.w	r2, r0, #40	; 0x28
   b6ca8:	4611      	mov	r1, r2
   b6caa:	2001      	movs	r0, #1
   b6cac:	9201      	str	r2, [sp, #4]
   b6cae:	f7fe fac4 	bl	b523a <bme68x_set_op_mode>
  if (rslt != BME68X_OK)
   b6cb2:	2800      	cmp	r0, #0
   b6cb4:	d1f3      	bne.n	b6c9e <_ZN15Adafruit_BME68012beginReadingEv+0xc>
  uint32_t delayus_period = (uint32_t)bme68x_get_meas_dur(
   b6cb6:	9a01      	ldr	r2, [sp, #4]
   b6cb8:	f106 0178 	add.w	r1, r6, #120	; 0x78
   b6cbc:	2001      	movs	r0, #1
   b6cbe:	f7fe fbab 	bl	b5418 <bme68x_get_meas_dur>
                            ((uint32_t)gas_heatr_conf.heatr_dur * 1000);
   b6cc2:	f8b6 3084 	ldrh.w	r3, [r6, #132]	; 0x84
   b6cc6:	f44f 747a 	mov.w	r4, #1000	; 0x3e8
   b6cca:	fb04 0503 	mla	r5, r4, r3, r0
inline system_tick_t millis(void) { return HAL_Timer_Get_Milli_Seconds(); }
   b6cce:	f003 fa31 	bl	ba134 <HAL_Timer_Get_Milli_Seconds>
  _meas_period = delayus_period / 1000;
   b6cd2:	fbb5 f3f4 	udiv	r3, r5, r4
  _meas_start = millis();
   b6cd6:	6230      	str	r0, [r6, #32]
  _meas_period = delayus_period / 1000;
   b6cd8:	84b3      	strh	r3, [r6, #36]	; 0x24
  return _meas_start + _meas_period;
   b6cda:	fa10 f483 	uxtah	r4, r0, r3
   b6cde:	e7de      	b.n	b6c9e <_ZN15Adafruit_BME68012beginReadingEv+0xc>

000b6ce0 <_ZN15Adafruit_BME68022remainingReadingMillisEv>:
int Adafruit_BME680::remainingReadingMillis(void) {
   b6ce0:	b538      	push	{r3, r4, r5, lr}
  if (_meas_start != 0) {
   b6ce2:	6a04      	ldr	r4, [r0, #32]
   b6ce4:	b13c      	cbz	r4, b6cf6 <_ZN15Adafruit_BME68022remainingReadingMillisEv+0x16>
    int remaining_time = (int)_meas_period - (millis() - _meas_start);
   b6ce6:	8c85      	ldrh	r5, [r0, #36]	; 0x24
   b6ce8:	f003 fa24 	bl	ba134 <HAL_Timer_Get_Milli_Seconds>
   b6cec:	442c      	add	r4, r5
   b6cee:	1a20      	subs	r0, r4, r0
   b6cf0:	ea20 70e0 	bic.w	r0, r0, r0, asr #31
}
   b6cf4:	bd38      	pop	{r3, r4, r5, pc}
  return reading_not_started;
   b6cf6:	f04f 30ff 	mov.w	r0, #4294967295
   b6cfa:	e7fb      	b.n	b6cf4 <_ZN15Adafruit_BME68022remainingReadingMillisEv+0x14>

000b6cfc <_ZN15Adafruit_BME68010endReadingEv>:
bool Adafruit_BME680::endReading(void) {
   b6cfc:	b530      	push	{r4, r5, lr}
   b6cfe:	b089      	sub	sp, #36	; 0x24
   b6d00:	4605      	mov	r5, r0
  uint32_t meas_end = beginReading();
   b6d02:	f7ff ffc6 	bl	b6c92 <_ZN15Adafruit_BME68012beginReadingEv>
  if (meas_end == 0) {
   b6d06:	b378      	cbz	r0, b6d68 <_ZN15Adafruit_BME68010endReadingEv+0x6c>
  int remaining_millis = remainingReadingMillis();
   b6d08:	4628      	mov	r0, r5
   b6d0a:	f7ff ffe9 	bl	b6ce0 <_ZN15Adafruit_BME68022remainingReadingMillisEv>
  if (remaining_millis > 0) {
   b6d0e:	2800      	cmp	r0, #0
   b6d10:	dd02      	ble.n	b6d18 <_ZN15Adafruit_BME68010endReadingEv+0x1c>
    delay(static_cast<unsigned int>(remaining_millis) *
   b6d12:	0040      	lsls	r0, r0, #1
   b6d14:	f003 feb6 	bl	baa84 <delay>
  _meas_start = 0; /* Allow new measurement to begin */
   b6d18:	2400      	movs	r4, #0
   b6d1a:	622c      	str	r4, [r5, #32]
  _meas_period = 0;
   b6d1c:	84ac      	strh	r4, [r5, #36]	; 0x24
      bme68x_get_data(BME68X_FORCED_MODE, &data, &n_fields, &gas_sensor);
   b6d1e:	f105 0328 	add.w	r3, r5, #40	; 0x28
   b6d22:	f10d 0207 	add.w	r2, sp, #7
   b6d26:	a902      	add	r1, sp, #8
   b6d28:	2001      	movs	r0, #1
   b6d2a:	f7fe fbb5 	bl	b5498 <bme68x_get_data>
  if (rslt != BME68X_OK)
   b6d2e:	b9d0      	cbnz	r0, b6d66 <_ZN15Adafruit_BME68010endReadingEv+0x6a>
  if (n_fields) {
   b6d30:	f89d 3007 	ldrb.w	r3, [sp, #7]
   b6d34:	b1ab      	cbz	r3, b6d62 <_ZN15Adafruit_BME68010endReadingEv+0x66>
    temperature = data.temperature;
   b6d36:	9b04      	ldr	r3, [sp, #16]
    pressure = data.pressure;
   b6d38:	eddd 7a05 	vldr	s15, [sp, #20]
    temperature = data.temperature;
   b6d3c:	602b      	str	r3, [r5, #0]
    humidity = data.humidity;
   b6d3e:	9b06      	ldr	r3, [sp, #24]
   b6d40:	60ab      	str	r3, [r5, #8]
    if (data.status & (BME68X_HEAT_STAB_MSK | BME68X_GASM_VALID_MSK)) {
   b6d42:	f89d 3008 	ldrb.w	r3, [sp, #8]
    pressure = data.pressure;
   b6d46:	eefc 7ae7 	vcvt.u32.f32	s15, s15
    if (data.status & (BME68X_HEAT_STAB_MSK | BME68X_GASM_VALID_MSK)) {
   b6d4a:	f013 0330 	ands.w	r3, r3, #48	; 0x30
    pressure = data.pressure;
   b6d4e:	edc5 7a01 	vstr	s15, [r5, #4]
      gas_resistance = data.gas_resistance;
   b6d52:	bf17      	itett	ne
   b6d54:	eddd 7a07 	vldrne	s15, [sp, #28]
      gas_resistance = 0;
   b6d58:	60eb      	streq	r3, [r5, #12]
      gas_resistance = data.gas_resistance;
   b6d5a:	eefc 7ae7 	vcvtne.u32.f32	s15, s15
   b6d5e:	edc5 7a03 	vstrne	s15, [r5, #12]
  return true;
   b6d62:	2001      	movs	r0, #1
   b6d64:	e000      	b.n	b6d68 <_ZN15Adafruit_BME68010endReadingEv+0x6c>
    return false;
   b6d66:	4620      	mov	r0, r4
}
   b6d68:	b009      	add	sp, #36	; 0x24
   b6d6a:	bd30      	pop	{r4, r5, pc}

000b6d6c <_ZN15Adafruit_BME68014performReadingEv>:
bool Adafruit_BME680::performReading(void) { return endReading(); }
   b6d6c:	f7ff bfc6 	b.w	b6cfc <_ZN15Adafruit_BME68010endReadingEv>

000b6d70 <_ZN15Adafruit_BME68015readTemperatureEv>:
float Adafruit_BME680::readTemperature(void) {
   b6d70:	b510      	push	{r4, lr}
   b6d72:	4604      	mov	r4, r0
  performReading();
   b6d74:	f7ff fffa 	bl	b6d6c <_ZN15Adafruit_BME68014performReadingEv>
}
   b6d78:	ed94 0a00 	vldr	s0, [r4]
   b6d7c:	bd10      	pop	{r4, pc}

000b6d7e <_ZN15Adafruit_BME68012readPressureEv>:
float Adafruit_BME680::readPressure(void) {
   b6d7e:	b510      	push	{r4, lr}
   b6d80:	4604      	mov	r4, r0
  performReading();
   b6d82:	f7ff fff3 	bl	b6d6c <_ZN15Adafruit_BME68014performReadingEv>
  return pressure;
   b6d86:	ed94 0a01 	vldr	s0, [r4, #4]
}
   b6d8a:	eeb8 0a40 	vcvt.f32.u32	s0, s0
   b6d8e:	bd10      	pop	{r4, pc}

000b6d90 <_ZN15Adafruit_BME68012readHumidityEv>:
float Adafruit_BME680::readHumidity(void) {
   b6d90:	b510      	push	{r4, lr}
   b6d92:	4604      	mov	r4, r0
  performReading();
   b6d94:	f7ff ffea 	bl	b6d6c <_ZN15Adafruit_BME68014performReadingEv>
}
   b6d98:	ed94 0a02 	vldr	s0, [r4, #8]
   b6d9c:	bd10      	pop	{r4, pc}

000b6d9e <_ZN15Adafruit_BME6807readGasEv>:
uint32_t Adafruit_BME680::readGas(void) {
   b6d9e:	b510      	push	{r4, lr}
   b6da0:	4604      	mov	r4, r0
  performReading();
   b6da2:	f7ff ffe3 	bl	b6d6c <_ZN15Adafruit_BME68014performReadingEv>
}
   b6da6:	68e0      	ldr	r0, [r4, #12]
   b6da8:	bd10      	pop	{r4, pc}

000b6daa <_ZN15Adafruit_BME68012setGasHeaterEtt>:
bool Adafruit_BME680::setGasHeater(uint16_t heaterTemp, uint16_t heaterTime) {
   b6daa:	b508      	push	{r3, lr}
  if ((heaterTemp == 0) || (heaterTime == 0)) {
   b6dac:	b101      	cbz	r1, b6db0 <_ZN15Adafruit_BME68012setGasHeaterEtt+0x6>
   b6dae:	b96a      	cbnz	r2, b6dcc <_ZN15Adafruit_BME68012setGasHeaterEtt+0x22>
    gas_heatr_conf.enable = BME68X_DISABLE;
   b6db0:	2300      	movs	r3, #0
   b6db2:	f880 3080 	strb.w	r3, [r0, #128]	; 0x80
      bme68x_set_heatr_conf(BME68X_FORCED_MODE, &gas_heatr_conf, &gas_sensor);
   b6db6:	f100 0228 	add.w	r2, r0, #40	; 0x28
   b6dba:	f100 0180 	add.w	r1, r0, #128	; 0x80
   b6dbe:	2001      	movs	r0, #1
   b6dc0:	f7fe fd94 	bl	b58ec <bme68x_set_heatr_conf>
}
   b6dc4:	fab0 f080 	clz	r0, r0
   b6dc8:	0940      	lsrs	r0, r0, #5
   b6dca:	bd08      	pop	{r3, pc}
    gas_heatr_conf.enable = BME68X_ENABLE;
   b6dcc:	2301      	movs	r3, #1
   b6dce:	f880 3080 	strb.w	r3, [r0, #128]	; 0x80
    gas_heatr_conf.heatr_temp = heaterTemp;
   b6dd2:	f8a0 1082 	strh.w	r1, [r0, #130]	; 0x82
    gas_heatr_conf.heatr_dur = heaterTime;
   b6dd6:	f8a0 2084 	strh.w	r2, [r0, #132]	; 0x84
   b6dda:	e7ec      	b.n	b6db6 <_ZN15Adafruit_BME68012setGasHeaterEtt+0xc>

000b6ddc <_ZN15Adafruit_BME6806setODREh>:
  if (odr > BME68X_ODR_NONE)
   b6ddc:	2908      	cmp	r1, #8
bool Adafruit_BME680::setODR(uint8_t odr) {
   b6dde:	b508      	push	{r3, lr}
  if (odr > BME68X_ODR_NONE)
   b6de0:	d80a      	bhi.n	b6df8 <_ZN15Adafruit_BME6806setODREh+0x1c>
  gas_conf.odr = odr;
   b6de2:	f880 107c 	strb.w	r1, [r0, #124]	; 0x7c
  int8_t rslt = bme68x_set_conf(&gas_conf, &gas_sensor);
   b6de6:	f100 0128 	add.w	r1, r0, #40	; 0x28
   b6dea:	3078      	adds	r0, #120	; 0x78
   b6dec:	f7fe fa76 	bl	b52dc <bme68x_set_conf>
  return rslt == 0;
   b6df0:	fab0 f080 	clz	r0, r0
   b6df4:	0940      	lsrs	r0, r0, #5
}
   b6df6:	bd08      	pop	{r3, pc}
    return false;
   b6df8:	2000      	movs	r0, #0
   b6dfa:	e7fc      	b.n	b6df6 <_ZN15Adafruit_BME6806setODREh+0x1a>

000b6dfc <_ZN15Adafruit_BME68026setTemperatureOversamplingEh>:
  if (oversample > BME68X_OS_16X)
   b6dfc:	2905      	cmp	r1, #5
bool Adafruit_BME680::setTemperatureOversampling(uint8_t oversample) {
   b6dfe:	b508      	push	{r3, lr}
  if (oversample > BME68X_OS_16X)
   b6e00:	d80a      	bhi.n	b6e18 <_ZN15Adafruit_BME68026setTemperatureOversamplingEh+0x1c>
  gas_conf.os_temp = oversample;
   b6e02:	f880 1079 	strb.w	r1, [r0, #121]	; 0x79
  int8_t rslt = bme68x_set_conf(&gas_conf, &gas_sensor);
   b6e06:	f100 0128 	add.w	r1, r0, #40	; 0x28
   b6e0a:	3078      	adds	r0, #120	; 0x78
   b6e0c:	f7fe fa66 	bl	b52dc <bme68x_set_conf>
  return rslt == 0;
   b6e10:	fab0 f080 	clz	r0, r0
   b6e14:	0940      	lsrs	r0, r0, #5
}
   b6e16:	bd08      	pop	{r3, pc}
    return false;
   b6e18:	2000      	movs	r0, #0
   b6e1a:	e7fc      	b.n	b6e16 <_ZN15Adafruit_BME68026setTemperatureOversamplingEh+0x1a>

000b6e1c <_ZN15Adafruit_BME68023setHumidityOversamplingEh>:
  if (oversample > BME68X_OS_16X)
   b6e1c:	2905      	cmp	r1, #5
bool Adafruit_BME680::setHumidityOversampling(uint8_t oversample) {
   b6e1e:	b508      	push	{r3, lr}
  if (oversample > BME68X_OS_16X)
   b6e20:	d80a      	bhi.n	b6e38 <_ZN15Adafruit_BME68023setHumidityOversamplingEh+0x1c>
  gas_conf.os_hum = oversample;
   b6e22:	f880 1078 	strb.w	r1, [r0, #120]	; 0x78
  int8_t rslt = bme68x_set_conf(&gas_conf, &gas_sensor);
   b6e26:	f100 0128 	add.w	r1, r0, #40	; 0x28
   b6e2a:	3078      	adds	r0, #120	; 0x78
   b6e2c:	f7fe fa56 	bl	b52dc <bme68x_set_conf>
  return rslt == 0;
   b6e30:	fab0 f080 	clz	r0, r0
   b6e34:	0940      	lsrs	r0, r0, #5
}
   b6e36:	bd08      	pop	{r3, pc}
    return false;
   b6e38:	2000      	movs	r0, #0
   b6e3a:	e7fc      	b.n	b6e36 <_ZN15Adafruit_BME68023setHumidityOversamplingEh+0x1a>

000b6e3c <_ZN15Adafruit_BME68023setPressureOversamplingEh>:
  if (oversample > BME68X_OS_16X)
   b6e3c:	2905      	cmp	r1, #5
bool Adafruit_BME680::setPressureOversampling(uint8_t oversample) {
   b6e3e:	b508      	push	{r3, lr}
  if (oversample > BME68X_OS_16X)
   b6e40:	d80a      	bhi.n	b6e58 <_ZN15Adafruit_BME68023setPressureOversamplingEh+0x1c>
  gas_conf.os_pres = oversample;
   b6e42:	f880 107a 	strb.w	r1, [r0, #122]	; 0x7a
  int8_t rslt = bme68x_set_conf(&gas_conf, &gas_sensor);
   b6e46:	f100 0128 	add.w	r1, r0, #40	; 0x28
   b6e4a:	3078      	adds	r0, #120	; 0x78
   b6e4c:	f7fe fa46 	bl	b52dc <bme68x_set_conf>
  return rslt == 0;
   b6e50:	fab0 f080 	clz	r0, r0
   b6e54:	0940      	lsrs	r0, r0, #5
}
   b6e56:	bd08      	pop	{r3, pc}
    return false;
   b6e58:	2000      	movs	r0, #0
   b6e5a:	e7fc      	b.n	b6e56 <_ZN15Adafruit_BME68023setPressureOversamplingEh+0x1a>

000b6e5c <_ZN15Adafruit_BME68016setIIRFilterSizeEh>:
  if (filtersize > BME68X_FILTER_SIZE_127)
   b6e5c:	2907      	cmp	r1, #7
bool Adafruit_BME680::setIIRFilterSize(uint8_t filtersize) {
   b6e5e:	b508      	push	{r3, lr}
  if (filtersize > BME68X_FILTER_SIZE_127)
   b6e60:	d80a      	bhi.n	b6e78 <_ZN15Adafruit_BME68016setIIRFilterSizeEh+0x1c>
  gas_conf.filter = filtersize;
   b6e62:	f880 107b 	strb.w	r1, [r0, #123]	; 0x7b
  int8_t rslt = bme68x_set_conf(&gas_conf, &gas_sensor);
   b6e66:	f100 0128 	add.w	r1, r0, #40	; 0x28
   b6e6a:	3078      	adds	r0, #120	; 0x78
   b6e6c:	f7fe fa36 	bl	b52dc <bme68x_set_conf>
  return rslt == 0;
   b6e70:	fab0 f080 	clz	r0, r0
   b6e74:	0940      	lsrs	r0, r0, #5
}
   b6e76:	bd08      	pop	{r3, pc}
    return false;
   b6e78:	2000      	movs	r0, #0
   b6e7a:	e7fc      	b.n	b6e76 <_ZN15Adafruit_BME68016setIIRFilterSizeEh+0x1a>

000b6e7c <_ZN15Adafruit_BME6805beginEhb>:
bool Adafruit_BME680::begin(uint8_t addr, bool initSettings) {
   b6e7c:	b5f8      	push	{r3, r4, r5, r6, r7, lr}
   b6e7e:	4604      	mov	r4, r0
  if (!_spidev) { // i2c
   b6e80:	6940      	ldr	r0, [r0, #20]
bool Adafruit_BME680::begin(uint8_t addr, bool initSettings) {
   b6e82:	460f      	mov	r7, r1
   b6e84:	4616      	mov	r6, r2
  if (!_spidev) { // i2c
   b6e86:	2800      	cmp	r0, #0
   b6e88:	d14f      	bne.n	b6f2a <_ZN15Adafruit_BME6805beginEhb+0xae>
    if (_i2cdev) {
   b6e8a:	6920      	ldr	r0, [r4, #16]
   b6e8c:	b110      	cbz	r0, b6e94 <_ZN15Adafruit_BME6805beginEhb+0x18>
      delete _i2cdev;
   b6e8e:	2110      	movs	r1, #16
   b6e90:	f7fd fdbf 	bl	b4a12 <_ZdlPvj>
    _i2cdev = new Adafruit_I2CDevice(addr, _wire);
   b6e94:	2010      	movs	r0, #16
   b6e96:	f7fd fdb8 	bl	b4a0a <_Znwj>
   b6e9a:	4605      	mov	r5, r0
   b6e9c:	b118      	cbz	r0, b6ea6 <_ZN15Adafruit_BME6805beginEhb+0x2a>
   b6e9e:	69a2      	ldr	r2, [r4, #24]
   b6ea0:	4639      	mov	r1, r7
   b6ea2:	f000 fb4b 	bl	b753c <_ZN18Adafruit_I2CDeviceC1EhP7TwoWire>
   b6ea6:	6125      	str	r5, [r4, #16]
    if (!_i2cdev->begin()) {
   b6ea8:	2101      	movs	r1, #1
   b6eaa:	4628      	mov	r0, r5
   b6eac:	f000 fb62 	bl	b7574 <_ZN18Adafruit_I2CDevice5beginEb>
   b6eb0:	b908      	cbnz	r0, b6eb6 <_ZN15Adafruit_BME6805beginEhb+0x3a>
      return false;
   b6eb2:	2000      	movs	r0, #0
}
   b6eb4:	bdf8      	pop	{r3, r4, r5, r6, r7, pc}
    gas_sensor.intf = BME68X_I2C_INTF;
   b6eb6:	2301      	movs	r3, #1
   b6eb8:	f884 3034 	strb.w	r3, [r4, #52]	; 0x34
    gas_sensor.intf_ptr = (void *)_i2cdev;
   b6ebc:	6923      	ldr	r3, [r4, #16]
   b6ebe:	62e3      	str	r3, [r4, #44]	; 0x2c
    gas_sensor.read = &i2c_read;
   b6ec0:	4b23      	ldr	r3, [pc, #140]	; (b6f50 <_ZN15Adafruit_BME6805beginEhb+0xd4>)
   b6ec2:	66a3      	str	r3, [r4, #104]	; 0x68
    gas_sensor.write = &i2c_write;
   b6ec4:	4b23      	ldr	r3, [pc, #140]	; (b6f54 <_ZN15Adafruit_BME6805beginEhb+0xd8>)
    gas_sensor.chip_id = addr;
   b6ec6:	f884 7028 	strb.w	r7, [r4, #40]	; 0x28
    gas_sensor.write = &spi_write;
   b6eca:	66e3      	str	r3, [r4, #108]	; 0x6c
  gas_sensor.amb_temp = 25; /* The ambient temperature in deg C is used for
   b6ecc:	2319      	movs	r3, #25
   b6ece:	f884 3036 	strb.w	r3, [r4, #54]	; 0x36
  rslt = bme68x_init(&gas_sensor);
   b6ed2:	f104 0528 	add.w	r5, r4, #40	; 0x28
  gas_sensor.delay_us = delay_usec;
   b6ed6:	4b20      	ldr	r3, [pc, #128]	; (b6f58 <_ZN15Adafruit_BME6805beginEhb+0xdc>)
   b6ed8:	6723      	str	r3, [r4, #112]	; 0x70
  rslt = bme68x_init(&gas_sensor);
   b6eda:	4628      	mov	r0, r5
   b6edc:	f7fe f903 	bl	b50e6 <bme68x_init>
  if (rslt != BME68X_OK)
   b6ee0:	2800      	cmp	r0, #0
   b6ee2:	d1e6      	bne.n	b6eb2 <_ZN15Adafruit_BME6805beginEhb+0x36>
  if (initSettings) {
   b6ee4:	b386      	cbz	r6, b6f48 <_ZN15Adafruit_BME6805beginEhb+0xcc>
    setIIRFilterSize(BME68X_FILTER_SIZE_3);
   b6ee6:	2102      	movs	r1, #2
   b6ee8:	4620      	mov	r0, r4
   b6eea:	f7ff ffb7 	bl	b6e5c <_ZN15Adafruit_BME68016setIIRFilterSizeEh>
    setODR(BME68X_ODR_NONE);
   b6eee:	2108      	movs	r1, #8
   b6ef0:	4620      	mov	r0, r4
   b6ef2:	f7ff ff73 	bl	b6ddc <_ZN15Adafruit_BME6806setODREh>
    setHumidityOversampling(BME68X_OS_2X);
   b6ef6:	2102      	movs	r1, #2
   b6ef8:	4620      	mov	r0, r4
   b6efa:	f7ff ff8f 	bl	b6e1c <_ZN15Adafruit_BME68023setHumidityOversamplingEh>
    setPressureOversampling(BME68X_OS_4X);
   b6efe:	2103      	movs	r1, #3
   b6f00:	4620      	mov	r0, r4
   b6f02:	f7ff ff9b 	bl	b6e3c <_ZN15Adafruit_BME68023setPressureOversamplingEh>
    setTemperatureOversampling(BME68X_OS_8X);
   b6f06:	2104      	movs	r1, #4
   b6f08:	4620      	mov	r0, r4
   b6f0a:	f7ff ff77 	bl	b6dfc <_ZN15Adafruit_BME68026setTemperatureOversamplingEh>
    setGasHeater(320, 150); // 320*C for 150 ms
   b6f0e:	2296      	movs	r2, #150	; 0x96
   b6f10:	f44f 71a0 	mov.w	r1, #320	; 0x140
    setGasHeater(0, 0);
   b6f14:	4620      	mov	r0, r4
   b6f16:	f7ff ff48 	bl	b6daa <_ZN15Adafruit_BME68012setGasHeaterEtt>
  rslt = bme68x_set_op_mode(BME68X_FORCED_MODE, &gas_sensor);
   b6f1a:	4629      	mov	r1, r5
   b6f1c:	2001      	movs	r0, #1
   b6f1e:	f7fe f98c 	bl	b523a <bme68x_set_op_mode>
  if (rslt != BME68X_OK)
   b6f22:	fab0 f080 	clz	r0, r0
   b6f26:	0940      	lsrs	r0, r0, #5
   b6f28:	e7c4      	b.n	b6eb4 <_ZN15Adafruit_BME6805beginEhb+0x38>
    if (!_spidev->begin()) {
   b6f2a:	f000 f8d8 	bl	b70de <_ZN18Adafruit_SPIDevice5beginEv>
   b6f2e:	2800      	cmp	r0, #0
   b6f30:	d0bf      	beq.n	b6eb2 <_ZN15Adafruit_BME6805beginEhb+0x36>
    gas_sensor.chip_id = 0;
   b6f32:	2300      	movs	r3, #0
   b6f34:	f884 3028 	strb.w	r3, [r4, #40]	; 0x28
    gas_sensor.intf = BME68X_SPI_INTF;
   b6f38:	f884 3034 	strb.w	r3, [r4, #52]	; 0x34
    gas_sensor.intf_ptr = (void *)_spidev;
   b6f3c:	6963      	ldr	r3, [r4, #20]
   b6f3e:	62e3      	str	r3, [r4, #44]	; 0x2c
    gas_sensor.read = &spi_read;
   b6f40:	4b06      	ldr	r3, [pc, #24]	; (b6f5c <_ZN15Adafruit_BME6805beginEhb+0xe0>)
   b6f42:	66a3      	str	r3, [r4, #104]	; 0x68
    gas_sensor.write = &spi_write;
   b6f44:	4b06      	ldr	r3, [pc, #24]	; (b6f60 <_ZN15Adafruit_BME6805beginEhb+0xe4>)
   b6f46:	e7c0      	b.n	b6eca <_ZN15Adafruit_BME6805beginEhb+0x4e>
    setGasHeater(0, 0);
   b6f48:	4632      	mov	r2, r6
   b6f4a:	4631      	mov	r1, r6
   b6f4c:	e7e2      	b.n	b6f14 <_ZN15Adafruit_BME6805beginEhb+0x98>
   b6f4e:	bf00      	nop
   b6f50:	000b6c5f 	.word	0x000b6c5f
   b6f54:	000b6c3b 	.word	0x000b6c3b
   b6f58:	000b6bdf 	.word	0x000b6bdf
   b6f5c:	000b6c0f 	.word	0x000b6c0f
   b6f60:	000b6bed 	.word	0x000b6bed

000b6f64 <_ZN10ADS_ModuleC1Ev>:
 /*!
 *    @brief  ADS_Module object; Assigns addresses & channels to ADS1115 modules
 *            Addresses include: GND 0x48 & 5V 0x49
 */
/**************************************************************************/
ADS_Module::ADS_Module()
   b6f64:	b570      	push	{r4, r5, r6, lr}
   b6f66:	4604      	mov	r4, r0
   b6f68:	1d05      	adds	r5, r0, #4
   b6f6a:	f100 06a4 	add.w	r6, r0, #164	; 0xa4
  VOLT_REF2,
  ADS_SENSOR_COUNT
};  //enum ads_sensor_id_e

/*! (per each sensor) addr, channel, status, module (ADS1115) */
struct ads_module_t
   b6f6e:	4628      	mov	r0, r5
   b6f70:	3514      	adds	r5, #20
   b6f72:	f7fe fded 	bl	b5b50 <_ZN16Adafruit_ADS1115C1Ev>
   b6f76:	42b5      	cmp	r5, r6
   b6f78:	d1f9      	bne.n	b6f6e <_ZN10ADS_ModuleC1Ev+0xa>
{
  ads_module[MICS].addr = 0x48;
  ads_module[MICS].channel = 0;

  ads_module[MQ].addr = 0x48;
   b6f7a:	f44f 72a4 	mov.w	r2, #328	; 0x148
   b6f7e:	82a2      	strh	r2, [r4, #20]
  ads_module[MQ].channel = 1;

  ads_module[OPEN_CHANNEL1].addr = 0x48;
   b6f80:	f44f 7212 	mov.w	r2, #584	; 0x248
   b6f84:	8522      	strh	r2, [r4, #40]	; 0x28
  ads_module[OPEN_CHANNEL1].channel = 2;

  ads_module[OPEN_CHANNEL2].addr = 0x48;
   b6f86:	f44f 7252 	mov.w	r2, #840	; 0x348
   b6f8a:	87a2      	strh	r2, [r4, #60]	; 0x3c
  ads_module[OPEN_CHANNEL2].channel = 3;

  ads_module[B4_WORKER].addr = 0x49;
   b6f8c:	2249      	movs	r2, #73	; 0x49
   b6f8e:	f8a4 2050 	strh.w	r2, [r4, #80]	; 0x50
  ads_module[B4_WORKER].channel = 0; 

  ads_module[VOLT_REF1].addr = 0x49;
   b6f92:	f240 1249 	movw	r2, #329	; 0x149
  ads_module[MICS].addr = 0x48;
   b6f96:	2348      	movs	r3, #72	; 0x48
  ads_module[VOLT_REF1].addr = 0x49;
   b6f98:	f8a4 2064 	strh.w	r2, [r4, #100]	; 0x64
  ads_module[VOLT_REF1].channel = 1;

  ads_module[B4_AUXILIARY].addr = 0x49;
   b6f9c:	f240 2249 	movw	r2, #585	; 0x249
  ads_module[MICS].addr = 0x48;
   b6fa0:	8023      	strh	r3, [r4, #0]
  ads_module[B4_AUXILIARY].addr = 0x49;
   b6fa2:	f8a4 2078 	strh.w	r2, [r4, #120]	; 0x78

  ads_module[VOLT_REF2].addr = 0x49;
  ads_module[VOLT_REF2].channel = 3;

  for (int i = 0; i < ADS_SENSOR_COUNT; i++)
    ads_module[i].status = false;
   b6fa6:	2300      	movs	r3, #0
  ads_module[VOLT_REF2].addr = 0x49;
   b6fa8:	f240 3249 	movw	r2, #841	; 0x349
    ads_module[i].status = false;
   b6fac:	70a3      	strb	r3, [r4, #2]
   b6fae:	75a3      	strb	r3, [r4, #22]
   b6fb0:	f884 302a 	strb.w	r3, [r4, #42]	; 0x2a
   b6fb4:	f884 303e 	strb.w	r3, [r4, #62]	; 0x3e
   b6fb8:	f884 3052 	strb.w	r3, [r4, #82]	; 0x52
   b6fbc:	f884 3066 	strb.w	r3, [r4, #102]	; 0x66
   b6fc0:	f884 307a 	strb.w	r3, [r4, #122]	; 0x7a
  ads_module[VOLT_REF2].addr = 0x49;
   b6fc4:	f8a4 208c 	strh.w	r2, [r4, #140]	; 0x8c
    ads_module[i].status = false;
   b6fc8:	f884 308e 	strb.w	r3, [r4, #142]	; 0x8e
} //ADS_Module()
   b6fcc:	4620      	mov	r0, r4
   b6fce:	bd70      	pop	{r4, r5, r6, pc}

000b6fd0 <_ZN10ADS_Module5beginEv>:
 *   @return True if find ADS1115 channels (4 & 4), 
 *           False if status of channels is false
 */
/**************************************************************************/
bool ADS_Module::begin()
{
   b6fd0:	e92d 41f3 	stmdb	sp!, {r0, r1, r4, r5, r6, r7, r8, lr}
   b6fd4:	4604      	mov	r4, r0
   b6fd6:	1d05      	adds	r5, r0, #4
   b6fd8:	4606      	mov	r6, r0
   b6fda:	f100 07a4 	add.w	r7, r0, #164	; 0xa4
  for (int i = 0; i < ADS_SENSOR_COUNT; i++)
  {
    if (ads_module[i].module.begin(ads_module[i].addr))
      ads_module[i].status = true;
   b6fde:	f04f 0801 	mov.w	r8, #1
    if (ads_module[i].module.begin(ads_module[i].addr))
   b6fe2:	f815 1c04 	ldrb.w	r1, [r5, #-4]
   b6fe6:	9101      	str	r1, [sp, #4]
   b6fe8:	f004 fc6a 	bl	bb8c0 <_Z19__fetch_global_Wirev>
   b6fec:	9901      	ldr	r1, [sp, #4]
   b6fee:	4602      	mov	r2, r0
   b6ff0:	4628      	mov	r0, r5
   b6ff2:	f7fe fdb3 	bl	b5b5c <_ZN16Adafruit_ADS1X155beginEhP7TwoWire>
   b6ff6:	b108      	cbz	r0, b6ffc <_ZN10ADS_Module5beginEv+0x2c>
      ads_module[i].status = true;
   b6ff8:	f805 8c02 	strb.w	r8, [r5, #-2]
  for (int i = 0; i < ADS_SENSOR_COUNT; i++)
   b6ffc:	3514      	adds	r5, #20
   b6ffe:	42bd      	cmp	r5, r7
   b7000:	d1ef      	bne.n	b6fe2 <_ZN10ADS_Module5beginEv+0x12>
   b7002:	34a0      	adds	r4, #160	; 0xa0
  }

  for (int i = 0; i < ADS_SENSOR_COUNT; i++)
  {
    if (ads_module[i].status == false)
   b7004:	78b0      	ldrb	r0, [r6, #2]
   b7006:	b110      	cbz	r0, b700e <_ZN10ADS_Module5beginEv+0x3e>
  for (int i = 0; i < ADS_SENSOR_COUNT; i++)
   b7008:	3614      	adds	r6, #20
   b700a:	42a6      	cmp	r6, r4
   b700c:	d1fa      	bne.n	b7004 <_ZN10ADS_Module5beginEv+0x34>
      return false;
  }

  return true;
} //bool ADS_Module::begin()
   b700e:	b002      	add	sp, #8
   b7010:	e8bd 81f0 	ldmia.w	sp!, {r4, r5, r6, r7, r8, pc}

000b7014 <_ZN10ADS_Module8read_rawE15ads_sensor_id_e>:
 *        @param  ads_sensor_id index of the sensor to be read (in id_e form)
 *    @return Raw ADS1115 reading for relevant channel (or -999 for error)
 */
/**************************************************************************/
uint16_t ADS_Module::read_raw(ads_sensor_id_e ads_sensor_id)
{
   b7014:	b508      	push	{r3, lr}
   b7016:	2314      	movs	r3, #20
   b7018:	4359      	muls	r1, r3
   b701a:	1842      	adds	r2, r0, r1
  ads_module_t *sensor = &ads_module[ads_sensor_id];

  if (!sensor->status)
   b701c:	7893      	ldrb	r3, [r2, #2]
   b701e:	b133      	cbz	r3, b702e <_ZN10ADS_Module8read_rawE15ads_sensor_id_e+0x1a>
    return -999;

  return sensor->module.readADC_SingleEnded(sensor->channel);
   b7020:	1d0b      	adds	r3, r1, #4
   b7022:	4418      	add	r0, r3
   b7024:	7851      	ldrb	r1, [r2, #1]
   b7026:	f7fe fe0f 	bl	b5c48 <_ZN16Adafruit_ADS1X1519readADC_SingleEndedEh>
   b702a:	b280      	uxth	r0, r0
} //uint16_t ADS_Module::read_raw(ads_sensor_id_e ads_sensor_id)
   b702c:	bd08      	pop	{r3, pc}
    return -999;
   b702e:	f64f 4019 	movw	r0, #64537	; 0xfc19
   b7032:	e7fb      	b.n	b702c <_ZN10ADS_Module8read_rawE15ads_sensor_id_e+0x18>

000b7034 <_ZN10ADS_Module11read_b4_auxEv>:
 *    @brief  Reads raw AS Aux sensor readings; no signal processing!!
 *    @return Raw alphasense Aux readings with reference to V_reference
 */
/**************************************************************************/
float ADS_Module::read_b4_aux()
{
   b7034:	b508      	push	{r3, lr}
  ads_module_t *sensor = &ads_module[B4_AUXILIARY];//& VREF TOO

  // float val;
  // const float multiplier = 0.1875F;  // ADS1115  @ +/- 6.144V gain (16-bit results)

  if (!sensor->status)
   b7036:	f890 307a 	ldrb.w	r3, [r0, #122]	; 0x7a
   b703a:	b13b      	cbz	r3, b704c <_ZN10ADS_Module11read_b4_auxEv+0x18>
    return -999;

  return (sensor->module.readADC_Differential_0_1());
   b703c:	307c      	adds	r0, #124	; 0x7c
   b703e:	f7fe fe1b 	bl	b5c78 <_ZN16Adafruit_ADS1X1524readADC_Differential_0_1Ev>
   b7042:	ee07 0a90 	vmov	s15, r0
   b7046:	eeb8 0ae7 	vcvt.f32.s32	s0, s15
} //float ADS_Module::read_alphasense_worker()
   b704a:	bd08      	pop	{r3, pc}
    return -999;
   b704c:	ed9f 0a01 	vldr	s0, [pc, #4]	; b7054 <_ZN10ADS_Module11read_b4_auxEv+0x20>
   b7050:	e7fb      	b.n	b704a <_ZN10ADS_Module11read_b4_auxEv+0x16>
   b7052:	bf00      	nop
   b7054:	c479c000 	.word	0xc479c000

000b7058 <_ZN10ADS_Module14read_b4_workerEv>:
 *    @brief  Reads raw alphasense Worker sensor readings; no signal processing!!
 *    @return Raw alphasense Worker readings
 */
/**************************************************************************/
float ADS_Module::read_b4_worker()
{
   b7058:	b508      	push	{r3, lr}
  ads_module_t *sensor = &ads_module[B4_WORKER]; //& VREF TOO

  // float val;
  // const float multiplier = 0.1875F;  // ADS1115  @ +/- 6.144V gain (16-bit results)

  if (!sensor->status)
   b705a:	f890 3052 	ldrb.w	r3, [r0, #82]	; 0x52
   b705e:	b13b      	cbz	r3, b7070 <_ZN10ADS_Module14read_b4_workerEv+0x18>
    return -999;

  return (sensor->module.readADC_Differential_2_3());
   b7060:	3054      	adds	r0, #84	; 0x54
   b7062:	f7fe fe19 	bl	b5c98 <_ZN16Adafruit_ADS1X1524readADC_Differential_2_3Ev>
   b7066:	ee07 0a90 	vmov	s15, r0
   b706a:	eeb8 0ae7 	vcvt.f32.s32	s0, s15
} //float ADS_Module::read_alphasense_worker()
   b706e:	bd08      	pop	{r3, pc}
    return -999;
   b7070:	ed9f 0a01 	vldr	s0, [pc, #4]	; b7078 <_ZN10ADS_Module14read_b4_workerEv+0x20>
   b7074:	e7fb      	b.n	b706e <_ZN10ADS_Module14read_b4_workerEv+0x16>
   b7076:	bf00      	nop
   b7078:	c479c000 	.word	0xc479c000

000b707c <_ZN10ADS_Module14return_updatedEv>:
 *    @brief  Updates values and returns structured dataset
 *    @return ads_data structured dataset (w/o heaters)
 */
/**************************************************************************/
ads_data ADS_Module::return_updated()
{
   b707c:	b538      	push	{r3, r4, r5, lr}
   b707e:	460d      	mov	r5, r1
   b7080:	4604      	mov	r4, r0
  ads_data dataset;
  dataset.Mics = read_raw(MICS);
   b7082:	2100      	movs	r1, #0
   b7084:	4628      	mov	r0, r5
   b7086:	f7ff ffc5 	bl	b7014 <_ZN10ADS_Module8read_rawE15ads_sensor_id_e>
   b708a:	8020      	strh	r0, [r4, #0]
  delay(100);
   b708c:	2064      	movs	r0, #100	; 0x64
   b708e:	f003 fcf9 	bl	baa84 <delay>
  dataset.Mq = read_raw(MQ);
   b7092:	2101      	movs	r1, #1
   b7094:	4628      	mov	r0, r5
   b7096:	f7ff ffbd 	bl	b7014 <_ZN10ADS_Module8read_rawE15ads_sensor_id_e>
   b709a:	8060      	strh	r0, [r4, #2]
  delay(100);
   b709c:	2064      	movs	r0, #100	; 0x64
   b709e:	f003 fcf1 	bl	baa84 <delay>
  //dataset.Fig3 = read_raw(FIG3);
  //delay(100);
  // dataset.Unused = read_raw(OPEN_CHANNEL);
  // delay(100);
  dataset.Worker = read_b4_worker();
   b70a2:	4628      	mov	r0, r5
   b70a4:	f7ff ffd8 	bl	b7058 <_ZN10ADS_Module14read_b4_workerEv>
   b70a8:	eebc 0ac0 	vcvt.u32.f32	s0, s0
  delay(100);
   b70ac:	2064      	movs	r0, #100	; 0x64
  dataset.Worker = read_b4_worker();
   b70ae:	ee10 3a10 	vmov	r3, s0
   b70b2:	80a3      	strh	r3, [r4, #4]
  delay(100);
   b70b4:	f003 fce6 	bl	baa84 <delay>
  // dataset.Unused2 = read_raw(VOLT_REF1);
  delay(100);
   b70b8:	2064      	movs	r0, #100	; 0x64
   b70ba:	f003 fce3 	bl	baa84 <delay>
  dataset.Auxiliary = read_b4_aux();
   b70be:	4628      	mov	r0, r5
   b70c0:	f7ff ffb8 	bl	b7034 <_ZN10ADS_Module11read_b4_auxEv>
   b70c4:	eebc 0ac0 	vcvt.u32.f32	s0, s0
  delay(100);
   b70c8:	2064      	movs	r0, #100	; 0x64
  dataset.Auxiliary = read_b4_aux();
   b70ca:	ee10 3a10 	vmov	r3, s0
   b70ce:	80e3      	strh	r3, [r4, #6]
  delay(100);
   b70d0:	f003 fcd8 	bl	baa84 <delay>
  // dataset.Unused3 = read_raw(VOLT_REF2);
  delay(100);
   b70d4:	2064      	movs	r0, #100	; 0x64
   b70d6:	f003 fcd5 	bl	baa84 <delay>

  return dataset;
} //ads_data ADS_Module::return_updated()
   b70da:	4620      	mov	r0, r4
   b70dc:	bd38      	pop	{r3, r4, r5, pc}

000b70de <_ZN18Adafruit_SPIDevice5beginEv>:
/*!
 *    @brief  Initializes SPI bus and sets CS pin high
 *    @return Always returns true because there's no way to test success of SPI
 * init
 */
bool Adafruit_SPIDevice::begin(void) {
   b70de:	b538      	push	{r3, r4, r5, lr}
   b70e0:	4604      	mov	r4, r0
  if (_cs != -1) {
   b70e2:	f990 000e 	ldrsb.w	r0, [r0, #14]
   b70e6:	1c41      	adds	r1, r0, #1
   b70e8:	d009      	beq.n	b70fe <_ZN18Adafruit_SPIDevice5beginEv+0x20>
    pinMode(_cs, OUTPUT);
   b70ea:	2101      	movs	r1, #1
   b70ec:	b280      	uxth	r0, r0
   b70ee:	f004 fb61 	bl	bb7b4 <pinMode>
    digitalWrite(_cs, HIGH);
   b70f2:	f994 000e 	ldrsb.w	r0, [r4, #14]
   b70f6:	2101      	movs	r1, #1
   b70f8:	b280      	uxth	r0, r0
   b70fa:	f004 fb6c 	bl	bb7d6 <digitalWrite>
  }

  if (_spi) { // hardware SPI
   b70fe:	6825      	ldr	r5, [r4, #0]
   b7100:	b135      	cbz	r5, b7110 <_ZN18Adafruit_SPIDevice5beginEv+0x32>
#ifdef BUSIO_HAS_HW_SPI
    _spi->begin();
   b7102:	4628      	mov	r0, r5
   b7104:	f003 fabe 	bl	ba684 <_ZN8SPIClass5beginEv>
    if (_miso != -1) {
      pinMode(_miso, INPUT);
    }
  }

  _begun = true;
   b7108:	2001      	movs	r0, #1
   b710a:	f884 0034 	strb.w	r0, [r4, #52]	; 0x34
  return true;
}
   b710e:	bd38      	pop	{r3, r4, r5, pc}
    pinMode(_sck, OUTPUT);
   b7110:	f994 000f 	ldrsb.w	r0, [r4, #15]
   b7114:	2101      	movs	r1, #1
   b7116:	b280      	uxth	r0, r0
   b7118:	f004 fb4c 	bl	bb7b4 <pinMode>
    if ((_dataMode == SPI_MODE0) || (_dataMode == SPI_MODE1)) {
   b711c:	7b63      	ldrb	r3, [r4, #13]
   b711e:	f994 000f 	ldrsb.w	r0, [r4, #15]
   b7122:	2b01      	cmp	r3, #1
      digitalWrite(_sck, LOW);
   b7124:	bf94      	ite	ls
   b7126:	4629      	movls	r1, r5
      digitalWrite(_sck, HIGH);
   b7128:	2101      	movhi	r1, #1
   b712a:	b280      	uxth	r0, r0
   b712c:	f004 fb53 	bl	bb7d6 <digitalWrite>
    if (_mosi != -1) {
   b7130:	f994 0010 	ldrsb.w	r0, [r4, #16]
   b7134:	1c42      	adds	r2, r0, #1
   b7136:	d009      	beq.n	b714c <_ZN18Adafruit_SPIDevice5beginEv+0x6e>
      pinMode(_mosi, OUTPUT);
   b7138:	2101      	movs	r1, #1
   b713a:	b280      	uxth	r0, r0
   b713c:	f004 fb3a 	bl	bb7b4 <pinMode>
      digitalWrite(_mosi, HIGH);
   b7140:	f994 0010 	ldrsb.w	r0, [r4, #16]
   b7144:	2101      	movs	r1, #1
   b7146:	b280      	uxth	r0, r0
   b7148:	f004 fb45 	bl	bb7d6 <digitalWrite>
    if (_miso != -1) {
   b714c:	f994 0011 	ldrsb.w	r0, [r4, #17]
   b7150:	1c43      	adds	r3, r0, #1
   b7152:	d0d9      	beq.n	b7108 <_ZN18Adafruit_SPIDevice5beginEv+0x2a>
      pinMode(_miso, INPUT);
   b7154:	2100      	movs	r1, #0
   b7156:	b280      	uxth	r0, r0
   b7158:	f004 fb2c 	bl	bb7b4 <pinMode>
   b715c:	e7d4      	b.n	b7108 <_ZN18Adafruit_SPIDevice5beginEv+0x2a>
	...

000b7160 <_ZN18Adafruit_SPIDevice8transferEPhj>:
 *    @brief  Transfer (send/receive) a buffer over hard/soft SPI, without
 * transaction management
 *    @param  buffer The buffer to send and receive at the same time
 *    @param  len    The number of bytes to transfer
 */
void Adafruit_SPIDevice::transfer(uint8_t *buffer, size_t len) {
   b7160:	e92d 4ff0 	stmdb	sp!, {r4, r5, r6, r7, r8, r9, sl, fp, lr}
   b7164:	4604      	mov	r4, r0
  //
  // HARDWARE SPI
  //
  if (_spi) {
   b7166:	6800      	ldr	r0, [r0, #0]
void Adafruit_SPIDevice::transfer(uint8_t *buffer, size_t len) {
   b7168:	b085      	sub	sp, #20
   b716a:	460d      	mov	r5, r1
  if (_spi) {
   b716c:	b140      	cbz	r0, b7180 <_ZN18Adafruit_SPIDevice8transferEPhj+0x20>
#ifdef BUSIO_HAS_HW_SPI
#if defined(SPARK)
    _spi->transfer(buffer, buffer, len, nullptr);
   b716e:	2300      	movs	r3, #0
   b7170:	9300      	str	r3, [sp, #0]
   b7172:	4613      	mov	r3, r2
   b7174:	460a      	mov	r2, r1
   b7176:	f003 fb27 	bl	ba7c8 <_ZN8SPIClass8transferEPKvPvjPFvvE>
        buffer[i] = reply;
      }
    }
  }
  return;
}
   b717a:	b005      	add	sp, #20
   b717c:	e8bd 8ff0 	ldmia.w	sp!, {r4, r5, r6, r7, r8, r9, sl, fp, pc}
  if (_dataOrder == SPI_BITORDER_LSBFIRST) {
   b7180:	7b23      	ldrb	r3, [r4, #12]
  uint8_t bitdelay_us = (1000000 / _freq) / 2;
   b7182:	68a0      	ldr	r0, [r4, #8]
   b7184:	4f48      	ldr	r7, [pc, #288]	; (b72a8 <_ZN18Adafruit_SPIDevice8transferEPhj+0x148>)
   b7186:	fbb7 f7f0 	udiv	r7, r7, r0
    startbit = 0x80;
   b718a:	2b00      	cmp	r3, #0
  bool towrite, lastmosi = !(buffer[0] & startbit);
   b718c:	780b      	ldrb	r3, [r1, #0]
    startbit = 0x80;
   b718e:	bf0c      	ite	eq
   b7190:	f04f 0b01 	moveq.w	fp, #1
   b7194:	f04f 0b80 	movne.w	fp, #128	; 0x80
  bool towrite, lastmosi = !(buffer[0] & startbit);
   b7198:	ea1b 0f03 	tst.w	fp, r3
   b719c:	eb01 0302 	add.w	r3, r1, r2
   b71a0:	bf0c      	ite	eq
   b71a2:	f04f 0901 	moveq.w	r9, #1
   b71a6:	f04f 0900 	movne.w	r9, #0
  uint8_t bitdelay_us = (1000000 / _freq) / 2;
   b71aa:	b2ff      	uxtb	r7, r7
  for (size_t i = 0; i < len; i++) {
   b71ac:	9303      	str	r3, [sp, #12]
   b71ae:	9b03      	ldr	r3, [sp, #12]
   b71b0:	42ab      	cmp	r3, r5
   b71b2:	d0e2      	beq.n	b717a <_ZN18Adafruit_SPIDevice8transferEPhj+0x1a>
    uint8_t send = buffer[i];
   b71b4:	f895 a000 	ldrb.w	sl, [r5]
    for (uint8_t b = startbit; b != 0;
   b71b8:	465e      	mov	r6, fp
    uint8_t reply = 0;
   b71ba:	f04f 0800 	mov.w	r8, #0
      if (bitdelay_us) {
   b71be:	b117      	cbz	r7, b71c6 <_ZN18Adafruit_SPIDevice8transferEPhj+0x66>
inline void delayMicroseconds(unsigned int us) { HAL_Delay_Microseconds(us); }
   b71c0:	4638      	mov	r0, r7
   b71c2:	f002 ffaf 	bl	ba124 <HAL_Delay_Microseconds>
      if (_dataMode == SPI_MODE0 || _dataMode == SPI_MODE2) {
   b71c6:	7b63      	ldrb	r3, [r4, #13]
   b71c8:	f013 0ffd 	tst.w	r3, #253	; 0xfd
   b71cc:	d141      	bne.n	b7252 <_ZN18Adafruit_SPIDevice8transferEPhj+0xf2>
        if ((_mosi != -1) && (lastmosi != towrite)) {
   b71ce:	f994 3010 	ldrsb.w	r3, [r4, #16]
   b71d2:	1c5a      	adds	r2, r3, #1
   b71d4:	d00f      	beq.n	b71f6 <_ZN18Adafruit_SPIDevice8transferEPhj+0x96>
        towrite = send & b;
   b71d6:	ea1a 0106 	ands.w	r1, sl, r6
        if ((_mosi != -1) && (lastmosi != towrite)) {
   b71da:	bf14      	ite	ne
   b71dc:	2301      	movne	r3, #1
   b71de:	2300      	moveq	r3, #0
   b71e0:	454b      	cmp	r3, r9
   b71e2:	d008      	beq.n	b71f6 <_ZN18Adafruit_SPIDevice8transferEPhj+0x96>
            *mosiPort = *mosiPort | mosiPinMask;
   b71e4:	6963      	ldr	r3, [r4, #20]
   b71e6:	6a60      	ldr	r0, [r4, #36]	; 0x24
   b71e8:	681a      	ldr	r2, [r3, #0]
          if (towrite)
   b71ea:	2900      	cmp	r1, #0
   b71ec:	d02c      	beq.n	b7248 <_ZN18Adafruit_SPIDevice8transferEPhj+0xe8>
            *mosiPort = *mosiPort | mosiPinMask;
   b71ee:	4302      	orrs	r2, r0
   b71f0:	601a      	str	r2, [r3, #0]
   b71f2:	f04f 0901 	mov.w	r9, #1
        *clkPort = *clkPort | clkPinMask; // Clock high
   b71f6:	69a1      	ldr	r1, [r4, #24]
   b71f8:	6ae3      	ldr	r3, [r4, #44]	; 0x2c
   b71fa:	680a      	ldr	r2, [r1, #0]
   b71fc:	4313      	orrs	r3, r2
   b71fe:	600b      	str	r3, [r1, #0]
        if (bitdelay_us) {
   b7200:	b117      	cbz	r7, b7208 <_ZN18Adafruit_SPIDevice8transferEPhj+0xa8>
   b7202:	4638      	mov	r0, r7
   b7204:	f002 ff8e 	bl	ba124 <HAL_Delay_Microseconds>
        if (_miso != -1) {
   b7208:	f994 3011 	ldrsb.w	r3, [r4, #17]
   b720c:	3301      	adds	r3, #1
   b720e:	d006      	beq.n	b721e <_ZN18Adafruit_SPIDevice8transferEPhj+0xbe>
          if (*misoPort & misoPinMask) {
   b7210:	69e3      	ldr	r3, [r4, #28]
   b7212:	681a      	ldr	r2, [r3, #0]
   b7214:	6aa3      	ldr	r3, [r4, #40]	; 0x28
   b7216:	421a      	tst	r2, r3
            reply |= b;
   b7218:	bf18      	it	ne
   b721a:	ea46 0808 	orrne.w	r8, r6, r8
        *clkPort = *clkPort & ~clkPinMask; // Clock low
   b721e:	69a1      	ldr	r1, [r4, #24]
   b7220:	6ae3      	ldr	r3, [r4, #44]	; 0x2c
   b7222:	680a      	ldr	r2, [r1, #0]
   b7224:	ea22 0303 	bic.w	r3, r2, r3
   b7228:	600b      	str	r3, [r1, #0]
      if (_miso != -1) {
   b722a:	f994 3011 	ldrsb.w	r3, [r4, #17]
   b722e:	3301      	adds	r3, #1
        buffer[i] = reply;
   b7230:	bf18      	it	ne
   b7232:	f885 8000 	strbne.w	r8, [r5]
    for (uint8_t b = startbit; b != 0;
   b7236:	7b23      	ldrb	r3, [r4, #12]
   b7238:	2b00      	cmp	r3, #0
   b723a:	d132      	bne.n	b72a2 <_ZN18Adafruit_SPIDevice8transferEPhj+0x142>
   b723c:	0076      	lsls	r6, r6, #1
   b723e:	b2f6      	uxtb	r6, r6
   b7240:	2e00      	cmp	r6, #0
   b7242:	d1bc      	bne.n	b71be <_ZN18Adafruit_SPIDevice8transferEPhj+0x5e>
  for (size_t i = 0; i < len; i++) {
   b7244:	3501      	adds	r5, #1
   b7246:	e7b2      	b.n	b71ae <_ZN18Adafruit_SPIDevice8transferEPhj+0x4e>
            *mosiPort = *mosiPort & ~mosiPinMask;
   b7248:	ea22 0200 	bic.w	r2, r2, r0
   b724c:	601a      	str	r2, [r3, #0]
   b724e:	4689      	mov	r9, r1
   b7250:	e7d1      	b.n	b71f6 <_ZN18Adafruit_SPIDevice8transferEPhj+0x96>
        *clkPort = *clkPort | clkPinMask; // Clock high
   b7252:	69a1      	ldr	r1, [r4, #24]
   b7254:	6ae3      	ldr	r3, [r4, #44]	; 0x2c
   b7256:	680a      	ldr	r2, [r1, #0]
   b7258:	4313      	orrs	r3, r2
   b725a:	600b      	str	r3, [r1, #0]
        if (bitdelay_us) {
   b725c:	b117      	cbz	r7, b7264 <_ZN18Adafruit_SPIDevice8transferEPhj+0x104>
   b725e:	4638      	mov	r0, r7
   b7260:	f002 ff60 	bl	ba124 <HAL_Delay_Microseconds>
        if (_mosi != -1) {
   b7264:	f994 3010 	ldrsb.w	r3, [r4, #16]
   b7268:	3301      	adds	r3, #1
   b726a:	d008      	beq.n	b727e <_ZN18Adafruit_SPIDevice8transferEPhj+0x11e>
            *mosiPort = *mosiPort | mosiPinMask;
   b726c:	6963      	ldr	r3, [r4, #20]
   b726e:	6a61      	ldr	r1, [r4, #36]	; 0x24
   b7270:	681a      	ldr	r2, [r3, #0]
          if (send & b)
   b7272:	ea1a 0f06 	tst.w	sl, r6
            *mosiPort = *mosiPort | mosiPinMask;
   b7276:	bf14      	ite	ne
   b7278:	430a      	orrne	r2, r1
            *mosiPort = *mosiPort & ~mosiPinMask;
   b727a:	438a      	biceq	r2, r1
   b727c:	601a      	str	r2, [r3, #0]
        *clkPort = *clkPort & ~clkPinMask; // Clock low
   b727e:	69a1      	ldr	r1, [r4, #24]
   b7280:	6ae3      	ldr	r3, [r4, #44]	; 0x2c
   b7282:	680a      	ldr	r2, [r1, #0]
   b7284:	ea22 0303 	bic.w	r3, r2, r3
   b7288:	600b      	str	r3, [r1, #0]
        if (_miso != -1) {
   b728a:	f994 3011 	ldrsb.w	r3, [r4, #17]
   b728e:	3301      	adds	r3, #1
   b7290:	d0cb      	beq.n	b722a <_ZN18Adafruit_SPIDevice8transferEPhj+0xca>
          if (*misoPort & misoPinMask) {
   b7292:	69e3      	ldr	r3, [r4, #28]
   b7294:	681a      	ldr	r2, [r3, #0]
   b7296:	6aa3      	ldr	r3, [r4, #40]	; 0x28
   b7298:	421a      	tst	r2, r3
            reply |= b;
   b729a:	bf18      	it	ne
   b729c:	ea46 0808 	orrne.w	r8, r6, r8
   b72a0:	e7c3      	b.n	b722a <_ZN18Adafruit_SPIDevice8transferEPhj+0xca>
    for (uint8_t b = startbit; b != 0;
   b72a2:	0876      	lsrs	r6, r6, #1
   b72a4:	e7cc      	b.n	b7240 <_ZN18Adafruit_SPIDevice8transferEPhj+0xe0>
   b72a6:	bf00      	nop
   b72a8:	0007a120 	.word	0x0007a120

000b72ac <_ZN18Adafruit_SPIDevice8transferEh>:
 *    @brief  Transfer (send/receive) one byte over hard/soft SPI, without
 * transaction management
 *    @param  send The byte to send
 *    @return The byte received while transmitting
 */
uint8_t Adafruit_SPIDevice::transfer(uint8_t send) {
   b72ac:	b507      	push	{r0, r1, r2, lr}
  uint8_t data = send;
  transfer(&data, 1);
   b72ae:	2201      	movs	r2, #1
  uint8_t data = send;
   b72b0:	f88d 1007 	strb.w	r1, [sp, #7]
  transfer(&data, 1);
   b72b4:	f10d 0107 	add.w	r1, sp, #7
   b72b8:	f7ff ff52 	bl	b7160 <_ZN18Adafruit_SPIDevice8transferEPhj>
  return data;
}
   b72bc:	f89d 0007 	ldrb.w	r0, [sp, #7]
   b72c0:	b003      	add	sp, #12
   b72c2:	f85d fb04 	ldr.w	pc, [sp], #4

000b72c6 <_ZN18Adafruit_SPIDevice16beginTransactionEv>:
/*!
 *    @brief  Manually begin a transaction (calls beginTransaction if hardware
 * SPI)
 */
void Adafruit_SPIDevice::beginTransaction(void) {
  if (_spi) {
   b72c6:	6803      	ldr	r3, [r0, #0]
   b72c8:	b11b      	cbz	r3, b72d2 <_ZN18Adafruit_SPIDevice16beginTransactionEv+0xc>
#ifdef BUSIO_HAS_HW_SPI
    _spi->beginTransaction(*_spiSetting);
   b72ca:	6841      	ldr	r1, [r0, #4]
   b72cc:	4618      	mov	r0, r3
   b72ce:	f003 ba07 	b.w	ba6e0 <_ZN8SPIClass16beginTransactionERKN8particle11SPISettingsE>
#endif
  }
}
   b72d2:	4770      	bx	lr

000b72d4 <_ZN18Adafruit_SPIDevice14endTransactionEv>:

/*!
 *    @brief  Manually end a transaction (calls endTransaction if hardware SPI)
 */
void Adafruit_SPIDevice::endTransaction(void) {
  if (_spi) {
   b72d4:	6800      	ldr	r0, [r0, #0]
   b72d6:	b108      	cbz	r0, b72dc <_ZN18Adafruit_SPIDevice14endTransactionEv+0x8>
#ifdef BUSIO_HAS_HW_SPI
    _spi->endTransaction();
   b72d8:	f003 b9e8 	b.w	ba6ac <_ZN8SPIClass14endTransactionEv>
#endif
  }
}
   b72dc:	4770      	bx	lr

000b72de <_ZN18Adafruit_SPIDevice13setChipSelectEi>:
/*!
 *    @brief  Assert/Deassert the CS pin if it is defined
 *    @param  value The state the CS is set to
 */
void Adafruit_SPIDevice::setChipSelect(int value) {
  if (_cs != -1) {
   b72de:	f990 000e 	ldrsb.w	r0, [r0, #14]
   b72e2:	1c43      	adds	r3, r0, #1
   b72e4:	d003      	beq.n	b72ee <_ZN18Adafruit_SPIDevice13setChipSelectEi+0x10>
    digitalWrite(_cs, value);
   b72e6:	b2c9      	uxtb	r1, r1
   b72e8:	b280      	uxth	r0, r0
   b72ea:	f004 ba74 	b.w	bb7d6 <digitalWrite>
  }
}
   b72ee:	4770      	bx	lr

000b72f0 <_ZN18Adafruit_SPIDevice31beginTransactionWithAssertingCSEv>:
 *    @brief  Write a buffer or two to the SPI device, with transaction
 * management.
 *    @brief  Manually begin a transaction (calls beginTransaction if hardware
 *            SPI) with asserting the CS pin
 */
void Adafruit_SPIDevice::beginTransactionWithAssertingCS() {
   b72f0:	b510      	push	{r4, lr}
   b72f2:	4604      	mov	r4, r0
  beginTransaction();
   b72f4:	f7ff ffe7 	bl	b72c6 <_ZN18Adafruit_SPIDevice16beginTransactionEv>
  setChipSelect(LOW);
   b72f8:	4620      	mov	r0, r4
   b72fa:	2100      	movs	r1, #0
}
   b72fc:	e8bd 4010 	ldmia.w	sp!, {r4, lr}
  setChipSelect(LOW);
   b7300:	f7ff bfed 	b.w	b72de <_ZN18Adafruit_SPIDevice13setChipSelectEi>

000b7304 <_ZN18Adafruit_SPIDevice31endTransactionWithDeassertingCSEv>:

/*!
 *    @brief  Manually end a transaction (calls endTransaction if hardware SPI)
 *            with deasserting the CS pin
 */
void Adafruit_SPIDevice::endTransactionWithDeassertingCS() {
   b7304:	b510      	push	{r4, lr}
  setChipSelect(HIGH);
   b7306:	2101      	movs	r1, #1
void Adafruit_SPIDevice::endTransactionWithDeassertingCS() {
   b7308:	4604      	mov	r4, r0
  setChipSelect(HIGH);
   b730a:	f7ff ffe8 	bl	b72de <_ZN18Adafruit_SPIDevice13setChipSelectEi>
  endTransaction();
   b730e:	4620      	mov	r0, r4
}
   b7310:	e8bd 4010 	ldmia.w	sp!, {r4, lr}
  endTransaction();
   b7314:	f7ff bfde 	b.w	b72d4 <_ZN18Adafruit_SPIDevice14endTransactionEv>

000b7318 <_ZN18Adafruit_SPIDevice5writeEPKhjS1_j>:
 *    @return Always returns true because there's no way to test success of SPI
 * writes
 */
bool Adafruit_SPIDevice::write(const uint8_t *buffer, size_t len,
                               const uint8_t *prefix_buffer,
                               size_t prefix_len) {
   b7318:	e92d 41f0 	stmdb	sp!, {r4, r5, r6, r7, r8, lr}
   b731c:	461c      	mov	r4, r3
   b731e:	4606      	mov	r6, r0
   b7320:	460d      	mov	r5, r1
   b7322:	4617      	mov	r7, r2
  beginTransactionWithAssertingCS();
   b7324:	f7ff ffe4 	bl	b72f0 <_ZN18Adafruit_SPIDevice31beginTransactionWithAssertingCSEv>
      _spi->transferBytes((uint8_t *)buffer, nullptr, len);
    }
  } else
#endif
  {
    for (size_t i = 0; i < prefix_len; i++) {
   b7328:	9b06      	ldr	r3, [sp, #24]
   b732a:	eb04 0803 	add.w	r8, r4, r3
   b732e:	4544      	cmp	r4, r8
   b7330:	d108      	bne.n	b7344 <_ZN18Adafruit_SPIDevice5writeEPKhjS1_j+0x2c>
   b7332:	442f      	add	r7, r5
      transfer(prefix_buffer[i]);
    }
    for (size_t i = 0; i < len; i++) {
   b7334:	42bd      	cmp	r5, r7
   b7336:	d00b      	beq.n	b7350 <_ZN18Adafruit_SPIDevice5writeEPKhjS1_j+0x38>
      transfer(buffer[i]);
   b7338:	f815 1b01 	ldrb.w	r1, [r5], #1
   b733c:	4630      	mov	r0, r6
   b733e:	f7ff ffb5 	bl	b72ac <_ZN18Adafruit_SPIDevice8transferEh>
    for (size_t i = 0; i < len; i++) {
   b7342:	e7f7      	b.n	b7334 <_ZN18Adafruit_SPIDevice5writeEPKhjS1_j+0x1c>
      transfer(prefix_buffer[i]);
   b7344:	f814 1b01 	ldrb.w	r1, [r4], #1
   b7348:	4630      	mov	r0, r6
   b734a:	f7ff ffaf 	bl	b72ac <_ZN18Adafruit_SPIDevice8transferEh>
    for (size_t i = 0; i < prefix_len; i++) {
   b734e:	e7ee      	b.n	b732e <_ZN18Adafruit_SPIDevice5writeEPKhjS1_j+0x16>
    }
  }
  endTransactionWithDeassertingCS();
   b7350:	4630      	mov	r0, r6
   b7352:	f7ff ffd7 	bl	b7304 <_ZN18Adafruit_SPIDevice31endTransactionWithDeassertingCSEv>
  }
  DEBUG_SERIAL.println();
#endif

  return true;
}
   b7356:	2001      	movs	r0, #1
   b7358:	e8bd 81f0 	ldmia.w	sp!, {r4, r5, r6, r7, r8, pc}

000b735c <_ZN18Adafruit_SPIDevice15write_then_readEPKhjPhjh>:
 *    @return Always returns true because there's no way to test success of SPI
 * writes
 */
bool Adafruit_SPIDevice::write_then_read(const uint8_t *write_buffer,
                                         size_t write_len, uint8_t *read_buffer,
                                         size_t read_len, uint8_t sendvalue) {
   b735c:	e92d 41f0 	stmdb	sp!, {r4, r5, r6, r7, r8, lr}
   b7360:	460d      	mov	r5, r1
   b7362:	4617      	mov	r7, r2
   b7364:	f89d 801c 	ldrb.w	r8, [sp, #28]
   b7368:	4606      	mov	r6, r0
   b736a:	461c      	mov	r4, r3
  beginTransactionWithAssertingCS();
   b736c:	f7ff ffc0 	bl	b72f0 <_ZN18Adafruit_SPIDevice31beginTransactionWithAssertingCSEv>
      _spi->transferBytes((uint8_t *)write_buffer, nullptr, write_len);
    }
  } else
#endif
  {
    for (size_t i = 0; i < write_len; i++) {
   b7370:	442f      	add	r7, r5
   b7372:	42bd      	cmp	r5, r7
   b7374:	d10a      	bne.n	b738c <_ZN18Adafruit_SPIDevice15write_then_readEPKhjPhjh+0x30>
   b7376:	9b06      	ldr	r3, [sp, #24]
   b7378:	18e5      	adds	r5, r4, r3
  }
  DEBUG_SERIAL.println();
#endif

  // do the reading
  for (size_t i = 0; i < read_len; i++) {
   b737a:	42ac      	cmp	r4, r5
   b737c:	d00c      	beq.n	b7398 <_ZN18Adafruit_SPIDevice15write_then_readEPKhjPhjh+0x3c>
    read_buffer[i] = transfer(sendvalue);
   b737e:	4641      	mov	r1, r8
   b7380:	4630      	mov	r0, r6
   b7382:	f7ff ff93 	bl	b72ac <_ZN18Adafruit_SPIDevice8transferEh>
   b7386:	f804 0b01 	strb.w	r0, [r4], #1
  for (size_t i = 0; i < read_len; i++) {
   b738a:	e7f6      	b.n	b737a <_ZN18Adafruit_SPIDevice15write_then_readEPKhjPhjh+0x1e>
      transfer(write_buffer[i]);
   b738c:	f815 1b01 	ldrb.w	r1, [r5], #1
   b7390:	4630      	mov	r0, r6
   b7392:	f7ff ff8b 	bl	b72ac <_ZN18Adafruit_SPIDevice8transferEh>
    for (size_t i = 0; i < write_len; i++) {
   b7396:	e7ec      	b.n	b7372 <_ZN18Adafruit_SPIDevice15write_then_readEPKhjPhjh+0x16>
    }
  }
  DEBUG_SERIAL.println();
#endif

  endTransactionWithDeassertingCS();
   b7398:	4630      	mov	r0, r6
   b739a:	f7ff ffb3 	bl	b7304 <_ZN18Adafruit_SPIDevice31endTransactionWithDeassertingCSEv>

  return true;
}
   b739e:	2001      	movs	r0, #1
   b73a0:	e8bd 81f0 	ldmia.w	sp!, {r4, r5, r6, r7, r8, pc}

000b73a4 <_ZN10RTC_DS32315beginEP7TwoWire>:
    @brief  Start I2C for the DS3231 and test succesful connection
    @param  wireInstance pointer to the I2C bus
    @return True if Wire can find DS3231 or false otherwise.
*/
/**************************************************************************/
bool RTC_DS3231::begin(TwoWire *wireInstance) {
   b73a4:	b570      	push	{r4, r5, r6, lr}
   b73a6:	4605      	mov	r5, r0
  if (i2c_dev)
   b73a8:	6800      	ldr	r0, [r0, #0]
bool RTC_DS3231::begin(TwoWire *wireInstance) {
   b73aa:	460e      	mov	r6, r1
  if (i2c_dev)
   b73ac:	b110      	cbz	r0, b73b4 <_ZN10RTC_DS32315beginEP7TwoWire+0x10>
    delete i2c_dev;
   b73ae:	2110      	movs	r1, #16
   b73b0:	f7fd fb2f 	bl	b4a12 <_ZdlPvj>
  i2c_dev = new Adafruit_I2CDevice(DS3231_ADDRESS, wireInstance);
   b73b4:	2010      	movs	r0, #16
   b73b6:	f7fd fb28 	bl	b4a0a <_Znwj>
   b73ba:	4604      	mov	r4, r0
   b73bc:	b118      	cbz	r0, b73c6 <_ZN10RTC_DS32315beginEP7TwoWire+0x22>
   b73be:	4632      	mov	r2, r6
   b73c0:	2168      	movs	r1, #104	; 0x68
   b73c2:	f000 f8bb 	bl	b753c <_ZN18Adafruit_I2CDeviceC1EhP7TwoWire>
   b73c6:	602c      	str	r4, [r5, #0]
  if (!i2c_dev->begin())
   b73c8:	4620      	mov	r0, r4
   b73ca:	2101      	movs	r1, #1
    return false;
  return true;
}
   b73cc:	e8bd 4070 	ldmia.w	sp!, {r4, r5, r6, lr}
  if (!i2c_dev->begin())
   b73d0:	f000 b8d0 	b.w	b7574 <_ZN18Adafruit_I2CDevice5beginEb>

000b73d4 <_ZN10RTC_DS32316adjustERK8DateTime>:
/*!
    @brief  Set the date and flip the Oscillator Stop Flag
    @param dt DateTime object containing the date/time to set
*/
/**************************************************************************/
void RTC_DS3231::adjust(const DateTime &dt) {
   b73d4:	b5f0      	push	{r4, r5, r6, r7, lr}
  uint8_t minute() const { return mm; }
  /*!
      @brief  Return the second.
      @return Second (0--59).
  */
  uint8_t second() const { return ss; }
   b73d6:	794b      	ldrb	r3, [r1, #5]
   b73d8:	b085      	sub	sp, #20
  /*!
      @brief  Convert a binary value to BCD format for the RTC registers
      @param val Binary value
      @return BCD value
  */
  static uint8_t bin2bcd(uint8_t val) { return val + 6 * (val / 10); }
   b73da:	240a      	movs	r4, #10
   b73dc:	fbb3 f2f4 	udiv	r2, r3, r4
   b73e0:	eb02 0242 	add.w	r2, r2, r2, lsl #1
  uint8_t buffer[8] = {DS3231_TIME,
   b73e4:	2700      	movs	r7, #0
   b73e6:	eb03 0342 	add.w	r3, r3, r2, lsl #1
   b73ea:	e9cd 7702 	strd	r7, r7, [sp, #8]
                       bin2bcd(dt.minute()),
                       bin2bcd(dt.hour()),
                       bin2bcd(dowToDS3231(dt.dayOfTheWeek())),
                       bin2bcd(dt.day()),
                       bin2bcd(dt.month()),
                       bin2bcd(dt.year() - 2000U)};
   b73ee:	f88d 3009 	strb.w	r3, [sp, #9]
  uint8_t minute() const { return mm; }
   b73f2:	790b      	ldrb	r3, [r1, #4]
  static uint8_t bin2bcd(uint8_t val) { return val + 6 * (val / 10); }
   b73f4:	fbb3 f2f4 	udiv	r2, r3, r4
   b73f8:	eb02 0242 	add.w	r2, r2, r2, lsl #1
   b73fc:	eb03 0342 	add.w	r3, r3, r2, lsl #1
   b7400:	f88d 300a 	strb.w	r3, [sp, #10]
  uint8_t hour() const { return hh; }
   b7404:	78cb      	ldrb	r3, [r1, #3]
  static uint8_t bin2bcd(uint8_t val) { return val + 6 * (val / 10); }
   b7406:	fbb3 f2f4 	udiv	r2, r3, r4
   b740a:	eb02 0242 	add.w	r2, r2, r2, lsl #1
void RTC_DS3231::adjust(const DateTime &dt) {
   b740e:	4606      	mov	r6, r0
   b7410:	eb03 0342 	add.w	r3, r3, r2, lsl #1
                       bin2bcd(dowToDS3231(dt.dayOfTheWeek())),
   b7414:	4608      	mov	r0, r1
void RTC_DS3231::adjust(const DateTime &dt) {
   b7416:	460d      	mov	r5, r1
                       bin2bcd(dt.year() - 2000U)};
   b7418:	f88d 300b 	strb.w	r3, [sp, #11]
                       bin2bcd(dowToDS3231(dt.dayOfTheWeek())),
   b741c:	f7ff fbd0 	bl	b6bc0 <_ZNK8DateTime12dayOfTheWeekEv>
              storing in the DS3231: from 1 (Monday) to 7 (Sunday).
      @param  d Day of the week as represented by the library:
              from 0 (Sunday) to 6 (Saturday).
      @return the converted value
  */
  static uint8_t dowToDS3231(uint8_t d) { return d == 0 ? 7 : d; }
   b7420:	1e03      	subs	r3, r0, #0
   b7422:	bf08      	it	eq
   b7424:	2307      	moveq	r3, #7
  static uint8_t bin2bcd(uint8_t val) { return val + 6 * (val / 10); }
   b7426:	fbb3 f0f4 	udiv	r0, r3, r4
   b742a:	eb00 0040 	add.w	r0, r0, r0, lsl #1
   b742e:	eb03 0340 	add.w	r3, r3, r0, lsl #1
                       bin2bcd(dt.year() - 2000U)};
   b7432:	f88d 300c 	strb.w	r3, [sp, #12]
  uint8_t day() const { return d; }
   b7436:	78ab      	ldrb	r3, [r5, #2]
  static uint8_t bin2bcd(uint8_t val) { return val + 6 * (val / 10); }
   b7438:	fbb3 f2f4 	udiv	r2, r3, r4
   b743c:	eb02 0242 	add.w	r2, r2, r2, lsl #1
   b7440:	eb03 0342 	add.w	r3, r3, r2, lsl #1
   b7444:	f88d 300d 	strb.w	r3, [sp, #13]
  uint8_t month() const { return m; }
   b7448:	786b      	ldrb	r3, [r5, #1]
  static uint8_t bin2bcd(uint8_t val) { return val + 6 * (val / 10); }
   b744a:	fbb3 f2f4 	udiv	r2, r3, r4
   b744e:	eb02 0242 	add.w	r2, r2, r2, lsl #1
   b7452:	eb03 0342 	add.w	r3, r3, r2, lsl #1
   b7456:	f88d 300e 	strb.w	r3, [sp, #14]
  uint16_t year() const { return 2000U + yOff; }
   b745a:	782b      	ldrb	r3, [r5, #0]
  static uint8_t bin2bcd(uint8_t val) { return val + 6 * (val / 10); }
   b745c:	fbb3 f4f4 	udiv	r4, r3, r4
  i2c_dev->write(buffer, 8);
   b7460:	2208      	movs	r2, #8
   b7462:	eb04 0444 	add.w	r4, r4, r4, lsl #1
   b7466:	eb0d 0102 	add.w	r1, sp, r2
   b746a:	eb03 0444 	add.w	r4, r3, r4, lsl #1
   b746e:	e9cd 7700 	strd	r7, r7, [sp]
   b7472:	2301      	movs	r3, #1
   b7474:	6830      	ldr	r0, [r6, #0]
                       bin2bcd(dt.year() - 2000U)};
   b7476:	f88d 400f 	strb.w	r4, [sp, #15]
  i2c_dev->write(buffer, 8);
   b747a:	f000 f88a 	bl	b7592 <_ZN18Adafruit_I2CDevice5writeEPKhjbS1_j>

  uint8_t statreg = read_register(DS3231_STATUSREG);
   b747e:	210f      	movs	r1, #15
   b7480:	4630      	mov	r0, r6
   b7482:	f7ff fb10 	bl	b6aa6 <_ZN7RTC_I2C13read_registerEh>
  statreg &= ~0x80; // flip OSF bit
  write_register(DS3231_STATUSREG, statreg);
   b7486:	210f      	movs	r1, #15
   b7488:	f000 027f 	and.w	r2, r0, #127	; 0x7f
   b748c:	4630      	mov	r0, r6
   b748e:	f7ff faf9 	bl	b6a84 <_ZN7RTC_I2C14write_registerEhh>
}
   b7492:	b005      	add	sp, #20
   b7494:	bdf0      	pop	{r4, r5, r6, r7, pc}

000b7496 <_ZN10RTC_DS32313nowEv>:
/*!
    @brief  Get the current date/time
    @return DateTime object with the current date/time
*/
/**************************************************************************/
DateTime RTC_DS3231::now() {
   b7496:	b5f0      	push	{r4, r5, r6, r7, lr}
   b7498:	b087      	sub	sp, #28
  uint8_t buffer[7];
  buffer[0] = 0;
   b749a:	2300      	movs	r3, #0
DateTime RTC_DS3231::now() {
   b749c:	4605      	mov	r5, r0
  i2c_dev->write_then_read(buffer, 1, buffer, 7);
   b749e:	9301      	str	r3, [sp, #4]
  buffer[0] = 0;
   b74a0:	f88d 3010 	strb.w	r3, [sp, #16]
DateTime RTC_DS3231::now() {
   b74a4:	4608      	mov	r0, r1
  i2c_dev->write_then_read(buffer, 1, buffer, 7);
   b74a6:	2307      	movs	r3, #7
   b74a8:	9300      	str	r3, [sp, #0]
   b74aa:	ab04      	add	r3, sp, #16
   b74ac:	4619      	mov	r1, r3
   b74ae:	2201      	movs	r2, #1
   b74b0:	6800      	ldr	r0, [r0, #0]
   b74b2:	f000 f8dc 	bl	b766e <_ZN18Adafruit_I2CDevice15write_then_readEPKhjPhjb>

  return DateTime(bcd2bin(buffer[6]) + 2000U, bcd2bin(buffer[5] & 0x7F),
                  bcd2bin(buffer[4]), bcd2bin(buffer[2]), bcd2bin(buffer[1]),
                  bcd2bin(buffer[0] & 0x7F));
   b74b6:	f89d 4010 	ldrb.w	r4, [sp, #16]
   b74ba:	f89d 3014 	ldrb.w	r3, [sp, #20]
   b74be:	f89d 6011 	ldrb.w	r6, [sp, #17]
  return DateTime(bcd2bin(buffer[6]) + 2000U, bcd2bin(buffer[5] & 0x7F),
   b74c2:	f89d 1016 	ldrb.w	r1, [sp, #22]
                  bcd2bin(buffer[0] & 0x7F));
   b74c6:	f89d 0012 	ldrb.w	r0, [sp, #18]
   b74ca:	f89d 2015 	ldrb.w	r2, [sp, #21]
   b74ce:	f004 077f 	and.w	r7, r4, #127	; 0x7f
  static uint8_t bcd2bin(uint8_t val) { return val - 6 * (val >> 4); }
   b74d2:	f3c4 1402 	ubfx	r4, r4, #4, #3
   b74d6:	eba4 0484 	sub.w	r4, r4, r4, lsl #2
   b74da:	eb07 0444 	add.w	r4, r7, r4, lsl #1
   b74de:	b2e4      	uxtb	r4, r4
   b74e0:	9402      	str	r4, [sp, #8]
   b74e2:	ea4f 1c13 	mov.w	ip, r3, lsr #4
   b74e6:	0934      	lsrs	r4, r6, #4
   b74e8:	ebac 0c8c 	sub.w	ip, ip, ip, lsl #2
   b74ec:	eba4 0484 	sub.w	r4, r4, r4, lsl #2
   b74f0:	eb03 034c 	add.w	r3, r3, ip, lsl #1
   b74f4:	eb06 0644 	add.w	r6, r6, r4, lsl #1
   b74f8:	ea4f 1c11 	mov.w	ip, r1, lsr #4
   b74fc:	0904      	lsrs	r4, r0, #4
   b74fe:	f002 0e7f 	and.w	lr, r2, #127	; 0x7f
   b7502:	ebac 0c8c 	sub.w	ip, ip, ip, lsl #2
   b7506:	eba4 0484 	sub.w	r4, r4, r4, lsl #2
   b750a:	f3c2 1202 	ubfx	r2, r2, #4, #3
   b750e:	eb01 014c 	add.w	r1, r1, ip, lsl #1
   b7512:	eb00 0044 	add.w	r0, r0, r4, lsl #1
   b7516:	eba2 0282 	sub.w	r2, r2, r2, lsl #2
   b751a:	eb0e 0242 	add.w	r2, lr, r2, lsl #1
   b751e:	b2f6      	uxtb	r6, r6
   b7520:	b2c0      	uxtb	r0, r0
  return DateTime(bcd2bin(buffer[6]) + 2000U, bcd2bin(buffer[5] & 0x7F),
   b7522:	b2c9      	uxtb	r1, r1
                  bcd2bin(buffer[0] & 0x7F));
   b7524:	9000      	str	r0, [sp, #0]
   b7526:	9601      	str	r6, [sp, #4]
   b7528:	b2db      	uxtb	r3, r3
   b752a:	b2d2      	uxtb	r2, r2
   b752c:	f501 61fa 	add.w	r1, r1, #2000	; 0x7d0
   b7530:	4628      	mov	r0, r5
   b7532:	f7ff fad1 	bl	b6ad8 <_ZN8DateTimeC1Ethhhhh>
}
   b7536:	4628      	mov	r0, r5
   b7538:	b007      	add	sp, #28
   b753a:	bdf0      	pop	{r4, r5, r6, r7, pc}

000b753c <_ZN18Adafruit_I2CDeviceC1EhP7TwoWire>:
 *    @param  addr The 7-bit I2C address for the device
 *    @param  theWire The I2C bus to use, defaults to &Wire
 */
Adafruit_I2CDevice::Adafruit_I2CDevice(uint8_t addr, TwoWire *theWire) {
  _addr = addr;
  _wire = theWire;
   b753c:	6042      	str	r2, [r0, #4]
  _begun = false;
   b753e:	2200      	movs	r2, #0
   b7540:	7202      	strb	r2, [r0, #8]
#ifdef ARDUINO_ARCH_SAMD
  _maxBufferSize = 250; // as defined in Wire.h's RingBuffer
#elif defined(ESP32)
  _maxBufferSize = I2C_BUFFER_LENGTH;
#else
  _maxBufferSize = 32;
   b7542:	2220      	movs	r2, #32
  _addr = addr;
   b7544:	7001      	strb	r1, [r0, #0]
  _maxBufferSize = 32;
   b7546:	60c2      	str	r2, [r0, #12]
#endif
}
   b7548:	4770      	bx	lr

000b754a <_ZN18Adafruit_I2CDevice8detectedEv>:
/*!
 *    @brief  Scans I2C for the address - note will give a false-positive
 *    if there's no pullups on I2C
 *    @return True if I2C initialized and a device with the addr found
 */
bool Adafruit_I2CDevice::detected(void) {
   b754a:	b510      	push	{r4, lr}
  // Init I2C if not done yet
  if (!_begun && !begin()) {
   b754c:	7a03      	ldrb	r3, [r0, #8]
bool Adafruit_I2CDevice::detected(void) {
   b754e:	4604      	mov	r4, r0
  if (!_begun && !begin()) {
   b7550:	b153      	cbz	r3, b7568 <_ZN18Adafruit_I2CDevice8detectedEv+0x1e>
    return false;
  }

  // A basic scanner, see if it ACK's
  _wire->beginTransmission(_addr);
   b7552:	7821      	ldrb	r1, [r4, #0]
   b7554:	6860      	ldr	r0, [r4, #4]
   b7556:	f004 f80a 	bl	bb56e <_ZN7TwoWire17beginTransmissionEh>
#ifdef DEBUG_SERIAL
  DEBUG_SERIAL.print(F("Address 0x"));
  DEBUG_SERIAL.print(_addr);
#endif
  if (_wire->endTransmission() == 0) {
   b755a:	6860      	ldr	r0, [r4, #4]
   b755c:	f004 f80f 	bl	bb57e <_ZN7TwoWire15endTransmissionEv>
   b7560:	fab0 f080 	clz	r0, r0
   b7564:	0940      	lsrs	r0, r0, #5
  }
#ifdef DEBUG_SERIAL
  DEBUG_SERIAL.println(F(" Not detected"));
#endif
  return false;
}
   b7566:	bd10      	pop	{r4, pc}
  if (!_begun && !begin()) {
   b7568:	2101      	movs	r1, #1
   b756a:	f000 f803 	bl	b7574 <_ZN18Adafruit_I2CDevice5beginEb>
   b756e:	2800      	cmp	r0, #0
   b7570:	d1ef      	bne.n	b7552 <_ZN18Adafruit_I2CDevice8detectedEv+0x8>
   b7572:	e7f8      	b.n	b7566 <_ZN18Adafruit_I2CDevice8detectedEv+0x1c>

000b7574 <_ZN18Adafruit_I2CDevice5beginEb>:
bool Adafruit_I2CDevice::begin(bool addr_detect) {
   b7574:	b538      	push	{r3, r4, r5, lr}
   b7576:	4604      	mov	r4, r0
  _wire->begin();
   b7578:	6840      	ldr	r0, [r0, #4]
bool Adafruit_I2CDevice::begin(bool addr_detect) {
   b757a:	460d      	mov	r5, r1
  _wire->begin();
   b757c:	f003 ffc4 	bl	bb508 <_ZN7TwoWire5beginEv>
  _begun = true;
   b7580:	2001      	movs	r0, #1
   b7582:	7220      	strb	r0, [r4, #8]
  if (addr_detect) {
   b7584:	b125      	cbz	r5, b7590 <_ZN18Adafruit_I2CDevice5beginEb+0x1c>
    return detected();
   b7586:	4620      	mov	r0, r4
}
   b7588:	e8bd 4038 	ldmia.w	sp!, {r3, r4, r5, lr}
    return detected();
   b758c:	f7ff bfdd 	b.w	b754a <_ZN18Adafruit_I2CDevice8detectedEv>
}
   b7590:	bd38      	pop	{r3, r4, r5, pc}

000b7592 <_ZN18Adafruit_I2CDevice5writeEPKhjbS1_j>:
 *    @param  stop Whether to send an I2C STOP signal on write
 *    @return True if write was successful, otherwise false.
 */
bool Adafruit_I2CDevice::write(const uint8_t *buffer, size_t len, bool stop,
                               const uint8_t *prefix_buffer,
                               size_t prefix_len) {
   b7592:	e92d 43f8 	stmdb	sp!, {r3, r4, r5, r6, r7, r8, r9, lr}
   b7596:	e9dd 9608 	ldrd	r9, r6, [sp, #32]
   b759a:	461f      	mov	r7, r3
  if ((len + prefix_len) > maxBufferSize()) {
   b759c:	68c3      	ldr	r3, [r0, #12]
                               size_t prefix_len) {
   b759e:	4615      	mov	r5, r2
  if ((len + prefix_len) > maxBufferSize()) {
   b75a0:	4432      	add	r2, r6
   b75a2:	429a      	cmp	r2, r3
                               size_t prefix_len) {
   b75a4:	4604      	mov	r4, r0
   b75a6:	4688      	mov	r8, r1
  if ((len + prefix_len) > maxBufferSize()) {
   b75a8:	d902      	bls.n	b75b0 <_ZN18Adafruit_I2CDevice5writeEPKhjbS1_j+0x1e>
    // we will need to find out if some platforms have larger
    // I2C buffer sizes :/
#ifdef DEBUG_SERIAL
    DEBUG_SERIAL.println(F("\tI2CDevice could not write such a large buffer"));
#endif
    return false;
   b75aa:	2000      	movs	r0, #0
#ifdef DEBUG_SERIAL
    DEBUG_SERIAL.println("\tFailed to send!");
#endif
    return false;
  }
}
   b75ac:	e8bd 83f8 	ldmia.w	sp!, {r3, r4, r5, r6, r7, r8, r9, pc}
  _wire->beginTransmission(_addr);
   b75b0:	7801      	ldrb	r1, [r0, #0]
   b75b2:	6840      	ldr	r0, [r0, #4]
   b75b4:	f003 ffdb 	bl	bb56e <_ZN7TwoWire17beginTransmissionEh>
  if ((prefix_len != 0) && (prefix_buffer != nullptr)) {
   b75b8:	b97e      	cbnz	r6, b75da <_ZN18Adafruit_I2CDevice5writeEPKhjbS1_j+0x48>
  if (_wire->write(buffer, len) != len) {
   b75ba:	6860      	ldr	r0, [r4, #4]
   b75bc:	6803      	ldr	r3, [r0, #0]
   b75be:	462a      	mov	r2, r5
   b75c0:	68db      	ldr	r3, [r3, #12]
   b75c2:	4641      	mov	r1, r8
   b75c4:	4798      	blx	r3
   b75c6:	4285      	cmp	r5, r0
   b75c8:	d1ef      	bne.n	b75aa <_ZN18Adafruit_I2CDevice5writeEPKhjbS1_j+0x18>
  if (_wire->endTransmission(stop) == 0) {
   b75ca:	6860      	ldr	r0, [r4, #4]
   b75cc:	4639      	mov	r1, r7
   b75ce:	f003 ffd2 	bl	bb576 <_ZN7TwoWire15endTransmissionEh>
   b75d2:	fab0 f080 	clz	r0, r0
   b75d6:	0940      	lsrs	r0, r0, #5
   b75d8:	e7e8      	b.n	b75ac <_ZN18Adafruit_I2CDevice5writeEPKhjbS1_j+0x1a>
  if ((prefix_len != 0) && (prefix_buffer != nullptr)) {
   b75da:	f1b9 0f00 	cmp.w	r9, #0
   b75de:	d0ec      	beq.n	b75ba <_ZN18Adafruit_I2CDevice5writeEPKhjbS1_j+0x28>
    if (_wire->write(prefix_buffer, prefix_len) != prefix_len) {
   b75e0:	6860      	ldr	r0, [r4, #4]
   b75e2:	6803      	ldr	r3, [r0, #0]
   b75e4:	4632      	mov	r2, r6
   b75e6:	68db      	ldr	r3, [r3, #12]
   b75e8:	4649      	mov	r1, r9
   b75ea:	4798      	blx	r3
   b75ec:	4286      	cmp	r6, r0
   b75ee:	d1dc      	bne.n	b75aa <_ZN18Adafruit_I2CDevice5writeEPKhjbS1_j+0x18>
   b75f0:	e7e3      	b.n	b75ba <_ZN18Adafruit_I2CDevice5writeEPKhjbS1_j+0x28>

000b75f2 <_ZN18Adafruit_I2CDevice5_readEPhjb>:
    pos += read_len;
  }
  return true;
}

bool Adafruit_I2CDevice::_read(uint8_t *buffer, size_t len, bool stop) {
   b75f2:	e92d 41f0 	stmdb	sp!, {r4, r5, r6, r7, r8, lr}
   b75f6:	4615      	mov	r5, r2
   b75f8:	4604      	mov	r4, r0
   b75fa:	460e      	mov	r6, r1
#if defined(TinyWireM_h)
  size_t recv = _wire->requestFrom((uint8_t)_addr, (uint8_t)len);
#elif defined(ARDUINO_ARCH_MEGAAVR)
  size_t recv = _wire->requestFrom(_addr, len, stop);
#else
  size_t recv = _wire->requestFrom((uint8_t)_addr, (uint8_t)len, (uint8_t)stop);
   b75fc:	b2d2      	uxtb	r2, r2
   b75fe:	7801      	ldrb	r1, [r0, #0]
   b7600:	6840      	ldr	r0, [r0, #4]
   b7602:	f003 ffa0 	bl	bb546 <_ZN7TwoWire11requestFromEhjh>
#endif

  if (recv != len) {
   b7606:	4285      	cmp	r5, r0
   b7608:	d10d      	bne.n	b7626 <_ZN18Adafruit_I2CDevice5_readEPhjb+0x34>
   b760a:	2700      	movs	r7, #0
    DEBUG_SERIAL.println(recv);
#endif
    return false;
  }

  for (uint16_t i = 0; i < len; i++) {
   b760c:	fa1f f887 	uxth.w	r8, r7
   b7610:	45a8      	cmp	r8, r5
   b7612:	f107 0701 	add.w	r7, r7, #1
   b7616:	d209      	bcs.n	b762c <_ZN18Adafruit_I2CDevice5_readEPhjb+0x3a>
    buffer[i] = _wire->read();
   b7618:	6860      	ldr	r0, [r4, #4]
   b761a:	6803      	ldr	r3, [r0, #0]
   b761c:	695b      	ldr	r3, [r3, #20]
   b761e:	4798      	blx	r3
   b7620:	f806 0008 	strb.w	r0, [r6, r8]
  for (uint16_t i = 0; i < len; i++) {
   b7624:	e7f2      	b.n	b760c <_ZN18Adafruit_I2CDevice5_readEPhjb+0x1a>
    return false;
   b7626:	2000      	movs	r0, #0
  }
  DEBUG_SERIAL.println();
#endif

  return true;
}
   b7628:	e8bd 81f0 	ldmia.w	sp!, {r4, r5, r6, r7, r8, pc}
   b762c:	2001      	movs	r0, #1
   b762e:	e7fb      	b.n	b7628 <_ZN18Adafruit_I2CDevice5_readEPhjb+0x36>

000b7630 <_ZN18Adafruit_I2CDevice4readEPhjb>:
bool Adafruit_I2CDevice::read(uint8_t *buffer, size_t len, bool stop) {
   b7630:	e92d 43f8 	stmdb	sp!, {r3, r4, r5, r6, r7, r8, r9, lr}
   b7634:	4607      	mov	r7, r0
   b7636:	4688      	mov	r8, r1
   b7638:	4616      	mov	r6, r2
   b763a:	4699      	mov	r9, r3
  size_t pos = 0;
   b763c:	2500      	movs	r5, #0
  while (pos < len) {
   b763e:	42b5      	cmp	r5, r6
   b7640:	d212      	bcs.n	b7668 <_ZN18Adafruit_I2CDevice4readEPhjb+0x38>
                       bool stop = false);
  bool setSpeed(uint32_t desiredclk);

  /*!   @brief  How many bytes we can read in a transaction
   *    @return The size of the Wire receive/transmit buffer */
  size_t maxBufferSize() { return _maxBufferSize; }
   b7642:	68fa      	ldr	r2, [r7, #12]
        ((len - pos) > maxBufferSize()) ? maxBufferSize() : (len - pos);
   b7644:	1b74      	subs	r4, r6, r5
   b7646:	4294      	cmp	r4, r2
   b7648:	bf28      	it	cs
   b764a:	4614      	movcs	r4, r2
    bool read_stop = (pos < (len - read_len)) ? false : stop;
   b764c:	1b33      	subs	r3, r6, r4
    if (!_read(buffer + pos, read_len, read_stop))
   b764e:	42ab      	cmp	r3, r5
   b7650:	bf94      	ite	ls
   b7652:	464b      	movls	r3, r9
   b7654:	2300      	movhi	r3, #0
   b7656:	4622      	mov	r2, r4
   b7658:	eb08 0105 	add.w	r1, r8, r5
   b765c:	4638      	mov	r0, r7
   b765e:	f7ff ffc8 	bl	b75f2 <_ZN18Adafruit_I2CDevice5_readEPhjb>
   b7662:	b110      	cbz	r0, b766a <_ZN18Adafruit_I2CDevice4readEPhjb+0x3a>
    pos += read_len;
   b7664:	4425      	add	r5, r4
  while (pos < len) {
   b7666:	e7ea      	b.n	b763e <_ZN18Adafruit_I2CDevice4readEPhjb+0xe>
  return true;
   b7668:	2001      	movs	r0, #1
}
   b766a:	e8bd 83f8 	ldmia.w	sp!, {r3, r4, r5, r6, r7, r8, r9, pc}

000b766e <_ZN18Adafruit_I2CDevice15write_then_readEPKhjPhjb>:
 *    @param  stop Whether to send an I2C STOP signal between the write and read
 *    @return True if write & read was successful, otherwise false.
 */
bool Adafruit_I2CDevice::write_then_read(const uint8_t *write_buffer,
                                         size_t write_len, uint8_t *read_buffer,
                                         size_t read_len, bool stop) {
   b766e:	b573      	push	{r0, r1, r4, r5, r6, lr}
   b7670:	461d      	mov	r5, r3
  if (!write(write_buffer, write_len, stop)) {
   b7672:	2300      	movs	r3, #0
   b7674:	e9cd 3300 	strd	r3, r3, [sp]
   b7678:	f89d 301c 	ldrb.w	r3, [sp, #28]
                                         size_t read_len, bool stop) {
   b767c:	9e06      	ldr	r6, [sp, #24]
   b767e:	4604      	mov	r4, r0
  if (!write(write_buffer, write_len, stop)) {
   b7680:	f7ff ff87 	bl	b7592 <_ZN18Adafruit_I2CDevice5writeEPKhjbS1_j>
   b7684:	b140      	cbz	r0, b7698 <_ZN18Adafruit_I2CDevice15write_then_readEPKhjPhjb+0x2a>
    return false;
  }

  return read(read_buffer, read_len);
   b7686:	2301      	movs	r3, #1
   b7688:	4632      	mov	r2, r6
   b768a:	4629      	mov	r1, r5
   b768c:	4620      	mov	r0, r4
}
   b768e:	b002      	add	sp, #8
   b7690:	e8bd 4070 	ldmia.w	sp!, {r4, r5, r6, lr}
  return read(read_buffer, read_len);
   b7694:	f7ff bfcc 	b.w	b7630 <_ZN18Adafruit_I2CDevice4readEPhjb>
}
   b7698:	b002      	add	sp, #8
   b769a:	bd70      	pop	{r4, r5, r6, pc}

000b769c <_ZN7FatFile11lfnChecksumEPKh.isra.0>:
  bool cmpName(uint16_t index, FatLfn_t* fname, uint8_t lfnOrd);
  bool createLFN(uint16_t index, FatLfn_t* fname, uint8_t lfnOrd);
  uint16_t getLfnChar(DirLfn_t* ldir, uint8_t i);
  uint8_t lfnChecksum(const uint8_t* name) {
    uint8_t sum = 0;
    for (uint8_t i = 0; i < 11; i++) {
   b769c:	1e41      	subs	r1, r0, #1
   b769e:	f100 030a 	add.w	r3, r0, #10
    uint8_t sum = 0;
   b76a2:	2000      	movs	r0, #0
      sum = (((sum & 1) << 7) | (sum >> 1)) + name[i];
   b76a4:	0842      	lsrs	r2, r0, #1
   b76a6:	ea42 10c0 	orr.w	r0, r2, r0, lsl #7
   b76aa:	f811 2f01 	ldrb.w	r2, [r1, #1]!
   b76ae:	fa52 f080 	uxtab	r0, r2, r0
    for (uint8_t i = 0; i < 11; i++) {
   b76b2:	428b      	cmp	r3, r1
      sum = (((sum & 1) << 7) | (sum >> 1)) + name[i];
   b76b4:	b2c0      	uxtb	r0, r0
    for (uint8_t i = 0; i < 11; i++) {
   b76b6:	d1f5      	bne.n	b76a4 <_ZN7FatFile11lfnChecksumEPKh.isra.0+0x8>
    }
    return sum;
  }
   b76b8:	4770      	bx	lr

000b76ba <_ZN12FatPartition9cacheSyncEv>:
  FsCache m_fatCache;
  uint8_t* fatCachePrepare(uint32_t sector, uint8_t options) {
    options |= FsCache::CACHE_STATUS_MIRROR_FAT;
    return m_fatCache.prepare(sector, options);
  }
  bool cacheSync() {
   b76ba:	b510      	push	{r4, lr}
   b76bc:	4604      	mov	r4, r0
    return m_cache.sync() && m_fatCache.sync() && syncDevice();
   b76be:	3024      	adds	r0, #36	; 0x24
   b76c0:	f002 fc48 	bl	b9f54 <_ZN7FsCache4syncEv>
   b76c4:	b148      	cbz	r0, b76da <_ZN12FatPartition9cacheSyncEv+0x20>
   b76c6:	f504 700d 	add.w	r0, r4, #564	; 0x234
   b76ca:	f002 fc43 	bl	b9f54 <_ZN7FsCache4syncEv>
   b76ce:	b120      	cbz	r0, b76da <_ZN12FatPartition9cacheSyncEv+0x20>
  bool syncDevice() { return m_blockDev->syncDevice(); }
   b76d0:	6820      	ldr	r0, [r4, #0]
  }
   b76d2:	e8bd 4010 	ldmia.w	sp!, {r4, lr}
  bool syncDevice() { return m_blockDev->syncDevice(); }
   b76d6:	f002 ba48 	b.w	b9b6a <_ZN13SharedSpiCard10syncDeviceEv>
  }
   b76da:	2000      	movs	r0, #0
   b76dc:	bd10      	pop	{r4, pc}

000b76de <_ZN7FatFile8cacheDirEt>:
  DirFat_t* cacheDir(uint16_t index) {
   b76de:	b510      	push	{r4, lr}
    return seekSet(32UL * index) ? readDirCache() : nullptr;
   b76e0:	0149      	lsls	r1, r1, #5
  DirFat_t* cacheDir(uint16_t index) {
   b76e2:	4604      	mov	r4, r0
    return seekSet(32UL * index) ? readDirCache() : nullptr;
   b76e4:	f000 fddc 	bl	b82a0 <_ZN7FatFile7seekSetEm>
   b76e8:	b128      	cbz	r0, b76f6 <_ZN7FatFile8cacheDirEt+0x18>
   b76ea:	4620      	mov	r0, r4
   b76ec:	2100      	movs	r1, #0
  }
   b76ee:	e8bd 4010 	ldmia.w	sp!, {r4, lr}
    return seekSet(32UL * index) ? readDirCache() : nullptr;
   b76f2:	f000 bdb6 	b.w	b8262 <_ZN7FatFile12readDirCacheEb>
  }
   b76f6:	bd10      	pop	{r4, pc}

000b76f8 <_ZN7FatFile7cmpNameEtP8FatLfn_th>:
  } else if (i < 13) {
    setLe16(ldir->unicode3 + 2 * (i - 11), c);
  }
}
//==============================================================================
bool FatFile::cmpName(uint16_t index, FatLfn_t* fname, uint8_t lfnOrd) {
   b76f8:	e92d 4ff0 	stmdb	sp!, {r4, r5, r6, r7, r8, r9, sl, fp, lr}
      *this = *from;
   b76fc:	4606      	mov	r6, r0
   b76fe:	4615      	mov	r5, r2
   b7700:	4607      	mov	r7, r0
   b7702:	4689      	mov	r9, r1
   b7704:	469a      	mov	sl, r3
   b7706:	ce0f      	ldmia	r6!, {r0, r1, r2, r3}
   b7708:	b08b      	sub	sp, #44	; 0x2c
   b770a:	ac01      	add	r4, sp, #4
   b770c:	c40f      	stmia	r4!, {r0, r1, r2, r3}
   b770e:	ce0f      	ldmia	r6!, {r0, r1, r2, r3}
   b7710:	c40f      	stmia	r4!, {r0, r1, r2, r3}
   b7712:	6833      	ldr	r3, [r6, #0]
   b7714:	6023      	str	r3, [r4, #0]
  const char* end;
#if !USE_UTF8_LONG_NAMES
  /** \return true if at end. */
  bool atEnd() { return next == end; }
  /** Reset to start of LFN. */
  void reset() { next = begin; }
   b7716:	682b      	ldr	r3, [r5, #0]
   b7718:	606b      	str	r3, [r5, #4]
  // FatFile dir = *this;
  FatFile dir;
  dir.copy(this);
  DirLfn_t* ldir;
  fname->reset();
  for (uint8_t order = 1; order <= lfnOrd; order++) {
   b771a:	2601      	movs	r6, #1
   b771c:	4556      	cmp	r6, sl
   b771e:	d839      	bhi.n	b7794 <_ZN7FatFile7cmpNameEtP8FatLfn_th+0x9c>
    ldir = reinterpret_cast<DirLfn_t*>(dir.cacheDir(index - order));
   b7720:	eba9 0106 	sub.w	r1, r9, r6
   b7724:	b289      	uxth	r1, r1
   b7726:	a801      	add	r0, sp, #4
   b7728:	f7ff ffd9 	bl	b76de <_ZN7FatFile8cacheDirEt>
    if (!ldir) {
   b772c:	4683      	mov	fp, r0
   b772e:	b918      	cbnz	r0, b7738 <_ZN7FatFile7cmpNameEtP8FatLfn_th+0x40>
    }
  }
  return true;

fail:
  return false;
   b7730:	2000      	movs	r0, #0
}
   b7732:	b00b      	add	sp, #44	; 0x2c
   b7734:	e8bd 8ff0 	ldmia.w	sp!, {r4, r5, r6, r7, r8, r9, sl, fp, pc}
   b7738:	f04f 0800 	mov.w	r8, #0
      uint16_t u = getLfnChar(ldir, i);
   b773c:	fa5f f288 	uxtb.w	r2, r8
   b7740:	4659      	mov	r1, fp
   b7742:	4638      	mov	r0, r7
   b7744:	f000 fae6 	bl	b7d14 <_ZN7FatFile10getLfnCharEP8DirLfn_th>
      if (fname->atEnd()) {
   b7748:	e9d5 2301 	ldrd	r2, r3, [r5, #4]
   b774c:	4293      	cmp	r3, r2
   b774e:	d103      	bne.n	b7758 <_ZN7FatFile7cmpNameEtP8FatLfn_th+0x60>
        return u == 0;
   b7750:	fab0 f080 	clz	r0, r0
   b7754:	0940      	lsrs	r0, r0, #5
   b7756:	e7ec      	b.n	b7732 <_ZN7FatFile7cmpNameEtP8FatLfn_th+0x3a>
      if (u > 0X7F || toUpper(u) != toUpper(fname->getch())) {
   b7758:	287f      	cmp	r0, #127	; 0x7f
   b775a:	d8e9      	bhi.n	b7730 <_ZN7FatFile7cmpNameEtP8FatLfn_th+0x38>
   b775c:	b2c4      	uxtb	r4, r0
inline char toUpper(char c) { return isLower(c) ? c - 'a' + 'A' : c; }
   b775e:	f1a4 0361 	sub.w	r3, r4, #97	; 0x61
   b7762:	2b19      	cmp	r3, #25
  /** \return next char of LFN. */
  char getch() { return atEnd() ? 0 : *next++; }
   b7764:	f102 0301 	add.w	r3, r2, #1
   b7768:	606b      	str	r3, [r5, #4]
   b776a:	7813      	ldrb	r3, [r2, #0]
   b776c:	bf98      	it	ls
   b776e:	3c20      	subls	r4, #32
   b7770:	f1a3 0261 	sub.w	r2, r3, #97	; 0x61
   b7774:	bf98      	it	ls
   b7776:	b2e4      	uxtbls	r4, r4
   b7778:	2a19      	cmp	r2, #25
   b777a:	bf9c      	itt	ls
   b777c:	3b20      	subls	r3, #32
   b777e:	b2db      	uxtbls	r3, r3
      if (u > 0X7F || toUpper(u) != toUpper(fname->getch())) {
   b7780:	42a3      	cmp	r3, r4
   b7782:	d1d5      	bne.n	b7730 <_ZN7FatFile7cmpNameEtP8FatLfn_th+0x38>
    for (uint8_t i = 0; i < 13; i++) {
   b7784:	f108 0801 	add.w	r8, r8, #1
   b7788:	f1b8 0f0d 	cmp.w	r8, #13
   b778c:	d1d6      	bne.n	b773c <_ZN7FatFile7cmpNameEtP8FatLfn_th+0x44>
  for (uint8_t order = 1; order <= lfnOrd; order++) {
   b778e:	3601      	adds	r6, #1
   b7790:	b2f6      	uxtb	r6, r6
   b7792:	e7c3      	b.n	b771c <_ZN7FatFile7cmpNameEtP8FatLfn_th+0x24>
  return true;
   b7794:	2001      	movs	r0, #1
   b7796:	e7cc      	b.n	b7732 <_ZN7FatFile7cmpNameEtP8FatLfn_th+0x3a>

000b7798 <_ZN7FatFile9createLFNEtP8FatLfn_th>:
//------------------------------------------------------------------------------
bool FatFile::createLFN(uint16_t index, FatLfn_t* fname, uint8_t lfnOrd) {
   b7798:	e92d 4ff0 	stmdb	sp!, {r4, r5, r6, r7, r8, r9, sl, fp, lr}
   b779c:	4604      	mov	r4, r0
   b779e:	4616      	mov	r6, r2
   b77a0:	468a      	mov	sl, r1
   b77a2:	4698      	mov	r8, r3
   b77a4:	cc0f      	ldmia	r4!, {r0, r1, r2, r3}
   b77a6:	b08b      	sub	sp, #44	; 0x2c
   b77a8:	ad01      	add	r5, sp, #4
   b77aa:	c50f      	stmia	r5!, {r0, r1, r2, r3}
   b77ac:	cc0f      	ldmia	r4!, {r0, r1, r2, r3}
   b77ae:	c50f      	stmia	r5!, {r0, r1, r2, r3}
   b77b0:	6823      	ldr	r3, [r4, #0]
   b77b2:	602b      	str	r3, [r5, #0]
  // FatFile dir = *this;
  FatFile dir;
  dir.copy(this);
  DirLfn_t* ldir;
  uint8_t checksum = lfnChecksum(fname->sfn);
   b77b4:	f106 0012 	add.w	r0, r6, #18
   b77b8:	f7ff ff70 	bl	b769c <_ZN7FatFile11lfnChecksumEPKh.isra.0>
  void reset() { next = begin; }
   b77bc:	6833      	ldr	r3, [r6, #0]
   b77be:	6073      	str	r3, [r6, #4]
   b77c0:	4681      	mov	r9, r0
  uint8_t fc = 0;
  fname->reset();

  for (uint8_t order = 1; order <= lfnOrd; order++) {
   b77c2:	2501      	movs	r5, #1
  uint8_t fc = 0;
   b77c4:	2700      	movs	r7, #0
      DBG_FAIL_MACRO;
      goto fail;
    }
    dir.m_vol->cacheDirty();
    ldir->order = order == lfnOrd ? FAT_ORDER_LAST_LONG_ENTRY | order : order;
    ldir->attributes = FAT_ATTRIB_LONG_NAME;
   b77c6:	f04f 0b0f 	mov.w	fp, #15
  for (uint8_t order = 1; order <= lfnOrd; order++) {
   b77ca:	4545      	cmp	r5, r8
   b77cc:	d840      	bhi.n	b7850 <_ZN7FatFile9createLFNEtP8FatLfn_th+0xb8>
    ldir = reinterpret_cast<DirLfn_t*>(dir.cacheDir(index - order));
   b77ce:	ebaa 0105 	sub.w	r1, sl, r5
   b77d2:	b289      	uxth	r1, r1
   b77d4:	a801      	add	r0, sp, #4
   b77d6:	f7ff ff82 	bl	b76de <_ZN7FatFile8cacheDirEt>
    if (!ldir) {
   b77da:	2800      	cmp	r0, #0
   b77dc:	d039      	beq.n	b7852 <_ZN7FatFile9createLFNEtP8FatLfn_th+0xba>
    dir.m_vol->cacheDirty();
   b77de:	9a03      	ldr	r2, [sp, #12]
    }
    invalidate();
    return m_buffer;
  }
  /** Set current sector dirty. */
  void dirty() { m_status |= CACHE_STATUS_DIRTY; }
   b77e0:	f892 3024 	ldrb.w	r3, [r2, #36]	; 0x24
    ldir->order = order == lfnOrd ? FAT_ORDER_LAST_LONG_ENTRY | order : order;
   b77e4:	4545      	cmp	r5, r8
   b77e6:	f043 0301 	orr.w	r3, r3, #1
   b77ea:	f882 3024 	strb.w	r3, [r2, #36]	; 0x24
    ldir->mustBeZero1 = 0;
   b77ee:	f04f 0200 	mov.w	r2, #0
    ldir->order = order == lfnOrd ? FAT_ORDER_LAST_LONG_ENTRY | order : order;
   b77f2:	bf0c      	ite	eq
   b77f4:	f045 0340 	orreq.w	r3, r5, #64	; 0x40
   b77f8:	462b      	movne	r3, r5
   b77fa:	7003      	strb	r3, [r0, #0]
    ldir->attributes = FAT_ATTRIB_LONG_NAME;
   b77fc:	f880 b00b 	strb.w	fp, [r0, #11]
    ldir->mustBeZero1 = 0;
   b7800:	7302      	strb	r2, [r0, #12]
    ldir->checksum = checksum;
   b7802:	f880 900d 	strb.w	r9, [r0, #13]
}
inline uint64_t getLe64(const uint8_t* src) {
  return *reinterpret_cast<const uint64_t*>(src);
}
inline void setLe16(uint8_t* dst, uint16_t src) {
  *reinterpret_cast<uint16_t*>(dst) = src;
   b7806:	8342      	strh	r2, [r0, #26]
    setLe16(ldir->mustBeZero2, 0);
    for (uint8_t i = 0; i < 13; i++) {
   b7808:	1c44      	adds	r4, r0, #1
      uint16_t cp;
      if (fname->atEnd()) {
   b780a:	e9d6 1301 	ldrd	r1, r3, [r6, #4]
   b780e:	4299      	cmp	r1, r3
   b7810:	d110      	bne.n	b7834 <_ZN7FatFile9createLFNEtP8FatLfn_th+0x9c>
        cp = fc++ ? 0XFFFF : 0;
   b7812:	b19f      	cbz	r7, b783c <_ZN7FatFile9createLFNEtP8FatLfn_th+0xa4>
   b7814:	3701      	adds	r7, #1
   b7816:	b2ff      	uxtb	r7, r7
   b7818:	f64f 73ff 	movw	r3, #65535	; 0xffff
  if (i < 5) {
   b781c:	2a04      	cmp	r2, #4
   b781e:	b2d1      	uxtb	r1, r2
   b7820:	d80f      	bhi.n	b7842 <_ZN7FatFile9createLFNEtP8FatLfn_th+0xaa>
   b7822:	8023      	strh	r3, [r4, #0]
    for (uint8_t i = 0; i < 13; i++) {
   b7824:	3201      	adds	r2, #1
   b7826:	2a0d      	cmp	r2, #13
   b7828:	f104 0402 	add.w	r4, r4, #2
   b782c:	d1ed      	bne.n	b780a <_ZN7FatFile9createLFNEtP8FatLfn_th+0x72>
  for (uint8_t order = 1; order <= lfnOrd; order++) {
   b782e:	3501      	adds	r5, #1
   b7830:	b2ed      	uxtb	r5, r5
   b7832:	e7ca      	b.n	b77ca <_ZN7FatFile9createLFNEtP8FatLfn_th+0x32>
  /** \return next UTF-16 unit of LFN. */
  uint16_t get16() { return atEnd() ? 0 : *next++; }
   b7834:	1c4b      	adds	r3, r1, #1
   b7836:	6073      	str	r3, [r6, #4]
   b7838:	780b      	ldrb	r3, [r1, #0]
   b783a:	e7ef      	b.n	b781c <_ZN7FatFile9createLFNEtP8FatLfn_th+0x84>
        cp = fc++ ? 0XFFFF : 0;
   b783c:	463b      	mov	r3, r7
   b783e:	2701      	movs	r7, #1
   b7840:	e7ec      	b.n	b781c <_ZN7FatFile9createLFNEtP8FatLfn_th+0x84>
  } else if (i < 11) {
   b7842:	290a      	cmp	r1, #10
   b7844:	bf94      	ite	ls
   b7846:	f8a4 3003 	strhls.w	r3, [r4, #3]
   b784a:	f8a4 3005 	strhhi.w	r3, [r4, #5]
}
   b784e:	e7e9      	b.n	b7824 <_ZN7FatFile9createLFNEtP8FatLfn_th+0x8c>
        DBG_HALT_IF(cp == 0XFFFF);
      }
      putLfnChar(ldir, i, cp);
    }
  }
  return true;
   b7850:	2001      	movs	r0, #1

fail:
  return false;
}
   b7852:	b00b      	add	sp, #44	; 0x2c
   b7854:	e8bd 8ff0 	ldmia.w	sp!, {r4, r5, r6, r7, r8, r9, sl, fp, pc}

000b7858 <_ZN7FatFile7makeSFNEP8FatLfn_t>:
//------------------------------------------------------------------------------
bool FatFile::makeSFN(FatLfn_t* fname) {
   b7858:	e92d 43f0 	stmdb	sp!, {r4, r5, r6, r7, r8, r9, lr}
  uint8_t uc = 0;
  uint8_t i = 0;
  uint8_t in = 7;
  const char* dot;
  const char* end = fname->end;
  const char* ptr = fname->begin;
   b785c:	4602      	mov	r2, r0
  // Assume blanks removed from start and end.
  DBG_HALT_IF(*ptr == ' ' || *(end - 1) == ' ' || *(end - 1) == '.');

  // Blank file short name.
  for (uint8_t k = 0; k < 11; k++) {
    fname->sfn[k] = ' ';
   b785e:	f04f 3120 	mov.w	r1, #538976288	; 0x20202020
  const char* ptr = fname->begin;
   b7862:	f852 3b12 	ldr.w	r3, [r2], #18
  const char* end = fname->end;
   b7866:	6886      	ldr	r6, [r0, #8]
    fname->sfn[k] = ' ';
   b7868:	f8c0 1012 	str.w	r1, [r0, #18]
   b786c:	6051      	str	r1, [r2, #4]
   b786e:	f8c2 1007 	str.w	r1, [r2, #7]
bool FatFile::makeSFN(FatLfn_t* fname) {
   b7872:	4605      	mov	r5, r0
  }
  // Not 8.3 if starts with dot.
  is83 = *ptr == '.' ? false : true;
   b7874:	7818      	ldrb	r0, [r3, #0]
   b7876:	382e      	subs	r0, #46	; 0x2e
   b7878:	bf18      	it	ne
   b787a:	2001      	movne	r0, #1
   b787c:	461f      	mov	r7, r3
  // Skip leading dots.
  for (; *ptr == '.'; ptr++) {
   b787e:	f813 2b01 	ldrb.w	r2, [r3], #1
   b7882:	2a2e      	cmp	r2, #46	; 0x2e
   b7884:	d0fa      	beq.n	b787c <_ZN7FatFile7makeSFNEP8FatLfn_t+0x24>
  }
  // Find last dot.
  for (dot = end - 1; dot > ptr && *dot != '.'; dot--) {
   b7886:	1e72      	subs	r2, r6, #1
   b7888:	42ba      	cmp	r2, r7
   b788a:	4696      	mov	lr, r2
   b788c:	d903      	bls.n	b7896 <_ZN7FatFile7makeSFNEP8FatLfn_t+0x3e>
   b788e:	f812 3901 	ldrb.w	r3, [r2], #-1
   b7892:	2b2e      	cmp	r3, #46	; 0x2e
   b7894:	d1f8      	bne.n	b7888 <_ZN7FatFile7makeSFNEP8FatLfn_t+0x30>
   b7896:	2200      	movs	r2, #0
   b7898:	f04f 0c07 	mov.w	ip, #7
   b789c:	4611      	mov	r1, r2
   b789e:	4690      	mov	r8, r2
   b78a0:	f04f 0908 	mov.w	r9, #8
  }

  for (; ptr < end; ptr++) {
   b78a4:	42b7      	cmp	r7, r6
   b78a6:	d251      	bcs.n	b794c <_ZN7FatFile7makeSFNEP8FatLfn_t+0xf4>
    c = *ptr;
   b78a8:	783b      	ldrb	r3, [r7, #0]
    if (c == '.' && ptr == dot) {
   b78aa:	2b2e      	cmp	r3, #46	; 0x2e
   b78ac:	d107      	bne.n	b78be <_ZN7FatFile7makeSFNEP8FatLfn_t+0x66>
   b78ae:	45be      	cmp	lr, r7
   b78b0:	d113      	bne.n	b78da <_ZN7FatFile7makeSFNEP8FatLfn_t+0x82>
      in = 10;                // Max index for full 8.3 name.
   b78b2:	f04f 0c0a 	mov.w	ip, #10
      i = 8;                  // Place for extension.
   b78b6:	2408      	movs	r4, #8
      bit = FAT_CASE_LC_EXT;  // bit for extension.
   b78b8:	f04f 0910 	mov.w	r9, #16
   b78bc:	e03b      	b.n	b7936 <_ZN7FatFile7makeSFNEP8FatLfn_t+0xde>
         c == '>' || c == '?' || c == '\\' || c == '|';
}
//------------------------------------------------------------------------------
// Reserved characters for FAT short 8.3 names.
inline bool sfnReservedChar(uint8_t c) {
  if (c == '"' || c == '|' || c == '[' || c == '\\' || c == ']') {
   b78be:	2b22      	cmp	r3, #34	; 0x22
   b78c0:	d00b      	beq.n	b78da <_ZN7FatFile7makeSFNEP8FatLfn_t+0x82>
   b78c2:	2b7c      	cmp	r3, #124	; 0x7c
   b78c4:	d009      	beq.n	b78da <_ZN7FatFile7makeSFNEP8FatLfn_t+0x82>
   b78c6:	f1a3 045b 	sub.w	r4, r3, #91	; 0x5b
   b78ca:	2c02      	cmp	r4, #2
   b78cc:	d905      	bls.n	b78da <_ZN7FatFile7makeSFNEP8FatLfn_t+0x82>
    return true;
  }
  //  *+,./ or :;<=>?
  if ((0X2A <= c && c <= 0X2F && c != 0X2D) || (0X3A <= c && c <= 0X3F)) {
   b78ce:	f1a3 042a 	sub.w	r4, r3, #42	; 0x2a
   b78d2:	2c05      	cmp	r4, #5
   b78d4:	d806      	bhi.n	b78e4 <_ZN7FatFile7makeSFNEP8FatLfn_t+0x8c>
   b78d6:	2b2d      	cmp	r3, #45	; 0x2d
   b78d8:	d013      	beq.n	b7902 <_ZN7FatFile7makeSFNEP8FatLfn_t+0xaa>
        if ((c & 0XC0) == 0X80) {
          continue;
        }
        c = '_';
      }
      if (i > in) {
   b78da:	4561      	cmp	r1, ip
   b78dc:	d813      	bhi.n	b7906 <_ZN7FatFile7makeSFNEP8FatLfn_t+0xae>
        is83 = false;
   b78de:	2000      	movs	r0, #0
        c = '_';
   b78e0:	235f      	movs	r3, #95	; 0x5f
   b78e2:	e021      	b.n	b7928 <_ZN7FatFile7makeSFNEP8FatLfn_t+0xd0>
   b78e4:	f1a3 043a 	sub.w	r4, r3, #58	; 0x3a
   b78e8:	2c05      	cmp	r4, #5
   b78ea:	d903      	bls.n	b78f4 <_ZN7FatFile7makeSFNEP8FatLfn_t+0x9c>
      if (sfnReservedChar(c)) {
   b78ec:	f1a3 0421 	sub.w	r4, r3, #33	; 0x21
   b78f0:	2c5d      	cmp	r4, #93	; 0x5d
   b78f2:	d906      	bls.n	b7902 <_ZN7FatFile7makeSFNEP8FatLfn_t+0xaa>
        if ((c & 0XC0) == 0X80) {
   b78f4:	f003 03c0 	and.w	r3, r3, #192	; 0xc0
   b78f8:	2b80      	cmp	r3, #128	; 0x80
   b78fa:	d1ee      	bne.n	b78da <_ZN7FatFile7makeSFNEP8FatLfn_t+0x82>
   b78fc:	460c      	mov	r4, r1
        is83 = false;
   b78fe:	2000      	movs	r0, #0
   b7900:	e019      	b.n	b7936 <_ZN7FatFile7makeSFNEP8FatLfn_t+0xde>
      if (i > in) {
   b7902:	4561      	cmp	r1, ip
   b7904:	d907      	bls.n	b7916 <_ZN7FatFile7makeSFNEP8FatLfn_t+0xbe>
        is83 = false;
        if (in == 10 || ptr > dot) {
   b7906:	f1bc 0f0a 	cmp.w	ip, #10
   b790a:	d01e      	beq.n	b794a <_ZN7FatFile7makeSFNEP8FatLfn_t+0xf2>
   b790c:	45be      	cmp	lr, r7
   b790e:	d31c      	bcc.n	b794a <_ZN7FatFile7makeSFNEP8FatLfn_t+0xf2>
          // Done - extension longer than three characters or no extension.
          break;
        }
        // Skip to dot.
        ptr = dot - 1;
   b7910:	f10e 37ff 	add.w	r7, lr, #4294967295
        continue;
   b7914:	e7f2      	b.n	b78fc <_ZN7FatFile7makeSFNEP8FatLfn_t+0xa4>
      }
      if (isLower(c)) {
   b7916:	f1a3 0461 	sub.w	r4, r3, #97	; 0x61
   b791a:	2c19      	cmp	r4, #25
   b791c:	d80e      	bhi.n	b793c <_ZN7FatFile7makeSFNEP8FatLfn_t+0xe4>
        c += 'A' - 'a';
   b791e:	3b20      	subs	r3, #32
        lc |= bit;
   b7920:	ea49 0202 	orr.w	r2, r9, r2
        c += 'A' - 'a';
   b7924:	b2db      	uxtb	r3, r3
        lc |= bit;
   b7926:	b2d2      	uxtb	r2, r2
      } else if (isUpper(c)) {
        uc |= bit;
      }
      fname->sfn[i++] = c;
   b7928:	1c4c      	adds	r4, r1, #1
   b792a:	b2e4      	uxtb	r4, r4
   b792c:	4429      	add	r1, r5
      if (i < 7) {
   b792e:	2c06      	cmp	r4, #6
      fname->sfn[i++] = c;
   b7930:	748b      	strb	r3, [r1, #18]
      if (i < 7) {
   b7932:	d800      	bhi.n	b7936 <_ZN7FatFile7makeSFNEP8FatLfn_t+0xde>
        fname->seqPos = i;
   b7934:	742c      	strb	r4, [r5, #16]
  for (; ptr < end; ptr++) {
   b7936:	3701      	adds	r7, #1
   b7938:	4621      	mov	r1, r4
   b793a:	e7b3      	b.n	b78a4 <_ZN7FatFile7makeSFNEP8FatLfn_t+0x4c>
      } else if (isUpper(c)) {
   b793c:	f1a3 0441 	sub.w	r4, r3, #65	; 0x41
   b7940:	2c19      	cmp	r4, #25
        uc |= bit;
   b7942:	bf98      	it	ls
   b7944:	ea49 0808 	orrls.w	r8, r9, r8
   b7948:	e7ee      	b.n	b7928 <_ZN7FatFile7makeSFNEP8FatLfn_t+0xd0>
        is83 = false;
   b794a:	2000      	movs	r0, #0
      }
    }
  }
  if (fname->sfn[0] == ' ') {
   b794c:	7cab      	ldrb	r3, [r5, #18]
   b794e:	2b20      	cmp	r3, #32
   b7950:	d011      	beq.n	b7976 <_ZN7FatFile7makeSFNEP8FatLfn_t+0x11e>
    DBG_HALT_MACRO;
    goto fail;
  }
  if (is83) {
   b7952:	b130      	cbz	r0, b7962 <_ZN7FatFile7makeSFNEP8FatLfn_t+0x10a>
    fname->flags = (lc & uc) ? FNAME_FLAG_MIXED_CASE : lc;
   b7954:	ea18 0f02 	tst.w	r8, r2
   b7958:	bf18      	it	ne
   b795a:	2202      	movne	r2, #2
   b795c:	746a      	strb	r2, [r5, #17]
  }
  return true;

fail:
  return false;
}
   b795e:	e8bd 83f0 	ldmia.w	sp!, {r4, r5, r6, r7, r8, r9, pc}
    fname->sfn[fname->seqPos] = '~';
   b7962:	7c2a      	ldrb	r2, [r5, #16]
   b7964:	18ab      	adds	r3, r5, r2
    fname->flags = FNAME_FLAG_LOST_CHARS;
   b7966:	2101      	movs	r1, #1
    fname->sfn[fname->seqPos] = '~';
   b7968:	227e      	movs	r2, #126	; 0x7e
    fname->flags = FNAME_FLAG_LOST_CHARS;
   b796a:	7469      	strb	r1, [r5, #17]
    fname->sfn[fname->seqPos] = '~';
   b796c:	749a      	strb	r2, [r3, #18]
    fname->sfn[fname->seqPos + 1] = '1';
   b796e:	2231      	movs	r2, #49	; 0x31
   b7970:	74da      	strb	r2, [r3, #19]
  return true;
   b7972:	4608      	mov	r0, r1
   b7974:	e7f3      	b.n	b795e <_ZN7FatFile7makeSFNEP8FatLfn_t+0x106>
  return false;
   b7976:	2000      	movs	r0, #0
   b7978:	e7f1      	b.n	b795e <_ZN7FatFile7makeSFNEP8FatLfn_t+0x106>

000b797a <_ZN7FatFile13makeUniqueSfnEP8FatLfn_t>:
//------------------------------------------------------------------------------
bool FatFile::makeUniqueSfn(FatLfn_t* fname) {
   b797a:	e92d 47f0 	stmdb	sp!, {r4, r5, r6, r7, r8, r9, sl, lr}
  const uint8_t FIRST_HASH_SEQ = 2;  // min value is 2
  uint8_t pos = fname->seqPos;
   b797e:	7c0e      	ldrb	r6, [r1, #16]
bool FatFile::makeUniqueSfn(FatLfn_t* fname) {
   b7980:	4680      	mov	r8, r0
   b7982:	460d      	mov	r5, r1
  uint8_t pos = fname->seqPos;
   b7984:	2462      	movs	r4, #98	; 0x62
  DirFat_t* dir;
  uint16_t hex = 0;
   b7986:	2700      	movs	r7, #0
    for (uint8_t i = pos + 4; i > pos; i--) {
      uint8_t h = hex & 0XF;
      fname->sfn[i] = h < 10 ? h + '0' : h + 'A' - 10;
      hex >>= 4;
    }
    fname->sfn[pos] = '~';
   b7988:	f04f 097e 	mov.w	r9, #126	; 0x7e
        goto fail;
      }
      if (dir->name[0] == FAT_NAME_FREE) {
        goto done;
      }
      if (isFatFileOrSubdir(dir) && !memcmp(fname->sfn, dir->name, 11)) {
   b798c:	f101 0a12 	add.w	sl, r1, #18
inline system_tick_t millis(void) { return HAL_Timer_Get_Milli_Seconds(); }
   b7990:	f002 fbd0 	bl	ba134 <HAL_Timer_Get_Milli_Seconds>
   b7994:	2e03      	cmp	r6, #3
   b7996:	bf28      	it	cs
   b7998:	2603      	movcs	r6, #3
    hex += millis();
   b799a:	4438      	add	r0, r7
    for (uint8_t i = pos + 4; i > pos; i--) {
   b799c:	1d33      	adds	r3, r6, #4
    hex += millis();
   b799e:	b287      	uxth	r7, r0
    for (uint8_t i = pos + 4; i > pos; i--) {
   b79a0:	b2db      	uxtb	r3, r3
      uint8_t h = hex & 0XF;
   b79a2:	f007 020f 	and.w	r2, r7, #15
      fname->sfn[i] = h < 10 ? h + '0' : h + 'A' - 10;
   b79a6:	18e9      	adds	r1, r5, r3
    for (uint8_t i = pos + 4; i > pos; i--) {
   b79a8:	3b01      	subs	r3, #1
      fname->sfn[i] = h < 10 ? h + '0' : h + 'A' - 10;
   b79aa:	2a09      	cmp	r2, #9
    for (uint8_t i = pos + 4; i > pos; i--) {
   b79ac:	b2db      	uxtb	r3, r3
      fname->sfn[i] = h < 10 ? h + '0' : h + 'A' - 10;
   b79ae:	bf94      	ite	ls
   b79b0:	3230      	addls	r2, #48	; 0x30
   b79b2:	3237      	addhi	r2, #55	; 0x37
    for (uint8_t i = pos + 4; i > pos; i--) {
   b79b4:	429e      	cmp	r6, r3
      fname->sfn[i] = h < 10 ? h + '0' : h + 'A' - 10;
   b79b6:	748a      	strb	r2, [r1, #18]
      hex >>= 4;
   b79b8:	ea4f 1717 	mov.w	r7, r7, lsr #4
    for (uint8_t i = pos + 4; i > pos; i--) {
   b79bc:	d1f1      	bne.n	b79a2 <_ZN7FatFile13makeUniqueSfnEP8FatLfn_t+0x28>
    fname->sfn[pos] = '~';
   b79be:	19ab      	adds	r3, r5, r6
  void rewind() { seekSet(0UL); }
   b79c0:	2100      	movs	r1, #0
   b79c2:	f883 9012 	strb.w	r9, [r3, #18]
   b79c6:	4640      	mov	r0, r8
   b79c8:	f000 fc6a 	bl	b82a0 <_ZN7FatFile7seekSetEm>
      dir = readDirCache(true);
   b79cc:	2101      	movs	r1, #1
   b79ce:	4640      	mov	r0, r8
   b79d0:	f000 fc47 	bl	b8262 <_ZN7FatFile12readDirCacheEb>
      if (!dir) {
   b79d4:	4601      	mov	r1, r0
   b79d6:	b930      	cbnz	r0, b79e6 <_ZN7FatFile13makeUniqueSfnEP8FatLfn_t+0x6c>
        if (!getError()) {
   b79d8:	f898 0001 	ldrb.w	r0, [r8, #1]
   b79dc:	fab0 f080 	clz	r0, r0
   b79e0:	0940      	lsrs	r0, r0, #5
fail:
  return false;

done:
  return true;
}
   b79e2:	e8bd 87f0 	ldmia.w	sp!, {r4, r5, r6, r7, r8, r9, sl, pc}
      if (dir->name[0] == FAT_NAME_FREE) {
   b79e6:	7803      	ldrb	r3, [r0, #0]
   b79e8:	b173      	cbz	r3, b7a08 <_ZN7FatFile13makeUniqueSfnEP8FatLfn_t+0x8e>
      if (isFatFileOrSubdir(dir) && !memcmp(fname->sfn, dir->name, 11)) {
   b79ea:	7ac3      	ldrb	r3, [r0, #11]
   b79ec:	071b      	lsls	r3, r3, #28
   b79ee:	d4ed      	bmi.n	b79cc <_ZN7FatFile13makeUniqueSfnEP8FatLfn_t+0x52>
   b79f0:	220b      	movs	r2, #11
   b79f2:	4650      	mov	r0, sl
   b79f4:	f003 ff93 	bl	bb91e <memcmp>
   b79f8:	2800      	cmp	r0, #0
   b79fa:	d1e7      	bne.n	b79cc <_ZN7FatFile13makeUniqueSfnEP8FatLfn_t+0x52>
  for (uint8_t seq = FIRST_HASH_SEQ; seq < 100; seq++) {
   b79fc:	1e60      	subs	r0, r4, #1
   b79fe:	f010 04ff 	ands.w	r4, r0, #255	; 0xff
   b7a02:	d1c5      	bne.n	b7990 <_ZN7FatFile13makeUniqueSfnEP8FatLfn_t+0x16>
  return false;
   b7a04:	4620      	mov	r0, r4
fail:
   b7a06:	e7ec      	b.n	b79e2 <_ZN7FatFile13makeUniqueSfnEP8FatLfn_t+0x68>
  return true;
   b7a08:	2001      	movs	r0, #1
   b7a0a:	e7ea      	b.n	b79e2 <_ZN7FatFile13makeUniqueSfnEP8FatLfn_t+0x68>

000b7a0c <_ZN7FatFile4openEPS_P8FatLfn_ti>:
//------------------------------------------------------------------------------
bool FatFile::open(FatFile* dirFile, FatLfn_t* fname, oflag_t oflag) {
   b7a0c:	e92d 4ff0 	stmdb	sp!, {r4, r5, r6, r7, r8, r9, sl, fp, lr}
   b7a10:	ed2d 8b02 	vpush	{d8}
   b7a14:	b08b      	sub	sp, #44	; 0x2c
   b7a16:	460d      	mov	r5, r1
   b7a18:	9304      	str	r3, [sp, #16]
  uint16_t time;
  DirFat_t* dir;
  DirLfn_t* ldir;
  auto vol = dirFile->m_vol;

  if (!dirFile->isDir() || isOpen()) {
   b7a1a:	780b      	ldrb	r3, [r1, #0]
bool FatFile::open(FatFile* dirFile, FatLfn_t* fname, oflag_t oflag) {
   b7a1c:	9007      	str	r0, [sp, #28]
  if (!dirFile->isDir() || isOpen()) {
   b7a1e:	f013 0fd0 	tst.w	r3, #208	; 0xd0
bool FatFile::open(FatFile* dirFile, FatLfn_t* fname, oflag_t oflag) {
   b7a22:	4617      	mov	r7, r2
  if (!dirFile->isDir() || isOpen()) {
   b7a24:	d105      	bne.n	b7a32 <_ZN7FatFile4openEPS_P8FatLfn_ti+0x26>
    goto fail;
  }
  return true;

fail:
  return false;
   b7a26:	2000      	movs	r0, #0
}
   b7a28:	b00b      	add	sp, #44	; 0x2c
   b7a2a:	ecbd 8b02 	vpop	{d8}
   b7a2e:	e8bd 8ff0 	ldmia.w	sp!, {r4, r5, r6, r7, r8, r9, sl, fp, pc}
  bool isOpen() const { return m_attributes; }
   b7a32:	9b07      	ldr	r3, [sp, #28]
   b7a34:	781b      	ldrb	r3, [r3, #0]
  if (!dirFile->isDir() || isOpen()) {
   b7a36:	2b00      	cmp	r3, #0
   b7a38:	d1f5      	bne.n	b7a26 <_ZN7FatFile4openEPS_P8FatLfn_ti+0x1a>
  nameOrd = (fname->len + 12) / 13;
   b7a3a:	68d3      	ldr	r3, [r2, #12]
   b7a3c:	220d      	movs	r2, #13
   b7a3e:	330c      	adds	r3, #12
   b7a40:	fbb3 f3f2 	udiv	r3, r3, r2
   b7a44:	b2db      	uxtb	r3, r3
   b7a46:	9306      	str	r3, [sp, #24]
  freeNeed = (fname->flags & FNAME_FLAG_NEED_LFN) ? 1 + nameOrd : 1;
   b7a48:	7c7b      	ldrb	r3, [r7, #17]
   b7a4a:	079a      	lsls	r2, r3, #30
   b7a4c:	bf1d      	ittte	ne
   b7a4e:	9b06      	ldrne	r3, [sp, #24]
   b7a50:	f103 0901 	addne.w	r9, r3, #1
   b7a54:	fa5f f389 	uxtbne.w	r3, r9
   b7a58:	2301      	moveq	r3, #1
   b7a5a:	9302      	str	r3, [sp, #8]
  void rewind() { seekSet(0UL); }
   b7a5c:	4628      	mov	r0, r5
  auto vol = dirFile->m_vol;
   b7a5e:	688b      	ldr	r3, [r1, #8]
   b7a60:	9305      	str	r3, [sp, #20]
   b7a62:	2100      	movs	r1, #0
   b7a64:	f000 fc1c 	bl	b82a0 <_ZN7FatFile7seekSetEm>
      if (!memcmp(dir->name, fname->sfn, sizeof(fname->sfn))) {
   b7a68:	f107 0312 	add.w	r3, r7, #18
  uint8_t checksum = 0;
   b7a6c:	f04f 0a00 	mov.w	sl, #0
      if (!memcmp(dir->name, fname->sfn, sizeof(fname->sfn))) {
   b7a70:	ee08 3a10 	vmov	s16, r3
  uint8_t order = 0;
   b7a74:	46d0      	mov	r8, sl
  uint8_t freeFound = 0;
   b7a76:	4654      	mov	r4, sl
  uint8_t lfnOrd = 0;
   b7a78:	46d1      	mov	r9, sl
  uint16_t freeIndex = 0;
   b7a7a:	f8cd a00c 	str.w	sl, [sp, #12]
  bool fnameFound = false;
   b7a7e:	46d3      	mov	fp, sl
    curIndex = dirFile->m_curPosition / FS_DIR_SIZE;
   b7a80:	696e      	ldr	r6, [r5, #20]
    dir = dirFile->readDirCache();
   b7a82:	2100      	movs	r1, #0
   b7a84:	4628      	mov	r0, r5
    curIndex = dirFile->m_curPosition / FS_DIR_SIZE;
   b7a86:	f3c6 164f 	ubfx	r6, r6, #5, #16
    dir = dirFile->readDirCache();
   b7a8a:	f000 fbea 	bl	b8262 <_ZN7FatFile12readDirCacheEb>
    if (!dir) {
   b7a8e:	2800      	cmp	r0, #0
   b7a90:	d12f      	bne.n	b7af2 <_ZN7FatFile4openEPS_P8FatLfn_ti+0xe6>
      if (dirFile->getError()) {
   b7a92:	786b      	ldrb	r3, [r5, #1]
   b7a94:	2b00      	cmp	r3, #0
   b7a96:	d1c6      	bne.n	b7a26 <_ZN7FatFile4openEPS_P8FatLfn_ti+0x1a>
  if (!(oflag & O_CREAT) || !isWriteMode(oflag)) {
   b7a98:	9b04      	ldr	r3, [sp, #16]
   b7a9a:	059a      	lsls	r2, r3, #22
   b7a9c:	d5c3      	bpl.n	b7a26 <_ZN7FatFile4openEPS_P8FatLfn_ti+0x1a>

#define O_READ O_RDONLY
#define O_WRITE O_WRONLY

inline bool isWriteMode(oflag_t oflag) {
  oflag &= O_ACCMODE;
   b7a9e:	f003 0303 	and.w	r3, r3, #3
  return oflag == O_WRONLY || oflag == O_RDWR;
   b7aa2:	3b01      	subs	r3, #1
   b7aa4:	2b01      	cmp	r3, #1
   b7aa6:	d8be      	bhi.n	b7a26 <_ZN7FatFile4openEPS_P8FatLfn_ti+0x1a>
  if (freeFound == 0) {
   b7aa8:	9b03      	ldr	r3, [sp, #12]
   b7aaa:	2c00      	cmp	r4, #0
   b7aac:	bf08      	it	eq
   b7aae:	4633      	moveq	r3, r6
   b7ab0:	9303      	str	r3, [sp, #12]
  while (freeFound < freeNeed) {
   b7ab2:	9b02      	ldr	r3, [sp, #8]
   b7ab4:	429c      	cmp	r4, r3
   b7ab6:	d209      	bcs.n	b7acc <_ZN7FatFile4openEPS_P8FatLfn_ti+0xc0>
    dir = dirFile->readDirCache();
   b7ab8:	2100      	movs	r1, #0
   b7aba:	4628      	mov	r0, r5
   b7abc:	f000 fbd1 	bl	b8262 <_ZN7FatFile12readDirCacheEb>
    if (!dir) {
   b7ac0:	2800      	cmp	r0, #0
   b7ac2:	f040 8085 	bne.w	b7bd0 <_ZN7FatFile4openEPS_P8FatLfn_ti+0x1c4>
      if (dirFile->getError()) {
   b7ac6:	786b      	ldrb	r3, [r5, #1]
   b7ac8:	2b00      	cmp	r3, #0
   b7aca:	d1ac      	bne.n	b7a26 <_ZN7FatFile4openEPS_P8FatLfn_ti+0x1a>
  while (freeTotal < freeNeed) {
   b7acc:	f8bd 6008 	ldrh.w	r6, [sp, #8]
  freeTotal = freeFound;
   b7ad0:	b2a4      	uxth	r4, r4
  while (freeTotal < freeNeed) {
   b7ad2:	42a6      	cmp	r6, r4
   b7ad4:	d97f      	bls.n	b7bd6 <_ZN7FatFile4openEPS_P8FatLfn_ti+0x1ca>
    if (!dirFile->addDirCluster()) {
   b7ad6:	4628      	mov	r0, r5
   b7ad8:	f000 fab2 	bl	b8040 <_ZN7FatFile13addDirClusterEv>
   b7adc:	2800      	cmp	r0, #0
   b7ade:	d0a2      	beq.n	b7a26 <_ZN7FatFile4openEPS_P8FatLfn_ti+0x1a>
    return m_sectorsPerCluster * (m_bytesPerSector / FS_DIR_SIZE);
   b7ae0:	9b05      	ldr	r3, [sp, #20]
   b7ae2:	791b      	ldrb	r3, [r3, #4]
    freeTotal += vol->dirEntriesPerCluster();
   b7ae4:	eb04 1403 	add.w	r4, r4, r3, lsl #4
   b7ae8:	b2a4      	uxth	r4, r4
  while (freeTotal < freeNeed) {
   b7aea:	e7f2      	b.n	b7ad2 <_ZN7FatFile4openEPS_P8FatLfn_ti+0xc6>
        fnameFound = true;
   b7aec:	f04f 0b01 	mov.w	fp, #1
   b7af0:	e7c6      	b.n	b7a80 <_ZN7FatFile4openEPS_P8FatLfn_ti+0x74>
    if (dir->name[0] == FAT_NAME_DELETED || dir->name[0] == FAT_NAME_FREE) {
   b7af2:	7802      	ldrb	r2, [r0, #0]
   b7af4:	2ae5      	cmp	r2, #229	; 0xe5
   b7af6:	d000      	beq.n	b7afa <_ZN7FatFile4openEPS_P8FatLfn_ti+0xee>
   b7af8:	b982      	cbnz	r2, b7b1c <_ZN7FatFile4openEPS_P8FatLfn_ti+0x110>
    curIndex = dirFile->m_curPosition / FS_DIR_SIZE;
   b7afa:	9b03      	ldr	r3, [sp, #12]
   b7afc:	2c00      	cmp	r4, #0
   b7afe:	bf08      	it	eq
   b7b00:	4633      	moveq	r3, r6
   b7b02:	9303      	str	r3, [sp, #12]
      if (freeFound < freeNeed) {
   b7b04:	9b02      	ldr	r3, [sp, #8]
   b7b06:	429c      	cmp	r4, r3
        freeFound++;
   b7b08:	bf3c      	itt	cc
   b7b0a:	3401      	addcc	r4, #1
   b7b0c:	b2e4      	uxtbcc	r4, r4
      if (dir->name[0] == FAT_NAME_FREE) {
   b7b0e:	2a00      	cmp	r2, #0
   b7b10:	d0c2      	beq.n	b7a98 <_ZN7FatFile4openEPS_P8FatLfn_ti+0x8c>
    if (dir->name[0] == FAT_NAME_DELETED || dir->name[0] == '.') {
   b7b12:	2ae5      	cmp	r2, #229	; 0xe5
   b7b14:	d106      	bne.n	b7b24 <_ZN7FatFile4openEPS_P8FatLfn_ti+0x118>
      lfnOrd = 0;
   b7b16:	f04f 0900 	mov.w	r9, #0
   b7b1a:	e7b1      	b.n	b7a80 <_ZN7FatFile4openEPS_P8FatLfn_ti+0x74>
        freeFound = 0;
   b7b1c:	9b02      	ldr	r3, [sp, #8]
   b7b1e:	429c      	cmp	r4, r3
   b7b20:	bf38      	it	cc
   b7b22:	2400      	movcc	r4, #0
    if (dir->name[0] == FAT_NAME_DELETED || dir->name[0] == '.') {
   b7b24:	2a2e      	cmp	r2, #46	; 0x2e
   b7b26:	d0f6      	beq.n	b7b16 <_ZN7FatFile4openEPS_P8FatLfn_ti+0x10a>
}
static inline bool isFatFileOrSubdir(const DirFat_t* dir) {
  return (dir->attributes & FAT_ATTRIB_LABEL) == 0;
}
static inline uint8_t isFatLongName(const DirFat_t* dir) {
  return dir->attributes == FAT_ATTRIB_LONG_NAME;
   b7b28:	7ac1      	ldrb	r1, [r0, #11]
    } else if (isFatLongName(dir)) {
   b7b2a:	290f      	cmp	r1, #15
   b7b2c:	d126      	bne.n	b7b7c <_ZN7FatFile4openEPS_P8FatLfn_ti+0x170>
      if (!lfnOrd) {
   b7b2e:	f1b9 0f00 	cmp.w	r9, #0
   b7b32:	d119      	bne.n	b7b68 <_ZN7FatFile4openEPS_P8FatLfn_ti+0x15c>
        if (order != nameOrd ||
   b7b34:	9b06      	ldr	r3, [sp, #24]
        order = ldir->order & 0X1F;
   b7b36:	f002 081f 	and.w	r8, r2, #31
        if (order != nameOrd ||
   b7b3a:	4543      	cmp	r3, r8
   b7b3c:	d1a0      	bne.n	b7a80 <_ZN7FatFile4openEPS_P8FatLfn_ti+0x74>
   b7b3e:	f012 0940 	ands.w	r9, r2, #64	; 0x40
   b7b42:	d09d      	beq.n	b7a80 <_ZN7FatFile4openEPS_P8FatLfn_ti+0x74>
        checksum = ldir->checksum;
   b7b44:	f890 a00d 	ldrb.w	sl, [r0, #13]
   b7b48:	4699      	mov	r9, r3
      if (order == 1) {
   b7b4a:	f1b8 0f01 	cmp.w	r8, #1
   b7b4e:	d197      	bne.n	b7a80 <_ZN7FatFile4openEPS_P8FatLfn_ti+0x74>
        if (!dirFile->cmpName(curIndex + 1, fname, lfnOrd)) {
   b7b50:	1c71      	adds	r1, r6, #1
   b7b52:	464b      	mov	r3, r9
   b7b54:	463a      	mov	r2, r7
   b7b56:	b289      	uxth	r1, r1
   b7b58:	4628      	mov	r0, r5
   b7b5a:	f7ff fdcd 	bl	b76f8 <_ZN7FatFile7cmpNameEtP8FatLfn_th>
          lfnOrd = 0;
   b7b5e:	2800      	cmp	r0, #0
   b7b60:	bf08      	it	eq
   b7b62:	f04f 0900 	moveq.w	r9, #0
   b7b66:	e78b      	b.n	b7a80 <_ZN7FatFile4openEPS_P8FatLfn_ti+0x74>
      } else if (ldir->order != --order || checksum != ldir->checksum) {
   b7b68:	f108 38ff 	add.w	r8, r8, #4294967295
   b7b6c:	fa5f f888 	uxtb.w	r8, r8
   b7b70:	4542      	cmp	r2, r8
   b7b72:	d1d0      	bne.n	b7b16 <_ZN7FatFile4openEPS_P8FatLfn_ti+0x10a>
   b7b74:	7b42      	ldrb	r2, [r0, #13]
   b7b76:	4552      	cmp	r2, sl
   b7b78:	d0e7      	beq.n	b7b4a <_ZN7FatFile4openEPS_P8FatLfn_ti+0x13e>
   b7b7a:	e7cc      	b.n	b7b16 <_ZN7FatFile4openEPS_P8FatLfn_ti+0x10a>
    } else if (isFatFileOrSubdir(dir)) {
   b7b7c:	070b      	lsls	r3, r1, #28
   b7b7e:	d4ca      	bmi.n	b7b16 <_ZN7FatFile4openEPS_P8FatLfn_ti+0x10a>
      if (lfnOrd) {
   b7b80:	f1b9 0f00 	cmp.w	r9, #0
   b7b84:	d00a      	beq.n	b7b9c <_ZN7FatFile4openEPS_P8FatLfn_ti+0x190>
        if (1 == order && lfnChecksum(dir->name) == checksum) {
   b7b86:	f1b8 0f01 	cmp.w	r8, #1
   b7b8a:	f47f af4c 	bne.w	b7a26 <_ZN7FatFile4openEPS_P8FatLfn_ti+0x1a>
   b7b8e:	f7ff fd85 	bl	b769c <_ZN7FatFile11lfnChecksumEPKh.isra.0>
   b7b92:	4550      	cmp	r0, sl
   b7b94:	f47f af47 	bne.w	b7a26 <_ZN7FatFile4openEPS_P8FatLfn_ti+0x1a>
   b7b98:	46cb      	mov	fp, r9
   b7b9a:	e00c      	b.n	b7bb6 <_ZN7FatFile4openEPS_P8FatLfn_ti+0x1aa>
      if (!memcmp(dir->name, fname->sfn, sizeof(fname->sfn))) {
   b7b9c:	ee18 1a10 	vmov	r1, s16
   b7ba0:	220b      	movs	r2, #11
   b7ba2:	f003 febc 	bl	bb91e <memcmp>
   b7ba6:	2800      	cmp	r0, #0
   b7ba8:	f47f af6a 	bne.w	b7a80 <_ZN7FatFile4openEPS_P8FatLfn_ti+0x74>
        if (!(fname->flags & FNAME_FLAG_LOST_CHARS)) {
   b7bac:	f897 b011 	ldrb.w	fp, [r7, #17]
   b7bb0:	f01b 0b01 	ands.w	fp, fp, #1
   b7bb4:	d19a      	bne.n	b7aec <_ZN7FatFile4openEPS_P8FatLfn_ti+0xe0>
  if (oflag & O_EXCL) {
   b7bb6:	9b04      	ldr	r3, [sp, #16]
   b7bb8:	0519      	lsls	r1, r3, #20
   b7bba:	f53f af34 	bmi.w	b7a26 <_ZN7FatFile4openEPS_P8FatLfn_ti+0x1a>
  if (!openCachedEntry(dirFile, curIndex, oflag, lfnOrd)) {
   b7bbe:	9b04      	ldr	r3, [sp, #16]
   b7bc0:	9807      	ldr	r0, [sp, #28]
   b7bc2:	f8cd b000 	str.w	fp, [sp]
   b7bc6:	4632      	mov	r2, r6
   b7bc8:	4629      	mov	r1, r5
   b7bca:	f000 fbb9 	bl	b8340 <_ZN7FatFile15openCachedEntryEPS_tih>
   b7bce:	e72b      	b.n	b7a28 <_ZN7FatFile4openEPS_P8FatLfn_ti+0x1c>
    freeFound++;
   b7bd0:	3401      	adds	r4, #1
   b7bd2:	b2e4      	uxtb	r4, r4
  while (freeFound < freeNeed) {
   b7bd4:	e76d      	b.n	b7ab2 <_ZN7FatFile4openEPS_P8FatLfn_ti+0xa6>
  if (fnameFound) {
   b7bd6:	f1bb 0f00 	cmp.w	fp, #0
   b7bda:	d147      	bne.n	b7c6c <_ZN7FatFile4openEPS_P8FatLfn_ti+0x260>
  lfnOrd = freeNeed - 1;
   b7bdc:	9b02      	ldr	r3, [sp, #8]
   b7bde:	f103 39ff 	add.w	r9, r3, #4294967295
  curIndex = freeIndex + lfnOrd;
   b7be2:	9b03      	ldr	r3, [sp, #12]
  lfnOrd = freeNeed - 1;
   b7be4:	fa5f fb89 	uxtb.w	fp, r9
  curIndex = freeIndex + lfnOrd;
   b7be8:	fa53 f989 	uxtab	r9, r3, r9
   b7bec:	fa1f f689 	uxth.w	r6, r9
  if (!dirFile->createLFN(curIndex, fname, lfnOrd)) {
   b7bf0:	465b      	mov	r3, fp
   b7bf2:	463a      	mov	r2, r7
   b7bf4:	4631      	mov	r1, r6
   b7bf6:	4628      	mov	r0, r5
   b7bf8:	f7ff fdce 	bl	b7798 <_ZN7FatFile9createLFNEtP8FatLfn_th>
   b7bfc:	2800      	cmp	r0, #0
   b7bfe:	f43f af12 	beq.w	b7a26 <_ZN7FatFile4openEPS_P8FatLfn_ti+0x1a>
  dir = dirFile->cacheDir(curIndex);
   b7c02:	4631      	mov	r1, r6
   b7c04:	4628      	mov	r0, r5
   b7c06:	f7ff fd6a 	bl	b76de <_ZN7FatFile8cacheDirEt>
  if (!dir) {
   b7c0a:	4604      	mov	r4, r0
   b7c0c:	2800      	cmp	r0, #0
   b7c0e:	f43f af0a 	beq.w	b7a26 <_ZN7FatFile4openEPS_P8FatLfn_ti+0x1a>
  memset(dir, 0, sizeof(DirFat_t));
   b7c12:	2220      	movs	r2, #32
   b7c14:	2100      	movs	r1, #0
   b7c16:	f003 fea0 	bl	bb95a <memset>
  memcpy(dir->name, fname->sfn, 11);
   b7c1a:	f8d7 3012 	ldr.w	r3, [r7, #18]
   b7c1e:	6023      	str	r3, [r4, #0]
   b7c20:	f8d7 3016 	ldr.w	r3, [r7, #22]
   b7c24:	6063      	str	r3, [r4, #4]
   b7c26:	8b7b      	ldrh	r3, [r7, #26]
   b7c28:	8123      	strh	r3, [r4, #8]
   b7c2a:	7f3b      	ldrb	r3, [r7, #28]
   b7c2c:	72a3      	strb	r3, [r4, #10]
  dir->caseFlags = (FAT_CASE_LC_BASE | FAT_CASE_LC_EXT) & fname->flags;
   b7c2e:	7c7b      	ldrb	r3, [r7, #17]
   b7c30:	f003 0318 	and.w	r3, r3, #24
   b7c34:	7323      	strb	r3, [r4, #12]
  if (FsDateTime::callback) {
   b7c36:	4b14      	ldr	r3, [pc, #80]	; (b7c88 <_ZN7FatFile4openEPS_P8FatLfn_ti+0x27c>)
   b7c38:	681b      	ldr	r3, [r3, #0]
   b7c3a:	b1f3      	cbz	r3, b7c7a <_ZN7FatFile4openEPS_P8FatLfn_ti+0x26e>
    FsDateTime::callback(&date, &time, &ms10);
   b7c3c:	f10d 0223 	add.w	r2, sp, #35	; 0x23
   b7c40:	f10d 0126 	add.w	r1, sp, #38	; 0x26
   b7c44:	a809      	add	r0, sp, #36	; 0x24
   b7c46:	4798      	blx	r3
  *reinterpret_cast<uint16_t*>(dst) = src;
   b7c48:	f8bd 3024 	ldrh.w	r3, [sp, #36]	; 0x24
   b7c4c:	8223      	strh	r3, [r4, #16]
   b7c4e:	f8bd 3026 	ldrh.w	r3, [sp, #38]	; 0x26
   b7c52:	81e3      	strh	r3, [r4, #14]
    dir->createTimeMs = ms10;
   b7c54:	f89d 3023 	ldrb.w	r3, [sp, #35]	; 0x23
   b7c58:	7363      	strb	r3, [r4, #13]
   b7c5a:	9b05      	ldr	r3, [sp, #20]
   b7c5c:	9a05      	ldr	r2, [sp, #20]
   b7c5e:	f893 3024 	ldrb.w	r3, [r3, #36]	; 0x24
   b7c62:	f043 0301 	orr.w	r3, r3, #1
   b7c66:	f882 3024 	strb.w	r3, [r2, #36]	; 0x24
    return m_cache.prepare(sector, options);
  }
  bool cacheSyncData() { return m_cache.sync(); }
  uint8_t* cacheAddress() { return m_cache.cacheBuffer(); }
  uint32_t cacheSectorNumber() { return m_cache.sector(); }
  void cacheDirty() { m_cache.dirty(); }
   b7c6a:	e7a8      	b.n	b7bbe <_ZN7FatFile4openEPS_P8FatLfn_ti+0x1b2>
    if (!dirFile->makeUniqueSfn(fname)) {
   b7c6c:	4639      	mov	r1, r7
   b7c6e:	4628      	mov	r0, r5
   b7c70:	f7ff fe83 	bl	b797a <_ZN7FatFile13makeUniqueSfnEP8FatLfn_t>
   b7c74:	2800      	cmp	r0, #0
   b7c76:	d1b1      	bne.n	b7bdc <_ZN7FatFile4openEPS_P8FatLfn_ti+0x1d0>
   b7c78:	e6d5      	b.n	b7a26 <_ZN7FatFile4openEPS_P8FatLfn_ti+0x1a>
   b7c7a:	f645 2321 	movw	r3, #23073	; 0x5a21
   b7c7e:	8223      	strh	r3, [r4, #16]
   b7c80:	8323      	strh	r3, [r4, #24]
   b7c82:	8263      	strh	r3, [r4, #18]
 * \param[in] second [0,59]
 *
 * \return Packed time for directory entry.
 */
static inline uint16_t FS_TIME(uint8_t hour, uint8_t minute, uint8_t second) {
  return hour > 23 || minute > 59 || second > 59
   b7c84:	e7e9      	b.n	b7c5a <_ZN7FatFile4openEPS_P8FatLfn_ti+0x24e>
   b7c86:	bf00      	nop
   b7c88:	2003e678 	.word	0x2003e678

000b7c8c <_ZN7FatFile13parsePathNameEPKcP8FatLfn_tPS1_>:
//------------------------------------------------------------------------------
bool FatFile::parsePathName(const char* path, FatLfn_t* fname,
                            const char** ptr) {
   b7c8c:	b470      	push	{r4, r5, r6}
  size_t len = 0;
  // Skip leading spaces.
  while (*path == ' ') {
   b7c8e:	460d      	mov	r5, r1
   b7c90:	f811 0b01 	ldrb.w	r0, [r1], #1
   b7c94:	2820      	cmp	r0, #32
   b7c96:	d0fa      	beq.n	b7c8e <_ZN7FatFile13parsePathNameEPKcP8FatLfn_tPS1_+0x2>
    path++;
  }
  fname->begin = path;
  fname->len = 0;
   b7c98:	2100      	movs	r1, #0
  return c < 0X20 || c == '"' || c == '*' || c == '/' || c == ':' || c == '<' ||
   b7c9a:	4e1d      	ldr	r6, [pc, #116]	; (b7d10 <_ZN7FatFile13parsePathNameEPKcP8FatLfn_tPS1_+0x84>)
  fname->begin = path;
   b7c9c:	6015      	str	r5, [r2, #0]
  fname->len = 0;
   b7c9e:	60d1      	str	r1, [r2, #12]
   b7ca0:	4628      	mov	r0, r5
  while (*path && !isDirSeparator(*path)) {
   b7ca2:	4604      	mov	r4, r0
   b7ca4:	f814 1b01 	ldrb.w	r1, [r4], #1
   b7ca8:	b1f1      	cbz	r1, b7ce8 <_ZN7FatFile13parsePathNameEPKcP8FatLfn_tPS1_+0x5c>
   b7caa:	292f      	cmp	r1, #47	; 0x2f
   b7cac:	d01c      	beq.n	b7ce8 <_ZN7FatFile13parsePathNameEPKcP8FatLfn_tPS1_+0x5c>
         c == '>' || c == '?' || c == '\\' || c == '|';
   b7cae:	f1a1 0020 	sub.w	r0, r1, #32
   b7cb2:	285f      	cmp	r0, #95	; 0x5f
   b7cb4:	d828      	bhi.n	b7d08 <_ZN7FatFile13parsePathNameEPKcP8FatLfn_tPS1_+0x7c>
  return c < 0X20 || c == '"' || c == '*' || c == '/' || c == ':' || c == '<' ||
   b7cb6:	f1a1 0022 	sub.w	r0, r1, #34	; 0x22
   b7cba:	b2c0      	uxtb	r0, r0
   b7cbc:	281d      	cmp	r0, #29
   b7cbe:	d803      	bhi.n	b7cc8 <_ZN7FatFile13parsePathNameEPKcP8FatLfn_tPS1_+0x3c>
   b7cc0:	fa26 f000 	lsr.w	r0, r6, r0
   b7cc4:	07c0      	lsls	r0, r0, #31
   b7cc6:	d41f      	bmi.n	b7d08 <_ZN7FatFile13parsePathNameEPKcP8FatLfn_tPS1_+0x7c>
   b7cc8:	f001 00bf 	and.w	r0, r1, #191	; 0xbf
   b7ccc:	283c      	cmp	r0, #60	; 0x3c
   b7cce:	d01b      	beq.n	b7d08 <_ZN7FatFile13parsePathNameEPKcP8FatLfn_tPS1_+0x7c>
         c == '>' || c == '?' || c == '\\' || c == '|';
   b7cd0:	295c      	cmp	r1, #92	; 0x5c
   b7cd2:	d019      	beq.n	b7d08 <_ZN7FatFile13parsePathNameEPKcP8FatLfn_tPS1_+0x7c>
      DBG_FAIL_MACRO;
      goto fail;
    }
    len++;
#endif  // USE_UTF8_LONG_NAMES
    if (cp != '.' && cp != ' ') {
   b7cd4:	292e      	cmp	r1, #46	; 0x2e
   b7cd6:	eba4 0005 	sub.w	r0, r4, r5
   b7cda:	d003      	beq.n	b7ce4 <_ZN7FatFile13parsePathNameEPKcP8FatLfn_tPS1_+0x58>
   b7cdc:	2920      	cmp	r1, #32
   b7cde:	d001      	beq.n	b7ce4 <_ZN7FatFile13parsePathNameEPKcP8FatLfn_tPS1_+0x58>
      // Need to trim trailing dots spaces.
      fname->len = len;
      fname->end = path;
   b7ce0:	e9c2 4002 	strd	r4, r0, [r2, #8]
                            const char** ptr) {
   b7ce4:	4620      	mov	r0, r4
   b7ce6:	e7dc      	b.n	b7ca2 <_ZN7FatFile13parsePathNameEPKcP8FatLfn_tPS1_+0x16>
    }
  }
  if (!fname->len || fname->len > FAT_MAX_LFN_LENGTH) {
   b7ce8:	68d1      	ldr	r1, [r2, #12]
   b7cea:	3901      	subs	r1, #1
   b7cec:	29fe      	cmp	r1, #254	; 0xfe
   b7cee:	d80b      	bhi.n	b7d08 <_ZN7FatFile13parsePathNameEPKcP8FatLfn_tPS1_+0x7c>
   b7cf0:	4604      	mov	r4, r0
    DBG_FAIL_MACRO;
    goto fail;
  }
  // Advance to next path component.
  for (; *path == ' ' || isDirSeparator(*path); path++) {
   b7cf2:	f810 1b01 	ldrb.w	r1, [r0], #1
   b7cf6:	2920      	cmp	r1, #32
   b7cf8:	d0fa      	beq.n	b7cf0 <_ZN7FatFile13parsePathNameEPKcP8FatLfn_tPS1_+0x64>
   b7cfa:	292f      	cmp	r1, #47	; 0x2f
   b7cfc:	d0f8      	beq.n	b7cf0 <_ZN7FatFile13parsePathNameEPKcP8FatLfn_tPS1_+0x64>
  }
  *ptr = path;
   b7cfe:	601c      	str	r4, [r3, #0]
  return makeSFN(fname);
   b7d00:	4610      	mov	r0, r2

fail:
  return false;
}
   b7d02:	bc70      	pop	{r4, r5, r6}
  return makeSFN(fname);
   b7d04:	f7ff bda8 	b.w	b7858 <_ZN7FatFile7makeSFNEP8FatLfn_t>
}
   b7d08:	2000      	movs	r0, #0
   b7d0a:	bc70      	pop	{r4, r5, r6}
   b7d0c:	4770      	bx	lr
   b7d0e:	bf00      	nop
   b7d10:	31000101 	.word	0x31000101

000b7d14 <_ZN7FatFile10getLfnCharEP8DirLfn_th>:
#include "../common/DebugMacros.h"
#include "../common/FsUtf.h"
#include "FatLib.h"
//------------------------------------------------------------------------------
uint16_t FatFile::getLfnChar(DirLfn_t* ldir, uint8_t i) {
  if (i < 5) {
   b7d14:	2a04      	cmp	r2, #4
   b7d16:	d804      	bhi.n	b7d22 <_ZN7FatFile10getLfnCharEP8DirLfn_th+0xe>
  return *reinterpret_cast<const uint16_t*>(src);
   b7d18:	eb01 0242 	add.w	r2, r1, r2, lsl #1
   b7d1c:	f8b2 0001 	ldrh.w	r0, [r2, #1]
    return getLe16(ldir->unicode1 + 2 * i);
   b7d20:	4770      	bx	lr
  } else if (i < 11) {
   b7d22:	2a0a      	cmp	r2, #10
   b7d24:	d803      	bhi.n	b7d2e <_ZN7FatFile10getLfnCharEP8DirLfn_th+0x1a>
   b7d26:	eb01 0142 	add.w	r1, r1, r2, lsl #1
   b7d2a:	8888      	ldrh	r0, [r1, #4]
    return getLe16(ldir->unicode2 + 2 * (i - 5));
   b7d2c:	4770      	bx	lr
  } else if (i < 13) {
   b7d2e:	2a0c      	cmp	r2, #12
   b7d30:	bf9a      	itte	ls
   b7d32:	eb01 0142 	addls.w	r1, r1, r2, lsl #1
   b7d36:	88c8      	ldrhls	r0, [r1, #6]
    return getLe16(ldir->unicode3 + 2 * (i - 11));
  }
  DBG_HALT_IF(i >= 13);
  return 0;
   b7d38:	2000      	movhi	r0, #0
}
   b7d3a:	4770      	bx	lr

000b7d3c <_ZN12FatPartition6fatGetEmPm>:
  uint32_t sector;
  uint32_t next;
  uint8_t* pc;

  // error if reserved cluster of beyond FAT
  if (cluster < 2 || cluster > m_lastCluster) {
   b7d3c:	2901      	cmp	r1, #1
int8_t FatPartition::fatGet(uint32_t cluster, uint32_t* value) {
   b7d3e:	b570      	push	{r4, r5, r6, lr}
   b7d40:	4605      	mov	r5, r0
   b7d42:	460c      	mov	r4, r1
   b7d44:	4616      	mov	r6, r2
  if (cluster < 2 || cluster > m_lastCluster) {
   b7d46:	d802      	bhi.n	b7d4e <_ZN12FatPartition6fatGetEmPm+0x12>
  }
  *value = next;
  return 1;

fail:
  return -1;
   b7d48:	f04f 30ff 	mov.w	r0, #4294967295
}
   b7d4c:	bd70      	pop	{r4, r5, r6, pc}
  if (cluster < 2 || cluster > m_lastCluster) {
   b7d4e:	69c3      	ldr	r3, [r0, #28]
   b7d50:	428b      	cmp	r3, r1
   b7d52:	d3f9      	bcc.n	b7d48 <_ZN12FatPartition6fatGetEmPm+0xc>
  uint8_t fatType() const { return m_fatType; }
   b7d54:	79c3      	ldrb	r3, [r0, #7]
  if (fatType() == 32) {
   b7d56:	2b20      	cmp	r3, #32
   b7d58:	d114      	bne.n	b7d84 <_ZN12FatPartition6fatGetEmPm+0x48>
    sector = m_fatStartSector + (cluster >> (m_bytesPerSectorShift - 2));
   b7d5a:	6981      	ldr	r1, [r0, #24]
    return m_fatCache.prepare(sector, options);
   b7d5c:	2202      	movs	r2, #2
   b7d5e:	eb01 11d4 	add.w	r1, r1, r4, lsr #7
   b7d62:	f500 700d 	add.w	r0, r0, #564	; 0x234
   b7d66:	f002 f91b 	bl	b9fa0 <_ZN7FsCache7prepareEmh>
    if (!pc) {
   b7d6a:	2800      	cmp	r0, #0
   b7d6c:	d0ec      	beq.n	b7d48 <_ZN12FatPartition6fatGetEmPm+0xc>
    uint16_t offset = (cluster << 2) & m_sectorMask;
   b7d6e:	00a4      	lsls	r4, r4, #2
    next = getLe32(pc + offset);
   b7d70:	f404 74fe 	and.w	r4, r4, #508	; 0x1fc
  return *reinterpret_cast<const uint32_t*>(src);
   b7d74:	5903      	ldr	r3, [r0, r4]
  if (isEOC(next)) {
   b7d76:	69ea      	ldr	r2, [r5, #28]
   b7d78:	429a      	cmp	r2, r3
  *value = next;
   b7d7a:	bf26      	itte	cs
   b7d7c:	6033      	strcs	r3, [r6, #0]
  return 1;
   b7d7e:	2001      	movcs	r0, #1
    return 0;
   b7d80:	2000      	movcc	r0, #0
   b7d82:	e7e3      	b.n	b7d4c <_ZN12FatPartition6fatGetEmPm+0x10>
  } else if (fatType() == 16) {
   b7d84:	2b10      	cmp	r3, #16
   b7d86:	d1df      	bne.n	b7d48 <_ZN12FatPartition6fatGetEmPm+0xc>
    sector = m_fatStartSector + (cluster >> (m_bytesPerSectorShift - 1));
   b7d88:	f3c1 2307 	ubfx	r3, r1, #8, #8
   b7d8c:	6981      	ldr	r1, [r0, #24]
   b7d8e:	2202      	movs	r2, #2
   b7d90:	4419      	add	r1, r3
   b7d92:	f500 700d 	add.w	r0, r0, #564	; 0x234
   b7d96:	f002 f903 	bl	b9fa0 <_ZN7FsCache7prepareEmh>
    if (!pc) {
   b7d9a:	2800      	cmp	r0, #0
   b7d9c:	d0d4      	beq.n	b7d48 <_ZN12FatPartition6fatGetEmPm+0xc>
    uint16_t offset = (cluster << 1) & m_sectorMask;
   b7d9e:	0064      	lsls	r4, r4, #1
    next = getLe16(pc + offset);
   b7da0:	f404 74ff 	and.w	r4, r4, #510	; 0x1fe
   b7da4:	5b03      	ldrh	r3, [r0, r4]
   b7da6:	e7e6      	b.n	b7d76 <_ZN12FatPartition6fatGetEmPm+0x3a>

000b7da8 <_ZN12FatPartition6fatPutEmm>:
bool FatPartition::fatPut(uint32_t cluster, uint32_t value) {
  uint32_t sector;
  uint8_t* pc;

  // error if reserved cluster of beyond FAT
  if (cluster < 2 || cluster > m_lastCluster) {
   b7da8:	2901      	cmp	r1, #1
bool FatPartition::fatPut(uint32_t cluster, uint32_t value) {
   b7daa:	b538      	push	{r3, r4, r5, lr}
   b7dac:	460c      	mov	r4, r1
   b7dae:	4615      	mov	r5, r2
  if (cluster < 2 || cluster > m_lastCluster) {
   b7db0:	d801      	bhi.n	b7db6 <_ZN12FatPartition6fatPutEmm+0xe>
    DBG_FAIL_MACRO;
    goto fail;
  }

fail:
  return false;
   b7db2:	2000      	movs	r0, #0
}
   b7db4:	bd38      	pop	{r3, r4, r5, pc}
  if (cluster < 2 || cluster > m_lastCluster) {
   b7db6:	69c3      	ldr	r3, [r0, #28]
   b7db8:	428b      	cmp	r3, r1
   b7dba:	d3fa      	bcc.n	b7db2 <_ZN12FatPartition6fatPutEmm+0xa>
  uint8_t fatType() const { return m_fatType; }
   b7dbc:	79c3      	ldrb	r3, [r0, #7]
  if (fatType() == 32) {
   b7dbe:	2b20      	cmp	r3, #32
   b7dc0:	d10f      	bne.n	b7de2 <_ZN12FatPartition6fatPutEmm+0x3a>
    sector = m_fatStartSector + (cluster >> (m_bytesPerSectorShift - 2));
   b7dc2:	6981      	ldr	r1, [r0, #24]
    return m_fatCache.prepare(sector, options);
   b7dc4:	2203      	movs	r2, #3
   b7dc6:	eb01 11d4 	add.w	r1, r1, r4, lsr #7
   b7dca:	f500 700d 	add.w	r0, r0, #564	; 0x234
   b7dce:	f002 f8e7 	bl	b9fa0 <_ZN7FsCache7prepareEmh>
    if (!pc) {
   b7dd2:	2800      	cmp	r0, #0
   b7dd4:	d0ed      	beq.n	b7db2 <_ZN12FatPartition6fatPutEmm+0xa>
    uint16_t offset = (cluster << 2) & m_sectorMask;
   b7dd6:	00a4      	lsls	r4, r4, #2
    setLe32(pc + offset, value);
   b7dd8:	f404 74fe 	and.w	r4, r4, #508	; 0x1fc
  *reinterpret_cast<uint32_t*>(dst) = src;
   b7ddc:	5105      	str	r5, [r0, r4]
    return true;
   b7dde:	2001      	movs	r0, #1
   b7de0:	e7e8      	b.n	b7db4 <_ZN12FatPartition6fatPutEmm+0xc>
  if (fatType() == 16) {
   b7de2:	2b10      	cmp	r3, #16
   b7de4:	d1e5      	bne.n	b7db2 <_ZN12FatPartition6fatPutEmm+0xa>
    sector = m_fatStartSector + (cluster >> (m_bytesPerSectorShift - 1));
   b7de6:	f3c1 2307 	ubfx	r3, r1, #8, #8
   b7dea:	6981      	ldr	r1, [r0, #24]
   b7dec:	2203      	movs	r2, #3
   b7dee:	4419      	add	r1, r3
   b7df0:	f500 700d 	add.w	r0, r0, #564	; 0x234
   b7df4:	f002 f8d4 	bl	b9fa0 <_ZN7FsCache7prepareEmh>
    if (!pc) {
   b7df8:	2800      	cmp	r0, #0
   b7dfa:	d0da      	beq.n	b7db2 <_ZN12FatPartition6fatPutEmm+0xa>
    uint16_t offset = (cluster << 1) & m_sectorMask;
   b7dfc:	0064      	lsls	r4, r4, #1
    setLe16(pc + offset, value);
   b7dfe:	f404 74ff 	and.w	r4, r4, #510	; 0x1fe
   b7e02:	5305      	strh	r5, [r0, r4]
   b7e04:	e7eb      	b.n	b7dde <_ZN12FatPartition6fatPutEmm+0x36>

000b7e06 <_ZN12FatPartition15allocateClusterEmPm>:
bool FatPartition::allocateCluster(uint32_t current, uint32_t* next) {
   b7e06:	e92d 41f3 	stmdb	sp!, {r0, r1, r4, r5, r6, r7, r8, lr}
  if (m_allocSearchStart < current) {
   b7e0a:	68c4      	ldr	r4, [r0, #12]
   b7e0c:	428c      	cmp	r4, r1
bool FatPartition::allocateCluster(uint32_t current, uint32_t* next) {
   b7e0e:	4605      	mov	r5, r0
   b7e10:	460e      	mov	r6, r1
   b7e12:	4690      	mov	r8, r2
  if (m_allocSearchStart < current) {
   b7e14:	d301      	bcc.n	b7e1a <_ZN12FatPartition15allocateClusterEmPm+0x14>
      setStart = true;
   b7e16:	2701      	movs	r7, #1
   b7e18:	e001      	b.n	b7e1e <_ZN12FatPartition15allocateClusterEmPm+0x18>
   b7e1a:	460c      	mov	r4, r1
    setStart = false;
   b7e1c:	2700      	movs	r7, #0
    if (find > m_lastCluster) {
   b7e1e:	69eb      	ldr	r3, [r5, #28]
    find++;
   b7e20:	3401      	adds	r4, #1
    if (find > m_lastCluster) {
   b7e22:	42a3      	cmp	r3, r4
   b7e24:	d202      	bcs.n	b7e2c <_ZN12FatPartition15allocateClusterEmPm+0x26>
      if (setStart) {
   b7e26:	b9c7      	cbnz	r7, b7e5a <_ZN12FatPartition15allocateClusterEmPm+0x54>
      find = m_allocSearchStart;
   b7e28:	68ec      	ldr	r4, [r5, #12]
   b7e2a:	e7f4      	b.n	b7e16 <_ZN12FatPartition15allocateClusterEmPm+0x10>
    if (find == current) {
   b7e2c:	42a6      	cmp	r6, r4
   b7e2e:	d014      	beq.n	b7e5a <_ZN12FatPartition15allocateClusterEmPm+0x54>
    int8_t fg = fatGet(find, &f);
   b7e30:	aa01      	add	r2, sp, #4
   b7e32:	4621      	mov	r1, r4
   b7e34:	4628      	mov	r0, r5
   b7e36:	f7ff ff81 	bl	b7d3c <_ZN12FatPartition6fatGetEmPm>
    if (fg < 0) {
   b7e3a:	2800      	cmp	r0, #0
   b7e3c:	db0d      	blt.n	b7e5a <_ZN12FatPartition15allocateClusterEmPm+0x54>
    if (fg && f == 0) {
   b7e3e:	d0ee      	beq.n	b7e1e <_ZN12FatPartition15allocateClusterEmPm+0x18>
   b7e40:	9b01      	ldr	r3, [sp, #4]
   b7e42:	2b00      	cmp	r3, #0
   b7e44:	d1eb      	bne.n	b7e1e <_ZN12FatPartition15allocateClusterEmPm+0x18>
  if (setStart) {
   b7e46:	b107      	cbz	r7, b7e4a <_ZN12FatPartition15allocateClusterEmPm+0x44>
    m_allocSearchStart = find;
   b7e48:	60ec      	str	r4, [r5, #12]
  uint32_t clusterStartSector(uint32_t cluster) const {
    return m_dataStartSector + ((cluster - 2) << m_sectorsPerClusterShift);
  }
  int8_t fatGet(uint32_t cluster, uint32_t* value);
  bool fatPut(uint32_t cluster, uint32_t value);
  bool fatPutEOC(uint32_t cluster) { return fatPut(cluster, 0x0FFFFFFF); }
   b7e4a:	f06f 4270 	mvn.w	r2, #4026531840	; 0xf0000000
   b7e4e:	4621      	mov	r1, r4
   b7e50:	4628      	mov	r0, r5
   b7e52:	f7ff ffa9 	bl	b7da8 <_ZN12FatPartition6fatPutEmm>
  if (!fatPutEOC(find)) {
   b7e56:	4607      	mov	r7, r0
   b7e58:	b920      	cbnz	r0, b7e64 <_ZN12FatPartition15allocateClusterEmPm+0x5e>
  return false;
   b7e5a:	2700      	movs	r7, #0
}
   b7e5c:	4638      	mov	r0, r7
   b7e5e:	b002      	add	sp, #8
   b7e60:	e8bd 81f0 	ldmia.w	sp!, {r4, r5, r6, r7, r8, pc}
  if (current) {
   b7e64:	b916      	cbnz	r6, b7e6c <_ZN12FatPartition15allocateClusterEmPm+0x66>
  *next = find;
   b7e66:	f8c8 4000 	str.w	r4, [r8]
  return true;
   b7e6a:	e7f7      	b.n	b7e5c <_ZN12FatPartition15allocateClusterEmPm+0x56>
    if (!fatPut(current, find)) {
   b7e6c:	4622      	mov	r2, r4
   b7e6e:	4631      	mov	r1, r6
   b7e70:	4628      	mov	r0, r5
   b7e72:	f7ff ff99 	bl	b7da8 <_ZN12FatPartition6fatPutEmm>
   b7e76:	2800      	cmp	r0, #0
   b7e78:	d1f5      	bne.n	b7e66 <_ZN12FatPartition15allocateClusterEmPm+0x60>
   b7e7a:	e7ee      	b.n	b7e5a <_ZN12FatPartition15allocateClusterEmPm+0x54>

000b7e7c <_ZN12FatPartition9freeChainEm>:
//------------------------------------------------------------------------------
// free a cluster chain
bool FatPartition::freeChain(uint32_t cluster) {
   b7e7c:	b573      	push	{r0, r1, r4, r5, r6, lr}
   b7e7e:	4605      	mov	r5, r0
   b7e80:	460c      	mov	r4, r1
  uint32_t next;
  int8_t fg;
  do {
    fg = fatGet(cluster, &next);
   b7e82:	aa01      	add	r2, sp, #4
   b7e84:	4621      	mov	r1, r4
   b7e86:	4628      	mov	r0, r5
   b7e88:	f7ff ff58 	bl	b7d3c <_ZN12FatPartition6fatGetEmPm>
    if (fg < 0) {
   b7e8c:	1e06      	subs	r6, r0, #0
   b7e8e:	db10      	blt.n	b7eb2 <_ZN12FatPartition9freeChainEm+0x36>
      DBG_FAIL_MACRO;
      goto fail;
    }
    // free cluster
    if (!fatPut(cluster, 0)) {
   b7e90:	2200      	movs	r2, #0
   b7e92:	4621      	mov	r1, r4
   b7e94:	4628      	mov	r0, r5
   b7e96:	f7ff ff87 	bl	b7da8 <_ZN12FatPartition6fatPutEmm>
   b7e9a:	b150      	cbz	r0, b7eb2 <_ZN12FatPartition9freeChainEm+0x36>
      DBG_FAIL_MACRO;
      goto fail;
    }
    // Add one to count of free clusters.
    updateFreeClusterCount(1);
    if (cluster < m_allocSearchStart) {
   b7e9c:	68eb      	ldr	r3, [r5, #12]
   b7e9e:	42a3      	cmp	r3, r4
      m_allocSearchStart = cluster - 1;
   b7ea0:	bf84      	itt	hi
   b7ea2:	f104 34ff 	addhi.w	r4, r4, #4294967295
   b7ea6:	60ec      	strhi	r4, [r5, #12]
    }
    cluster = next;
   b7ea8:	9c01      	ldr	r4, [sp, #4]
  } while (fg);
   b7eaa:	2e00      	cmp	r6, #0
   b7eac:	d1e9      	bne.n	b7e82 <_ZN12FatPartition9freeChainEm+0x6>

  return true;

fail:
  return false;
}
   b7eae:	b002      	add	sp, #8
   b7eb0:	bd70      	pop	{r4, r5, r6, pc}
  return false;
   b7eb2:	2000      	movs	r0, #0
   b7eb4:	e7fb      	b.n	b7eae <_ZN12FatPartition9freeChainEm+0x32>

000b7eb6 <_ZN12FatPartition4initEP16DedicatedSpiCardhm>:

fail:
  return -1;
}
//------------------------------------------------------------------------------
bool FatPartition::init(FsBlockDevice* dev, uint8_t part, uint32_t volStart) {
   b7eb6:	b5f8      	push	{r3, r4, r5, r6, r7, lr}
   b7eb8:	4604      	mov	r4, r0
   b7eba:	461d      	mov	r5, r3
  m_blockDev = dev;
  pbs_t* pbs;
  BpbFat32_t* bpb;
  MbrSector_t* mbr;
  uint8_t tmp;
  m_fatType = 0;
   b7ebc:	2300      	movs	r3, #0
  m_blockDev = dev;
   b7ebe:	6001      	str	r1, [r0, #0]
  m_fatType = 0;
   b7ec0:	71c3      	strb	r3, [r0, #7]
  m_allocSearchStart = 1;
   b7ec2:	2001      	movs	r0, #1
   b7ec4:	60e0      	str	r0, [r4, #12]
    invalidate();
  }
  /** Invalidate current cache sector. */
  void invalidate() {
    m_status = 0;
    m_sector = 0XFFFFFFFF;
   b7ec6:	f04f 30ff 	mov.w	r0, #4294967295
  m_cache.init(dev);
   b7eca:	f104 0724 	add.w	r7, r4, #36	; 0x24
    m_blockDev = blockDev;
   b7ece:	62a1      	str	r1, [r4, #40]	; 0x28
    m_status = 0;
   b7ed0:	f884 3024 	strb.w	r3, [r4, #36]	; 0x24
    m_sector = 0XFFFFFFFF;
   b7ed4:	62e0      	str	r0, [r4, #44]	; 0x2c
    m_blockDev = blockDev;
   b7ed6:	f8c4 1238 	str.w	r1, [r4, #568]	; 0x238
    m_status = 0;
   b7eda:	f884 3234 	strb.w	r3, [r4, #564]	; 0x234
    m_sector = 0XFFFFFFFF;
   b7ede:	f8c4 023c 	str.w	r0, [r4, #572]	; 0x23c
#if USE_SEPARATE_FAT_CACHE
  m_fatCache.init(dev);
#endif  // USE_SEPARATE_FAT_CACHE
  // if part == 0 assume super floppy with FAT boot sector in sector zero
  // if part > 0 assume mbr volume with partition table
  if (part) {
   b7ee2:	4616      	mov	r6, r2
   b7ee4:	b1ca      	cbz	r2, b7f1a <_ZN12FatPartition4initEP16DedicatedSpiCardhm+0x64>
    if (part > 4) {
   b7ee6:	2a04      	cmp	r2, #4
   b7ee8:	d901      	bls.n	b7eee <_ZN12FatPartition4initEP16DedicatedSpiCardhm+0x38>
  m_fatCache.setMirrorOffset(m_sectorsPerFat);
#endif  // USE_SEPARATE_FAT_CACHE
  return true;

fail:
  return false;
   b7eea:	2000      	movs	r0, #0
}
   b7eec:	bdf8      	pop	{r3, r4, r5, r6, r7, pc}
    return m_cache.prepare(sector, options);
   b7eee:	461a      	mov	r2, r3
   b7ef0:	4619      	mov	r1, r3
   b7ef2:	4638      	mov	r0, r7
   b7ef4:	f002 f854 	bl	b9fa0 <_ZN7FsCache7prepareEmh>
    if (!mbr) {
   b7ef8:	2800      	cmp	r0, #0
   b7efa:	d0f6      	beq.n	b7eea <_ZN12FatPartition4initEP16DedicatedSpiCardhm+0x34>
    MbrPart_t* mp = mbr->part + part - 1;
   b7efc:	f106 5280 	add.w	r2, r6, #268435456	; 0x10000000
   b7f00:	3a01      	subs	r2, #1
   b7f02:	f500 70df 	add.w	r0, r0, #446	; 0x1be
   b7f06:	0113      	lsls	r3, r2, #4
   b7f08:	eb00 1202 	add.w	r2, r0, r2, lsl #4
    if (mp->type == 0 || (mp->boot != 0 && mp->boot != 0X80)) {
   b7f0c:	7911      	ldrb	r1, [r2, #4]
   b7f0e:	2900      	cmp	r1, #0
   b7f10:	d0eb      	beq.n	b7eea <_ZN12FatPartition4initEP16DedicatedSpiCardhm+0x34>
   b7f12:	5cc3      	ldrb	r3, [r0, r3]
   b7f14:	065b      	lsls	r3, r3, #25
   b7f16:	d1e8      	bne.n	b7eea <_ZN12FatPartition4initEP16DedicatedSpiCardhm+0x34>
  return *reinterpret_cast<const uint32_t*>(src);
   b7f18:	6895      	ldr	r5, [r2, #8]
   b7f1a:	2200      	movs	r2, #0
   b7f1c:	4629      	mov	r1, r5
   b7f1e:	4638      	mov	r0, r7
   b7f20:	f002 f83e 	bl	b9fa0 <_ZN7FsCache7prepareEmh>
  if (!pbs) {
   b7f24:	2800      	cmp	r0, #0
   b7f26:	d0e0      	beq.n	b7eea <_ZN12FatPartition4initEP16DedicatedSpiCardhm+0x34>
  if (bpb->fatCount != 2 || getLe16(bpb->bytesPerSector) != m_bytesPerSector) {
   b7f28:	7c03      	ldrb	r3, [r0, #16]
   b7f2a:	2b02      	cmp	r3, #2
   b7f2c:	d1dd      	bne.n	b7eea <_ZN12FatPartition4initEP16DedicatedSpiCardhm+0x34>
   b7f2e:	f8b0 300b 	ldrh.w	r3, [r0, #11]
   b7f32:	f5b3 7f00 	cmp.w	r3, #512	; 0x200
   b7f36:	d1d8      	bne.n	b7eea <_ZN12FatPartition4initEP16DedicatedSpiCardhm+0x34>
  m_sectorsPerCluster = bpb->sectorsPerCluster;
   b7f38:	7b41      	ldrb	r1, [r0, #13]
   b7f3a:	7121      	strb	r1, [r4, #4]
  m_clusterSectorMask = m_sectorsPerCluster - 1;
   b7f3c:	1e4b      	subs	r3, r1, #1
   b7f3e:	7163      	strb	r3, [r4, #5]
  m_sectorsPerClusterShift = 0;
   b7f40:	2300      	movs	r3, #0
   b7f42:	71a3      	strb	r3, [r4, #6]
   b7f44:	2609      	movs	r6, #9
  for (tmp = 1; m_sectorsPerCluster != tmp; tmp <<= 1) {
   b7f46:	2301      	movs	r3, #1
   b7f48:	4299      	cmp	r1, r3
   b7f4a:	d007      	beq.n	b7f5c <_ZN12FatPartition4initEP16DedicatedSpiCardhm+0xa6>
    if (tmp == 0) {
   b7f4c:	3e01      	subs	r6, #1
   b7f4e:	d0cc      	beq.n	b7eea <_ZN12FatPartition4initEP16DedicatedSpiCardhm+0x34>
    m_sectorsPerClusterShift++;
   b7f50:	79a2      	ldrb	r2, [r4, #6]
  for (tmp = 1; m_sectorsPerCluster != tmp; tmp <<= 1) {
   b7f52:	005b      	lsls	r3, r3, #1
    m_sectorsPerClusterShift++;
   b7f54:	3201      	adds	r2, #1
   b7f56:	71a2      	strb	r2, [r4, #6]
  for (tmp = 1; m_sectorsPerCluster != tmp; tmp <<= 1) {
   b7f58:	b2db      	uxtb	r3, r3
   b7f5a:	e7f5      	b.n	b7f48 <_ZN12FatPartition4initEP16DedicatedSpiCardhm+0x92>
  m_sectorsPerFat = getLe16(bpb->sectorsPerFat16);
   b7f5c:	8ac3      	ldrh	r3, [r0, #22]
   b7f5e:	6123      	str	r3, [r4, #16]
  if (m_sectorsPerFat == 0) {
   b7f60:	b90b      	cbnz	r3, b7f66 <_ZN12FatPartition4initEP16DedicatedSpiCardhm+0xb0>
   b7f62:	6a43      	ldr	r3, [r0, #36]	; 0x24
    m_sectorsPerFat = getLe32(bpb->sectorsPerFat32);
   b7f64:	6123      	str	r3, [r4, #16]
  m_fatStartSector = volStart + getLe16(bpb->reservedSectorCount);
   b7f66:	89c1      	ldrh	r1, [r0, #14]
  m_rootDirStart = m_fatStartSector + 2 * m_sectorsPerFat;
   b7f68:	6922      	ldr	r2, [r4, #16]
  m_fatStartSector = volStart + getLe16(bpb->reservedSectorCount);
   b7f6a:	4429      	add	r1, r5
   b7f6c:	61a1      	str	r1, [r4, #24]
  return *reinterpret_cast<const uint16_t*>(src);
   b7f6e:	f8b0 3011 	ldrh.w	r3, [r0, #17]
  m_rootDirEntryCount = getLe16(bpb->rootDirEntryCount);
   b7f72:	8123      	strh	r3, [r4, #8]
      ((FS_DIR_SIZE * m_rootDirEntryCount + m_bytesPerSector - 1) /
   b7f74:	015b      	lsls	r3, r3, #5
  m_rootDirStart = m_fatStartSector + 2 * m_sectorsPerFat;
   b7f76:	eb01 0142 	add.w	r1, r1, r2, lsl #1
      ((FS_DIR_SIZE * m_rootDirEntryCount + m_bytesPerSector - 1) /
   b7f7a:	f203 13ff 	addw	r3, r3, #511	; 0x1ff
  m_rootDirStart = m_fatStartSector + 2 * m_sectorsPerFat;
   b7f7e:	6221      	str	r1, [r4, #32]
      m_rootDirStart +
   b7f80:	eb01 2153 	add.w	r1, r1, r3, lsr #9
  m_dataStartSector =
   b7f84:	6161      	str	r1, [r4, #20]
  totalSectors = getLe16(bpb->totalSectors16);
   b7f86:	f8b0 3013 	ldrh.w	r3, [r0, #19]
  if (totalSectors == 0) {
   b7f8a:	b903      	cbnz	r3, b7f8e <_ZN12FatPartition4initEP16DedicatedSpiCardhm+0xd8>
  return *reinterpret_cast<const uint32_t*>(src);
   b7f8c:	6a03      	ldr	r3, [r0, #32]
  countOfClusters = totalSectors - (m_dataStartSector - volStart);
   b7f8e:	1a6d      	subs	r5, r5, r1
  countOfClusters >>= m_sectorsPerClusterShift;
   b7f90:	79a1      	ldrb	r1, [r4, #6]
  countOfClusters = totalSectors - (m_dataStartSector - volStart);
   b7f92:	441d      	add	r5, r3
  countOfClusters >>= m_sectorsPerClusterShift;
   b7f94:	40cd      	lsrs	r5, r1
  m_lastCluster = countOfClusters + 1;
   b7f96:	1c6b      	adds	r3, r5, #1
   b7f98:	61e3      	str	r3, [r4, #28]
  if (countOfClusters < 4085) {
   b7f9a:	f640 73f4 	movw	r3, #4084	; 0xff4
   b7f9e:	429d      	cmp	r5, r3
   b7fa0:	d802      	bhi.n	b7fa8 <_ZN12FatPartition4initEP16DedicatedSpiCardhm+0xf2>
    m_fatType = 12;
   b7fa2:	230c      	movs	r3, #12
   b7fa4:	71e3      	strb	r3, [r4, #7]
   b7fa6:	e7a0      	b.n	b7eea <_ZN12FatPartition4initEP16DedicatedSpiCardhm+0x34>
  } else if (countOfClusters < 65525) {
   b7fa8:	f64f 73f4 	movw	r3, #65524	; 0xfff4
   b7fac:	429d      	cmp	r5, r3
   b7fae:	bf85      	ittet	hi
   b7fb0:	6ac3      	ldrhi	r3, [r0, #44]	; 0x2c
    m_rootDirStart = getLe32(bpb->fat32RootCluster);
   b7fb2:	6223      	strhi	r3, [r4, #32]
    m_fatType = 16;
   b7fb4:	2310      	movls	r3, #16
    m_fatType = 32;
   b7fb6:	2320      	movhi	r3, #32
   b7fb8:	71e3      	strb	r3, [r4, #7]
  /** \return Logical sector number for cached sector. */
  uint32_t sector() { return m_sector; }
  /** Set the offset to the second FAT for mirroring.
   * \param[in] offset Sector offset to second FAT.
   */
  void setMirrorOffset(uint32_t offset) { m_mirrorOffset = offset; }
   b7fba:	6322      	str	r2, [r4, #48]	; 0x30
   b7fbc:	f8c4 2240 	str.w	r2, [r4, #576]	; 0x240
  return true;
   b7fc0:	2001      	movs	r0, #1
   b7fc2:	e793      	b.n	b7eec <_ZN12FatPartition4initEP16DedicatedSpiCardhm+0x36>

000b7fc4 <_ZN7FatFile8openRootEP9FatVolume.part.0>:

fail:
  return false;
}
//------------------------------------------------------------------------------
bool FatFile::openRoot(FatVolume* vol) {
   b7fc4:	b538      	push	{r3, r4, r5, lr}
   b7fc6:	4604      	mov	r4, r0
   b7fc8:	460d      	mov	r5, r1
  // error if file is already open
  if (isOpen()) {
    DBG_FAIL_MACRO;
    goto fail;
  }
  memset(this, 0, sizeof(FatFile));
   b7fca:	2224      	movs	r2, #36	; 0x24
   b7fcc:	2100      	movs	r1, #0
   b7fce:	f003 fcc4 	bl	bb95a <memset>

  m_vol = vol;
   b7fd2:	60a5      	str	r5, [r4, #8]
  uint8_t fatType() const { return m_fatType; }
   b7fd4:	79eb      	ldrb	r3, [r5, #7]
  switch (vol->fatType()) {
   b7fd6:	2b10      	cmp	r3, #16
   b7fd8:	d003      	beq.n	b7fe2 <_ZN7FatFile8openRootEP9FatVolume.part.0+0x1e>
   b7fda:	2b20      	cmp	r3, #32
   b7fdc:	d006      	beq.n	b7fec <_ZN7FatFile8openRootEP9FatVolume.part.0+0x28>
   b7fde:	2000      	movs	r0, #0
  m_flags = FILE_FLAG_READ;
  return true;

fail:
  return false;
}
   b7fe0:	bd38      	pop	{r3, r4, r5, pc}
      m_attributes = FILE_ATTR_ROOT_FIXED;
   b7fe2:	2340      	movs	r3, #64	; 0x40
  m_flags = FILE_FLAG_READ;
   b7fe4:	2001      	movs	r0, #1
      m_attributes = FILE_ATTR_ROOT32;
   b7fe6:	7023      	strb	r3, [r4, #0]
  m_flags = FILE_FLAG_READ;
   b7fe8:	70a0      	strb	r0, [r4, #2]
  return true;
   b7fea:	e7f9      	b.n	b7fe0 <_ZN7FatFile8openRootEP9FatVolume.part.0+0x1c>
      m_attributes = FILE_ATTR_ROOT32;
   b7fec:	2380      	movs	r3, #128	; 0x80
   b7fee:	e7f9      	b.n	b7fe4 <_ZN7FatFile8openRootEP9FatVolume.part.0+0x20>

000b7ff0 <_ZN7FatFile4copyEPKS_>:
    if (from != this) {
   b7ff0:	4281      	cmp	r1, r0
  void copy(const FatFile* from) {
   b7ff2:	b530      	push	{r4, r5, lr}
    if (from != this) {
   b7ff4:	d007      	beq.n	b8006 <_ZN7FatFile4copyEPKS_+0x16>
      *this = *from;
   b7ff6:	460d      	mov	r5, r1
   b7ff8:	4604      	mov	r4, r0
   b7ffa:	cd0f      	ldmia	r5!, {r0, r1, r2, r3}
   b7ffc:	c40f      	stmia	r4!, {r0, r1, r2, r3}
   b7ffe:	cd0f      	ldmia	r5!, {r0, r1, r2, r3}
   b8000:	c40f      	stmia	r4!, {r0, r1, r2, r3}
   b8002:	682b      	ldr	r3, [r5, #0]
   b8004:	6023      	str	r3, [r4, #0]
  }
   b8006:	bd30      	pop	{r4, r5, pc}

000b8008 <_ZN7FatFile10addClusterEv>:
bool FatFile::addCluster() {
   b8008:	b538      	push	{r3, r4, r5, lr}
  uint32_t cc = m_curCluster;
   b800a:	4602      	mov	r2, r0
bool FatFile::addCluster() {
   b800c:	4604      	mov	r4, r0
  uint32_t cc = m_curCluster;
   b800e:	f852 5f10 	ldr.w	r5, [r2, #16]!
  if (!m_vol->allocateCluster(m_curCluster, &m_curCluster)) {
   b8012:	6880      	ldr	r0, [r0, #8]
   b8014:	4629      	mov	r1, r5
   b8016:	f7ff fef6 	bl	b7e06 <_ZN12FatPartition15allocateClusterEmPm>
   b801a:	b140      	cbz	r0, b802e <_ZN7FatFile10addClusterEv+0x26>
    m_flags |= FILE_FLAG_CONTIGUOUS;
   b801c:	78a3      	ldrb	r3, [r4, #2]
  if (cc == 0) {
   b801e:	b93d      	cbnz	r5, b8030 <_ZN7FatFile10addClusterEv+0x28>
    m_flags |= FILE_FLAG_CONTIGUOUS;
   b8020:	f043 0340 	orr.w	r3, r3, #64	; 0x40
    m_flags &= ~FILE_FLAG_CONTIGUOUS;
   b8024:	70a3      	strb	r3, [r4, #2]
  m_flags |= FILE_FLAG_DIR_DIRTY;
   b8026:	78a3      	ldrb	r3, [r4, #2]
   b8028:	f063 037f 	orn	r3, r3, #127	; 0x7f
   b802c:	70a3      	strb	r3, [r4, #2]
}
   b802e:	bd38      	pop	{r3, r4, r5, pc}
  } else if (m_curCluster != (cc + 1)) {
   b8030:	6922      	ldr	r2, [r4, #16]
   b8032:	3501      	adds	r5, #1
   b8034:	42aa      	cmp	r2, r5
   b8036:	d0f6      	beq.n	b8026 <_ZN7FatFile10addClusterEv+0x1e>
    m_flags &= ~FILE_FLAG_CONTIGUOUS;
   b8038:	f023 0340 	bic.w	r3, r3, #64	; 0x40
   b803c:	e7f2      	b.n	b8024 <_ZN7FatFile10addClusterEv+0x1c>
	...

000b8040 <_ZN7FatFile13addDirClusterEv>:
bool FatFile::addDirCluster() {
   b8040:	b5f8      	push	{r3, r4, r5, r6, r7, lr}
  if (isRootFixed()) {
   b8042:	7805      	ldrb	r5, [r0, #0]
   b8044:	f015 0540 	ands.w	r5, r5, #64	; 0x40
bool FatFile::addDirCluster() {
   b8048:	4604      	mov	r4, r0
  if (isRootFixed()) {
   b804a:	d002      	beq.n	b8052 <_ZN7FatFile13addDirClusterEv+0x12>
  return false;
   b804c:	2600      	movs	r6, #0
}
   b804e:	4630      	mov	r0, r6
   b8050:	bdf8      	pop	{r3, r4, r5, r6, r7, pc}
  if (m_curPosition >= 512UL * 4095) {
   b8052:	6942      	ldr	r2, [r0, #20]
   b8054:	4b15      	ldr	r3, [pc, #84]	; (b80ac <_ZN7FatFile13addDirClusterEv+0x6c>)
   b8056:	429a      	cmp	r2, r3
   b8058:	d2f8      	bcs.n	b804c <_ZN7FatFile13addDirClusterEv+0xc>
  if (!addCluster()) {
   b805a:	f7ff ffd5 	bl	b8008 <_ZN7FatFile10addClusterEv>
   b805e:	4606      	mov	r6, r0
   b8060:	2800      	cmp	r0, #0
   b8062:	d0f3      	beq.n	b804c <_ZN7FatFile13addDirClusterEv+0xc>
  sector = m_vol->clusterStartSector(m_curCluster);
   b8064:	68a2      	ldr	r2, [r4, #8]
    return m_dataStartSector + ((cluster - 2) << m_sectorsPerClusterShift);
   b8066:	6923      	ldr	r3, [r4, #16]
   b8068:	7991      	ldrb	r1, [r2, #6]
   b806a:	6957      	ldr	r7, [r2, #20]
   b806c:	3b02      	subs	r3, #2
   b806e:	408b      	lsls	r3, r1
   b8070:	441f      	add	r7, r3
  for (uint8_t i = 0; i < m_vol->sectorsPerCluster(); i++) {
   b8072:	68a0      	ldr	r0, [r4, #8]
   b8074:	7903      	ldrb	r3, [r0, #4]
   b8076:	b2e9      	uxtb	r1, r5
   b8078:	428b      	cmp	r3, r1
   b807a:	d90d      	bls.n	b8098 <_ZN7FatFile13addDirClusterEv+0x58>
    return m_cache.prepare(sector, options);
   b807c:	2205      	movs	r2, #5
   b807e:	4439      	add	r1, r7
   b8080:	3024      	adds	r0, #36	; 0x24
   b8082:	f001 ff8d 	bl	b9fa0 <_ZN7FsCache7prepareEmh>
    if (!pc) {
   b8086:	3501      	adds	r5, #1
   b8088:	2800      	cmp	r0, #0
   b808a:	d0df      	beq.n	b804c <_ZN7FatFile13addDirClusterEv+0xc>
    memset(pc, 0, m_vol->bytesPerSector());
   b808c:	f44f 7200 	mov.w	r2, #512	; 0x200
   b8090:	2100      	movs	r1, #0
   b8092:	f003 fc62 	bl	bb95a <memset>
  for (uint8_t i = 0; i < m_vol->sectorsPerCluster(); i++) {
   b8096:	e7ec      	b.n	b8072 <_ZN7FatFile13addDirClusterEv+0x32>
    return m_bytesPerSector << m_sectorsPerClusterShift;
   b8098:	7982      	ldrb	r2, [r0, #6]
   b809a:	f44f 7300 	mov.w	r3, #512	; 0x200
   b809e:	4093      	lsls	r3, r2
  m_curPosition += m_vol->bytesPerCluster();
   b80a0:	6962      	ldr	r2, [r4, #20]
   b80a2:	fa12 f383 	uxtah	r3, r2, r3
   b80a6:	6163      	str	r3, [r4, #20]
  return true;
   b80a8:	e7d1      	b.n	b804e <_ZN7FatFile13addDirClusterEv+0xe>
   b80aa:	bf00      	nop
   b80ac:	001ffe00 	.word	0x001ffe00

000b80b0 <_ZN7FatFile13cacheDirEntryEh>:
DirFat_t* FatFile::cacheDirEntry(uint8_t action) {
   b80b0:	b510      	push	{r4, lr}
   b80b2:	4604      	mov	r4, r0
    return m_cache.prepare(sector, options);
   b80b4:	6880      	ldr	r0, [r0, #8]
   b80b6:	460a      	mov	r2, r1
   b80b8:	3024      	adds	r0, #36	; 0x24
   b80ba:	69a1      	ldr	r1, [r4, #24]
   b80bc:	f001 ff70 	bl	b9fa0 <_ZN7FsCache7prepareEmh>
  if (!dir) {
   b80c0:	b120      	cbz	r0, b80cc <_ZN7FatFile13cacheDirEntryEh+0x1c>
  return dir + (m_dirIndex & 0XF);
   b80c2:	88a3      	ldrh	r3, [r4, #4]
   b80c4:	f003 030f 	and.w	r3, r3, #15
   b80c8:	eb00 1043 	add.w	r0, r0, r3, lsl #5
}
   b80cc:	bd10      	pop	{r4, pc}

000b80ce <_ZN7FatFile8openRootEP9FatVolume>:
  if (isOpen()) {
   b80ce:	7803      	ldrb	r3, [r0, #0]
   b80d0:	b90b      	cbnz	r3, b80d6 <_ZN7FatFile8openRootEP9FatVolume+0x8>
   b80d2:	f7ff bf77 	b.w	b7fc4 <_ZN7FatFile8openRootEP9FatVolume.part.0>
}
   b80d6:	2000      	movs	r0, #0
   b80d8:	4770      	bx	lr

000b80da <_ZN7FatFile4readEPvj>:

fail:
  return false;
}
//------------------------------------------------------------------------------
int FatFile::read(void* buf, size_t nbyte) {
   b80da:	e92d 4ff0 	stmdb	sp!, {r4, r5, r6, r7, r8, r9, sl, fp, lr}
   b80de:	ed2d 8b02 	vpush	{d8}
  bool isReadable() const { return m_flags & FILE_FLAG_READ; }
   b80e2:	7883      	ldrb	r3, [r0, #2]
   b80e4:	4604      	mov	r4, r0
  uint16_t offset;
  size_t toRead;
  uint32_t sector;  // raw device sector number
  uint8_t* pc;
  // error if not open for read
  if (!isReadable()) {
   b80e6:	07d8      	lsls	r0, r3, #31
int FatFile::read(void* buf, size_t nbyte) {
   b80e8:	b083      	sub	sp, #12
   b80ea:	4688      	mov	r8, r1
   b80ec:	4615      	mov	r5, r2
  if (!isReadable()) {
   b80ee:	d56c      	bpl.n	b81ca <_ZN7FatFile4readEPvj+0xf0>
  bool isFile() const { return m_attributes & FILE_ATTR_FILE; }
   b80f0:	7823      	ldrb	r3, [r4, #0]
    DBG_FAIL_MACRO;
    goto fail;
  }

  if (isFile()) {
   b80f2:	0719      	lsls	r1, r3, #28
   b80f4:	d533      	bpl.n	b815e <_ZN7FatFile4readEPvj+0x84>
    uint32_t tmp32 = m_fileSize - m_curPosition;
   b80f6:	69e3      	ldr	r3, [r4, #28]
   b80f8:	6962      	ldr	r2, [r4, #20]
   b80fa:	1a9b      	subs	r3, r3, r2
   b80fc:	429d      	cmp	r5, r3
   b80fe:	bf28      	it	cs
   b8100:	461d      	movcs	r5, r3
        } else if (isFile() && isContiguous()) {
          m_curCluster++;
#endif  // USE_FAT_FILE_FLAG_CONTIGUOUS
        } else {
          // get next cluster from FAT
          fg = m_vol->fatGet(m_curCluster, &m_curCluster);
   b8102:	f104 0310 	add.w	r3, r4, #16
   b8106:	ee08 3a10 	vmov	s16, r3
  toRead = nbyte;
   b810a:	462e      	mov	r6, r5
  uint8_t sectorOfCluster = 0;
   b810c:	f04f 0900 	mov.w	r9, #0
  while (toRead) {
   b8110:	2e00      	cmp	r6, #0
   b8112:	f000 80a0 	beq.w	b8256 <_ZN7FatFile4readEPvj+0x17c>
  bool isRootFixed() const { return m_attributes & FILE_ATTR_ROOT_FIXED; }
   b8116:	7822      	ldrb	r2, [r4, #0]
    offset = m_curPosition & m_vol->sectorMask();  // offset in sector
   b8118:	6967      	ldr	r7, [r4, #20]
   b811a:	68a0      	ldr	r0, [r4, #8]
    if (isRootFixed()) {
   b811c:	0653      	lsls	r3, r2, #25
    offset = m_curPosition & m_vol->sectorMask();  // offset in sector
   b811e:	f3c7 0b08 	ubfx	fp, r7, #0, #9
               (m_curPosition >> m_vol->bytesPerSectorShift());
   b8122:	ea4f 2157 	mov.w	r1, r7, lsr #9
    if (isRootFixed()) {
   b8126:	d523      	bpl.n	b8170 <_ZN7FatFile4readEPvj+0x96>
      sector = m_vol->rootDirStart() +
   b8128:	6a02      	ldr	r2, [r0, #32]
   b812a:	4411      	add	r1, r2
          }
        }
      }
      sector = m_vol->clusterStartSector(m_curCluster) + sectorOfCluster;
    }
    if (offset != 0 || toRead < m_vol->bytesPerSector() ||
   b812c:	f8d4 a008 	ldr.w	sl, [r4, #8]
   b8130:	f1bb 0f00 	cmp.w	fp, #0
   b8134:	d150      	bne.n	b81d8 <_ZN7FatFile4readEPvj+0xfe>
   b8136:	f5b6 7f00 	cmp.w	r6, #512	; 0x200
   b813a:	d34d      	bcc.n	b81d8 <_ZN7FatFile4readEPvj+0xfe>
  uint32_t sector() { return m_sector; }
   b813c:	f8da 202c 	ldr.w	r2, [sl, #44]	; 0x2c
   b8140:	4291      	cmp	r1, r2
   b8142:	d049      	beq.n	b81d8 <_ZN7FatFile4readEPvj+0xfe>
        goto fail;
      }
      uint8_t* src = pc + offset;
      memcpy(dst, src, n);
#if USE_MULTI_SECTOR_IO
    } else if (toRead >= 2 * m_vol->bytesPerSector()) {
   b8144:	f5b6 6f80 	cmp.w	r6, #1024	; 0x400
   b8148:	d25f      	bcs.n	b820a <_ZN7FatFile4readEPvj+0x130>
    return m_blockDev->readSector(sector, dst);
   b814a:	f8da 0028 	ldr.w	r0, [sl, #40]	; 0x28
   b814e:	4642      	mov	r2, r8
   b8150:	f001 fec8 	bl	b9ee4 <_ZN16DedicatedSpiCard10readSectorEmPh>
      }
#endif  // USE_MULTI_SECTOR_IO
    } else {
      // read single sector
      n = m_vol->bytesPerSector();
      if (!m_vol->cacheSafeRead(sector, dst)) {
   b8154:	2800      	cmp	r0, #0
   b8156:	d038      	beq.n	b81ca <_ZN7FatFile4readEPvj+0xf0>
      n = m_vol->bytesPerSector();
   b8158:	f44f 7700 	mov.w	r7, #512	; 0x200
   b815c:	e04f      	b.n	b81fe <_ZN7FatFile4readEPvj+0x124>
  } else if (isRootFixed()) {
   b815e:	065a      	lsls	r2, r3, #25
   b8160:	d5cf      	bpl.n	b8102 <_ZN7FatFile4readEPvj+0x28>
        FS_DIR_SIZE * m_vol->m_rootDirEntryCount - (uint16_t)m_curPosition;
   b8162:	68a3      	ldr	r3, [r4, #8]
   b8164:	891a      	ldrh	r2, [r3, #8]
   b8166:	6963      	ldr	r3, [r4, #20]
    uint16_t tmp16 =
   b8168:	ebc3 1342 	rsb	r3, r3, r2, lsl #5
    if (nbyte > tmp16) {
   b816c:	b29b      	uxth	r3, r3
   b816e:	e7c5      	b.n	b80fc <_ZN7FatFile4readEPvj+0x22>
    return (position >> 9) & m_clusterSectorMask;
   b8170:	f890 9005 	ldrb.w	r9, [r0, #5]
   b8174:	ea09 0901 	and.w	r9, r9, r1
      if (offset == 0 && sectorOfCluster == 0) {
   b8178:	f1bb 0f00 	cmp.w	fp, #0
   b817c:	d108      	bne.n	b8190 <_ZN7FatFile4readEPvj+0xb6>
   b817e:	f1b9 0f00 	cmp.w	r9, #0
   b8182:	d105      	bne.n	b8190 <_ZN7FatFile4readEPvj+0xb6>
        if (m_curPosition == 0) {
   b8184:	b96f      	cbnz	r7, b81a2 <_ZN7FatFile4readEPvj+0xc8>
          m_curCluster = isRoot32() ? m_vol->rootDirStart() : m_firstCluster;
   b8186:	0612      	lsls	r2, r2, #24
  uint32_t rootDirStart() const { return m_rootDirStart; }
   b8188:	bf4c      	ite	mi
   b818a:	6a02      	ldrmi	r2, [r0, #32]
   b818c:	6a22      	ldrpl	r2, [r4, #32]
   b818e:	6122      	str	r2, [r4, #16]
      sector = m_vol->clusterStartSector(m_curCluster) + sectorOfCluster;
   b8190:	68a2      	ldr	r2, [r4, #8]
    return m_dataStartSector + ((cluster - 2) << m_sectorsPerClusterShift);
   b8192:	6921      	ldr	r1, [r4, #16]
   b8194:	7990      	ldrb	r0, [r2, #6]
   b8196:	6952      	ldr	r2, [r2, #20]
   b8198:	3902      	subs	r1, #2
   b819a:	4081      	lsls	r1, r0
   b819c:	4411      	add	r1, r2
   b819e:	4449      	add	r1, r9
   b81a0:	e7c4      	b.n	b812c <_ZN7FatFile4readEPvj+0x52>
        } else if (isFile() && isContiguous()) {
   b81a2:	0713      	lsls	r3, r2, #28
          m_curCluster++;
   b81a4:	6921      	ldr	r1, [r4, #16]
        } else if (isFile() && isContiguous()) {
   b81a6:	d505      	bpl.n	b81b4 <_ZN7FatFile4readEPvj+0xda>
   b81a8:	78a2      	ldrb	r2, [r4, #2]
   b81aa:	0657      	lsls	r7, r2, #25
   b81ac:	d502      	bpl.n	b81b4 <_ZN7FatFile4readEPvj+0xda>
          m_curCluster++;
   b81ae:	3101      	adds	r1, #1
   b81b0:	6121      	str	r1, [r4, #16]
   b81b2:	e7ed      	b.n	b8190 <_ZN7FatFile4readEPvj+0xb6>
          fg = m_vol->fatGet(m_curCluster, &m_curCluster);
   b81b4:	ee18 2a10 	vmov	r2, s16
   b81b8:	f7ff fdc0 	bl	b7d3c <_ZN12FatPartition6fatGetEmPm>
          if (fg < 0) {
   b81bc:	2800      	cmp	r0, #0
   b81be:	db04      	blt.n	b81ca <_ZN7FatFile4readEPvj+0xf0>
          if (fg == 0) {
   b81c0:	d1e6      	bne.n	b8190 <_ZN7FatFile4readEPvj+0xb6>
            if (isDir()) {
   b81c2:	7823      	ldrb	r3, [r4, #0]
   b81c4:	f013 0fd0 	tst.w	r3, #208	; 0xd0
   b81c8:	d145      	bne.n	b8256 <_ZN7FatFile4readEPvj+0x17c>
    toRead -= n;
  }
  return nbyte - toRead;

fail:
  m_error |= READ_ERROR;
   b81ca:	7863      	ldrb	r3, [r4, #1]
   b81cc:	f043 0302 	orr.w	r3, r3, #2
   b81d0:	7063      	strb	r3, [r4, #1]
  return -1;
   b81d2:	f04f 30ff 	mov.w	r0, #4294967295
   b81d6:	e03f      	b.n	b8258 <_ZN7FatFile4readEPvj+0x17e>
      n = m_vol->bytesPerSector() - offset;
   b81d8:	f5cb 7700 	rsb	r7, fp, #512	; 0x200
      if (n > toRead) {
   b81dc:	42b7      	cmp	r7, r6
    return m_cache.prepare(sector, options);
   b81de:	f04f 0200 	mov.w	r2, #0
   b81e2:	f10a 0024 	add.w	r0, sl, #36	; 0x24
   b81e6:	bf28      	it	cs
   b81e8:	4637      	movcs	r7, r6
   b81ea:	f001 fed9 	bl	b9fa0 <_ZN7FsCache7prepareEmh>
      if (!pc) {
   b81ee:	2800      	cmp	r0, #0
   b81f0:	d0eb      	beq.n	b81ca <_ZN7FatFile4readEPvj+0xf0>
      memcpy(dst, src, n);
   b81f2:	eb00 010b 	add.w	r1, r0, fp
   b81f6:	463a      	mov	r2, r7
   b81f8:	4640      	mov	r0, r8
   b81fa:	f003 fba0 	bl	bb93e <memcpy>
    m_curPosition += n;
   b81fe:	6963      	ldr	r3, [r4, #20]
   b8200:	443b      	add	r3, r7
    dst += n;
   b8202:	44b8      	add	r8, r7
    m_curPosition += n;
   b8204:	6163      	str	r3, [r4, #20]
    toRead -= n;
   b8206:	1bf6      	subs	r6, r6, r7
  while (toRead) {
   b8208:	e782      	b.n	b8110 <_ZN7FatFile4readEPvj+0x36>
      if (!isRootFixed()) {
   b820a:	7820      	ldrb	r0, [r4, #0]
   b820c:	0640      	lsls	r0, r0, #25
      uint32_t ns = toRead >> m_vol->bytesPerSectorShift();
   b820e:	ea4f 2356 	mov.w	r3, r6, lsr #9
      if (!isRootFixed()) {
   b8212:	d406      	bmi.n	b8222 <_ZN7FatFile4readEPvj+0x148>
        uint32_t mb = m_vol->sectorsPerCluster() - sectorOfCluster;
   b8214:	f89a 0004 	ldrb.w	r0, [sl, #4]
   b8218:	eba0 0009 	sub.w	r0, r0, r9
   b821c:	4283      	cmp	r3, r0
   b821e:	bf28      	it	cs
   b8220:	4603      	movcs	r3, r0
    return sector <= m_sector && m_sector < (sector + count);
   b8222:	4291      	cmp	r1, r2
      n = ns << m_vol->bytesPerSectorShift();
   b8224:	ea4f 2743 	mov.w	r7, r3, lsl #9
   b8228:	d907      	bls.n	b823a <_ZN7FatFile4readEPvj+0x160>
    return m_blockDev->readSectors(sector, dst, count);
   b822a:	f8da 0028 	ldr.w	r0, [sl, #40]	; 0x28
   b822e:	4642      	mov	r2, r8
   b8230:	f001 fe2b 	bl	b9e8a <_ZN16DedicatedSpiCard11readSectorsEmPhj>
      if (!m_vol->cacheSafeRead(sector, dst, ns)) {
   b8234:	2800      	cmp	r0, #0
   b8236:	d1e2      	bne.n	b81fe <_ZN7FatFile4readEPvj+0x124>
   b8238:	e7c7      	b.n	b81ca <_ZN7FatFile4readEPvj+0xf0>
    return sector <= m_sector && m_sector < (sector + count);
   b823a:	18c8      	adds	r0, r1, r3
   b823c:	4282      	cmp	r2, r0
   b823e:	d2f4      	bcs.n	b822a <_ZN7FatFile4readEPvj+0x150>
    if (isCached(sector, count) && !sync()) {
   b8240:	f10a 0024 	add.w	r0, sl, #36	; 0x24
   b8244:	e9cd 1300 	strd	r1, r3, [sp]
   b8248:	f001 fe84 	bl	b9f54 <_ZN7FsCache4syncEv>
   b824c:	e9dd 1300 	ldrd	r1, r3, [sp]
   b8250:	2800      	cmp	r0, #0
   b8252:	d1ea      	bne.n	b822a <_ZN7FatFile4readEPvj+0x150>
   b8254:	e7b9      	b.n	b81ca <_ZN7FatFile4readEPvj+0xf0>
  return nbyte - toRead;
   b8256:	1ba8      	subs	r0, r5, r6
}
   b8258:	b003      	add	sp, #12
   b825a:	ecbd 8b02 	vpop	{d8}
   b825e:	e8bd 8ff0 	ldmia.w	sp!, {r4, r5, r6, r7, r8, r9, sl, fp, pc}

000b8262 <_ZN7FatFile12readDirCacheEb>:
  }
}
//------------------------------------------------------------------------------
// Read next directory entry into the cache.
// Assumes file is correctly positioned.
DirFat_t* FatFile::readDirCache(bool skipReadOk) {
   b8262:	b537      	push	{r0, r1, r2, r4, r5, lr}
  DBG_HALT_IF(m_curPosition & 0X1F);
  uint8_t i = (m_curPosition >> 5) & 0XF;
   b8264:	6943      	ldr	r3, [r0, #20]

  if (i == 0 || !skipReadOk) {
   b8266:	f413 7ff0 	tst.w	r3, #480	; 0x1e0
DirFat_t* FatFile::readDirCache(bool skipReadOk) {
   b826a:	4604      	mov	r4, r0
  uint8_t i = (m_curPosition >> 5) & 0XF;
   b826c:	f3c3 1543 	ubfx	r5, r3, #5, #4
  if (i == 0 || !skipReadOk) {
   b8270:	d000      	beq.n	b8274 <_ZN7FatFile12readDirCacheEb+0x12>
   b8272:	b999      	cbnz	r1, b829c <_ZN7FatFile12readDirCacheEb+0x3a>
    int8_t n = read(&n, 1);
   b8274:	2201      	movs	r2, #1
   b8276:	f10d 0107 	add.w	r1, sp, #7
   b827a:	4620      	mov	r0, r4
   b827c:	f7ff ff2d 	bl	b80da <_ZN7FatFile4readEPvj>
    if (n != 1) {
   b8280:	b240      	sxtb	r0, r0
   b8282:	2801      	cmp	r0, #1
   b8284:	d002      	beq.n	b828c <_ZN7FatFile12readDirCacheEb+0x2a>
  }
  // return pointer to entry
  return reinterpret_cast<DirFat_t*>(m_vol->cacheAddress()) + i;

fail:
  return nullptr;
   b8286:	2000      	movs	r0, #0
}
   b8288:	b003      	add	sp, #12
   b828a:	bd30      	pop	{r4, r5, pc}
    m_curPosition += FS_DIR_SIZE - 1;
   b828c:	6963      	ldr	r3, [r4, #20]
   b828e:	331f      	adds	r3, #31
  uint8_t* cacheBuffer() { return m_buffer; }
   b8290:	68a0      	ldr	r0, [r4, #8]
    m_curPosition += FS_DIR_SIZE;
   b8292:	6163      	str	r3, [r4, #20]
   b8294:	3034      	adds	r0, #52	; 0x34
  return reinterpret_cast<DirFat_t*>(m_vol->cacheAddress()) + i;
   b8296:	eb00 1045 	add.w	r0, r0, r5, lsl #5
   b829a:	e7f5      	b.n	b8288 <_ZN7FatFile12readDirCacheEb+0x26>
    m_curPosition += FS_DIR_SIZE;
   b829c:	3320      	adds	r3, #32
   b829e:	e7f7      	b.n	b8290 <_ZN7FatFile12readDirCacheEb+0x2e>

000b82a0 <_ZN7FatFile7seekSetEm>:

fail:
  return false;
}
//------------------------------------------------------------------------------
bool FatFile::seekSet(uint32_t pos) {
   b82a0:	e92d 41f0 	stmdb	sp!, {r4, r5, r6, r7, r8, lr}
   b82a4:	460d      	mov	r5, r1
  bool isOpen() const { return m_attributes; }
   b82a6:	7801      	ldrb	r1, [r0, #0]
  uint32_t nCur;
  uint32_t nNew;
  uint32_t tmp = m_curCluster;
   b82a8:	6907      	ldr	r7, [r0, #16]
bool FatFile::seekSet(uint32_t pos) {
   b82aa:	4604      	mov	r4, r0
  // error if file not open
  if (!isOpen()) {
   b82ac:	b181      	cbz	r1, b82d0 <_ZN7FatFile7seekSetEm+0x30>
    DBG_FAIL_MACRO;
    goto fail;
  }
  // Optimize O_APPEND writes.
  if (pos == m_curPosition) {
   b82ae:	6940      	ldr	r0, [r0, #20]
   b82b0:	42a8      	cmp	r0, r5
   b82b2:	d006      	beq.n	b82c2 <_ZN7FatFile7seekSetEm+0x22>
    return true;
  }
  if (pos == 0) {
   b82b4:	b93d      	cbnz	r5, b82c6 <_ZN7FatFile7seekSetEm+0x26>
    // set position to start of file
    m_curCluster = 0;
   b82b6:	6125      	str	r5, [r4, #16]
    }
  }

done:
  m_curPosition = pos;
  m_flags &= ~FILE_FLAG_PREALLOCATE;
   b82b8:	78a3      	ldrb	r3, [r4, #2]
  m_curPosition = pos;
   b82ba:	6165      	str	r5, [r4, #20]
  m_flags &= ~FILE_FLAG_PREALLOCATE;
   b82bc:	f023 0320 	bic.w	r3, r3, #32
   b82c0:	70a3      	strb	r3, [r4, #2]
    return true;
   b82c2:	2001      	movs	r0, #1
   b82c4:	e006      	b.n	b82d4 <_ZN7FatFile7seekSetEm+0x34>
  if (isFile()) {
   b82c6:	070b      	lsls	r3, r1, #28
   b82c8:	d506      	bpl.n	b82d8 <_ZN7FatFile7seekSetEm+0x38>
    if (pos > m_fileSize) {
   b82ca:	69e3      	ldr	r3, [r4, #28]
   b82cc:	42ab      	cmp	r3, r5
   b82ce:	d20b      	bcs.n	b82e8 <_ZN7FatFile7seekSetEm+0x48>
  return true;

fail:
  m_curCluster = tmp;
   b82d0:	6127      	str	r7, [r4, #16]
  return false;
   b82d2:	2000      	movs	r0, #0
}
   b82d4:	e8bd 81f0 	ldmia.w	sp!, {r4, r5, r6, r7, r8, pc}
  } else if (isRootFixed()) {
   b82d8:	064e      	lsls	r6, r1, #25
   b82da:	d505      	bpl.n	b82e8 <_ZN7FatFile7seekSetEm+0x48>
  uint16_t rootDirEntryCount() const { return m_rootDirEntryCount; }
   b82dc:	68a3      	ldr	r3, [r4, #8]
    if (pos <= FS_DIR_SIZE * m_vol->rootDirEntryCount()) {
   b82de:	891b      	ldrh	r3, [r3, #8]
   b82e0:	ebb5 1f43 	cmp.w	r5, r3, lsl #5
   b82e4:	d9e8      	bls.n	b82b8 <_ZN7FatFile7seekSetEm+0x18>
   b82e6:	e7f3      	b.n	b82d0 <_ZN7FatFile7seekSetEm+0x30>
  nNew = (pos - 1) >> (m_vol->bytesPerClusterShift());
   b82e8:	f8d4 c008 	ldr.w	ip, [r4, #8]
  if (isContiguous()) {
   b82ec:	78a2      	ldrb	r2, [r4, #2]
    return m_sectorsPerClusterShift + m_bytesPerSectorShift;
   b82ee:	f89c 3006 	ldrb.w	r3, [ip, #6]
   b82f2:	3309      	adds	r3, #9
  nNew = (pos - 1) >> (m_vol->bytesPerClusterShift());
   b82f4:	b2db      	uxtb	r3, r3
   b82f6:	1e6e      	subs	r6, r5, #1
  if (isContiguous()) {
   b82f8:	0652      	lsls	r2, r2, #25
  nNew = (pos - 1) >> (m_vol->bytesPerClusterShift());
   b82fa:	fa26 f603 	lsr.w	r6, r6, r3
  if (isContiguous()) {
   b82fe:	d503      	bpl.n	b8308 <_ZN7FatFile7seekSetEm+0x68>
    m_curCluster = m_firstCluster + nNew;
   b8300:	6a23      	ldr	r3, [r4, #32]
   b8302:	4433      	add	r3, r6
   b8304:	6123      	str	r3, [r4, #16]
    goto done;
   b8306:	e7d7      	b.n	b82b8 <_ZN7FatFile7seekSetEm+0x18>
  nCur = (m_curPosition - 1) >> (m_vol->bytesPerClusterShift());
   b8308:	1e42      	subs	r2, r0, #1
   b830a:	fa22 f303 	lsr.w	r3, r2, r3
  if (nNew < nCur || m_curPosition == 0) {
   b830e:	429e      	cmp	r6, r3
   b8310:	d300      	bcc.n	b8314 <_ZN7FatFile7seekSetEm+0x74>
   b8312:	b998      	cbnz	r0, b833c <_ZN7FatFile7seekSetEm+0x9c>
    m_curCluster = isRoot32() ? m_vol->rootDirStart() : m_firstCluster;
   b8314:	060b      	lsls	r3, r1, #24
  uint32_t rootDirStart() const { return m_rootDirStart; }
   b8316:	bf4c      	ite	mi
   b8318:	f8dc 3020 	ldrmi.w	r3, [ip, #32]
   b831c:	6a23      	ldrpl	r3, [r4, #32]
   b831e:	6123      	str	r3, [r4, #16]
    if (m_vol->fatGet(m_curCluster, &m_curCluster) <= 0) {
   b8320:	f104 0810 	add.w	r8, r4, #16
  while (nNew--) {
   b8324:	2e00      	cmp	r6, #0
   b8326:	d0c7      	beq.n	b82b8 <_ZN7FatFile7seekSetEm+0x18>
    if (m_vol->fatGet(m_curCluster, &m_curCluster) <= 0) {
   b8328:	6921      	ldr	r1, [r4, #16]
   b832a:	68a0      	ldr	r0, [r4, #8]
   b832c:	4642      	mov	r2, r8
   b832e:	f7ff fd05 	bl	b7d3c <_ZN12FatPartition6fatGetEmPm>
   b8332:	2800      	cmp	r0, #0
   b8334:	f106 36ff 	add.w	r6, r6, #4294967295
   b8338:	dcf4      	bgt.n	b8324 <_ZN7FatFile7seekSetEm+0x84>
   b833a:	e7c9      	b.n	b82d0 <_ZN7FatFile7seekSetEm+0x30>
    nNew -= nCur;
   b833c:	1af6      	subs	r6, r6, r3
   b833e:	e7ef      	b.n	b8320 <_ZN7FatFile7seekSetEm+0x80>

000b8340 <_ZN7FatFile15openCachedEntryEPS_tih>:
                              oflag_t oflag, uint8_t lfnOrd) {
   b8340:	b5f8      	push	{r3, r4, r5, r6, r7, lr}
   b8342:	460f      	mov	r7, r1
   b8344:	4616      	mov	r6, r2
  memset(this, 0, sizeof(FatFile));
   b8346:	2100      	movs	r1, #0
   b8348:	2224      	movs	r2, #36	; 0x24
                              oflag_t oflag, uint8_t lfnOrd) {
   b834a:	4604      	mov	r4, r0
   b834c:	461d      	mov	r5, r3
  memset(this, 0, sizeof(FatFile));
   b834e:	f003 fb04 	bl	bb95a <memset>
  m_vol = dirFile->m_vol;
   b8352:	68b8      	ldr	r0, [r7, #8]
   b8354:	60a0      	str	r0, [r4, #8]
  m_dirIndex = dirIndex;
   b8356:	80a6      	strh	r6, [r4, #4]
   b8358:	f100 0234 	add.w	r2, r0, #52	; 0x34
  dir += 0XF & dirIndex;
   b835c:	f006 060f 	and.w	r6, r6, #15
  m_dirCluster = dirFile->m_firstCluster;
   b8360:	6a3b      	ldr	r3, [r7, #32]
   b8362:	60e3      	str	r3, [r4, #12]
  dir += 0XF & dirIndex;
   b8364:	eb02 1246 	add.w	r2, r2, r6, lsl #5
  return (dir->attributes & FAT_ATTRIB_LABEL) == 0;
   b8368:	7ad3      	ldrb	r3, [r2, #11]
  if (!isFatFileOrSubdir(dir)) {
   b836a:	0719      	lsls	r1, r3, #28
   b836c:	d43f      	bmi.n	b83ee <_ZN7FatFile15openCachedEntryEPS_tih+0xae>
  m_attributes = dir->attributes & FS_ATTRIB_COPY;
   b836e:	f003 0337 	and.w	r3, r3, #55	; 0x37
   b8372:	7023      	strb	r3, [r4, #0]
  if (isFatFile(dir)) {
   b8374:	7ad1      	ldrb	r1, [r2, #11]
   b8376:	f011 0f18 	tst.w	r1, #24
    m_attributes |= FILE_ATTR_FILE;
   b837a:	bf04      	itt	eq
   b837c:	f043 0308 	orreq.w	r3, r3, #8
   b8380:	7023      	strbeq	r3, [r4, #0]
  m_lfnOrd = lfnOrd;
   b8382:	f89d 3018 	ldrb.w	r3, [sp, #24]
   b8386:	70e3      	strb	r3, [r4, #3]
  switch (oflag & O_ACCMODE) {
   b8388:	f005 0303 	and.w	r3, r5, #3
   b838c:	2b01      	cmp	r3, #1
   b838e:	d028      	beq.n	b83e2 <_ZN7FatFile15openCachedEntryEPS_tih+0xa2>
   b8390:	2b02      	cmp	r3, #2
   b8392:	d024      	beq.n	b83de <_ZN7FatFile15openCachedEntryEPS_tih+0x9e>
   b8394:	bb5b      	cbnz	r3, b83ee <_ZN7FatFile15openCachedEntryEPS_tih+0xae>
      if (oflag & O_TRUNC) {
   b8396:	056b      	lsls	r3, r5, #21
   b8398:	d429      	bmi.n	b83ee <_ZN7FatFile15openCachedEntryEPS_tih+0xae>
      m_flags = FILE_FLAG_READ;
   b839a:	2301      	movs	r3, #1
      m_flags = FILE_FLAG_WRITE;
   b839c:	70a3      	strb	r3, [r4, #2]
  if (m_flags & FILE_FLAG_WRITE) {
   b839e:	78a1      	ldrb	r1, [r4, #2]
   b83a0:	078f      	lsls	r7, r1, #30
   b83a2:	d507      	bpl.n	b83b4 <_ZN7FatFile15openCachedEntryEPS_tih+0x74>
  bool isSubDir() const { return m_attributes & FILE_ATTR_SUBDIR; }
   b83a4:	7823      	ldrb	r3, [r4, #0]
    if (isSubDir() || isReadOnly()) {
   b83a6:	06de      	lsls	r6, r3, #27
   b83a8:	d421      	bmi.n	b83ee <_ZN7FatFile15openCachedEntryEPS_tih+0xae>
   b83aa:	07df      	lsls	r7, r3, #31
   b83ac:	d41f      	bmi.n	b83ee <_ZN7FatFile15openCachedEntryEPS_tih+0xae>
    m_attributes |= FS_ATTRIB_ARCHIVE;
   b83ae:	f043 0320 	orr.w	r3, r3, #32
   b83b2:	7023      	strb	r3, [r4, #0]
  m_flags |= (oflag & O_APPEND ? FILE_FLAG_APPEND : 0);
   b83b4:	f005 0308 	and.w	r3, r5, #8
   b83b8:	430b      	orrs	r3, r1
   b83ba:	70a3      	strb	r3, [r4, #2]
  uint32_t sector() { return m_sector; }
   b83bc:	6ac3      	ldr	r3, [r0, #44]	; 0x2c
  m_dirSector = m_vol->cacheSectorNumber();
   b83be:	61a3      	str	r3, [r4, #24]
  firstCluster = ((uint32_t)getLe16(dir->firstClusterHigh) << 16) |
   b83c0:	8a93      	ldrh	r3, [r2, #20]
                 getLe16(dir->firstClusterLow);
   b83c2:	8b51      	ldrh	r1, [r2, #26]
  if (oflag & O_TRUNC) {
   b83c4:	056e      	lsls	r6, r5, #21
  firstCluster = ((uint32_t)getLe16(dir->firstClusterHigh) << 16) |
   b83c6:	ea41 4103 	orr.w	r1, r1, r3, lsl #16
  if (oflag & O_TRUNC) {
   b83ca:	d514      	bpl.n	b83f6 <_ZN7FatFile15openCachedEntryEPS_tih+0xb6>
    if (firstCluster && !m_vol->freeChain(firstCluster)) {
   b83cc:	b959      	cbnz	r1, b83e6 <_ZN7FatFile15openCachedEntryEPS_tih+0xa6>
    m_flags |= FILE_FLAG_DIR_DIRTY;
   b83ce:	78a3      	ldrb	r3, [r4, #2]
   b83d0:	f063 037f 	orn	r3, r3, #127	; 0x7f
   b83d4:	70a3      	strb	r3, [r4, #2]
  if ((oflag & O_AT_END) && !seekSet(m_fileSize)) {
   b83d6:	046b      	lsls	r3, r5, #17
   b83d8:	d411      	bmi.n	b83fe <_ZN7FatFile15openCachedEntryEPS_tih+0xbe>
  return true;
   b83da:	2001      	movs	r0, #1
}
   b83dc:	bdf8      	pop	{r3, r4, r5, r6, r7, pc}
      m_flags = FILE_FLAG_READ | FILE_FLAG_WRITE;
   b83de:	2303      	movs	r3, #3
   b83e0:	e7dc      	b.n	b839c <_ZN7FatFile15openCachedEntryEPS_tih+0x5c>
      m_flags = FILE_FLAG_WRITE;
   b83e2:	2302      	movs	r3, #2
   b83e4:	e7da      	b.n	b839c <_ZN7FatFile15openCachedEntryEPS_tih+0x5c>
    if (firstCluster && !m_vol->freeChain(firstCluster)) {
   b83e6:	f7ff fd49 	bl	b7e7c <_ZN12FatPartition9freeChainEm>
   b83ea:	2800      	cmp	r0, #0
   b83ec:	d1ef      	bne.n	b83ce <_ZN7FatFile15openCachedEntryEPS_tih+0x8e>
  m_attributes = FILE_ATTR_CLOSED;
   b83ee:	2000      	movs	r0, #0
   b83f0:	7020      	strb	r0, [r4, #0]
  m_flags = 0;
   b83f2:	70a0      	strb	r0, [r4, #2]
  return false;
   b83f4:	e7f2      	b.n	b83dc <_ZN7FatFile15openCachedEntryEPS_tih+0x9c>
    m_firstCluster = firstCluster;
   b83f6:	6221      	str	r1, [r4, #32]
  return *reinterpret_cast<const uint32_t*>(src);
   b83f8:	69d3      	ldr	r3, [r2, #28]
    m_fileSize = getLe32(dir->fileSize);
   b83fa:	61e3      	str	r3, [r4, #28]
   b83fc:	e7eb      	b.n	b83d6 <_ZN7FatFile15openCachedEntryEPS_tih+0x96>
  if ((oflag & O_AT_END) && !seekSet(m_fileSize)) {
   b83fe:	69e1      	ldr	r1, [r4, #28]
   b8400:	4620      	mov	r0, r4
   b8402:	f7ff ff4d 	bl	b82a0 <_ZN7FatFile7seekSetEm>
   b8406:	2800      	cmp	r0, #0
   b8408:	d1e7      	bne.n	b83da <_ZN7FatFile15openCachedEntryEPS_tih+0x9a>
   b840a:	e7f0      	b.n	b83ee <_ZN7FatFile15openCachedEntryEPS_tih+0xae>

000b840c <_ZN7FatFile4syncEv>:
//------------------------------------------------------------------------------
bool FatFile::sync() {
   b840c:	b537      	push	{r0, r1, r2, r4, r5, lr}
  uint16_t date, time;
  uint8_t ms10;
  if (!isOpen()) {
   b840e:	7803      	ldrb	r3, [r0, #0]
bool FatFile::sync() {
   b8410:	4604      	mov	r4, r0
  if (!isOpen()) {
   b8412:	2b00      	cmp	r3, #0
   b8414:	d039      	beq.n	b848a <_ZN7FatFile4syncEv+0x7e>
    return true;
  }
  if (m_flags & FILE_FLAG_DIR_DIRTY) {
   b8416:	f990 3002 	ldrsb.w	r3, [r0, #2]
   b841a:	2b00      	cmp	r3, #0
   b841c:	da2f      	bge.n	b847e <_ZN7FatFile4syncEv+0x72>
    DirFat_t* dir = cacheDirEntry(FsCache::CACHE_FOR_WRITE);
   b841e:	2101      	movs	r1, #1
   b8420:	f7ff fe46 	bl	b80b0 <_ZN7FatFile13cacheDirEntryEh>
    // check for deleted by another open file object
    if (!dir || dir->name[0] == FAT_NAME_DELETED) {
   b8424:	4605      	mov	r5, r0
   b8426:	b930      	cbnz	r0, b8436 <_ZN7FatFile4syncEv+0x2a>
    return true;
  }
  DBG_FAIL_MACRO;

fail:
  m_error |= WRITE_ERROR;
   b8428:	7863      	ldrb	r3, [r4, #1]
   b842a:	f043 0301 	orr.w	r3, r3, #1
   b842e:	7063      	strb	r3, [r4, #1]
  return false;
   b8430:	2000      	movs	r0, #0
}
   b8432:	b003      	add	sp, #12
   b8434:	bd30      	pop	{r4, r5, pc}
    if (!dir || dir->name[0] == FAT_NAME_DELETED) {
   b8436:	7803      	ldrb	r3, [r0, #0]
   b8438:	2be5      	cmp	r3, #229	; 0xe5
   b843a:	d0f5      	beq.n	b8428 <_ZN7FatFile4syncEv+0x1c>
    dir->attributes = m_attributes & FS_ATTRIB_COPY;
   b843c:	7823      	ldrb	r3, [r4, #0]
   b843e:	f003 0337 	and.w	r3, r3, #55	; 0x37
   b8442:	72c3      	strb	r3, [r0, #11]
    if (isFile()) {
   b8444:	7823      	ldrb	r3, [r4, #0]
   b8446:	071b      	lsls	r3, r3, #28
      setLe32(dir->fileSize, m_fileSize);
   b8448:	bf44      	itt	mi
   b844a:	69e3      	ldrmi	r3, [r4, #28]
  *reinterpret_cast<uint32_t*>(dst) = src;
   b844c:	61c3      	strmi	r3, [r0, #28]
    setLe16(dir->firstClusterLow, m_firstCluster & 0XFFFF);
   b844e:	6a23      	ldr	r3, [r4, #32]
   b8450:	8343      	strh	r3, [r0, #26]
    setLe16(dir->firstClusterHigh, m_firstCluster >> 16);
   b8452:	8c63      	ldrh	r3, [r4, #34]	; 0x22
   b8454:	8283      	strh	r3, [r0, #20]
    if (FsDateTime::callback) {
   b8456:	4b0e      	ldr	r3, [pc, #56]	; (b8490 <_ZN7FatFile4syncEv+0x84>)
   b8458:	681b      	ldr	r3, [r3, #0]
   b845a:	b163      	cbz	r3, b8476 <_ZN7FatFile4syncEv+0x6a>
      FsDateTime::callback(&date, &time, &ms10);
   b845c:	f10d 0203 	add.w	r2, sp, #3
   b8460:	f10d 0106 	add.w	r1, sp, #6
   b8464:	a801      	add	r0, sp, #4
   b8466:	4798      	blx	r3
      setLe16(dir->modifyDate, date);
   b8468:	f8bd 3004 	ldrh.w	r3, [sp, #4]
  *reinterpret_cast<uint16_t*>(dst) = src;
   b846c:	832b      	strh	r3, [r5, #24]
   b846e:	826b      	strh	r3, [r5, #18]
   b8470:	f8bd 3006 	ldrh.w	r3, [sp, #6]
   b8474:	82eb      	strh	r3, [r5, #22]
    m_flags &= ~FILE_FLAG_DIR_DIRTY;
   b8476:	78a3      	ldrb	r3, [r4, #2]
   b8478:	f003 037f 	and.w	r3, r3, #127	; 0x7f
   b847c:	70a3      	strb	r3, [r4, #2]
  if (m_vol->cacheSync()) {
   b847e:	68a0      	ldr	r0, [r4, #8]
   b8480:	f7ff f91b 	bl	b76ba <_ZN12FatPartition9cacheSyncEv>
   b8484:	2800      	cmp	r0, #0
   b8486:	d0cf      	beq.n	b8428 <_ZN7FatFile4syncEv+0x1c>
   b8488:	e7d3      	b.n	b8432 <_ZN7FatFile4syncEv+0x26>
    return true;
   b848a:	2001      	movs	r0, #1
   b848c:	e7d1      	b.n	b8432 <_ZN7FatFile4syncEv+0x26>
   b848e:	bf00      	nop
   b8490:	2003e678 	.word	0x2003e678

000b8494 <_ZN7FatFile5closeEv>:
bool FatFile::close() {
   b8494:	b510      	push	{r4, lr}
   b8496:	4604      	mov	r4, r0
  bool rtn = sync();
   b8498:	f7ff ffb8 	bl	b840c <_ZN7FatFile4syncEv>
  m_attributes = FILE_ATTR_CLOSED;
   b849c:	2300      	movs	r3, #0
   b849e:	7023      	strb	r3, [r4, #0]
  m_flags = 0;
   b84a0:	70a3      	strb	r3, [r4, #2]
}
   b84a2:	bd10      	pop	{r4, pc}

000b84a4 <_ZN7FatFile4openEPS_PKci>:
bool FatFile::open(FatFile* dirFile, const char* path, oflag_t oflag) {
   b84a4:	b570      	push	{r4, r5, r6, lr}
   b84a6:	b094      	sub	sp, #80	; 0x50
   b84a8:	461e      	mov	r6, r3
  FatFile() {}
   b84aa:	2300      	movs	r3, #0
   b84ac:	930b      	str	r3, [sp, #44]	; 0x2c
  if (isOpen() || !dirFile->isDir()) {
   b84ae:	7803      	ldrb	r3, [r0, #0]
bool FatFile::open(FatFile* dirFile, const char* path, oflag_t oflag) {
   b84b0:	9201      	str	r2, [sp, #4]
   b84b2:	4605      	mov	r5, r0
   b84b4:	460c      	mov	r4, r1
  if (isOpen() || !dirFile->isDir()) {
   b84b6:	b113      	cbz	r3, b84be <_ZN7FatFile4openEPS_PKci+0x1a>
  return false;
   b84b8:	2000      	movs	r0, #0
}
   b84ba:	b014      	add	sp, #80	; 0x50
   b84bc:	bd70      	pop	{r4, r5, r6, pc}
  if (isOpen() || !dirFile->isDir()) {
   b84be:	780b      	ldrb	r3, [r1, #0]
   b84c0:	f013 0fd0 	tst.w	r3, #208	; 0xd0
   b84c4:	d0f8      	beq.n	b84b8 <_ZN7FatFile4openEPS_PKci+0x14>
  if (isDirSeparator(*path)) {
   b84c6:	7813      	ldrb	r3, [r2, #0]
   b84c8:	2b2f      	cmp	r3, #47	; 0x2f
   b84ca:	d112      	bne.n	b84f2 <_ZN7FatFile4openEPS_PKci+0x4e>
    while (isDirSeparator(*path)) {
   b84cc:	9a01      	ldr	r2, [sp, #4]
   b84ce:	7813      	ldrb	r3, [r2, #0]
   b84d0:	2b2f      	cmp	r3, #47	; 0x2f
   b84d2:	d102      	bne.n	b84da <_ZN7FatFile4openEPS_PKci+0x36>
      path++;
   b84d4:	3201      	adds	r2, #1
   b84d6:	9201      	str	r2, [sp, #4]
    while (isDirSeparator(*path)) {
   b84d8:	e7f8      	b.n	b84cc <_ZN7FatFile4openEPS_PKci+0x28>
      return openRoot(dirFile->m_vol);
   b84da:	68a1      	ldr	r1, [r4, #8]
    if (*path == 0) {
   b84dc:	b91b      	cbnz	r3, b84e6 <_ZN7FatFile4openEPS_PKci+0x42>
      return openRoot(dirFile->m_vol);
   b84de:	4628      	mov	r0, r5
   b84e0:	f7ff fdf5 	bl	b80ce <_ZN7FatFile8openRootEP9FatVolume>
   b84e4:	e7e9      	b.n	b84ba <_ZN7FatFile4openEPS_PKci+0x16>
  bool isOpen() const { return m_attributes; }
   b84e6:	a80b      	add	r0, sp, #44	; 0x2c
   b84e8:	f7ff fd6c 	bl	b7fc4 <_ZN7FatFile8openRootEP9FatVolume.part.0>
    if (!tmpDir.openRoot(dirFile->m_vol)) {
   b84ec:	2800      	cmp	r0, #0
   b84ee:	d0e3      	beq.n	b84b8 <_ZN7FatFile4openEPS_PKci+0x14>
    dirFile = &tmpDir;
   b84f0:	ac0b      	add	r4, sp, #44	; 0x2c
    if (!parsePathName(path, &fname, &path)) {
   b84f2:	9901      	ldr	r1, [sp, #4]
   b84f4:	ab01      	add	r3, sp, #4
   b84f6:	aa03      	add	r2, sp, #12
   b84f8:	4628      	mov	r0, r5
   b84fa:	f7ff fbc7 	bl	b7c8c <_ZN7FatFile13parsePathNameEPKcP8FatLfn_tPS1_>
   b84fe:	2800      	cmp	r0, #0
   b8500:	d0da      	beq.n	b84b8 <_ZN7FatFile4openEPS_PKci+0x14>
    if (*path == 0) {
   b8502:	9b01      	ldr	r3, [sp, #4]
   b8504:	781b      	ldrb	r3, [r3, #0]
   b8506:	b17b      	cbz	r3, b8528 <_ZN7FatFile4openEPS_PKci+0x84>
    if (!open(dirFile, &fname, O_RDONLY)) {
   b8508:	2300      	movs	r3, #0
   b850a:	aa03      	add	r2, sp, #12
   b850c:	4621      	mov	r1, r4
   b850e:	4628      	mov	r0, r5
   b8510:	f7ff fa7c 	bl	b7a0c <_ZN7FatFile4openEPS_P8FatLfn_ti>
   b8514:	2800      	cmp	r0, #0
   b8516:	d0cf      	beq.n	b84b8 <_ZN7FatFile4openEPS_PKci+0x14>
    tmpDir.copy(this);
   b8518:	a80b      	add	r0, sp, #44	; 0x2c
   b851a:	4629      	mov	r1, r5
   b851c:	f7ff fd68 	bl	b7ff0 <_ZN7FatFile4copyEPKS_>
    close();
   b8520:	4628      	mov	r0, r5
   b8522:	f7ff ffb7 	bl	b8494 <_ZN7FatFile5closeEv>
  while (1) {
   b8526:	e7e3      	b.n	b84f0 <_ZN7FatFile4openEPS_PKci+0x4c>
  return open(dirFile, &fname, oflag);
   b8528:	4633      	mov	r3, r6
   b852a:	aa03      	add	r2, sp, #12
   b852c:	4621      	mov	r1, r4
   b852e:	4628      	mov	r0, r5
   b8530:	f7ff fa6c 	bl	b7a0c <_ZN7FatFile4openEPS_P8FatLfn_ti>
   b8534:	e7c1      	b.n	b84ba <_ZN7FatFile4openEPS_PKci+0x16>

000b8536 <_ZN7FatFile4openEP9FatVolumePKci>:
  return vol && open(vol->vwd(), path, oflag);
   b8536:	b119      	cbz	r1, b8540 <_ZN7FatFile4openEP9FatVolumePKci+0xa>
   b8538:	f201 4144 	addw	r1, r1, #1092	; 0x444
   b853c:	f7ff bfb2 	b.w	b84a4 <_ZN7FatFile4openEPS_PKci>
}
   b8540:	4608      	mov	r0, r1
   b8542:	4770      	bx	lr

000b8544 <_ZN7FatFile5writeEPKvj>:

fail:
  return false;
}
//------------------------------------------------------------------------------
size_t FatFile::write(const void* buf, size_t nbyte) {
   b8544:	e92d 47f0 	stmdb	sp!, {r4, r5, r6, r7, r8, r9, sl, lr}
  bool isWritable() const { return m_flags & FILE_FLAG_WRITE; }
   b8548:	7883      	ldrb	r3, [r0, #2]
   b854a:	4688      	mov	r8, r1
  uint8_t cacheOption;
  // number of bytes left to write  -  must be before goto statements
  size_t nToWrite = nbyte;
  size_t n;
  // error if not a normal file or is read-only
  if (!isWritable()) {
   b854c:	0799      	lsls	r1, r3, #30
size_t FatFile::write(const void* buf, size_t nbyte) {
   b854e:	4604      	mov	r4, r0
   b8550:	4691      	mov	r9, r2
  if (!isWritable()) {
   b8552:	d544      	bpl.n	b85de <_ZN7FatFile5writeEPKvj+0x9a>
    DBG_FAIL_MACRO;
    goto fail;
  }
  // seek to end of file if append flag
  if ((m_flags & FILE_FLAG_APPEND)) {
   b8554:	071a      	lsls	r2, r3, #28
   b8556:	d43d      	bmi.n	b85d4 <_ZN7FatFile5writeEPKvj+0x90>
      DBG_FAIL_MACRO;
      goto fail;
    }
  }
  // Don't exceed max fileSize.
  if (nbyte > (0XFFFFFFFF - m_curPosition)) {
   b8558:	6963      	ldr	r3, [r4, #20]
   b855a:	43db      	mvns	r3, r3
   b855c:	454b      	cmp	r3, r9
   b855e:	d33e      	bcc.n	b85de <_ZN7FatFile5writeEPKvj+0x9a>
   b8560:	464f      	mov	r7, r9
        int8_t fg;
        if (isContiguous() && m_fileSize > m_curPosition) {
          m_curCluster++;
          fg = 1;
        } else {
          fg = m_vol->fatGet(m_curCluster, &m_curCluster);
   b8562:	f104 0a10 	add.w	sl, r4, #16
    uint8_t sectorOfCluster = m_vol->sectorOfCluster(m_curPosition);
   b8566:	6962      	ldr	r2, [r4, #20]
  while (nToWrite) {
   b8568:	2f00      	cmp	r7, #0
   b856a:	f000 809e 	beq.w	b86aa <_ZN7FatFile5writeEPKvj+0x166>
    uint8_t sectorOfCluster = m_vol->sectorOfCluster(m_curPosition);
   b856e:	68a0      	ldr	r0, [r4, #8]
    return (position >> 9) & m_clusterSectorMask;
   b8570:	7946      	ldrb	r6, [r0, #5]
    if (sectorOfCluster == 0 && sectorOffset == 0) {
   b8572:	ea16 2652 	ands.w	r6, r6, r2, lsr #9
    uint16_t sectorOffset = m_curPosition & m_vol->sectorMask();
   b8576:	f3c2 0508 	ubfx	r5, r2, #0, #9
    if (sectorOfCluster == 0 && sectorOffset == 0) {
   b857a:	d10b      	bne.n	b8594 <_ZN7FatFile5writeEPKvj+0x50>
   b857c:	b955      	cbnz	r5, b8594 <_ZN7FatFile5writeEPKvj+0x50>
      if (m_curCluster != 0) {
   b857e:	6921      	ldr	r1, [r4, #16]
   b8580:	2900      	cmp	r1, #0
   b8582:	d03f      	beq.n	b8604 <_ZN7FatFile5writeEPKvj+0xc0>
        if (isContiguous() && m_fileSize > m_curPosition) {
   b8584:	78a3      	ldrb	r3, [r4, #2]
   b8586:	065b      	lsls	r3, r3, #25
   b8588:	d530      	bpl.n	b85ec <_ZN7FatFile5writeEPKvj+0xa8>
   b858a:	69e3      	ldr	r3, [r4, #28]
   b858c:	4293      	cmp	r3, r2
   b858e:	d92d      	bls.n	b85ec <_ZN7FatFile5writeEPKvj+0xa8>
          m_curCluster++;
   b8590:	3101      	adds	r1, #1
   b8592:	6121      	str	r1, [r4, #16]
          m_curCluster = m_firstCluster;
        }
      }
    }
    // sector for data write
    uint32_t sector = m_vol->clusterStartSector(m_curCluster) + sectorOfCluster;
   b8594:	68a0      	ldr	r0, [r4, #8]
    return m_dataStartSector + ((cluster - 2) << m_sectorsPerClusterShift);
   b8596:	6921      	ldr	r1, [r4, #16]
   b8598:	7983      	ldrb	r3, [r0, #6]
   b859a:	3902      	subs	r1, #2
   b859c:	4099      	lsls	r1, r3
   b859e:	6943      	ldr	r3, [r0, #20]
   b85a0:	4419      	add	r1, r3
   b85a2:	4431      	add	r1, r6

    if (sectorOffset != 0 || nToWrite < m_vol->bytesPerSector()) {
   b85a4:	2d00      	cmp	r5, #0
   b85a6:	d139      	bne.n	b861c <_ZN7FatFile5writeEPKvj+0xd8>
   b85a8:	f5b7 7f00 	cmp.w	r7, #512	; 0x200
   b85ac:	d336      	bcc.n	b861c <_ZN7FatFile5writeEPKvj+0xd8>
          DBG_FAIL_MACRO;
          goto fail;
        }
      }
#if USE_MULTI_SECTOR_IO
    } else if (nToWrite >= 2 * m_vol->bytesPerSector()) {
   b85ae:	f5b7 6f80 	cmp.w	r7, #1024	; 0x400
   b85b2:	6ac2      	ldr	r2, [r0, #44]	; 0x2c
   b85b4:	d260      	bcs.n	b8678 <_ZN7FatFile5writeEPKvj+0x134>
    if (isCached(sector)) {
   b85b6:	4291      	cmp	r1, r2
    m_sector = 0XFFFFFFFF;
   b85b8:	bf02      	ittt	eq
   b85ba:	f04f 33ff 	moveq.w	r3, #4294967295
    m_status = 0;
   b85be:	f880 5024 	strbeq.w	r5, [r0, #36]	; 0x24
    m_sector = 0XFFFFFFFF;
   b85c2:	62c3      	streq	r3, [r0, #44]	; 0x2c
    return m_blockDev->writeSector(sector, src);
   b85c4:	4642      	mov	r2, r8
   b85c6:	6a80      	ldr	r0, [r0, #40]	; 0x28
   b85c8:	f001 fcbc 	bl	b9f44 <_ZN16DedicatedSpiCard11writeSectorEmPKh>
      }
#endif  // USE_MULTI_SECTOR_IO
    } else {
      // use single sector write command
      n = m_vol->bytesPerSector();
      if (!m_vol->cacheSafeWrite(sector, src)) {
   b85cc:	b138      	cbz	r0, b85de <_ZN7FatFile5writeEPKvj+0x9a>
      n = m_vol->bytesPerSector();
   b85ce:	f44f 7600 	mov.w	r6, #512	; 0x200
   b85d2:	e047      	b.n	b8664 <_ZN7FatFile5writeEPKvj+0x120>
    if (!seekSet(m_fileSize)) {
   b85d4:	69c1      	ldr	r1, [r0, #28]
   b85d6:	f7ff fe63 	bl	b82a0 <_ZN7FatFile7seekSetEm>
   b85da:	2800      	cmp	r0, #0
   b85dc:	d1bc      	bne.n	b8558 <_ZN7FatFile5writeEPKvj+0x14>
  }
  return nbyte;

fail:
  // return for write error
  m_error |= WRITE_ERROR;
   b85de:	7863      	ldrb	r3, [r4, #1]
   b85e0:	f043 0301 	orr.w	r3, r3, #1
   b85e4:	7063      	strb	r3, [r4, #1]
  return 0;
   b85e6:	f04f 0900 	mov.w	r9, #0
   b85ea:	e06b      	b.n	b86c4 <_ZN7FatFile5writeEPKvj+0x180>
          fg = m_vol->fatGet(m_curCluster, &m_curCluster);
   b85ec:	4652      	mov	r2, sl
   b85ee:	f7ff fba5 	bl	b7d3c <_ZN12FatPartition6fatGetEmPm>
          if (fg < 0) {
   b85f2:	2800      	cmp	r0, #0
   b85f4:	dbf3      	blt.n	b85de <_ZN7FatFile5writeEPKvj+0x9a>
        if (fg == 0) {
   b85f6:	d1cd      	bne.n	b8594 <_ZN7FatFile5writeEPKvj+0x50>
          if (!addCluster()) {
   b85f8:	4620      	mov	r0, r4
   b85fa:	f7ff fd05 	bl	b8008 <_ZN7FatFile10addClusterEv>
   b85fe:	2800      	cmp	r0, #0
   b8600:	d1c8      	bne.n	b8594 <_ZN7FatFile5writeEPKvj+0x50>
   b8602:	e7ec      	b.n	b85de <_ZN7FatFile5writeEPKvj+0x9a>
        if (m_firstCluster == 0) {
   b8604:	6a23      	ldr	r3, [r4, #32]
   b8606:	b93b      	cbnz	r3, b8618 <_ZN7FatFile5writeEPKvj+0xd4>
          if (!addCluster()) {
   b8608:	4620      	mov	r0, r4
   b860a:	f7ff fcfd 	bl	b8008 <_ZN7FatFile10addClusterEv>
   b860e:	2800      	cmp	r0, #0
   b8610:	d0e5      	beq.n	b85de <_ZN7FatFile5writeEPKvj+0x9a>
          m_firstCluster = m_curCluster;
   b8612:	6923      	ldr	r3, [r4, #16]
   b8614:	6223      	str	r3, [r4, #32]
   b8616:	e7bd      	b.n	b8594 <_ZN7FatFile5writeEPKvj+0x50>
          m_curCluster = m_firstCluster;
   b8618:	6123      	str	r3, [r4, #16]
   b861a:	e7bb      	b.n	b8594 <_ZN7FatFile5writeEPKvj+0x50>
      n = m_vol->bytesPerSector() - sectorOffset;
   b861c:	f5c5 7600 	rsb	r6, r5, #512	; 0x200
      if (n > nToWrite) {
   b8620:	42be      	cmp	r6, r7
   b8622:	bf28      	it	cs
   b8624:	463e      	movcs	r6, r7
      if (sectorOffset == 0 &&
   b8626:	bb1d      	cbnz	r5, b8670 <_ZN7FatFile5writeEPKvj+0x12c>
   b8628:	6962      	ldr	r2, [r4, #20]
   b862a:	69e3      	ldr	r3, [r4, #28]
   b862c:	429a      	cmp	r2, r3
   b862e:	d221      	bcs.n	b8674 <_ZN7FatFile5writeEPKvj+0x130>
          (m_curPosition >= m_fileSize || m_flags & FILE_FLAG_PREALLOCATE)) {
   b8630:	78a3      	ldrb	r3, [r4, #2]
        cacheOption = FsCache::CACHE_RESERVE_FOR_WRITE;
   b8632:	f013 0f20 	tst.w	r3, #32
   b8636:	bf0c      	ite	eq
   b8638:	2201      	moveq	r2, #1
   b863a:	2205      	movne	r2, #5
    return m_cache.prepare(sector, options);
   b863c:	3024      	adds	r0, #36	; 0x24
   b863e:	f001 fcaf 	bl	b9fa0 <_ZN7FsCache7prepareEmh>
      if (!pc) {
   b8642:	2800      	cmp	r0, #0
   b8644:	d0cb      	beq.n	b85de <_ZN7FatFile5writeEPKvj+0x9a>
      memcpy(dst, src, n);
   b8646:	4428      	add	r0, r5
   b8648:	4632      	mov	r2, r6
   b864a:	4641      	mov	r1, r8
      if (m_vol->bytesPerSector() == (n + sectorOffset)) {
   b864c:	4435      	add	r5, r6
      memcpy(dst, src, n);
   b864e:	f003 f976 	bl	bb93e <memcpy>
      if (m_vol->bytesPerSector() == (n + sectorOffset)) {
   b8652:	f5b5 7f00 	cmp.w	r5, #512	; 0x200
   b8656:	d105      	bne.n	b8664 <_ZN7FatFile5writeEPKvj+0x120>
  bool cacheSyncData() { return m_cache.sync(); }
   b8658:	68a0      	ldr	r0, [r4, #8]
   b865a:	3024      	adds	r0, #36	; 0x24
   b865c:	f001 fc7a 	bl	b9f54 <_ZN7FsCache4syncEv>
      if (!m_vol->cacheSafeWrite(sector, src, nSector)) {
   b8660:	2800      	cmp	r0, #0
   b8662:	d0bc      	beq.n	b85de <_ZN7FatFile5writeEPKvj+0x9a>
    m_curPosition += n;
   b8664:	6963      	ldr	r3, [r4, #20]
   b8666:	4433      	add	r3, r6
   b8668:	6163      	str	r3, [r4, #20]
    src += n;
   b866a:	44b0      	add	r8, r6
    nToWrite -= n;
   b866c:	1bbf      	subs	r7, r7, r6
  while (nToWrite) {
   b866e:	e77a      	b.n	b8566 <_ZN7FatFile5writeEPKvj+0x22>
        cacheOption = FsCache::CACHE_FOR_WRITE;
   b8670:	2201      	movs	r2, #1
   b8672:	e7e3      	b.n	b863c <_ZN7FatFile5writeEPKvj+0xf8>
        cacheOption = FsCache::CACHE_RESERVE_FOR_WRITE;
   b8674:	2205      	movs	r2, #5
   b8676:	e7e1      	b.n	b863c <_ZN7FatFile5writeEPKvj+0xf8>
      uint32_t maxSectors = m_vol->sectorsPerCluster() - sectorOfCluster;
   b8678:	7903      	ldrb	r3, [r0, #4]
      uint32_t nSector = nToWrite >> m_vol->bytesPerSectorShift();
   b867a:	ea4f 2c57 	mov.w	ip, r7, lsr #9
      uint32_t maxSectors = m_vol->sectorsPerCluster() - sectorOfCluster;
   b867e:	1b9b      	subs	r3, r3, r6
   b8680:	4563      	cmp	r3, ip
   b8682:	bf28      	it	cs
   b8684:	4663      	movcs	r3, ip
    return sector <= m_sector && m_sector < (sector + count);
   b8686:	4291      	cmp	r1, r2
      n = nSector << m_vol->bytesPerSectorShift();
   b8688:	ea4f 2643 	mov.w	r6, r3, lsl #9
   b868c:	d808      	bhi.n	b86a0 <_ZN7FatFile5writeEPKvj+0x15c>
   b868e:	eb01 0c03 	add.w	ip, r1, r3
   b8692:	4594      	cmp	ip, r2
    m_sector = 0XFFFFFFFF;
   b8694:	bf82      	ittt	hi
   b8696:	f04f 32ff 	movhi.w	r2, #4294967295
    m_status = 0;
   b869a:	f880 5024 	strbhi.w	r5, [r0, #36]	; 0x24
    m_sector = 0XFFFFFFFF;
   b869e:	62c2      	strhi	r2, [r0, #44]	; 0x2c
    return m_blockDev->writeSectors(sector, src, count);
   b86a0:	4642      	mov	r2, r8
   b86a2:	6a80      	ldr	r0, [r0, #40]	; 0x28
   b86a4:	f001 fc21 	bl	b9eea <_ZN16DedicatedSpiCard12writeSectorsEmPKhj>
   b86a8:	e7da      	b.n	b8660 <_ZN7FatFile5writeEPKvj+0x11c>
  if (m_curPosition > m_fileSize) {
   b86aa:	69e3      	ldr	r3, [r4, #28]
   b86ac:	4293      	cmp	r3, r2
   b86ae:	d205      	bcs.n	b86bc <_ZN7FatFile5writeEPKvj+0x178>
    m_fileSize = m_curPosition;
   b86b0:	61e2      	str	r2, [r4, #28]
    m_flags |= FILE_FLAG_DIR_DIRTY;
   b86b2:	78a3      	ldrb	r3, [r4, #2]
   b86b4:	f063 037f 	orn	r3, r3, #127	; 0x7f
   b86b8:	70a3      	strb	r3, [r4, #2]
   b86ba:	e003      	b.n	b86c4 <_ZN7FatFile5writeEPKvj+0x180>
  } else if (FsDateTime::callback) {
   b86bc:	4b03      	ldr	r3, [pc, #12]	; (b86cc <_ZN7FatFile5writeEPKvj+0x188>)
   b86be:	681b      	ldr	r3, [r3, #0]
   b86c0:	2b00      	cmp	r3, #0
   b86c2:	d1f6      	bne.n	b86b2 <_ZN7FatFile5writeEPKvj+0x16e>
}
   b86c4:	4648      	mov	r0, r9
   b86c6:	e8bd 87f0 	ldmia.w	sp!, {r4, r5, r6, r7, r8, r9, sl, pc}
   b86ca:	bf00      	nop
   b86cc:	2003e678 	.word	0x2003e678

000b86d0 <_ZN9ExFatFile7cmpNameEPK9DirName_tP8ExName_t>:
  hash = ((hash << 15) | (hash >> 1)) + (c & 0XFF);
  hash = ((hash << 15) | (hash >> 1)) + (c >> 8);
  return hash;
}
//------------------------------------------------------------------------------
bool ExFatFile::cmpName(const DirName_t* dirName, ExName_t* fname) {
   b86d0:	b570      	push	{r4, r5, r6, lr}
  bool atEnd() { return next == end; }
   b86d2:	6895      	ldr	r5, [r2, #8]
   b86d4:	f101 041e 	add.w	r4, r1, #30
   b86d8:	6853      	ldr	r3, [r2, #4]
  return *reinterpret_cast<const uint16_t*>(src);
   b86da:	f831 0f02 	ldrh.w	r0, [r1, #2]!
  for (uint8_t i = 0; i < 15; i++) {
    uint16_t u = getLe16(dirName->unicode + 2 * i);
    if (fname->atEnd()) {
   b86de:	429d      	cmp	r5, r3
   b86e0:	d103      	bne.n	b86ea <_ZN9ExFatFile7cmpNameEPK9DirName_tP8ExName_t+0x1a>
      return u == 0;
   b86e2:	fab0 f080 	clz	r0, r0
   b86e6:	0940      	lsrs	r0, r0, #5
      return false;
    }
#endif  // USE_UTF8_LONG_NAMES
  }
  return true;
}
   b86e8:	bd70      	pop	{r4, r5, r6, pc}
  char getch() { return atEnd() ? 0 : *next++; }
   b86ea:	1c5e      	adds	r6, r3, #1
   b86ec:	6056      	str	r6, [r2, #4]
    if (u >= 0x7F || toUpper(c) != toUpper(u)) {
   b86ee:	287e      	cmp	r0, #126	; 0x7e
   b86f0:	781b      	ldrb	r3, [r3, #0]
   b86f2:	d813      	bhi.n	b871c <_ZN9ExFatFile7cmpNameEPK9DirName_tP8ExName_t+0x4c>
static char toUpper(char c) { return 'a' <= c && c <= 'z' ? c - 'a' + 'A' : c; }
   b86f4:	f1a3 0661 	sub.w	r6, r3, #97	; 0x61
   b86f8:	2e19      	cmp	r6, #25
    if (u >= 0x7F || toUpper(c) != toUpper(u)) {
   b86fa:	b2c0      	uxtb	r0, r0
static char toUpper(char c) { return 'a' <= c && c <= 'z' ? c - 'a' + 'A' : c; }
   b86fc:	bf98      	it	ls
   b86fe:	3b20      	subls	r3, #32
   b8700:	f1a0 0661 	sub.w	r6, r0, #97	; 0x61
   b8704:	bf98      	it	ls
   b8706:	b2db      	uxtbls	r3, r3
   b8708:	2e19      	cmp	r6, #25
   b870a:	bf9c      	itt	ls
   b870c:	3820      	subls	r0, #32
   b870e:	b2c0      	uxtbls	r0, r0
    if (u >= 0x7F || toUpper(c) != toUpper(u)) {
   b8710:	4298      	cmp	r0, r3
   b8712:	d103      	bne.n	b871c <_ZN9ExFatFile7cmpNameEPK9DirName_tP8ExName_t+0x4c>
  for (uint8_t i = 0; i < 15; i++) {
   b8714:	42a1      	cmp	r1, r4
   b8716:	d1df      	bne.n	b86d8 <_ZN9ExFatFile7cmpNameEPK9DirName_tP8ExName_t+0x8>
  return true;
   b8718:	2001      	movs	r0, #1
   b871a:	e7e5      	b.n	b86e8 <_ZN9ExFatFile7cmpNameEPK9DirName_tP8ExName_t+0x18>
      return false;
   b871c:	2000      	movs	r0, #0
   b871e:	e7e3      	b.n	b86e8 <_ZN9ExFatFile7cmpNameEPK9DirName_tP8ExName_t+0x18>

000b8720 <_ZN9ExFatFile8hashNameEP8ExName_t>:
fail:
  *name = 0;
  return 0;
}
//------------------------------------------------------------------------------
bool ExFatFile::hashName(ExName_t* fname) {
   b8720:	b530      	push	{r4, r5, lr}
  bool atEnd() { return next == end; }
   b8722:	6888      	ldr	r0, [r1, #8]
  void reset() { next = begin; }
   b8724:	680d      	ldr	r5, [r1, #0]
   b8726:	604d      	str	r5, [r1, #4]
  uint16_t hash = 0;
   b8728:	2400      	movs	r4, #0
  bool atEnd() { return next == end; }
   b872a:	684b      	ldr	r3, [r1, #4]
    }
    hash = exFatHash(u, hash);
    fname->nameLength++;
  }
#else   // USE_UTF8_LONG_NAMES
  while (!fname->atEnd()) {
   b872c:	4283      	cmp	r3, r0
   b872e:	d015      	beq.n	b875c <_ZN9ExFatFile8hashNameEP8ExName_t+0x3c>
  char getch() { return atEnd() ? 0 : *next++; }
   b8730:	1c5a      	adds	r2, r3, #1
   b8732:	604a      	str	r2, [r1, #4]
   b8734:	781a      	ldrb	r2, [r3, #0]
static char toUpper(char c) { return 'a' <= c && c <= 'z' ? c - 'a' + 'A' : c; }
   b8736:	f1a2 0361 	sub.w	r3, r2, #97	; 0x61
   b873a:	2b19      	cmp	r3, #25
   b873c:	bf98      	it	ls
   b873e:	3a20      	subls	r2, #32
  hash = ((hash << 15) | (hash >> 1)) + u;
   b8740:	ea4f 0354 	mov.w	r3, r4, lsr #1
static char toUpper(char c) { return 'a' <= c && c <= 'z' ? c - 'a' + 'A' : c; }
   b8744:	bf98      	it	ls
   b8746:	b2d2      	uxtbls	r2, r2
  hash = ((hash << 15) | (hash >> 1)) + u;
   b8748:	ea43 33c4 	orr.w	r3, r3, r4, lsl #15
   b874c:	4413      	add	r3, r2
   b874e:	b29a      	uxth	r2, r3
  hash = ((hash << 15) | (hash >> 1));
   b8750:	f3c3 034e 	ubfx	r3, r3, #1, #15
   b8754:	ea43 33c2 	orr.w	r3, r3, r2, lsl #15
   b8758:	b29c      	uxth	r4, r3
  while (!fname->atEnd()) {
   b875a:	e7e6      	b.n	b872a <_ZN9ExFatFile8hashNameEP8ExName_t+0xa>
    // Convert to byte for smaller exFatHash.
    char c = fname->getch();
    hash = exFatHash(c, hash);
  }
  fname->nameLength = fname->end - fname->begin;
   b875c:	1b40      	subs	r0, r0, r5
   b875e:	60c8      	str	r0, [r1, #12]
#endif  // USE_UTF8_LONG_NAMES
  fname->nameHash = hash;
  if (!fname->nameLength || fname->nameLength > EXFAT_MAX_NAME_LENGTH) {
   b8760:	3801      	subs	r0, #1
  }
  return true;

fail:
  return false;
}
   b8762:	28fe      	cmp	r0, #254	; 0xfe
  fname->nameHash = hash;
   b8764:	820c      	strh	r4, [r1, #16]
}
   b8766:	bf8c      	ite	hi
   b8768:	2000      	movhi	r0, #0
   b876a:	2001      	movls	r0, #1
   b876c:	bd30      	pop	{r4, r5, pc}

000b876e <_ZN14ExFatPartition10bitmapFindEmm>:
#define DBG_FILE "ExFatPartition.cpp"
#include "../common/DebugMacros.h"
#include "ExFatLib.h"
//------------------------------------------------------------------------------
// return 0 if error, 1 if no space, else start cluster.
uint32_t ExFatPartition::bitmapFind(uint32_t cluster, uint32_t count) {
   b876e:	e92d 4ff8 	stmdb	sp!, {r3, r4, r5, r6, r7, r8, r9, sl, fp, lr}
   b8772:	4607      	mov	r7, r0
   b8774:	4693      	mov	fp, r2
  uint32_t start = cluster ? cluster - 2 : m_bitmapStart;
   b8776:	468a      	mov	sl, r1
   b8778:	b369      	cbz	r1, b87d6 <_ZN14ExFatPartition10bitmapFindEmm+0x68>
   b877a:	1e8d      	subs	r5, r1, #2
  if (start >= m_clusterCount) {
   b877c:	f8d7 3430 	ldr.w	r3, [r7, #1072]	; 0x430
    start = 0;
   b8780:	42ab      	cmp	r3, r5
   b8782:	bf98      	it	ls
   b8784:	2500      	movls	r5, #0
  uint32_t endAlloc = start;
  uint32_t bgnAlloc = start;
  uint16_t sectorSize = 1 << m_bytesPerSectorShift;
  size_t i = (start >> 3) & (sectorSize - 1);
  uint8_t* cache;
  uint8_t mask = 1 << (start & 7);
   b8786:	f005 0307 	and.w	r3, r5, #7
   b878a:	2401      	movs	r4, #1
   b878c:	409c      	lsls	r4, r3
  size_t i = (start >> 3) & (sectorSize - 1);
   b878e:	f3c5 09c8 	ubfx	r9, r5, #3, #9
  uint8_t mask = 1 << (start & 7);
   b8792:	b2e4      	uxtb	r4, r4
  uint32_t bgnAlloc = start;
   b8794:	46a8      	mov	r8, r5
  uint32_t endAlloc = start;
   b8796:	462e      	mov	r6, r5
  while (true) {
    uint32_t sector =
   b8798:	f8d7 142c 	ldr.w	r1, [r7, #1068]	; 0x42c
  bool bitmapModify(uint32_t cluster, uint32_t count, bool value);
  //----------------------------------------------------------------------------
  // Cache functions.
  uint8_t* bitmapCachePrepare(uint32_t sector, uint8_t option) {
#if USE_EXFAT_BITMAP_CACHE
    return m_bitmapCache.prepare(sector, option);
   b879c:	2200      	movs	r2, #0
   b879e:	eb01 3116 	add.w	r1, r1, r6, lsr #12
   b87a2:	4638      	mov	r0, r7
   b87a4:	f001 fbfc 	bl	b9fa0 <_ZN7FsCache7prepareEmh>
        m_clusterHeapStartSector + (endAlloc >> (m_bytesPerSectorShift + 3));
    cache = bitmapCachePrepare(sector, FsCache::CACHE_FOR_READ);
    if (!cache) {
   b87a8:	b198      	cbz	r0, b87d2 <_ZN14ExFatPartition10bitmapFindEmm+0x64>
      return 0;
    }
    for (; i < sectorSize; i++) {
      for (; mask; mask <<= 1) {
        endAlloc++;
        if (!(mask & cache[i])) {
   b87aa:	f810 3009 	ldrb.w	r3, [r0, r9]
   b87ae:	4223      	tst	r3, r4
        endAlloc++;
   b87b0:	f106 0601 	add.w	r6, r6, #1
        if (!(mask & cache[i])) {
   b87b4:	d112      	bne.n	b87dc <_ZN14ExFatPartition10bitmapFindEmm+0x6e>
          if ((endAlloc - bgnAlloc) == count) {
   b87b6:	eba6 0208 	sub.w	r2, r6, r8
   b87ba:	455a      	cmp	r2, fp
   b87bc:	d10f      	bne.n	b87de <_ZN14ExFatPartition10bitmapFindEmm+0x70>
            if (cluster == 0 && count == 1) {
   b87be:	f1ba 0f00 	cmp.w	sl, #0
   b87c2:	d104      	bne.n	b87ce <_ZN14ExFatPartition10bitmapFindEmm+0x60>
   b87c4:	f1bb 0f01 	cmp.w	fp, #1
              // Start at found sector.  bitmapModify may increase this.
              m_bitmapStart = bgnAlloc;
   b87c8:	bf08      	it	eq
   b87ca:	f8c7 8420 	streq.w	r8, [r7, #1056]	; 0x420
            }
            return bgnAlloc + 2;
   b87ce:	f108 0002 	add.w	r0, r8, #2
      mask = 1;
    }
    i = 0;
  }
  return 0;
}
   b87d2:	e8bd 8ff8 	ldmia.w	sp!, {r3, r4, r5, r6, r7, r8, r9, sl, fp, pc}
  uint32_t start = cluster ? cluster - 2 : m_bitmapStart;
   b87d6:	f8d0 5420 	ldr.w	r5, [r0, #1056]	; 0x420
   b87da:	e7cf      	b.n	b877c <_ZN14ExFatPartition10bitmapFindEmm+0xe>
        endAlloc++;
   b87dc:	46b0      	mov	r8, r6
        if (endAlloc == start) {
   b87de:	42b5      	cmp	r5, r6
   b87e0:	d018      	beq.n	b8814 <_ZN14ExFatPartition10bitmapFindEmm+0xa6>
        if (endAlloc >= m_clusterCount) {
   b87e2:	f8d7 2430 	ldr.w	r2, [r7, #1072]	; 0x430
   b87e6:	42b2      	cmp	r2, r6
   b87e8:	d90e      	bls.n	b8808 <_ZN14ExFatPartition10bitmapFindEmm+0x9a>
      for (; mask; mask <<= 1) {
   b87ea:	0064      	lsls	r4, r4, #1
   b87ec:	f014 04ff 	ands.w	r4, r4, #255	; 0xff
   b87f0:	d1dd      	bne.n	b87ae <_ZN14ExFatPartition10bitmapFindEmm+0x40>
    for (; i < sectorSize; i++) {
   b87f2:	f109 0301 	add.w	r3, r9, #1
   b87f6:	f5b3 7f00 	cmp.w	r3, #512	; 0x200
    i = 0;
   b87fa:	f04f 0900 	mov.w	r9, #0
   b87fe:	f04f 0401 	mov.w	r4, #1
    for (; i < sectorSize; i++) {
   b8802:	d2c9      	bcs.n	b8798 <_ZN14ExFatPartition10bitmapFindEmm+0x2a>
   b8804:	4699      	mov	r9, r3
   b8806:	e7d0      	b.n	b87aa <_ZN14ExFatPartition10bitmapFindEmm+0x3c>
          endAlloc = bgnAlloc = 0;
   b8808:	f04f 0800 	mov.w	r8, #0
          i = sectorSize;
   b880c:	f44f 7900 	mov.w	r9, #512	; 0x200
          endAlloc = bgnAlloc = 0;
   b8810:	4646      	mov	r6, r8
   b8812:	e7ee      	b.n	b87f2 <_ZN14ExFatPartition10bitmapFindEmm+0x84>
          return 1;
   b8814:	2001      	movs	r0, #1
   b8816:	e7dc      	b.n	b87d2 <_ZN14ExFatPartition10bitmapFindEmm+0x64>

000b8818 <_ZN14ExFatPartition12bitmapModifyEmmb>:
//------------------------------------------------------------------------------
bool ExFatPartition::bitmapModify(uint32_t cluster, uint32_t count,
                                  bool value) {
   b8818:	e92d 43f8 	stmdb	sp!, {r3, r4, r5, r6, r7, r8, r9, lr}
  uint32_t sector;
  uint32_t start = cluster - 2;
   b881c:	3902      	subs	r1, #2
                                  bool value) {
   b881e:	4605      	mov	r5, r0
  size_t i;
  uint8_t* cache;
  uint8_t mask;
  cluster -= 2;
  if ((start + count) > m_clusterCount) {
   b8820:	f8d0 0430 	ldr.w	r0, [r0, #1072]	; 0x430
                                  bool value) {
   b8824:	461f      	mov	r7, r3
  if ((start + count) > m_clusterCount) {
   b8826:	188b      	adds	r3, r1, r2
   b8828:	4283      	cmp	r3, r0
                                  bool value) {
   b882a:	4616      	mov	r6, r2
  if ((start + count) > m_clusterCount) {
   b882c:	d840      	bhi.n	b88b0 <_ZN14ExFatPartition12bitmapModifyEmmb+0x98>
    DBG_FAIL_MACRO;
    goto fail;
  }
  if (value) {
    if (start <= m_bitmapStart && m_bitmapStart < (start + count)) {
   b882e:	f8d5 2420 	ldr.w	r2, [r5, #1056]	; 0x420
  if (value) {
   b8832:	b3c7      	cbz	r7, b88a6 <_ZN14ExFatPartition12bitmapModifyEmmb+0x8e>
    if (start <= m_bitmapStart && m_bitmapStart < (start + count)) {
   b8834:	4291      	cmp	r1, r2
   b8836:	d806      	bhi.n	b8846 <_ZN14ExFatPartition12bitmapModifyEmmb+0x2e>
   b8838:	4293      	cmp	r3, r2
   b883a:	d904      	bls.n	b8846 <_ZN14ExFatPartition12bitmapModifyEmmb+0x2e>
      m_bitmapStart = (start + count) < m_clusterCount ? start + count : 0;
   b883c:	4283      	cmp	r3, r0
   b883e:	bf28      	it	cs
   b8840:	2300      	movcs	r3, #0
   b8842:	f8c5 3420 	str.w	r3, [r5, #1056]	; 0x420
  } else {
    if (start < m_bitmapStart) {
      m_bitmapStart = start;
    }
  }
  mask = 1 << (start & 7);
   b8846:	f001 0307 	and.w	r3, r1, #7
   b884a:	f04f 0901 	mov.w	r9, #1
   b884e:	fa09 f903 	lsl.w	r9, r9, r3
  sector = m_clusterHeapStartSector + (start >> (m_bytesPerSectorShift + 3));
   b8852:	f8d5 342c 	ldr.w	r3, [r5, #1068]	; 0x42c
  mask = 1 << (start & 7);
   b8856:	fa5f f989 	uxtb.w	r9, r9
  sector = m_clusterHeapStartSector + (start >> (m_bytesPerSectorShift + 3));
   b885a:	eb03 3811 	add.w	r8, r3, r1, lsr #12
  i = (start >> 3) & m_sectorMask;
   b885e:	f3c1 04c8 	ubfx	r4, r1, #3, #9
   b8862:	4641      	mov	r1, r8
   b8864:	2201      	movs	r2, #1
   b8866:	4628      	mov	r0, r5
   b8868:	4490      	add	r8, r2
   b886a:	f001 fb99 	bl	b9fa0 <_ZN7FsCache7prepareEmh>
  while (true) {
    cache = bitmapCachePrepare(sector++, FsCache::CACHE_FOR_WRITE);
    if (!cache) {
   b886e:	b1f8      	cbz	r0, b88b0 <_ZN14ExFatPartition12bitmapModifyEmmb+0x98>
   b8870:	1903      	adds	r3, r0, r4
   b8872:	4649      	mov	r1, r9
   b8874:	f500 7000 	add.w	r0, r0, #512	; 0x200
      DBG_FAIL_MACRO;
      goto fail;
    }
    for (; i < m_bytesPerSector; i++) {
      for (; mask; mask <<= 1) {
        if (value == static_cast<bool>(cache[i] & mask)) {
   b8878:	781a      	ldrb	r2, [r3, #0]
   b887a:	420a      	tst	r2, r1
   b887c:	bf14      	ite	ne
   b887e:	2401      	movne	r4, #1
   b8880:	2400      	moveq	r4, #0
   b8882:	42bc      	cmp	r4, r7
   b8884:	d014      	beq.n	b88b0 <_ZN14ExFatPartition12bitmapModifyEmmb+0x98>
          DBG_FAIL_MACRO;
          goto fail;
        }
        cache[i] ^= mask;
   b8886:	404a      	eors	r2, r1
        if (--count == 0) {
   b8888:	3e01      	subs	r6, #1
        cache[i] ^= mask;
   b888a:	701a      	strb	r2, [r3, #0]
        if (--count == 0) {
   b888c:	d013      	beq.n	b88b6 <_ZN14ExFatPartition12bitmapModifyEmmb+0x9e>
      for (; mask; mask <<= 1) {
   b888e:	0049      	lsls	r1, r1, #1
   b8890:	f011 01ff 	ands.w	r1, r1, #255	; 0xff
   b8894:	d1f0      	bne.n	b8878 <_ZN14ExFatPartition12bitmapModifyEmmb+0x60>
    for (; i < m_bytesPerSector; i++) {
   b8896:	3301      	adds	r3, #1
          return true;
        }
      }
      mask = 1;
    }
    i = 0;
   b8898:	460c      	mov	r4, r1
    for (; i < m_bytesPerSector; i++) {
   b889a:	4298      	cmp	r0, r3
   b889c:	f04f 0101 	mov.w	r1, #1
      mask = 1;
   b88a0:	4689      	mov	r9, r1
    for (; i < m_bytesPerSector; i++) {
   b88a2:	d1e9      	bne.n	b8878 <_ZN14ExFatPartition12bitmapModifyEmmb+0x60>
   b88a4:	e7dd      	b.n	b8862 <_ZN14ExFatPartition12bitmapModifyEmmb+0x4a>
    if (start < m_bitmapStart) {
   b88a6:	4291      	cmp	r1, r2
      m_bitmapStart = start;
   b88a8:	bf38      	it	cc
   b88aa:	f8c5 1420 	strcc.w	r1, [r5, #1056]	; 0x420
   b88ae:	e7ca      	b.n	b8846 <_ZN14ExFatPartition12bitmapModifyEmmb+0x2e>
  }

fail:
  return false;
   b88b0:	2000      	movs	r0, #0
}
   b88b2:	e8bd 83f8 	ldmia.w	sp!, {r3, r4, r5, r6, r7, r8, r9, pc}
          return true;
   b88b6:	2001      	movs	r0, #1
   b88b8:	e7fb      	b.n	b88b2 <_ZN14ExFatPartition12bitmapModifyEmmb+0x9a>

000b88ba <_ZN14ExFatPartition8dirCacheEP8DirPos_th>:
    n++;
  } while (status);
  return n;
}
//------------------------------------------------------------------------------
uint8_t* ExFatPartition::dirCache(DirPos_t* pos, uint8_t options) {
   b88ba:	b538      	push	{r3, r4, r5, lr}
   b88bc:	460c      	mov	r4, r1
  uint32_t sector = clusterStartSector(pos->cluster);
  sector += (m_clusterMask & pos->position) >> m_bytesPerSectorShift;
   b88be:	f8d0 3438 	ldr.w	r3, [r0, #1080]	; 0x438
   b88c2:	6849      	ldr	r1, [r1, #4]
  bool dataCacheSync() { return m_dataCache.sync(); }
  //----------------------------------------------------------------------------
  uint32_t clusterMask() const { return m_clusterMask; }
  uint32_t clusterStartSector(uint32_t cluster) {
    return m_clusterHeapStartSector +
           ((cluster - 2) << m_sectorsPerClusterShift);
   b88c4:	f890 5445 	ldrb.w	r5, [r0, #1093]	; 0x445
   b88c8:	4019      	ands	r1, r3
   b88ca:	6823      	ldr	r3, [r4, #0]
   b88cc:	3b02      	subs	r3, #2
   b88ce:	40ab      	lsls	r3, r5
   b88d0:	eb03 2351 	add.w	r3, r3, r1, lsr #9
   b88d4:	f8d0 142c 	ldr.w	r1, [r0, #1068]	; 0x42c
    return m_dataCache.prepare(sector, option);
   b88d8:	f500 7004 	add.w	r0, r0, #528	; 0x210
   b88dc:	4419      	add	r1, r3
   b88de:	f001 fb5f 	bl	b9fa0 <_ZN7FsCache7prepareEmh>
  uint8_t* cache = dataCachePrepare(sector, options);
  return cache ? cache + (pos->position & m_sectorMask) : nullptr;
   b88e2:	b118      	cbz	r0, b88ec <_ZN14ExFatPartition8dirCacheEP8DirPos_th+0x32>
   b88e4:	6863      	ldr	r3, [r4, #4]
   b88e6:	f3c3 0308 	ubfx	r3, r3, #0, #9
   b88ea:	4418      	add	r0, r3
}
   b88ec:	bd38      	pop	{r3, r4, r5, pc}

000b88ee <_ZN14ExFatPartition6fatGetEmPm>:
  }
  return 1;
}
//------------------------------------------------------------------------------
// return -1 error, 0 EOC, 1 OK
int8_t ExFatPartition::fatGet(uint32_t cluster, uint32_t* value) {
   b88ee:	b538      	push	{r3, r4, r5, lr}
  uint8_t* cache;
  uint32_t next;
  uint32_t sector;

  if (cluster > (m_clusterCount + 1)) {
   b88f0:	f8d0 3430 	ldr.w	r3, [r0, #1072]	; 0x430
   b88f4:	3301      	adds	r3, #1
   b88f6:	428b      	cmp	r3, r1
int8_t ExFatPartition::fatGet(uint32_t cluster, uint32_t* value) {
   b88f8:	460c      	mov	r4, r1
   b88fa:	4615      	mov	r5, r2
  if (cluster > (m_clusterCount + 1)) {
   b88fc:	d202      	bcs.n	b8904 <_ZN14ExFatPartition6fatGetEmPm+0x16>
    DBG_FAIL_MACRO;
    return -1;
   b88fe:	f04f 30ff 	mov.w	r0, #4294967295
  if (next == EXFAT_EOC) {
    return 0;
  }
  *value = next;
  return 1;
}
   b8902:	bd38      	pop	{r3, r4, r5, pc}
  sector = m_fatStartSector + (cluster >> (m_bytesPerSectorShift - 2));
   b8904:	f8d0 1424 	ldr.w	r1, [r0, #1060]	; 0x424
   b8908:	2200      	movs	r2, #0
   b890a:	eb01 11d4 	add.w	r1, r1, r4, lsr #7
   b890e:	f500 7004 	add.w	r0, r0, #528	; 0x210
   b8912:	f001 fb45 	bl	b9fa0 <_ZN7FsCache7prepareEmh>
  if (!cache) {
   b8916:	2800      	cmp	r0, #0
   b8918:	d0f1      	beq.n	b88fe <_ZN14ExFatPartition6fatGetEmPm+0x10>
  next = getLe32(cache + ((cluster << 2) & m_sectorMask));
   b891a:	00a4      	lsls	r4, r4, #2
   b891c:	f3c4 0408 	ubfx	r4, r4, #0, #9
  return *reinterpret_cast<const uint32_t*>(src);
   b8920:	5903      	ldr	r3, [r0, r4]
  if (next == EXFAT_EOC) {
   b8922:	1c5a      	adds	r2, r3, #1
  *value = next;
   b8924:	bf1a      	itte	ne
   b8926:	602b      	strne	r3, [r5, #0]
  return 1;
   b8928:	2001      	movne	r0, #1
    return 0;
   b892a:	2000      	moveq	r0, #0
   b892c:	e7e9      	b.n	b8902 <_ZN14ExFatPartition6fatGetEmPm+0x14>

000b892e <_ZN14ExFatPartition9chainSizeEm>:
uint32_t ExFatPartition::chainSize(uint32_t cluster) {
   b892e:	b537      	push	{r0, r1, r2, r4, r5, lr}
   b8930:	4605      	mov	r5, r0
   b8932:	9101      	str	r1, [sp, #4]
  uint32_t n = 0;
   b8934:	2400      	movs	r4, #0
    status = fatGet(cluster, &cluster);
   b8936:	9901      	ldr	r1, [sp, #4]
   b8938:	aa01      	add	r2, sp, #4
   b893a:	4628      	mov	r0, r5
   b893c:	f7ff ffd7 	bl	b88ee <_ZN14ExFatPartition6fatGetEmPm>
    if (status < 0) return 0;
   b8940:	2800      	cmp	r0, #0
   b8942:	db05      	blt.n	b8950 <_ZN14ExFatPartition9chainSizeEm+0x22>
    n++;
   b8944:	f104 0401 	add.w	r4, r4, #1
  } while (status);
   b8948:	d1f5      	bne.n	b8936 <_ZN14ExFatPartition9chainSizeEm+0x8>
}
   b894a:	4620      	mov	r0, r4
   b894c:	b003      	add	sp, #12
   b894e:	bd30      	pop	{r4, r5, pc}
    if (status < 0) return 0;
   b8950:	2400      	movs	r4, #0
   b8952:	e7fa      	b.n	b894a <_ZN14ExFatPartition9chainSizeEm+0x1c>

000b8954 <_ZN14ExFatPartition7dirSeekEP8DirPos_tm>:
int8_t ExFatPartition::dirSeek(DirPos_t* pos, uint32_t offset) {
   b8954:	b570      	push	{r4, r5, r6, lr}
  uint32_t tmp = (m_clusterMask & pos->position) + offset;
   b8956:	684b      	ldr	r3, [r1, #4]
   b8958:	f8d0 4438 	ldr.w	r4, [r0, #1080]	; 0x438
   b895c:	401c      	ands	r4, r3
  pos->position += offset;
   b895e:	4413      	add	r3, r2
   b8960:	604b      	str	r3, [r1, #4]
    return m_bytesPerSectorShift + m_sectorsPerClusterShift;
   b8962:	f890 3445 	ldrb.w	r3, [r0, #1093]	; 0x445
   b8966:	3309      	adds	r3, #9
  uint32_t tmp = (m_clusterMask & pos->position) + offset;
   b8968:	4414      	add	r4, r2
  tmp >>= bytesPerClusterShift();
   b896a:	b2db      	uxtb	r3, r3
int8_t ExFatPartition::dirSeek(DirPos_t* pos, uint32_t offset) {
   b896c:	4606      	mov	r6, r0
   b896e:	460d      	mov	r5, r1
  tmp >>= bytesPerClusterShift();
   b8970:	40dc      	lsrs	r4, r3
  while (tmp--) {
   b8972:	b16c      	cbz	r4, b8990 <_ZN14ExFatPartition7dirSeekEP8DirPos_tm+0x3c>
    if (pos->isContiguous) {
   b8974:	7a2b      	ldrb	r3, [r5, #8]
      pos->cluster++;
   b8976:	6829      	ldr	r1, [r5, #0]
    if (pos->isContiguous) {
   b8978:	b11b      	cbz	r3, b8982 <_ZN14ExFatPartition7dirSeekEP8DirPos_tm+0x2e>
      pos->cluster++;
   b897a:	3101      	adds	r1, #1
   b897c:	6029      	str	r1, [r5, #0]
   b897e:	3c01      	subs	r4, #1
   b8980:	e7f7      	b.n	b8972 <_ZN14ExFatPartition7dirSeekEP8DirPos_tm+0x1e>
      status = fatGet(pos->cluster, &pos->cluster);
   b8982:	462a      	mov	r2, r5
   b8984:	4630      	mov	r0, r6
   b8986:	f7ff ffb2 	bl	b88ee <_ZN14ExFatPartition6fatGetEmPm>
      if (status != 1) {
   b898a:	2801      	cmp	r0, #1
   b898c:	d0f7      	beq.n	b897e <_ZN14ExFatPartition7dirSeekEP8DirPos_tm+0x2a>
}
   b898e:	bd70      	pop	{r4, r5, r6, pc}
  return 1;
   b8990:	2001      	movs	r0, #1
   b8992:	e7fc      	b.n	b898e <_ZN14ExFatPartition7dirSeekEP8DirPos_tm+0x3a>

000b8994 <_ZN14ExFatPartition6fatPutEmm>:
//------------------------------------------------------------------------------
bool ExFatPartition::fatPut(uint32_t cluster, uint32_t value) {
  uint32_t sector;
  uint8_t* cache;
  if (cluster < 2 || cluster > (m_clusterCount + 1)) {
   b8994:	2901      	cmp	r1, #1
bool ExFatPartition::fatPut(uint32_t cluster, uint32_t value) {
   b8996:	b538      	push	{r3, r4, r5, lr}
   b8998:	460c      	mov	r4, r1
   b899a:	4615      	mov	r5, r2
  if (cluster < 2 || cluster > (m_clusterCount + 1)) {
   b899c:	d801      	bhi.n	b89a2 <_ZN14ExFatPartition6fatPutEmm+0xe>
  }
  setLe32(cache + ((cluster << 2) & m_sectorMask), value);
  return true;

fail:
  return false;
   b899e:	2000      	movs	r0, #0
}
   b89a0:	bd38      	pop	{r3, r4, r5, pc}
  if (cluster < 2 || cluster > (m_clusterCount + 1)) {
   b89a2:	f8d0 3430 	ldr.w	r3, [r0, #1072]	; 0x430
   b89a6:	3301      	adds	r3, #1
   b89a8:	428b      	cmp	r3, r1
   b89aa:	d3f8      	bcc.n	b899e <_ZN14ExFatPartition6fatPutEmm+0xa>
  sector = m_fatStartSector + (cluster >> (m_bytesPerSectorShift - 2));
   b89ac:	f8d0 1424 	ldr.w	r1, [r0, #1060]	; 0x424
    return m_dataCache.prepare(sector, option);
   b89b0:	2201      	movs	r2, #1
   b89b2:	eb01 11d4 	add.w	r1, r1, r4, lsr #7
   b89b6:	f500 7004 	add.w	r0, r0, #528	; 0x210
   b89ba:	f001 faf1 	bl	b9fa0 <_ZN7FsCache7prepareEmh>
  if (!cache) {
   b89be:	2800      	cmp	r0, #0
   b89c0:	d0ed      	beq.n	b899e <_ZN14ExFatPartition6fatPutEmm+0xa>
  setLe32(cache + ((cluster << 2) & m_sectorMask), value);
   b89c2:	00a4      	lsls	r4, r4, #2
   b89c4:	f3c4 0408 	ubfx	r4, r4, #0, #9
  *reinterpret_cast<uint32_t*>(dst) = src;
   b89c8:	5105      	str	r5, [r0, r4]
  return true;
   b89ca:	2001      	movs	r0, #1
   b89cc:	e7e8      	b.n	b89a0 <_ZN14ExFatPartition6fatPutEmm+0xc>

000b89ce <_ZN14ExFatPartition9freeChainEm>:
//------------------------------------------------------------------------------
bool ExFatPartition::freeChain(uint32_t cluster) {
   b89ce:	e92d 41f3 	stmdb	sp!, {r0, r1, r4, r5, r6, r7, r8, lr}
   b89d2:	4607      	mov	r7, r0
   b89d4:	460c      	mov	r4, r1
  uint32_t next;
  uint32_t start = cluster;
   b89d6:	4688      	mov	r8, r1
  int8_t status;
  do {
    status = fatGet(cluster, &next);
   b89d8:	aa01      	add	r2, sp, #4
   b89da:	4621      	mov	r1, r4
   b89dc:	4638      	mov	r0, r7
   b89de:	f7ff ff86 	bl	b88ee <_ZN14ExFatPartition6fatGetEmPm>
    if (status < 0) {
   b89e2:	1e06      	subs	r6, r0, #0
   b89e4:	da04      	bge.n	b89f0 <_ZN14ExFatPartition9freeChainEm+0x22>
  } while (status);

  return true;

fail:
  return false;
   b89e6:	2500      	movs	r5, #0
}
   b89e8:	4628      	mov	r0, r5
   b89ea:	b002      	add	sp, #8
   b89ec:	e8bd 81f0 	ldmia.w	sp!, {r4, r5, r6, r7, r8, pc}
    if (!fatPut(cluster, 0)) {
   b89f0:	2200      	movs	r2, #0
   b89f2:	4621      	mov	r1, r4
   b89f4:	4638      	mov	r0, r7
   b89f6:	f7ff ffcd 	bl	b8994 <_ZN14ExFatPartition6fatPutEmm>
   b89fa:	4605      	mov	r5, r0
   b89fc:	2800      	cmp	r0, #0
   b89fe:	d0f2      	beq.n	b89e6 <_ZN14ExFatPartition9freeChainEm+0x18>
    if (status == 0 || (cluster + 1) != next) {
   b8a00:	1c62      	adds	r2, r4, #1
   b8a02:	b116      	cbz	r6, b8a0a <_ZN14ExFatPartition9freeChainEm+0x3c>
   b8a04:	9b01      	ldr	r3, [sp, #4]
   b8a06:	4293      	cmp	r3, r2
   b8a08:	d00a      	beq.n	b8a20 <_ZN14ExFatPartition9freeChainEm+0x52>
      if (!bitmapModify(start, cluster - start + 1, 0)) {
   b8a0a:	2300      	movs	r3, #0
   b8a0c:	eba2 0208 	sub.w	r2, r2, r8
   b8a10:	4641      	mov	r1, r8
   b8a12:	4638      	mov	r0, r7
   b8a14:	f7ff ff00 	bl	b8818 <_ZN14ExFatPartition12bitmapModifyEmmb>
   b8a18:	2800      	cmp	r0, #0
   b8a1a:	d0e4      	beq.n	b89e6 <_ZN14ExFatPartition9freeChainEm+0x18>
      start = next;
   b8a1c:	f8dd 8004 	ldr.w	r8, [sp, #4]
    cluster = next;
   b8a20:	9c01      	ldr	r4, [sp, #4]
  } while (status);
   b8a22:	2e00      	cmp	r6, #0
   b8a24:	d1d8      	bne.n	b89d8 <_ZN14ExFatPartition9freeChainEm+0xa>
   b8a26:	e7df      	b.n	b89e8 <_ZN14ExFatPartition9freeChainEm+0x1a>

000b8a28 <_ZN14ExFatPartition4initEP16DedicatedSpiCardhm>:
      }
    }
  }
}
//------------------------------------------------------------------------------
bool ExFatPartition::init(FsBlockDevice* dev, uint8_t part, uint32_t volStart) {
   b8a28:	b570      	push	{r4, r5, r6, lr}
   b8a2a:	4604      	mov	r4, r0
   b8a2c:	461e      	mov	r6, r3
  pbs_t* pbs;
  BpbExFat_t* bpb;
  MbrSector_t* mbr;
  m_fatType = 0;
   b8a2e:	2300      	movs	r3, #0
   b8a30:	f880 3444 	strb.w	r3, [r0, #1092]	; 0x444
  m_blockDev = dev;
   b8a34:	f8c0 1440 	str.w	r1, [r0, #1088]	; 0x440
    m_blockDev = blockDev;
   b8a38:	6041      	str	r1, [r0, #4]
    m_status = 0;
   b8a3a:	7003      	strb	r3, [r0, #0]
    m_sector = 0XFFFFFFFF;
   b8a3c:	f04f 30ff 	mov.w	r0, #4294967295
   b8a40:	60a0      	str	r0, [r4, #8]
    m_blockDev = blockDev;
   b8a42:	f8c4 1214 	str.w	r1, [r4, #532]	; 0x214
    m_status = 0;
   b8a46:	f884 3210 	strb.w	r3, [r4, #528]	; 0x210
    m_sector = 0XFFFFFFFF;
   b8a4a:	f8c4 0218 	str.w	r0, [r4, #536]	; 0x218
  cacheInit(m_blockDev);
  // if part == 0 assume super floppy with FAT boot sector in sector zero
  // if part > 0 assume mbr volume with partition table
  if (part) {
   b8a4e:	4615      	mov	r5, r2
   b8a50:	b1d2      	cbz	r2, b8a88 <_ZN14ExFatPartition4initEP16DedicatedSpiCardhm+0x60>
    if (part > 4) {
   b8a52:	2a04      	cmp	r2, #4
   b8a54:	d901      	bls.n	b8a5a <_ZN14ExFatPartition4initEP16DedicatedSpiCardhm+0x32>
  bitmapFind(0, 1);
  m_fatType = FAT_TYPE_EXFAT;
  return true;

fail:
  return false;
   b8a56:	2000      	movs	r0, #0
}
   b8a58:	bd70      	pop	{r4, r5, r6, pc}
   b8a5a:	461a      	mov	r2, r3
   b8a5c:	4619      	mov	r1, r3
   b8a5e:	f504 7004 	add.w	r0, r4, #528	; 0x210
   b8a62:	f001 fa9d 	bl	b9fa0 <_ZN7FsCache7prepareEmh>
    if (!mbr) {
   b8a66:	2800      	cmp	r0, #0
   b8a68:	d0f5      	beq.n	b8a56 <_ZN14ExFatPartition4initEP16DedicatedSpiCardhm+0x2e>
    MbrPart_t* mp = mbr->part + part - 1;
   b8a6a:	f105 5280 	add.w	r2, r5, #268435456	; 0x10000000
   b8a6e:	3a01      	subs	r2, #1
   b8a70:	f500 70df 	add.w	r0, r0, #446	; 0x1be
   b8a74:	0113      	lsls	r3, r2, #4
   b8a76:	eb00 1202 	add.w	r2, r0, r2, lsl #4
    if (mp->type == 0 || (mp->boot != 0 && mp->boot != 0X80)) {
   b8a7a:	7911      	ldrb	r1, [r2, #4]
   b8a7c:	2900      	cmp	r1, #0
   b8a7e:	d0ea      	beq.n	b8a56 <_ZN14ExFatPartition4initEP16DedicatedSpiCardhm+0x2e>
   b8a80:	5cc3      	ldrb	r3, [r0, r3]
   b8a82:	065b      	lsls	r3, r3, #25
   b8a84:	d1e7      	bne.n	b8a56 <_ZN14ExFatPartition4initEP16DedicatedSpiCardhm+0x2e>
  return *reinterpret_cast<const uint32_t*>(src);
   b8a86:	6896      	ldr	r6, [r2, #8]
   b8a88:	2200      	movs	r2, #0
   b8a8a:	4631      	mov	r1, r6
   b8a8c:	f504 7004 	add.w	r0, r4, #528	; 0x210
   b8a90:	f001 fa86 	bl	b9fa0 <_ZN7FsCache7prepareEmh>
  if (!pbs) {
   b8a94:	4605      	mov	r5, r0
   b8a96:	2800      	cmp	r0, #0
   b8a98:	d0dd      	beq.n	b8a56 <_ZN14ExFatPartition4initEP16DedicatedSpiCardhm+0x2e>
  if (strncmp(pbs->oemName, "EXFAT", 5)) {
   b8a9a:	491a      	ldr	r1, [pc, #104]	; (b8b04 <_ZN14ExFatPartition4initEP16DedicatedSpiCardhm+0xdc>)
   b8a9c:	2205      	movs	r2, #5
   b8a9e:	3003      	adds	r0, #3
   b8aa0:	f002 ffaf 	bl	bba02 <strncmp>
   b8aa4:	4601      	mov	r1, r0
   b8aa6:	2800      	cmp	r0, #0
   b8aa8:	d1d5      	bne.n	b8a56 <_ZN14ExFatPartition4initEP16DedicatedSpiCardhm+0x2e>
  if (bpb->bytesPerSectorShift != m_bytesPerSectorShift) {
   b8aaa:	f895 306c 	ldrb.w	r3, [r5, #108]	; 0x6c
   b8aae:	2b09      	cmp	r3, #9
   b8ab0:	d1d1      	bne.n	b8a56 <_ZN14ExFatPartition4initEP16DedicatedSpiCardhm+0x2e>
  m_fatStartSector = volStart + getLe32(bpb->fatOffset);
   b8ab2:	6d2b      	ldr	r3, [r5, #80]	; 0x50
   b8ab4:	4433      	add	r3, r6
   b8ab6:	f8c4 3424 	str.w	r3, [r4, #1060]	; 0x424
   b8aba:	6d6b      	ldr	r3, [r5, #84]	; 0x54
  m_fatLength = getLe32(bpb->fatLength);
   b8abc:	f8c4 3428 	str.w	r3, [r4, #1064]	; 0x428
  m_clusterHeapStartSector = volStart + getLe32(bpb->clusterHeapOffset);
   b8ac0:	6dab      	ldr	r3, [r5, #88]	; 0x58
   b8ac2:	4433      	add	r3, r6
   b8ac4:	f8c4 342c 	str.w	r3, [r4, #1068]	; 0x42c
   b8ac8:	6deb      	ldr	r3, [r5, #92]	; 0x5c
  m_clusterCount = getLe32(bpb->clusterCount);
   b8aca:	f8c4 3430 	str.w	r3, [r4, #1072]	; 0x430
   b8ace:	6e2b      	ldr	r3, [r5, #96]	; 0x60
  m_rootDirectoryCluster = getLe32(bpb->rootDirectoryCluster);
   b8ad0:	f8c4 3434 	str.w	r3, [r4, #1076]	; 0x434
  m_sectorsPerClusterShift = bpb->sectorsPerClusterShift;
   b8ad4:	f895 306d 	ldrb.w	r3, [r5, #109]	; 0x6d
   b8ad8:	f884 3445 	strb.w	r3, [r4, #1093]	; 0x445
  m_bytesPerCluster = 1UL << (m_bytesPerSectorShift + m_sectorsPerClusterShift);
   b8adc:	2501      	movs	r5, #1
   b8ade:	3309      	adds	r3, #9
   b8ae0:	fa05 f303 	lsl.w	r3, r5, r3
   b8ae4:	f8c4 343c 	str.w	r3, [r4, #1084]	; 0x43c
  m_clusterMask = m_bytesPerCluster - 1;
   b8ae8:	3b01      	subs	r3, #1
   b8aea:	f8c4 3438 	str.w	r3, [r4, #1080]	; 0x438
  m_bitmapStart = 0;
   b8aee:	f8c4 0420 	str.w	r0, [r4, #1056]	; 0x420
  bitmapFind(0, 1);
   b8af2:	462a      	mov	r2, r5
   b8af4:	4620      	mov	r0, r4
   b8af6:	f7ff fe3a 	bl	b876e <_ZN14ExFatPartition10bitmapFindEmm>
  m_fatType = FAT_TYPE_EXFAT;
   b8afa:	2340      	movs	r3, #64	; 0x40
   b8afc:	f884 3444 	strb.w	r3, [r4, #1092]	; 0x444
  return true;
   b8b00:	4628      	mov	r0, r5
   b8b02:	e7a9      	b.n	b8a58 <_ZN14ExFatPartition4initEP16DedicatedSpiCardhm+0x30>
   b8b04:	000bbfa9 	.word	0x000bbfa9

000b8b08 <_ZN14ExFatPartition10rootLengthEv>:
//------------------------------------------------------------------------------
uint32_t ExFatPartition::rootLength() {
   b8b08:	b510      	push	{r4, lr}
   b8b0a:	4604      	mov	r4, r0
  uint32_t nc = chainSize(m_rootDirectoryCluster);
   b8b0c:	f8d0 1434 	ldr.w	r1, [r0, #1076]	; 0x434
   b8b10:	f7ff ff0d 	bl	b892e <_ZN14ExFatPartition9chainSizeEm>
    return m_bytesPerSectorShift + m_sectorsPerClusterShift;
   b8b14:	f894 3445 	ldrb.w	r3, [r4, #1093]	; 0x445
   b8b18:	3309      	adds	r3, #9
  return nc << bytesPerClusterShift();
   b8b1a:	b2db      	uxtb	r3, r3
}
   b8b1c:	4098      	lsls	r0, r3
   b8b1e:	bd10      	pop	{r4, pc}

000b8b20 <_ZL16exFatDirChecksumPKht>:
  return false;
}
//==============================================================================
#else  // EXFAT_READ_ONLY
//------------------------------------------------------------------------------
static uint16_t exFatDirChecksum(const uint8_t* data, uint16_t checksum) {
   b8b20:	b510      	push	{r4, lr}
  bool skip = data[0] == EXFAT_TYPE_FILE;
   b8b22:	7804      	ldrb	r4, [r0, #0]
  for (size_t i = 0; i < 32; i += i == 1 && skip ? 3 : 1) {
   b8b24:	2300      	movs	r3, #0
    checksum = ((checksum << 15) | (checksum >> 1)) + data[i];
   b8b26:	084a      	lsrs	r2, r1, #1
   b8b28:	ea42 31c1 	orr.w	r1, r2, r1, lsl #15
   b8b2c:	5cc2      	ldrb	r2, [r0, r3]
  for (size_t i = 0; i < 32; i += i == 1 && skip ? 3 : 1) {
   b8b2e:	2b01      	cmp	r3, #1
    checksum = ((checksum << 15) | (checksum >> 1)) + data[i];
   b8b30:	fa12 f181 	uxtah	r1, r2, r1
   b8b34:	b289      	uxth	r1, r1
  for (size_t i = 0; i < 32; i += i == 1 && skip ? 3 : 1) {
   b8b36:	d108      	bne.n	b8b4a <_ZL16exFatDirChecksumPKht+0x2a>
   b8b38:	2c85      	cmp	r4, #133	; 0x85
   b8b3a:	bf14      	ite	ne
   b8b3c:	2201      	movne	r2, #1
   b8b3e:	2203      	moveq	r2, #3
   b8b40:	4413      	add	r3, r2
   b8b42:	2b1f      	cmp	r3, #31
   b8b44:	d9ef      	bls.n	b8b26 <_ZL16exFatDirChecksumPKht+0x6>
  }
  return checksum;
}
   b8b46:	4608      	mov	r0, r1
   b8b48:	bd10      	pop	{r4, pc}
  for (size_t i = 0; i < 32; i += i == 1 && skip ? 3 : 1) {
   b8b4a:	2201      	movs	r2, #1
   b8b4c:	e7f8      	b.n	b8b40 <_ZL16exFatDirChecksumPKht+0x20>

000b8b4e <_ZN14ExFatPartition9cacheSyncEv>:
  bool cacheSync() {
   b8b4e:	b510      	push	{r4, lr}
   b8b50:	4604      	mov	r4, r0
    return m_bitmapCache.sync() && m_dataCache.sync() && syncDevice();
   b8b52:	f001 f9ff 	bl	b9f54 <_ZN7FsCache4syncEv>
   b8b56:	b150      	cbz	r0, b8b6e <_ZN14ExFatPartition9cacheSyncEv+0x20>
   b8b58:	f504 7004 	add.w	r0, r4, #528	; 0x210
   b8b5c:	f001 f9fa 	bl	b9f54 <_ZN7FsCache4syncEv>
   b8b60:	b128      	cbz	r0, b8b6e <_ZN14ExFatPartition9cacheSyncEv+0x20>
  int8_t fatGet(uint32_t cluster, uint32_t* value);
  bool fatPut(uint32_t cluster, uint32_t value);
  uint32_t chainSize(uint32_t cluster);
  bool freeChain(uint32_t cluster);
  uint16_t sectorMask() const { return m_sectorMask; }
  bool syncDevice() { return m_blockDev->syncDevice(); }
   b8b62:	f8d4 0440 	ldr.w	r0, [r4, #1088]	; 0x440
  }
   b8b66:	e8bd 4010 	ldmia.w	sp!, {r4, lr}
  bool syncDevice() { return m_blockDev->syncDevice(); }
   b8b6a:	f000 bffe 	b.w	b9b6a <_ZN13SharedSpiCard10syncDeviceEv>
  }
   b8b6e:	2000      	movs	r0, #0
   b8b70:	bd10      	pop	{r4, pc}

000b8b72 <_ZN9ExFatFile10addClusterEv>:
//------------------------------------------------------------------------------
bool ExFatFile::addCluster() {
   b8b72:	b5f8      	push	{r3, r4, r5, r6, r7, lr}
   b8b74:	4604      	mov	r4, r0
  uint32_t find = m_vol->bitmapFind(m_curCluster ? m_curCluster + 1 : 0, 1);
   b8b76:	6a00      	ldr	r0, [r0, #32]
   b8b78:	69a1      	ldr	r1, [r4, #24]
   b8b7a:	b101      	cbz	r1, b8b7e <_ZN9ExFatFile10addClusterEv+0xc>
   b8b7c:	3101      	adds	r1, #1
   b8b7e:	2201      	movs	r2, #1
   b8b80:	f7ff fdf5 	bl	b876e <_ZN14ExFatPartition10bitmapFindEmm>
  if (find < 2) {
   b8b84:	2801      	cmp	r0, #1
  uint32_t find = m_vol->bitmapFind(m_curCluster ? m_curCluster + 1 : 0, 1);
   b8b86:	4605      	mov	r5, r0
  if (find < 2) {
   b8b88:	d802      	bhi.n	b8b90 <_ZN9ExFatFile10addClusterEv+0x1e>
done:
  m_curCluster = find;
  return true;

fail:
  return false;
   b8b8a:	2600      	movs	r6, #0
}
   b8b8c:	4630      	mov	r0, r6
   b8b8e:	bdf8      	pop	{r3, r4, r5, r6, r7, pc}
  if (!m_vol->bitmapModify(find, 1, 1)) {
   b8b90:	2301      	movs	r3, #1
   b8b92:	4601      	mov	r1, r0
   b8b94:	461a      	mov	r2, r3
   b8b96:	6a20      	ldr	r0, [r4, #32]
   b8b98:	f7ff fe3e 	bl	b8818 <_ZN14ExFatPartition12bitmapModifyEmmb>
   b8b9c:	4606      	mov	r6, r0
   b8b9e:	2800      	cmp	r0, #0
   b8ba0:	d0f3      	beq.n	b8b8a <_ZN9ExFatFile10addClusterEv+0x18>
  if (m_curCluster == 0) {
   b8ba2:	69a2      	ldr	r2, [r4, #24]
    m_flags |= FILE_FLAG_CONTIGUOUS;
   b8ba4:	f894 3033 	ldrb.w	r3, [r4, #51]	; 0x33
  if (m_curCluster == 0) {
   b8ba8:	b92a      	cbnz	r2, b8bb6 <_ZN9ExFatFile10addClusterEv+0x44>
    m_flags |= FILE_FLAG_CONTIGUOUS;
   b8baa:	f043 0340 	orr.w	r3, r3, #64	; 0x40
   b8bae:	f884 3033 	strb.w	r3, [r4, #51]	; 0x33
  m_curCluster = find;
   b8bb2:	61a5      	str	r5, [r4, #24]
  return true;
   b8bb4:	e7ea      	b.n	b8b8c <_ZN9ExFatFile10addClusterEv+0x1a>
  if (isContiguous()) {
   b8bb6:	0659      	lsls	r1, r3, #25
   b8bb8:	d513      	bpl.n	b8be2 <_ZN9ExFatFile10addClusterEv+0x70>
    if (find == (m_curCluster + 1)) {
   b8bba:	3201      	adds	r2, #1
   b8bbc:	42aa      	cmp	r2, r5
   b8bbe:	d0f8      	beq.n	b8bb2 <_ZN9ExFatFile10addClusterEv+0x40>
    m_flags &= ~FILE_FLAG_CONTIGUOUS;
   b8bc0:	f023 0340 	bic.w	r3, r3, #64	; 0x40
    for (uint32_t c = m_firstCluster; c < m_curCluster; c++) {
   b8bc4:	69e1      	ldr	r1, [r4, #28]
    m_flags &= ~FILE_FLAG_CONTIGUOUS;
   b8bc6:	f884 3033 	strb.w	r3, [r4, #51]	; 0x33
    for (uint32_t c = m_firstCluster; c < m_curCluster; c++) {
   b8bca:	69a3      	ldr	r3, [r4, #24]
      if (!m_vol->fatPut(c, c + 1)) {
   b8bcc:	6a20      	ldr	r0, [r4, #32]
    for (uint32_t c = m_firstCluster; c < m_curCluster; c++) {
   b8bce:	428b      	cmp	r3, r1
   b8bd0:	d907      	bls.n	b8be2 <_ZN9ExFatFile10addClusterEv+0x70>
      if (!m_vol->fatPut(c, c + 1)) {
   b8bd2:	1c4f      	adds	r7, r1, #1
   b8bd4:	463a      	mov	r2, r7
   b8bd6:	f7ff fedd 	bl	b8994 <_ZN14ExFatPartition6fatPutEmm>
   b8bda:	2800      	cmp	r0, #0
   b8bdc:	d0d5      	beq.n	b8b8a <_ZN9ExFatFile10addClusterEv+0x18>
    for (uint32_t c = m_firstCluster; c < m_curCluster; c++) {
   b8bde:	4639      	mov	r1, r7
   b8be0:	e7f3      	b.n	b8bca <_ZN9ExFatFile10addClusterEv+0x58>
  if (!m_vol->fatPut(find, EXFAT_EOC)) {
   b8be2:	6a20      	ldr	r0, [r4, #32]
   b8be4:	f04f 32ff 	mov.w	r2, #4294967295
   b8be8:	4629      	mov	r1, r5
   b8bea:	f7ff fed3 	bl	b8994 <_ZN14ExFatPartition6fatPutEmm>
   b8bee:	2800      	cmp	r0, #0
   b8bf0:	d0cb      	beq.n	b8b8a <_ZN9ExFatFile10addClusterEv+0x18>
  if (m_curCluster) {
   b8bf2:	69a1      	ldr	r1, [r4, #24]
   b8bf4:	2900      	cmp	r1, #0
   b8bf6:	d0dc      	beq.n	b8bb2 <_ZN9ExFatFile10addClusterEv+0x40>
    if (!m_vol->fatPut(m_curCluster, find)) {
   b8bf8:	6a20      	ldr	r0, [r4, #32]
   b8bfa:	462a      	mov	r2, r5
   b8bfc:	f7ff feca 	bl	b8994 <_ZN14ExFatPartition6fatPutEmm>
   b8c00:	2800      	cmp	r0, #0
   b8c02:	d1d6      	bne.n	b8bb2 <_ZN9ExFatFile10addClusterEv+0x40>
   b8c04:	e7c1      	b.n	b8b8a <_ZN9ExFatFile10addClusterEv+0x18>
	...

000b8c08 <_ZN9ExFatFile7syncDirEv>:
fail:
  m_error |= WRITE_ERROR;
  return false;
}
//------------------------------------------------------------------------------
bool ExFatFile::syncDir() {
   b8c08:	e92d 41f3 	stmdb	sp!, {r0, r1, r4, r5, r6, r7, r8, lr}
   b8c0c:	2700      	movs	r7, #0
    }
    switch (cache[0]) {
      case EXFAT_TYPE_FILE:
        df = reinterpret_cast<DirFile_t*>(cache);
        setLe16(df->attributes, m_attributes & FS_ATTRIB_COPY);
        if (FsDateTime::callback) {
   b8c0e:	f8df 80d0 	ldr.w	r8, [pc, #208]	; b8ce0 <_ZN9ExFatFile7syncDirEv+0xd8>
bool ExFatFile::syncDir() {
   b8c12:	4604      	mov	r4, r0
  uint16_t checksum = 0;
   b8c14:	463e      	mov	r6, r7
    cache = dirCache(is, FsCache::CACHE_FOR_READ);
   b8c16:	2200      	movs	r2, #0
   b8c18:	b2f9      	uxtb	r1, r7
   b8c1a:	4620      	mov	r0, r4
   b8c1c:	f000 fa48 	bl	b90b0 <_ZN9ExFatFile8dirCacheEhh>
    if (!cache) {
   b8c20:	4605      	mov	r5, r0
   b8c22:	2800      	cmp	r0, #0
   b8c24:	d03d      	beq.n	b8ca2 <_ZN9ExFatFile7syncDirEv+0x9a>
    switch (cache[0]) {
   b8c26:	7803      	ldrb	r3, [r0, #0]
   b8c28:	2bc0      	cmp	r3, #192	; 0xc0
   b8c2a:	d044      	beq.n	b8cb6 <_ZN9ExFatFile7syncDirEv+0xae>
   b8c2c:	2bc1      	cmp	r3, #193	; 0xc1
   b8c2e:	d021      	beq.n	b8c74 <_ZN9ExFatFile7syncDirEv+0x6c>
   b8c30:	2b85      	cmp	r3, #133	; 0x85
   b8c32:	d136      	bne.n	b8ca2 <_ZN9ExFatFile7syncDirEv+0x9a>
        setLe16(df->attributes, m_attributes & FS_ATTRIB_COPY);
   b8c34:	f894 3031 	ldrb.w	r3, [r4, #49]	; 0x31
   b8c38:	f003 0337 	and.w	r3, r3, #55	; 0x37
   b8c3c:	8083      	strh	r3, [r0, #4]
        if (FsDateTime::callback) {
   b8c3e:	f8d8 3000 	ldr.w	r3, [r8]
   b8c42:	b183      	cbz	r3, b8c66 <_ZN9ExFatFile7syncDirEv+0x5e>
          uint16_t date, time;
          uint8_t ms10;
          FsDateTime::callback(&date, &time, &ms10);
   b8c44:	f10d 0203 	add.w	r2, sp, #3
   b8c48:	f10d 0106 	add.w	r1, sp, #6
   b8c4c:	a801      	add	r0, sp, #4
   b8c4e:	4798      	blx	r3
          df->modifyTimeMs = ms10;
   b8c50:	f89d 3003 	ldrb.w	r3, [sp, #3]
          setLe16(df->modifyTime, time);
   b8c54:	f8bd 2006 	ldrh.w	r2, [sp, #6]
          df->modifyTimeMs = ms10;
   b8c58:	756b      	strb	r3, [r5, #21]
          setLe16(df->modifyDate, date);
   b8c5a:	f8bd 3004 	ldrh.w	r3, [sp, #4]
  *reinterpret_cast<uint16_t*>(dst) = src;
   b8c5e:	81aa      	strh	r2, [r5, #12]
   b8c60:	81eb      	strh	r3, [r5, #14]
   b8c62:	822a      	strh	r2, [r5, #16]
   b8c64:	826b      	strh	r3, [r5, #18]
          ds->flags &= ~EXFAT_FLAG_CONTIGUOUS;
        }
        setLe64(ds->validLength, m_validLength);
        setLe32(ds->firstCluster, m_firstCluster);
        setLe64(ds->dataLength, m_dataLength);
        m_vol->dataCacheDirty();
   b8c66:	6a22      	ldr	r2, [r4, #32]
  void dirty() { m_status |= CACHE_STATUS_DIRTY; }
   b8c68:	f892 3210 	ldrb.w	r3, [r2, #528]	; 0x210
   b8c6c:	f043 0301 	orr.w	r3, r3, #1
   b8c70:	f882 3210 	strb.w	r3, [r2, #528]	; 0x210
      default:
        DBG_FAIL_MACRO;
        goto fail;
        break;
    }
    checksum = exFatDirChecksum(cache, checksum);
   b8c74:	4631      	mov	r1, r6
   b8c76:	4628      	mov	r0, r5
   b8c78:	f7ff ff52 	bl	b8b20 <_ZL16exFatDirChecksumPKht>
  for (uint8_t is = 0; is <= m_setCount; is++) {
   b8c7c:	3701      	adds	r7, #1
   b8c7e:	f894 2030 	ldrb.w	r2, [r4, #48]	; 0x30
   b8c82:	b2fb      	uxtb	r3, r7
   b8c84:	429a      	cmp	r2, r3
    checksum = exFatDirChecksum(cache, checksum);
   b8c86:	4606      	mov	r6, r0
  for (uint8_t is = 0; is <= m_setCount; is++) {
   b8c88:	d2c5      	bcs.n	b8c16 <_ZN9ExFatFile7syncDirEv+0xe>
  }
  df = reinterpret_cast<DirFile_t*>(
      m_vol->dirCache(&m_dirPos, FsCache::CACHE_FOR_WRITE));
   b8c8a:	6a20      	ldr	r0, [r4, #32]
   b8c8c:	2201      	movs	r2, #1
   b8c8e:	f104 0124 	add.w	r1, r4, #36	; 0x24
   b8c92:	f7ff fe12 	bl	b88ba <_ZN14ExFatPartition8dirCacheEP8DirPos_th>
  if (!df) {
   b8c96:	b120      	cbz	r0, b8ca2 <_ZN9ExFatFile7syncDirEv+0x9a>
   b8c98:	8046      	strh	r6, [r0, #2]
    DBG_FAIL_MACRO;
    goto fail;
  }
  setLe16(df->setChecksum, checksum);
  if (!m_vol->cacheSync()) {
   b8c9a:	6a20      	ldr	r0, [r4, #32]
   b8c9c:	f7ff ff57 	bl	b8b4e <_ZN14ExFatPartition9cacheSyncEv>
   b8ca0:	b930      	cbnz	r0, b8cb0 <_ZN9ExFatFile7syncDirEv+0xa8>
    goto fail;
  }
  return true;

fail:
  m_error |= WRITE_ERROR;
   b8ca2:	f894 3032 	ldrb.w	r3, [r4, #50]	; 0x32
   b8ca6:	f043 0301 	orr.w	r3, r3, #1
   b8caa:	f884 3032 	strb.w	r3, [r4, #50]	; 0x32
  return false;
   b8cae:	2000      	movs	r0, #0
}
   b8cb0:	b002      	add	sp, #8
   b8cb2:	e8bd 81f0 	ldmia.w	sp!, {r4, r5, r6, r7, r8, pc}
        if (isContiguous()) {
   b8cb6:	f894 2033 	ldrb.w	r2, [r4, #51]	; 0x33
          ds->flags |= EXFAT_FLAG_CONTIGUOUS;
   b8cba:	7843      	ldrb	r3, [r0, #1]
        if (isContiguous()) {
   b8cbc:	0652      	lsls	r2, r2, #25
          ds->flags |= EXFAT_FLAG_CONTIGUOUS;
   b8cbe:	bf4c      	ite	mi
   b8cc0:	f043 0302 	orrmi.w	r3, r3, #2
          ds->flags &= ~EXFAT_FLAG_CONTIGUOUS;
   b8cc4:	f003 03fd 	andpl.w	r3, r3, #253	; 0xfd
   b8cc8:	7043      	strb	r3, [r0, #1]
        setLe64(ds->validLength, m_validLength);
   b8cca:	e9d4 2304 	ldrd	r2, r3, [r4, #16]
  *reinterpret_cast<uint64_t*>(dst) = src;
   b8cce:	e9c0 2302 	strd	r2, r3, [r0, #8]
        setLe32(ds->firstCluster, m_firstCluster);
   b8cd2:	69e3      	ldr	r3, [r4, #28]
  *reinterpret_cast<uint32_t*>(dst) = src;
   b8cd4:	6143      	str	r3, [r0, #20]
        setLe64(ds->dataLength, m_dataLength);
   b8cd6:	e9d4 2302 	ldrd	r2, r3, [r4, #8]
  *reinterpret_cast<uint64_t*>(dst) = src;
   b8cda:	e9c0 2306 	strd	r2, r3, [r0, #24]
   b8cde:	e7c2      	b.n	b8c66 <_ZN9ExFatFile7syncDirEv+0x5e>
   b8ce0:	2003e678 	.word	0x2003e678

000b8ce4 <_ZN9ExFatFile4syncEv>:
bool ExFatFile::sync() {
   b8ce4:	b510      	push	{r4, lr}
  if (!isOpen()) {
   b8ce6:	f890 3031 	ldrb.w	r3, [r0, #49]	; 0x31
bool ExFatFile::sync() {
   b8cea:	4604      	mov	r4, r0
  if (!isOpen()) {
   b8cec:	b90b      	cbnz	r3, b8cf2 <_ZN9ExFatFile4syncEv+0xe>
    return true;
   b8cee:	2001      	movs	r0, #1
}
   b8cf0:	bd10      	pop	{r4, pc}
  if (m_flags & FILE_FLAG_DIR_DIRTY) {
   b8cf2:	f990 2033 	ldrsb.w	r2, [r0, #51]	; 0x33
   b8cf6:	f890 3033 	ldrb.w	r3, [r0, #51]	; 0x33
   b8cfa:	2a00      	cmp	r2, #0
   b8cfc:	da07      	bge.n	b8d0e <_ZN9ExFatFile4syncEv+0x2a>
    m_flags &= ~FILE_FLAG_DIR_DIRTY;
   b8cfe:	f003 037f 	and.w	r3, r3, #127	; 0x7f
   b8d02:	f880 3033 	strb.w	r3, [r0, #51]	; 0x33
}
   b8d06:	e8bd 4010 	ldmia.w	sp!, {r4, lr}
    return syncDir();
   b8d0a:	f7ff bf7d 	b.w	b8c08 <_ZN9ExFatFile7syncDirEv>
  if (!m_vol->cacheSync()) {
   b8d0e:	6a00      	ldr	r0, [r0, #32]
   b8d10:	f7ff ff1d 	bl	b8b4e <_ZN14ExFatPartition9cacheSyncEv>
   b8d14:	2800      	cmp	r0, #0
   b8d16:	d1ea      	bne.n	b8cee <_ZN9ExFatFile4syncEv+0xa>
  m_error |= WRITE_ERROR;
   b8d18:	f894 3032 	ldrb.w	r3, [r4, #50]	; 0x32
   b8d1c:	f043 0301 	orr.w	r3, r3, #1
   b8d20:	f884 3032 	strb.w	r3, [r4, #50]	; 0x32
  return false;
   b8d24:	e7e4      	b.n	b8cf0 <_ZN9ExFatFile4syncEv+0xc>

000b8d26 <_ZN9ExFatFile13addDirClusterEv>:
bool ExFatFile::addDirCluster() {
   b8d26:	b5f8      	push	{r3, r4, r5, r6, r7, lr}
  uint32_t dl = isRoot() ? m_vol->rootLength() : m_dataLength;
   b8d28:	f890 3031 	ldrb.w	r3, [r0, #49]	; 0x31
   b8d2c:	065a      	lsls	r2, r3, #25
bool ExFatFile::addDirCluster() {
   b8d2e:	4604      	mov	r4, r0
  uint32_t dl = isRoot() ? m_vol->rootLength() : m_dataLength;
   b8d30:	d52e      	bpl.n	b8d90 <_ZN9ExFatFile13addDirClusterEv+0x6a>
   b8d32:	6a00      	ldr	r0, [r0, #32]
   b8d34:	f7ff fee8 	bl	b8b08 <_ZN14ExFatPartition10rootLengthEv>
  uint32_t bytesPerCluster() const { return m_bytesPerCluster; }
   b8d38:	6a23      	ldr	r3, [r4, #32]
  dl += m_vol->bytesPerCluster();
   b8d3a:	f8d3 343c 	ldr.w	r3, [r3, #1084]	; 0x43c
   b8d3e:	4418      	add	r0, r3
  if (dl >= 0X4000000) {
   b8d40:	f1b0 6f80 	cmp.w	r0, #67108864	; 0x4000000
   b8d44:	d247      	bcs.n	b8dd6 <_ZN9ExFatFile13addDirClusterEv+0xb0>
  if (!addCluster()) {
   b8d46:	4620      	mov	r0, r4
   b8d48:	f7ff ff13 	bl	b8b72 <_ZN9ExFatFile10addClusterEv>
   b8d4c:	2800      	cmp	r0, #0
   b8d4e:	d042      	beq.n	b8dd6 <_ZN9ExFatFile13addDirClusterEv+0xb0>
  sector = m_vol->clusterStartSector(m_curCluster);
   b8d50:	6a23      	ldr	r3, [r4, #32]
           ((cluster - 2) << m_sectorsPerClusterShift);
   b8d52:	69a5      	ldr	r5, [r4, #24]
   b8d54:	f893 2445 	ldrb.w	r2, [r3, #1093]	; 0x445
   b8d58:	f8d3 342c 	ldr.w	r3, [r3, #1068]	; 0x42c
   b8d5c:	3d02      	subs	r5, #2
   b8d5e:	4095      	lsls	r5, r2
   b8d60:	441d      	add	r5, r3
  for (uint32_t i = 0; i < m_vol->sectorsPerCluster(); i++) {
   b8d62:	2600      	movs	r6, #0
  uint32_t sectorsPerCluster() const { return 1UL << m_sectorsPerClusterShift; }
   b8d64:	2701      	movs	r7, #1
   b8d66:	6a20      	ldr	r0, [r4, #32]
   b8d68:	f890 3445 	ldrb.w	r3, [r0, #1093]	; 0x445
   b8d6c:	fa07 f303 	lsl.w	r3, r7, r3
   b8d70:	42b3      	cmp	r3, r6
   b8d72:	d90f      	bls.n	b8d94 <_ZN9ExFatFile13addDirClusterEv+0x6e>
    return m_dataCache.prepare(sector, option);
   b8d74:	2205      	movs	r2, #5
   b8d76:	19a9      	adds	r1, r5, r6
   b8d78:	f500 7004 	add.w	r0, r0, #528	; 0x210
   b8d7c:	f001 f910 	bl	b9fa0 <_ZN7FsCache7prepareEmh>
    if (!cache) {
   b8d80:	b348      	cbz	r0, b8dd6 <_ZN9ExFatFile13addDirClusterEv+0xb0>
    memset(cache, 0, m_vol->bytesPerSector());
   b8d82:	f44f 7200 	mov.w	r2, #512	; 0x200
   b8d86:	2100      	movs	r1, #0
   b8d88:	f002 fde7 	bl	bb95a <memset>
  for (uint32_t i = 0; i < m_vol->sectorsPerCluster(); i++) {
   b8d8c:	3601      	adds	r6, #1
   b8d8e:	e7ea      	b.n	b8d66 <_ZN9ExFatFile13addDirClusterEv+0x40>
  uint32_t dl = isRoot() ? m_vol->rootLength() : m_dataLength;
   b8d90:	6880      	ldr	r0, [r0, #8]
   b8d92:	e7d1      	b.n	b8d38 <_ZN9ExFatFile13addDirClusterEv+0x12>
  if (!isRoot()) {
   b8d94:	f894 3031 	ldrb.w	r3, [r4, #49]	; 0x31
   b8d98:	065b      	lsls	r3, r3, #25
   b8d9a:	d417      	bmi.n	b8dcc <_ZN9ExFatFile13addDirClusterEv+0xa6>
    m_flags |= FILE_FLAG_DIR_DIRTY;
   b8d9c:	f894 3033 	ldrb.w	r3, [r4, #51]	; 0x33
   b8da0:	f063 037f 	orn	r3, r3, #127	; 0x7f
   b8da4:	f884 3033 	strb.w	r3, [r4, #51]	; 0x33
    m_dataLength += m_vol->bytesPerCluster();
   b8da8:	e9d4 3202 	ldrd	r3, r2, [r4, #8]
   b8dac:	f8d0 143c 	ldr.w	r1, [r0, #1084]	; 0x43c
   b8db0:	185b      	adds	r3, r3, r1
   b8db2:	f142 0200 	adc.w	r2, r2, #0
   b8db6:	e9c4 3202 	strd	r3, r2, [r4, #8]
    m_validLength += m_vol->bytesPerCluster();
   b8dba:	e9d4 3204 	ldrd	r3, r2, [r4, #16]
   b8dbe:	f8d0 143c 	ldr.w	r1, [r0, #1084]	; 0x43c
   b8dc2:	185b      	adds	r3, r3, r1
   b8dc4:	f142 0200 	adc.w	r2, r2, #0
   b8dc8:	e9c4 3204 	strd	r3, r2, [r4, #16]
  return sync();
   b8dcc:	4620      	mov	r0, r4
}
   b8dce:	e8bd 40f8 	ldmia.w	sp!, {r3, r4, r5, r6, r7, lr}
  return sync();
   b8dd2:	f7ff bf87 	b.w	b8ce4 <_ZN9ExFatFile4syncEv>
}
   b8dd6:	2000      	movs	r0, #0
   b8dd8:	bdf8      	pop	{r3, r4, r5, r6, r7, pc}

000b8dda <_ZN9ExFatFile8truncateEv>:

fail:
  return false;
}
//------------------------------------------------------------------------------
bool ExFatFile::truncate() {
   b8dda:	b5f7      	push	{r0, r1, r2, r4, r5, r6, r7, lr}
  /** \return True if this is a sub-directory. */
  bool isSubDir() const { return m_attributes & FILE_ATTR_SUBDIR; }
  /** \return True if this is a system file. */
  bool isSystem() const { return m_attributes & FS_ATTRIB_SYSTEM; }
  /** \return True file is writable. */
  bool isWritable() const { return m_flags & FILE_FLAG_WRITE; }
   b8ddc:	f890 2033 	ldrb.w	r2, [r0, #51]	; 0x33
  uint32_t toFree;
  // error if not a normal file or read-only
  if (!isWritable()) {
   b8de0:	0793      	lsls	r3, r2, #30
bool ExFatFile::truncate() {
   b8de2:	4604      	mov	r4, r0
  if (!isWritable()) {
   b8de4:	d402      	bmi.n	b8dec <_ZN9ExFatFile8truncateEv+0x12>
  m_validLength = m_curPosition;
  m_flags |= FILE_FLAG_DIR_DIRTY;
  return sync();

fail:
  return false;
   b8de6:	2000      	movs	r0, #0
}
   b8de8:	b003      	add	sp, #12
   b8dea:	bdf0      	pop	{r4, r5, r6, r7, pc}
  if (m_firstCluster == 0) {
   b8dec:	69c3      	ldr	r3, [r0, #28]
   b8dee:	2b00      	cmp	r3, #0
   b8df0:	d056      	beq.n	b8ea0 <_ZN9ExFatFile8truncateEv+0xc6>
  if (isContiguous()) {
   b8df2:	f012 0240 	ands.w	r2, r2, #64	; 0x40
    if (m_curCluster) {
   b8df6:	6981      	ldr	r1, [r0, #24]
  if (isContiguous()) {
   b8df8:	d037      	beq.n	b8e6a <_ZN9ExFatFile8truncateEv+0x90>
    uint32_t nc = 1 + ((m_dataLength - 1) >> m_vol->bytesPerClusterShift());
   b8dfa:	6a00      	ldr	r0, [r0, #32]
   b8dfc:	e9d4 2602 	ldrd	r2, r6, [r4, #8]
    return m_bytesPerSectorShift + m_sectorsPerClusterShift;
   b8e00:	f890 5445 	ldrb.w	r5, [r0, #1093]	; 0x445
   b8e04:	3509      	adds	r5, #9
   b8e06:	b2ed      	uxtb	r5, r5
   b8e08:	3a01      	subs	r2, #1
   b8e0a:	f146 36ff 	adc.w	r6, r6, #4294967295
   b8e0e:	f1c5 0c20 	rsb	ip, r5, #32
   b8e12:	f1a5 0720 	sub.w	r7, r5, #32
   b8e16:	40ea      	lsrs	r2, r5
   b8e18:	fa06 fc0c 	lsl.w	ip, r6, ip
   b8e1c:	ea42 020c 	orr.w	r2, r2, ip
   b8e20:	fa26 f707 	lsr.w	r7, r6, r7
   b8e24:	433a      	orrs	r2, r7
   b8e26:	3201      	adds	r2, #1
    if (m_curCluster) {
   b8e28:	b1a9      	cbz	r1, b8e56 <_ZN9ExFatFile8truncateEv+0x7c>
      nc -= 1 + m_curCluster - m_firstCluster;
   b8e2a:	3b01      	subs	r3, #1
      toFree = m_curCluster + 1;
   b8e2c:	1c4d      	adds	r5, r1, #1
      nc -= 1 + m_curCluster - m_firstCluster;
   b8e2e:	1a5b      	subs	r3, r3, r1
      toFree = m_curCluster + 1;
   b8e30:	9501      	str	r5, [sp, #4]
      nc -= 1 + m_curCluster - m_firstCluster;
   b8e32:	441a      	add	r2, r3
    if (nc && !m_vol->bitmapModify(toFree, nc, 0)) {
   b8e34:	b992      	cbnz	r2, b8e5c <_ZN9ExFatFile8truncateEv+0x82>
  m_dataLength = m_curPosition;
   b8e36:	e9d4 2300 	ldrd	r2, r3, [r4]
   b8e3a:	e9c4 2302 	strd	r2, r3, [r4, #8]
  m_validLength = m_curPosition;
   b8e3e:	e9c4 2304 	strd	r2, r3, [r4, #16]
  m_flags |= FILE_FLAG_DIR_DIRTY;
   b8e42:	f894 3033 	ldrb.w	r3, [r4, #51]	; 0x33
   b8e46:	f063 037f 	orn	r3, r3, #127	; 0x7f
   b8e4a:	f884 3033 	strb.w	r3, [r4, #51]	; 0x33
  return sync();
   b8e4e:	4620      	mov	r0, r4
   b8e50:	f7ff ff48 	bl	b8ce4 <_ZN9ExFatFile4syncEv>
   b8e54:	e7c8      	b.n	b8de8 <_ZN9ExFatFile8truncateEv+0xe>
      toFree = m_firstCluster;
   b8e56:	9301      	str	r3, [sp, #4]
      m_firstCluster = 0;
   b8e58:	61e1      	str	r1, [r4, #28]
   b8e5a:	e7eb      	b.n	b8e34 <_ZN9ExFatFile8truncateEv+0x5a>
    if (nc && !m_vol->bitmapModify(toFree, nc, 0)) {
   b8e5c:	9901      	ldr	r1, [sp, #4]
   b8e5e:	2300      	movs	r3, #0
   b8e60:	f7ff fcda 	bl	b8818 <_ZN14ExFatPartition12bitmapModifyEmmb>
      if (!m_vol->freeChain(toFree)) {
   b8e64:	2800      	cmp	r0, #0
   b8e66:	d1e6      	bne.n	b8e36 <_ZN9ExFatFile8truncateEv+0x5c>
   b8e68:	e7bd      	b.n	b8de6 <_ZN9ExFatFile8truncateEv+0xc>
    if (m_curCluster) {
   b8e6a:	b1b1      	cbz	r1, b8e9a <_ZN9ExFatFile8truncateEv+0xc0>
      toFree = 0;
   b8e6c:	9201      	str	r2, [sp, #4]
      int8_t fg = m_vol->fatGet(m_curCluster, &toFree);
   b8e6e:	6a00      	ldr	r0, [r0, #32]
   b8e70:	aa01      	add	r2, sp, #4
   b8e72:	f7ff fd3c 	bl	b88ee <_ZN14ExFatPartition6fatGetEmPm>
      if (fg < 0) {
   b8e76:	2800      	cmp	r0, #0
   b8e78:	dbb5      	blt.n	b8de6 <_ZN9ExFatFile8truncateEv+0xc>
      if (fg) {
   b8e7a:	d007      	beq.n	b8e8c <_ZN9ExFatFile8truncateEv+0xb2>
        if (!m_vol->fatPut(m_curCluster, EXFAT_EOC)) {
   b8e7c:	69a1      	ldr	r1, [r4, #24]
   b8e7e:	6a20      	ldr	r0, [r4, #32]
   b8e80:	f04f 32ff 	mov.w	r2, #4294967295
   b8e84:	f7ff fd86 	bl	b8994 <_ZN14ExFatPartition6fatPutEmm>
   b8e88:	2800      	cmp	r0, #0
   b8e8a:	d0ac      	beq.n	b8de6 <_ZN9ExFatFile8truncateEv+0xc>
    if (toFree) {
   b8e8c:	9901      	ldr	r1, [sp, #4]
   b8e8e:	2900      	cmp	r1, #0
   b8e90:	d0d1      	beq.n	b8e36 <_ZN9ExFatFile8truncateEv+0x5c>
      if (!m_vol->freeChain(toFree)) {
   b8e92:	6a20      	ldr	r0, [r4, #32]
   b8e94:	f7ff fd9b 	bl	b89ce <_ZN14ExFatPartition9freeChainEm>
   b8e98:	e7e4      	b.n	b8e64 <_ZN9ExFatFile8truncateEv+0x8a>
      toFree = m_firstCluster;
   b8e9a:	9301      	str	r3, [sp, #4]
      m_firstCluster = 0;
   b8e9c:	61c1      	str	r1, [r0, #28]
   b8e9e:	e7f5      	b.n	b8e8c <_ZN9ExFatFile8truncateEv+0xb2>
    return true;
   b8ea0:	2001      	movs	r0, #1
   b8ea2:	e7a1      	b.n	b8de8 <_ZN9ExFatFile8truncateEv+0xe>

000b8ea4 <_ZN9ExFatFile5writeEPKvj>:
//------------------------------------------------------------------------------
size_t ExFatFile::write(const void* buf, size_t nbyte) {
   b8ea4:	e92d 4ff7 	stmdb	sp!, {r0, r1, r2, r4, r5, r6, r7, r8, r9, sl, fp, lr}
   b8ea8:	f890 3033 	ldrb.w	r3, [r0, #51]	; 0x33
   b8eac:	4688      	mov	r8, r1

  // number of bytes left to write  -  must be before goto statements
  size_t toWrite = nbyte;
  size_t n;
  // error if not an open file or is read-only
  if (!isWritable()) {
   b8eae:	0799      	lsls	r1, r3, #30
size_t ExFatFile::write(const void* buf, size_t nbyte) {
   b8eb0:	4604      	mov	r4, r0
   b8eb2:	4691      	mov	r9, r2
  if (!isWritable()) {
   b8eb4:	d565      	bpl.n	b8f82 <_ZN9ExFatFile5writeEPKvj+0xde>
    DBG_FAIL_MACRO;
    goto fail;
  }
  // seek to end of file if append flag
  if ((m_flags & FILE_FLAG_APPEND)) {
   b8eb6:	071a      	lsls	r2, r3, #28
   b8eb8:	d45d      	bmi.n	b8f76 <_ZN9ExFatFile5writeEPKvj+0xd2>
size_t ExFatFile::write(const void* buf, size_t nbyte) {
   b8eba:	464f      	mov	r7, r9
            fg = 1;
          } else {
            fg = 0;
          }
        } else {
          fg = m_vol->fatGet(m_curCluster, &m_curCluster);
   b8ebc:	f104 0a18 	add.w	sl, r4, #24
      if (sectorOffset == 0 && m_curPosition >= m_validLength) {
        // start of new sector don't need to read into cache
        cacheOption = FsCache::CACHE_RESERVE_FOR_WRITE;
      } else {
        // rewrite part of sector
        cacheOption = FsCache::CACHE_FOR_WRITE;
   b8ec0:	f04f 0b01 	mov.w	fp, #1
    clusterOffset = m_curPosition & m_vol->clusterMask();
   b8ec4:	e9d4 5300 	ldrd	r5, r3, [r4]
  while (toWrite) {
   b8ec8:	2f00      	cmp	r7, #0
   b8eca:	f000 80d8 	beq.w	b907e <_ZN9ExFatFile5writeEPKvj+0x1da>
    clusterOffset = m_curPosition & m_vol->clusterMask();
   b8ece:	6a20      	ldr	r0, [r4, #32]
   b8ed0:	f8d0 1438 	ldr.w	r1, [r0, #1080]	; 0x438
   b8ed4:	400d      	ands	r5, r1
    sectorOffset = clusterOffset & m_vol->sectorMask();
   b8ed6:	f3c5 0608 	ubfx	r6, r5, #0, #9
    if (clusterOffset == 0) {
   b8eda:	bb25      	cbnz	r5, b8f26 <_ZN9ExFatFile5writeEPKvj+0x82>
      if (m_curCluster != 0) {
   b8edc:	69a1      	ldr	r1, [r4, #24]
   b8ede:	2900      	cmp	r1, #0
   b8ee0:	d062      	beq.n	b8fa8 <_ZN9ExFatFile5writeEPKvj+0x104>
        if (isContiguous()) {
   b8ee2:	f894 3033 	ldrb.w	r3, [r4, #51]	; 0x33
   b8ee6:	065b      	lsls	r3, r3, #25
   b8ee8:	d557      	bpl.n	b8f9a <_ZN9ExFatFile5writeEPKvj+0xf6>
          lc += (m_dataLength - 1) >> m_vol->bytesPerClusterShift();
   b8eea:	e9d4 3202 	ldrd	r3, r2, [r4, #8]
   b8eee:	f890 0445 	ldrb.w	r0, [r0, #1093]	; 0x445
   b8ef2:	3009      	adds	r0, #9
   b8ef4:	3b01      	subs	r3, #1
   b8ef6:	b2c0      	uxtb	r0, r0
   b8ef8:	f142 32ff 	adc.w	r2, r2, #4294967295
   b8efc:	f1c0 0e20 	rsb	lr, r0, #32
   b8f00:	fa02 fe0e 	lsl.w	lr, r2, lr
   b8f04:	f1a0 0c20 	sub.w	ip, r0, #32
   b8f08:	40c3      	lsrs	r3, r0
   b8f0a:	fa22 fc0c 	lsr.w	ip, r2, ip
   b8f0e:	ea43 030e 	orr.w	r3, r3, lr
   b8f12:	69e2      	ldr	r2, [r4, #28]
   b8f14:	ea43 030c 	orr.w	r3, r3, ip
   b8f18:	4413      	add	r3, r2
          if (m_curCluster < lc) {
   b8f1a:	428b      	cmp	r3, r1
   b8f1c:	d83a      	bhi.n	b8f94 <_ZN9ExFatFile5writeEPKvj+0xf0>
          if (!addCluster()) {
   b8f1e:	4620      	mov	r0, r4
   b8f20:	f7ff fe27 	bl	b8b72 <_ZN9ExFatFile10addClusterEv>
   b8f24:	b368      	cbz	r0, b8f82 <_ZN9ExFatFile5writeEPKvj+0xde>
    sector = m_vol->clusterStartSector(m_curCluster) +
   b8f26:	6a20      	ldr	r0, [r4, #32]
           ((cluster - 2) << m_sectorsPerClusterShift);
   b8f28:	69a1      	ldr	r1, [r4, #24]
   b8f2a:	f890 2445 	ldrb.w	r2, [r0, #1093]	; 0x445
   b8f2e:	3902      	subs	r1, #2
   b8f30:	4091      	lsls	r1, r2
             (clusterOffset >> m_vol->bytesPerSectorShift());
   b8f32:	ea4f 2e55 	mov.w	lr, r5, lsr #9
    sector = m_vol->clusterStartSector(m_curCluster) +
   b8f36:	eb01 2555 	add.w	r5, r1, r5, lsr #9
   b8f3a:	f8d0 142c 	ldr.w	r1, [r0, #1068]	; 0x42c
   b8f3e:	4429      	add	r1, r5
    if (sectorOffset != 0 || toWrite < m_vol->bytesPerSector()) {
   b8f40:	2e00      	cmp	r6, #0
   b8f42:	d13d      	bne.n	b8fc0 <_ZN9ExFatFile5writeEPKvj+0x11c>
   b8f44:	f5b7 7f00 	cmp.w	r7, #512	; 0x200
   b8f48:	d33a      	bcc.n	b8fc0 <_ZN9ExFatFile5writeEPKvj+0x11c>
          DBG_FAIL_MACRO;
          goto fail;
        }
      }
#if USE_MULTI_SECTOR_IO
    } else if (toWrite >= 2 * m_vol->bytesPerSector()) {
   b8f4a:	f5b7 6f80 	cmp.w	r7, #1024	; 0x400
   b8f4e:	f8d0 c218 	ldr.w	ip, [r0, #536]	; 0x218
   b8f52:	d279      	bcs.n	b9048 <_ZN9ExFatFile5writeEPKvj+0x1a4>
    if (isCached(sector)) {
   b8f54:	4561      	cmp	r1, ip
    m_sector = 0XFFFFFFFF;
   b8f56:	bf02      	ittt	eq
   b8f58:	f04f 33ff 	moveq.w	r3, #4294967295
    m_status = 0;
   b8f5c:	f880 6210 	strbeq.w	r6, [r0, #528]	; 0x210
    m_sector = 0XFFFFFFFF;
   b8f60:	f8c0 3218 	streq.w	r3, [r0, #536]	; 0x218
    return m_blockDev->writeSector(sector, src);
   b8f64:	4642      	mov	r2, r8
   b8f66:	f8d0 0214 	ldr.w	r0, [r0, #532]	; 0x214
   b8f6a:	f000 ffeb 	bl	b9f44 <_ZN16DedicatedSpiCard11writeSectorEmPKh>
        goto fail;
      }
#endif  // USE_MULTI_SECTOR_IO
    } else {
      n = m_vol->bytesPerSector();
      if (!m_vol->cacheSafeWrite(sector, src)) {
   b8f6e:	b140      	cbz	r0, b8f82 <_ZN9ExFatFile5writeEPKvj+0xde>
      n = m_vol->bytesPerSector();
   b8f70:	f44f 7500 	mov.w	r5, #512	; 0x200
   b8f74:	e04d      	b.n	b9012 <_ZN9ExFatFile5writeEPKvj+0x16e>
    if (!seekSet(m_validLength)) {
   b8f76:	e9d0 2304 	ldrd	r2, r3, [r0, #16]
   b8f7a:	f000 f9d3 	bl	b9324 <_ZN9ExFatFile7seekSetEy>
   b8f7e:	2800      	cmp	r0, #0
   b8f80:	d19b      	bne.n	b8eba <_ZN9ExFatFile5writeEPKvj+0x16>
  }
  return nbyte;

fail:
  // return for write error
  m_error |= WRITE_ERROR;
   b8f82:	f894 3032 	ldrb.w	r3, [r4, #50]	; 0x32
   b8f86:	f043 0301 	orr.w	r3, r3, #1
   b8f8a:	f884 3032 	strb.w	r3, [r4, #50]	; 0x32
  return 0;
   b8f8e:	f04f 0900 	mov.w	r9, #0
   b8f92:	e086      	b.n	b90a2 <_ZN9ExFatFile5writeEPKvj+0x1fe>
            m_curCluster++;
   b8f94:	3101      	adds	r1, #1
   b8f96:	61a1      	str	r1, [r4, #24]
        if (fg == 0) {
   b8f98:	e7c5      	b.n	b8f26 <_ZN9ExFatFile5writeEPKvj+0x82>
          fg = m_vol->fatGet(m_curCluster, &m_curCluster);
   b8f9a:	4652      	mov	r2, sl
   b8f9c:	f7ff fca7 	bl	b88ee <_ZN14ExFatPartition6fatGetEmPm>
          if (fg < 0) {
   b8fa0:	2800      	cmp	r0, #0
   b8fa2:	dbee      	blt.n	b8f82 <_ZN9ExFatFile5writeEPKvj+0xde>
        if (fg == 0) {
   b8fa4:	d0bb      	beq.n	b8f1e <_ZN9ExFatFile5writeEPKvj+0x7a>
   b8fa6:	e7be      	b.n	b8f26 <_ZN9ExFatFile5writeEPKvj+0x82>
        if (m_firstCluster == 0) {
   b8fa8:	69e3      	ldr	r3, [r4, #28]
   b8faa:	b93b      	cbnz	r3, b8fbc <_ZN9ExFatFile5writeEPKvj+0x118>
          if (!addCluster()) {
   b8fac:	4620      	mov	r0, r4
   b8fae:	f7ff fde0 	bl	b8b72 <_ZN9ExFatFile10addClusterEv>
   b8fb2:	2800      	cmp	r0, #0
   b8fb4:	d0e5      	beq.n	b8f82 <_ZN9ExFatFile5writeEPKvj+0xde>
          m_firstCluster = m_curCluster;
   b8fb6:	69a3      	ldr	r3, [r4, #24]
   b8fb8:	61e3      	str	r3, [r4, #28]
   b8fba:	e7b4      	b.n	b8f26 <_ZN9ExFatFile5writeEPKvj+0x82>
          m_curCluster = m_firstCluster;
   b8fbc:	61a3      	str	r3, [r4, #24]
   b8fbe:	e7b2      	b.n	b8f26 <_ZN9ExFatFile5writeEPKvj+0x82>
      n = m_vol->bytesPerSector() - sectorOffset;
   b8fc0:	f5c6 7500 	rsb	r5, r6, #512	; 0x200
      if (n > toWrite) {
   b8fc4:	42bd      	cmp	r5, r7
   b8fc6:	bf28      	it	cs
   b8fc8:	463d      	movcs	r5, r7
      if (sectorOffset == 0 && m_curPosition >= m_validLength) {
   b8fca:	2e00      	cmp	r6, #0
   b8fcc:	d13a      	bne.n	b9044 <_ZN9ExFatFile5writeEPKvj+0x1a0>
   b8fce:	6963      	ldr	r3, [r4, #20]
   b8fd0:	9301      	str	r3, [sp, #4]
   b8fd2:	6823      	ldr	r3, [r4, #0]
   b8fd4:	6862      	ldr	r2, [r4, #4]
   b8fd6:	469c      	mov	ip, r3
   b8fd8:	6923      	ldr	r3, [r4, #16]
   b8fda:	459c      	cmp	ip, r3
   b8fdc:	9b01      	ldr	r3, [sp, #4]
   b8fde:	eb72 0303 	sbcs.w	r3, r2, r3
   b8fe2:	d32f      	bcc.n	b9044 <_ZN9ExFatFile5writeEPKvj+0x1a0>
        cacheOption = FsCache::CACHE_RESERVE_FOR_WRITE;
   b8fe4:	2205      	movs	r2, #5
    return m_dataCache.prepare(sector, option);
   b8fe6:	f500 7004 	add.w	r0, r0, #528	; 0x210
   b8fea:	f000 ffd9 	bl	b9fa0 <_ZN7FsCache7prepareEmh>
      if (!cache) {
   b8fee:	2800      	cmp	r0, #0
   b8ff0:	d0c7      	beq.n	b8f82 <_ZN9ExFatFile5writeEPKvj+0xde>
      memcpy(dst, src, n);
   b8ff2:	4430      	add	r0, r6
   b8ff4:	462a      	mov	r2, r5
   b8ff6:	4641      	mov	r1, r8
      if (m_vol->bytesPerSector() == (n + sectorOffset)) {
   b8ff8:	442e      	add	r6, r5
      memcpy(dst, src, n);
   b8ffa:	f002 fca0 	bl	bb93e <memcpy>
      if (m_vol->bytesPerSector() == (n + sectorOffset)) {
   b8ffe:	f5b6 7f00 	cmp.w	r6, #512	; 0x200
   b9002:	d106      	bne.n	b9012 <_ZN9ExFatFile5writeEPKvj+0x16e>
  bool dataCacheSync() { return m_dataCache.sync(); }
   b9004:	6a20      	ldr	r0, [r4, #32]
   b9006:	f500 7004 	add.w	r0, r0, #528	; 0x210
   b900a:	f000 ffa3 	bl	b9f54 <_ZN7FsCache4syncEv>
      if (!m_vol->cacheSafeWrite(sector, src, ns)) {
   b900e:	2800      	cmp	r0, #0
   b9010:	d0b7      	beq.n	b8f82 <_ZN9ExFatFile5writeEPKvj+0xde>
    m_curPosition += n;
   b9012:	e9d4 3200 	ldrd	r3, r2, [r4]
    if (m_curPosition > m_validLength) {
   b9016:	e9d4 0104 	ldrd	r0, r1, [r4, #16]
    m_curPosition += n;
   b901a:	18eb      	adds	r3, r5, r3
   b901c:	f142 0200 	adc.w	r2, r2, #0
    if (m_curPosition > m_validLength) {
   b9020:	4298      	cmp	r0, r3
   b9022:	4191      	sbcs	r1, r2
    m_curPosition += n;
   b9024:	e9c4 3200 	strd	r3, r2, [r4]
    src += n;
   b9028:	44a8      	add	r8, r5
    toWrite -= n;
   b902a:	eba7 0705 	sub.w	r7, r7, r5
    if (m_curPosition > m_validLength) {
   b902e:	f4bf af49 	bcs.w	b8ec4 <_ZN9ExFatFile5writeEPKvj+0x20>
      m_flags |= FILE_FLAG_DIR_DIRTY;
   b9032:	f894 1033 	ldrb.w	r1, [r4, #51]	; 0x33
   b9036:	f061 017f 	orn	r1, r1, #127	; 0x7f
      m_validLength = m_curPosition;
   b903a:	e9c4 3204 	strd	r3, r2, [r4, #16]
      m_flags |= FILE_FLAG_DIR_DIRTY;
   b903e:	f884 1033 	strb.w	r1, [r4, #51]	; 0x33
      m_validLength = m_curPosition;
   b9042:	e73f      	b.n	b8ec4 <_ZN9ExFatFile5writeEPKvj+0x20>
        cacheOption = FsCache::CACHE_FOR_WRITE;
   b9044:	2201      	movs	r2, #1
   b9046:	e7ce      	b.n	b8fe6 <_ZN9ExFatFile5writeEPKvj+0x142>
  uint32_t sectorsPerCluster() const { return 1UL << m_sectorsPerClusterShift; }
   b9048:	fa0b f302 	lsl.w	r3, fp, r2
      uint32_t ns = toWrite >> m_vol->bytesPerSectorShift();
   b904c:	0a7d      	lsrs	r5, r7, #9
                       (clusterOffset >> m_vol->bytesPerSectorShift());
   b904e:	eba3 030e 	sub.w	r3, r3, lr
   b9052:	42ab      	cmp	r3, r5
   b9054:	bf28      	it	cs
   b9056:	462b      	movcs	r3, r5
    return sector <= m_sector && m_sector < (sector + count);
   b9058:	4561      	cmp	r1, ip
      n = ns << m_vol->bytesPerSectorShift();
   b905a:	ea4f 2543 	mov.w	r5, r3, lsl #9
   b905e:	d808      	bhi.n	b9072 <_ZN9ExFatFile5writeEPKvj+0x1ce>
   b9060:	18ca      	adds	r2, r1, r3
   b9062:	4562      	cmp	r2, ip
    m_sector = 0XFFFFFFFF;
   b9064:	bf82      	ittt	hi
   b9066:	f04f 32ff 	movhi.w	r2, #4294967295
    m_status = 0;
   b906a:	f880 6210 	strbhi.w	r6, [r0, #528]	; 0x210
    m_sector = 0XFFFFFFFF;
   b906e:	f8c0 2218 	strhi.w	r2, [r0, #536]	; 0x218
    return m_blockDev->writeSectors(sector, src, count);
   b9072:	4642      	mov	r2, r8
   b9074:	f8d0 0214 	ldr.w	r0, [r0, #532]	; 0x214
   b9078:	f000 ff37 	bl	b9eea <_ZN16DedicatedSpiCard12writeSectorsEmPKhj>
   b907c:	e7c7      	b.n	b900e <_ZN9ExFatFile5writeEPKvj+0x16a>
  if (m_curPosition > m_dataLength) {
   b907e:	e9d4 1202 	ldrd	r1, r2, [r4, #8]
   b9082:	42a9      	cmp	r1, r5
   b9084:	419a      	sbcs	r2, r3
   b9086:	d208      	bcs.n	b909a <_ZN9ExFatFile5writeEPKvj+0x1f6>
    m_dataLength = m_curPosition;
   b9088:	e9c4 5302 	strd	r5, r3, [r4, #8]
    m_flags |= FILE_FLAG_DIR_DIRTY;
   b908c:	f894 3033 	ldrb.w	r3, [r4, #51]	; 0x33
   b9090:	f063 037f 	orn	r3, r3, #127	; 0x7f
   b9094:	f884 3033 	strb.w	r3, [r4, #51]	; 0x33
   b9098:	e003      	b.n	b90a2 <_ZN9ExFatFile5writeEPKvj+0x1fe>
  } else if (FsDateTime::callback) {
   b909a:	4b04      	ldr	r3, [pc, #16]	; (b90ac <_ZN9ExFatFile5writeEPKvj+0x208>)
   b909c:	681b      	ldr	r3, [r3, #0]
   b909e:	2b00      	cmp	r3, #0
   b90a0:	d1f4      	bne.n	b908c <_ZN9ExFatFile5writeEPKvj+0x1e8>
}
   b90a2:	4648      	mov	r0, r9
   b90a4:	b003      	add	sp, #12
   b90a6:	e8bd 8ff0 	ldmia.w	sp!, {r4, r5, r6, r7, r8, r9, sl, fp, pc}
   b90aa:	bf00      	nop
   b90ac:	2003e678 	.word	0x2003e678

000b90b0 <_ZN9ExFatFile8dirCacheEhh>:

fail:
  return false;
}
//------------------------------------------------------------------------------
uint8_t* ExFatFile::dirCache(uint8_t set, uint8_t options) {
   b90b0:	b5f0      	push	{r4, r5, r6, r7, lr}
  DirPos_t pos = m_dirPos;
   b90b2:	f100 0324 	add.w	r3, r0, #36	; 0x24
uint8_t* ExFatFile::dirCache(uint8_t set, uint8_t options) {
   b90b6:	4604      	mov	r4, r0
   b90b8:	460f      	mov	r7, r1
   b90ba:	4616      	mov	r6, r2
  DirPos_t pos = m_dirPos;
   b90bc:	e893 0007 	ldmia.w	r3, {r0, r1, r2}
uint8_t* ExFatFile::dirCache(uint8_t set, uint8_t options) {
   b90c0:	b085      	sub	sp, #20
  DirPos_t pos = m_dirPos;
   b90c2:	ad01      	add	r5, sp, #4
   b90c4:	e885 0007 	stmia.w	r5, {r0, r1, r2}
  if (m_vol->dirSeek(&pos, FS_DIR_SIZE * set) != 1) {
   b90c8:	6a20      	ldr	r0, [r4, #32]
   b90ca:	017a      	lsls	r2, r7, #5
   b90cc:	4629      	mov	r1, r5
   b90ce:	f7ff fc41 	bl	b8954 <_ZN14ExFatPartition7dirSeekEP8DirPos_tm>
   b90d2:	2801      	cmp	r0, #1
   b90d4:	d106      	bne.n	b90e4 <_ZN9ExFatFile8dirCacheEhh+0x34>
    return nullptr;
  }
  return m_vol->dirCache(&pos, options);
   b90d6:	6a20      	ldr	r0, [r4, #32]
   b90d8:	4632      	mov	r2, r6
   b90da:	4629      	mov	r1, r5
   b90dc:	f7ff fbed 	bl	b88ba <_ZN14ExFatPartition8dirCacheEP8DirPos_th>
}
   b90e0:	b005      	add	sp, #20
   b90e2:	bdf0      	pop	{r4, r5, r6, r7, pc}
    return nullptr;
   b90e4:	2000      	movs	r0, #0
   b90e6:	e7fb      	b.n	b90e0 <_ZN9ExFatFile8dirCacheEhh+0x30>

000b90e8 <_ZN9ExFatFile5closeEv>:
//------------------------------------------------------------------------------
bool ExFatFile::close() {
   b90e8:	b510      	push	{r4, lr}
   b90ea:	4604      	mov	r4, r0
  bool rtn = sync();
   b90ec:	f7ff fdfa 	bl	b8ce4 <_ZN9ExFatFile4syncEv>
  m_attributes = FILE_ATTR_CLOSED;
   b90f0:	2300      	movs	r3, #0
   b90f2:	f884 3031 	strb.w	r3, [r4, #49]	; 0x31
  m_flags = 0;
   b90f6:	f884 3033 	strb.w	r3, [r4, #51]	; 0x33
  return rtn;
}
   b90fa:	bd10      	pop	{r4, pc}

000b90fc <_ZN9ExFatFile8openRootEP11ExFatVolume>:
  m_attributes = FILE_ATTR_CLOSED;
  m_flags = 0;
  return false;
}
//------------------------------------------------------------------------------
bool ExFatFile::openRoot(ExFatVolume* vol) {
   b90fc:	b538      	push	{r3, r4, r5, lr}
   b90fe:	460d      	mov	r5, r1
  if (isOpen()) {
   b9100:	f890 1031 	ldrb.w	r1, [r0, #49]	; 0x31
bool ExFatFile::openRoot(ExFatVolume* vol) {
   b9104:	4604      	mov	r4, r0
  if (isOpen()) {
   b9106:	b951      	cbnz	r1, b911e <_ZN9ExFatFile8openRootEP11ExFatVolume+0x22>
    DBG_FAIL_MACRO;
    goto fail;
  }
  memset(this, 0, sizeof(ExFatFile));
   b9108:	2238      	movs	r2, #56	; 0x38
   b910a:	f002 fc26 	bl	bb95a <memset>
  m_attributes = FILE_ATTR_ROOT;
   b910e:	2340      	movs	r3, #64	; 0x40
  m_vol = vol;
  m_flags = FILE_FLAG_READ;
   b9110:	2001      	movs	r0, #1
  m_attributes = FILE_ATTR_ROOT;
   b9112:	f884 3031 	strb.w	r3, [r4, #49]	; 0x31
  m_vol = vol;
   b9116:	6225      	str	r5, [r4, #32]
  m_flags = FILE_FLAG_READ;
   b9118:	f884 0033 	strb.w	r0, [r4, #51]	; 0x33
  return true;

fail:
  return false;
}
   b911c:	bd38      	pop	{r3, r4, r5, pc}
  return false;
   b911e:	2000      	movs	r0, #0
   b9120:	e7fc      	b.n	b911c <_ZN9ExFatFile8openRootEP11ExFatVolume+0x20>
	...

000b9124 <_ZN9ExFatFile13parsePathNameEPKcP8ExName_tPS1_>:
//------------------------------------------------------------------------------
bool ExFatFile::parsePathName(const char* path, ExName_t* fname,
                              const char** ptr) {
   b9124:	b4f0      	push	{r4, r5, r6, r7}
  // Skip leading spaces.
  while (*path == ' ') {
   b9126:	460c      	mov	r4, r1
   b9128:	f811 5b01 	ldrb.w	r5, [r1], #1
   b912c:	2d20      	cmp	r5, #32
   b912e:	d0fa      	beq.n	b9126 <_ZN9ExFatFile13parsePathNameEPKcP8ExName_tPS1_+0x2>
  return c < 0X20 || c == '"' || c == '*' || c == '/' || c == ':' || c == '<' ||
   b9130:	4f18      	ldr	r7, [pc, #96]	; (b9194 <_ZN9ExFatFile13parsePathNameEPKcP8ExName_tPS1_+0x70>)
    path++;
  }
  fname->begin = path;
   b9132:	6014      	str	r4, [r2, #0]
  fname->end = path;
   b9134:	6094      	str	r4, [r2, #8]
  while (*path && !isDirSeparator(*path)) {
   b9136:	4626      	mov	r6, r4
   b9138:	f816 5b01 	ldrb.w	r5, [r6], #1
   b913c:	b1dd      	cbz	r5, b9176 <_ZN9ExFatFile13parsePathNameEPKcP8ExName_tPS1_+0x52>
   b913e:	2d2f      	cmp	r5, #47	; 0x2f
   b9140:	d019      	beq.n	b9176 <_ZN9ExFatFile13parsePathNameEPKcP8ExName_tPS1_+0x52>
         c == '>' || c == '?' || c == '\\' || c == '|';
   b9142:	f1a5 0120 	sub.w	r1, r5, #32
   b9146:	295f      	cmp	r1, #95	; 0x5f
   b9148:	d821      	bhi.n	b918e <_ZN9ExFatFile13parsePathNameEPKcP8ExName_tPS1_+0x6a>
  return c < 0X20 || c == '"' || c == '*' || c == '/' || c == ':' || c == '<' ||
   b914a:	f1a5 0122 	sub.w	r1, r5, #34	; 0x22
   b914e:	b2c9      	uxtb	r1, r1
   b9150:	291d      	cmp	r1, #29
   b9152:	d803      	bhi.n	b915c <_ZN9ExFatFile13parsePathNameEPKcP8ExName_tPS1_+0x38>
   b9154:	fa27 f101 	lsr.w	r1, r7, r1
   b9158:	07c9      	lsls	r1, r1, #31
   b915a:	d418      	bmi.n	b918e <_ZN9ExFatFile13parsePathNameEPKcP8ExName_tPS1_+0x6a>
   b915c:	f005 01bf 	and.w	r1, r5, #191	; 0xbf
   b9160:	293c      	cmp	r1, #60	; 0x3c
   b9162:	d014      	beq.n	b918e <_ZN9ExFatFile13parsePathNameEPKcP8ExName_tPS1_+0x6a>
         c == '>' || c == '?' || c == '\\' || c == '|';
   b9164:	2d5c      	cmp	r5, #92	; 0x5c
   b9166:	d012      	beq.n	b918e <_ZN9ExFatFile13parsePathNameEPKcP8ExName_tPS1_+0x6a>
    uint8_t c = *path++;
    if (!lfnLegalChar(c)) {
      DBG_FAIL_MACRO;
      goto fail;
    }
    if (c != '.' && c != ' ') {
   b9168:	2d2e      	cmp	r5, #46	; 0x2e
   b916a:	d002      	beq.n	b9172 <_ZN9ExFatFile13parsePathNameEPKcP8ExName_tPS1_+0x4e>
   b916c:	2d20      	cmp	r5, #32
   b916e:	d000      	beq.n	b9172 <_ZN9ExFatFile13parsePathNameEPKcP8ExName_tPS1_+0x4e>
      // Need to trim trailing dots spaces.
      fname->end = path;
   b9170:	6096      	str	r6, [r2, #8]
                              const char** ptr) {
   b9172:	4634      	mov	r4, r6
   b9174:	e7df      	b.n	b9136 <_ZN9ExFatFile13parsePathNameEPKcP8ExName_tPS1_+0x12>
   b9176:	4625      	mov	r5, r4
    }
  }
  // Advance to next path component.
  for (; *path == ' ' || isDirSeparator(*path); path++) {
   b9178:	f814 1b01 	ldrb.w	r1, [r4], #1
   b917c:	2920      	cmp	r1, #32
   b917e:	d0fa      	beq.n	b9176 <_ZN9ExFatFile13parsePathNameEPKcP8ExName_tPS1_+0x52>
   b9180:	292f      	cmp	r1, #47	; 0x2f
   b9182:	d0f8      	beq.n	b9176 <_ZN9ExFatFile13parsePathNameEPKcP8ExName_tPS1_+0x52>
  }
  *ptr = path;
   b9184:	601d      	str	r5, [r3, #0]
  return hashName(fname);
   b9186:	4611      	mov	r1, r2

fail:
  return false;
}
   b9188:	bcf0      	pop	{r4, r5, r6, r7}
  return hashName(fname);
   b918a:	f7ff bac9 	b.w	b8720 <_ZN9ExFatFile8hashNameEP8ExName_t>
}
   b918e:	2000      	movs	r0, #0
   b9190:	bcf0      	pop	{r4, r5, r6, r7}
   b9192:	4770      	bx	lr
   b9194:	31000101 	.word	0x31000101

000b9198 <_ZN9ExFatFile4readEPvj>:
  m_curPosition = saveCurPosition;
  m_curCluster = saveCurCluster;
  return c;
}
//------------------------------------------------------------------------------
int ExFatFile::read(void* buf, size_t count) {
   b9198:	e92d 4ff0 	stmdb	sp!, {r4, r5, r6, r7, r8, r9, sl, fp, lr}
   b919c:	ed2d 8b02 	vpush	{d8}
  bool isReadable() const { return m_flags & FILE_FLAG_READ; }
   b91a0:	f890 3033 	ldrb.w	r3, [r0, #51]	; 0x33
  uint8_t* cache;
  uint16_t sectorOffset;
  uint32_t sector;
  uint32_t clusterOffset;

  if (!isReadable()) {
   b91a4:	07dd      	lsls	r5, r3, #31
int ExFatFile::read(void* buf, size_t count) {
   b91a6:	b083      	sub	sp, #12
   b91a8:	4604      	mov	r4, r0
   b91aa:	4689      	mov	r9, r1
   b91ac:	4616      	mov	r6, r2
  if (!isReadable()) {
   b91ae:	d567      	bpl.n	b9280 <_ZN9ExFatFile4readEPvj+0xe8>
    DBG_FAIL_MACRO;
    goto fail;
  }
  if (isContiguous() || isFile()) {
   b91b0:	0658      	lsls	r0, r3, #25
   b91b2:	d403      	bmi.n	b91bc <_ZN9ExFatFile4readEPvj+0x24>
   b91b4:	f894 3031 	ldrb.w	r3, [r4, #49]	; 0x31
   b91b8:	0719      	lsls	r1, r3, #28
   b91ba:	d50b      	bpl.n	b91d4 <_ZN9ExFatFile4readEPvj+0x3c>
    if ((m_curPosition + count) > m_validLength) {
   b91bc:	e9d4 3200 	ldrd	r3, r2, [r4]
   b91c0:	e9d4 1004 	ldrd	r1, r0, [r4, #16]
   b91c4:	18f5      	adds	r5, r6, r3
   b91c6:	f142 0200 	adc.w	r2, r2, #0
   b91ca:	42a9      	cmp	r1, r5
   b91cc:	eb70 0202 	sbcs.w	r2, r0, r2
      count = toRead = m_validLength - m_curPosition;
   b91d0:	bf38      	it	cc
   b91d2:	1ace      	subcc	r6, r1, r3
        m_curCluster =
            isRoot() ? m_vol->rootDirectoryCluster() : m_firstCluster;
      } else if (isContiguous()) {
        m_curCluster++;
      } else {
        fg = m_vol->fatGet(m_curCluster, &m_curCluster);
   b91d4:	f104 0318 	add.w	r3, r4, #24
   b91d8:	ee08 3a10 	vmov	s16, r3
int ExFatFile::read(void* buf, size_t count) {
   b91dc:	46b0      	mov	r8, r6
  while (toRead) {
   b91de:	f1b8 0f00 	cmp.w	r8, #0
   b91e2:	f000 8098 	beq.w	b9316 <_ZN9ExFatFile4readEPvj+0x17e>
    clusterOffset = m_curPosition & m_vol->clusterMask();
   b91e6:	6a20      	ldr	r0, [r4, #32]
   b91e8:	e9d4 3200 	ldrd	r3, r2, [r4]
   b91ec:	f8d0 5438 	ldr.w	r5, [r0, #1080]	; 0x438
   b91f0:	ea05 0703 	and.w	r7, r5, r3
    sectorOffset = clusterOffset & m_vol->sectorMask();
   b91f4:	f3c7 0b08 	ubfx	fp, r7, #0, #9
    if (clusterOffset == 0) {
   b91f8:	b94f      	cbnz	r7, b920e <_ZN9ExFatFile4readEPvj+0x76>
      if (m_curPosition == 0) {
   b91fa:	4313      	orrs	r3, r2
   b91fc:	d12c      	bne.n	b9258 <_ZN9ExFatFile4readEPvj+0xc0>
            isRoot() ? m_vol->rootDirectoryCluster() : m_firstCluster;
   b91fe:	f894 3031 	ldrb.w	r3, [r4, #49]	; 0x31
   b9202:	065a      	lsls	r2, r3, #25
  uint32_t rootDirectoryCluster() const { return m_rootDirectoryCluster; }
   b9204:	bf4c      	ite	mi
   b9206:	f8d0 3434 	ldrmi.w	r3, [r0, #1076]	; 0x434
   b920a:	69e3      	ldrpl	r3, [r4, #28]
        m_curCluster =
   b920c:	61a3      	str	r3, [r4, #24]
          DBG_FAIL_MACRO;
          goto fail;
        }
      }
    }
    sector = m_vol->clusterStartSector(m_curCluster) +
   b920e:	f8d4 a020 	ldr.w	sl, [r4, #32]
           ((cluster - 2) << m_sectorsPerClusterShift);
   b9212:	69a2      	ldr	r2, [r4, #24]
   b9214:	f89a 0445 	ldrb.w	r0, [sl, #1093]	; 0x445
   b9218:	f8da 142c 	ldr.w	r1, [sl, #1068]	; 0x42c
   b921c:	1e95      	subs	r5, r2, #2
   b921e:	4085      	lsls	r5, r0
   b9220:	eb05 2557 	add.w	r5, r5, r7, lsr #9
             (clusterOffset >> m_vol->bytesPerSectorShift());
   b9224:	ea4f 2c57 	mov.w	ip, r7, lsr #9
    sector = m_vol->clusterStartSector(m_curCluster) +
   b9228:	440d      	add	r5, r1
    if (sectorOffset != 0 || toRead < m_vol->bytesPerSector() ||
   b922a:	f1bb 0f00 	cmp.w	fp, #0
   b922e:	d130      	bne.n	b9292 <_ZN9ExFatFile4readEPvj+0xfa>
   b9230:	f5b8 7f00 	cmp.w	r8, #512	; 0x200
   b9234:	d32d      	bcc.n	b9292 <_ZN9ExFatFile4readEPvj+0xfa>
  uint32_t sector() { return m_sector; }
   b9236:	f8da 2218 	ldr.w	r2, [sl, #536]	; 0x218
   b923a:	4295      	cmp	r5, r2
   b923c:	d029      	beq.n	b9292 <_ZN9ExFatFile4readEPvj+0xfa>
        goto fail;
      }
      uint8_t* src = cache + sectorOffset;
      memcpy(dst, src, n);
#if USE_MULTI_SECTOR_IO
    } else if (toRead >= 2 * m_vol->bytesPerSector()) {
   b923e:	f5b8 6f80 	cmp.w	r8, #1024	; 0x400
   b9242:	d245      	bcs.n	b92d0 <_ZN9ExFatFile4readEPvj+0x138>
    return m_blockDev->readSector(sector, dst);
   b9244:	f8da 0214 	ldr.w	r0, [sl, #532]	; 0x214
   b9248:	464a      	mov	r2, r9
   b924a:	4629      	mov	r1, r5
   b924c:	f000 fe4a 	bl	b9ee4 <_ZN16DedicatedSpiCard10readSectorEmPh>
      }
#endif  // USE_MULTI_SECTOR_IO
    } else {
      // read single sector
      n = m_vol->bytesPerSector();
      if (!m_vol->cacheSafeRead(sector, dst)) {
   b9250:	b1b0      	cbz	r0, b9280 <_ZN9ExFatFile4readEPvj+0xe8>
      n = m_vol->bytesPerSector();
   b9252:	f44f 7700 	mov.w	r7, #512	; 0x200
   b9256:	e030      	b.n	b92ba <_ZN9ExFatFile4readEPvj+0x122>
      } else if (isContiguous()) {
   b9258:	f894 3033 	ldrb.w	r3, [r4, #51]	; 0x33
        m_curCluster++;
   b925c:	69a1      	ldr	r1, [r4, #24]
      } else if (isContiguous()) {
   b925e:	065b      	lsls	r3, r3, #25
   b9260:	d502      	bpl.n	b9268 <_ZN9ExFatFile4readEPvj+0xd0>
        m_curCluster++;
   b9262:	3101      	adds	r1, #1
   b9264:	61a1      	str	r1, [r4, #24]
   b9266:	e7d2      	b.n	b920e <_ZN9ExFatFile4readEPvj+0x76>
        fg = m_vol->fatGet(m_curCluster, &m_curCluster);
   b9268:	ee18 2a10 	vmov	r2, s16
   b926c:	f7ff fb3f 	bl	b88ee <_ZN14ExFatPartition6fatGetEmPm>
        if (fg < 0) {
   b9270:	2800      	cmp	r0, #0
   b9272:	db05      	blt.n	b9280 <_ZN9ExFatFile4readEPvj+0xe8>
        if (fg == 0) {
   b9274:	d1cb      	bne.n	b920e <_ZN9ExFatFile4readEPvj+0x76>
          if (isDir()) {
   b9276:	f894 3031 	ldrb.w	r3, [r4, #49]	; 0x31
   b927a:	f013 0f50 	tst.w	r3, #80	; 0x50
   b927e:	d14a      	bne.n	b9316 <_ZN9ExFatFile4readEPvj+0x17e>
    toRead -= n;
  }
  return count - toRead;

fail:
  m_error |= READ_ERROR;
   b9280:	f894 3032 	ldrb.w	r3, [r4, #50]	; 0x32
   b9284:	f043 0302 	orr.w	r3, r3, #2
   b9288:	f884 3032 	strb.w	r3, [r4, #50]	; 0x32
  return -1;
   b928c:	f04f 30ff 	mov.w	r0, #4294967295
   b9290:	e043      	b.n	b931a <_ZN9ExFatFile4readEPvj+0x182>
      n = m_vol->bytesPerSector() - sectorOffset;
   b9292:	f5cb 7700 	rsb	r7, fp, #512	; 0x200
      if (n > toRead) {
   b9296:	4547      	cmp	r7, r8
    return m_dataCache.prepare(sector, option);
   b9298:	f04f 0200 	mov.w	r2, #0
   b929c:	4629      	mov	r1, r5
   b929e:	f50a 7004 	add.w	r0, sl, #528	; 0x210
   b92a2:	bf28      	it	cs
   b92a4:	4647      	movcs	r7, r8
   b92a6:	f000 fe7b 	bl	b9fa0 <_ZN7FsCache7prepareEmh>
      if (!cache) {
   b92aa:	2800      	cmp	r0, #0
   b92ac:	d0e8      	beq.n	b9280 <_ZN9ExFatFile4readEPvj+0xe8>
      memcpy(dst, src, n);
   b92ae:	eb00 010b 	add.w	r1, r0, fp
   b92b2:	463a      	mov	r2, r7
   b92b4:	4648      	mov	r0, r9
   b92b6:	f002 fb42 	bl	bb93e <memcpy>
    m_curPosition += n;
   b92ba:	e9d4 3200 	ldrd	r3, r2, [r4]
   b92be:	19db      	adds	r3, r3, r7
   b92c0:	f142 0200 	adc.w	r2, r2, #0
   b92c4:	e9c4 3200 	strd	r3, r2, [r4]
    dst += n;
   b92c8:	44b9      	add	r9, r7
    toRead -= n;
   b92ca:	eba8 0807 	sub.w	r8, r8, r7
  while (toRead) {
   b92ce:	e786      	b.n	b91de <_ZN9ExFatFile4readEPvj+0x46>
  uint32_t sectorsPerCluster() const { return 1UL << m_sectorsPerClusterShift; }
   b92d0:	2101      	movs	r1, #1
   b92d2:	fa01 f000 	lsl.w	r0, r1, r0
      uint32_t ns = toRead >> m_vol->bytesPerSectorShift();
   b92d6:	ea4f 2758 	mov.w	r7, r8, lsr #9
                       (clusterOffset >> m_vol->bytesPerSectorShift());
   b92da:	eba0 030c 	sub.w	r3, r0, ip
   b92de:	42bb      	cmp	r3, r7
   b92e0:	bf28      	it	cs
   b92e2:	463b      	movcs	r3, r7
    return sector <= m_sector && m_sector < (sector + count);
   b92e4:	4295      	cmp	r5, r2
      n = ns << m_vol->bytesPerSectorShift();
   b92e6:	ea4f 2743 	mov.w	r7, r3, lsl #9
   b92ea:	d908      	bls.n	b92fe <_ZN9ExFatFile4readEPvj+0x166>
    return m_blockDev->readSectors(sector, dst, count);
   b92ec:	f8da 0214 	ldr.w	r0, [sl, #532]	; 0x214
   b92f0:	464a      	mov	r2, r9
   b92f2:	4629      	mov	r1, r5
   b92f4:	f000 fdc9 	bl	b9e8a <_ZN16DedicatedSpiCard11readSectorsEmPhj>
      if (!m_vol->cacheSafeRead(sector, dst, ns)) {
   b92f8:	2800      	cmp	r0, #0
   b92fa:	d1de      	bne.n	b92ba <_ZN9ExFatFile4readEPvj+0x122>
   b92fc:	e7c0      	b.n	b9280 <_ZN9ExFatFile4readEPvj+0xe8>
    return sector <= m_sector && m_sector < (sector + count);
   b92fe:	18e9      	adds	r1, r5, r3
   b9300:	428a      	cmp	r2, r1
   b9302:	d2f3      	bcs.n	b92ec <_ZN9ExFatFile4readEPvj+0x154>
    if (isCached(sector, count) && !sync()) {
   b9304:	f50a 7004 	add.w	r0, sl, #528	; 0x210
   b9308:	9301      	str	r3, [sp, #4]
   b930a:	f000 fe23 	bl	b9f54 <_ZN7FsCache4syncEv>
   b930e:	9b01      	ldr	r3, [sp, #4]
   b9310:	2800      	cmp	r0, #0
   b9312:	d1eb      	bne.n	b92ec <_ZN9ExFatFile4readEPvj+0x154>
   b9314:	e7b4      	b.n	b9280 <_ZN9ExFatFile4readEPvj+0xe8>
  return count - toRead;
   b9316:	eba6 0008 	sub.w	r0, r6, r8
}
   b931a:	b003      	add	sp, #12
   b931c:	ecbd 8b02 	vpop	{d8}
   b9320:	e8bd 8ff0 	ldmia.w	sp!, {r4, r5, r6, r7, r8, r9, sl, fp, pc}

000b9324 <_ZN9ExFatFile7seekSetEy>:

fail:
  return false;
}
//------------------------------------------------------------------------------
bool ExFatFile::seekSet(uint64_t pos) {
   b9324:	e92d 4ff8 	stmdb	sp!, {r3, r4, r5, r6, r7, r8, r9, sl, fp, lr}
   b9328:	461f      	mov	r7, r3
  bool isOpen() const { return m_attributes; }
   b932a:	f890 3031 	ldrb.w	r3, [r0, #49]	; 0x31
  uint32_t nCur;
  uint32_t nNew;
  uint32_t tmp = m_curCluster;
   b932e:	f8d0 8018 	ldr.w	r8, [r0, #24]
bool ExFatFile::seekSet(uint64_t pos) {
   b9332:	4604      	mov	r4, r0
   b9334:	4616      	mov	r6, r2
  // error if file not open
  if (!isOpen()) {
   b9336:	2b00      	cmp	r3, #0
   b9338:	d05b      	beq.n	b93f2 <_ZN9ExFatFile7seekSetEy+0xce>
    DBG_FAIL_MACRO;
    goto fail;
  }
  // Optimize O_APPEND writes.
  if (pos == m_curPosition) {
   b933a:	e9d0 0c00 	ldrd	r0, ip, [r0]
   b933e:	45bc      	cmp	ip, r7
   b9340:	bf08      	it	eq
   b9342:	4290      	cmpeq	r0, r2
   b9344:	d006      	beq.n	b9354 <_ZN9ExFatFile7seekSetEy+0x30>
    return true;
  }
  if (pos == 0) {
   b9346:	ea56 0207 	orrs.w	r2, r6, r7
   b934a:	d105      	bne.n	b9358 <_ZN9ExFatFile7seekSetEy+0x34>
    // set position to start of file
    m_curCluster = 0;
   b934c:	2300      	movs	r3, #0
    }
  }
  // calculate cluster index for new position
  nNew = (pos - 1) >> m_vol->bytesPerClusterShift();
  if (isContiguous()) {
    m_curCluster = m_firstCluster + nNew;
   b934e:	61a3      	str	r3, [r4, #24]
      goto fail;
    }
  }

done:
  m_curPosition = pos;
   b9350:	e9c4 6700 	strd	r6, r7, [r4]
    return true;
   b9354:	2001      	movs	r0, #1
   b9356:	e04f      	b.n	b93f8 <_ZN9ExFatFile7seekSetEy+0xd4>
  if (isFile()) {
   b9358:	071a      	lsls	r2, r3, #28
   b935a:	d504      	bpl.n	b9366 <_ZN9ExFatFile7seekSetEy+0x42>
    if (pos > m_validLength) {
   b935c:	e9d4 1204 	ldrd	r1, r2, [r4, #16]
   b9360:	42b1      	cmp	r1, r6
   b9362:	41ba      	sbcs	r2, r7
   b9364:	d345      	bcc.n	b93f2 <_ZN9ExFatFile7seekSetEy+0xce>
  nNew = (pos - 1) >> m_vol->bytesPerClusterShift();
   b9366:	f8d4 e020 	ldr.w	lr, [r4, #32]
    return m_bytesPerSectorShift + m_sectorsPerClusterShift;
   b936a:	f89e 1445 	ldrb.w	r1, [lr, #1093]	; 0x445
   b936e:	3109      	adds	r1, #9
   b9370:	b2c9      	uxtb	r1, r1
   b9372:	1e75      	subs	r5, r6, #1
   b9374:	f147 3aff 	adc.w	sl, r7, #4294967295
   b9378:	f1c1 0920 	rsb	r9, r1, #32
   b937c:	fa0a f909 	lsl.w	r9, sl, r9
   b9380:	f1a1 0220 	sub.w	r2, r1, #32
   b9384:	40cd      	lsrs	r5, r1
   b9386:	fa2a f202 	lsr.w	r2, sl, r2
   b938a:	ea45 0509 	orr.w	r5, r5, r9
   b938e:	4315      	orrs	r5, r2
  if (isContiguous()) {
   b9390:	f894 2033 	ldrb.w	r2, [r4, #51]	; 0x33
   b9394:	f012 0f40 	tst.w	r2, #64	; 0x40
   b9398:	f1c1 0920 	rsb	r9, r1, #32
   b939c:	f1a1 0a20 	sub.w	sl, r1, #32
   b93a0:	d002      	beq.n	b93a8 <_ZN9ExFatFile7seekSetEy+0x84>
    m_curCluster = m_firstCluster + nNew;
   b93a2:	69e3      	ldr	r3, [r4, #28]
   b93a4:	442b      	add	r3, r5
   b93a6:	e7d2      	b.n	b934e <_ZN9ExFatFile7seekSetEy+0x2a>
  nCur = (m_curPosition - 1) >> m_vol->bytesPerClusterShift();
   b93a8:	f110 3bff 	adds.w	fp, r0, #4294967295
   b93ac:	f14c 32ff 	adc.w	r2, ip, #4294967295
   b93b0:	fa02 f909 	lsl.w	r9, r2, r9
   b93b4:	fa2b f101 	lsr.w	r1, fp, r1
   b93b8:	ea41 0109 	orr.w	r1, r1, r9
   b93bc:	fa22 f20a 	lsr.w	r2, r2, sl
   b93c0:	4311      	orrs	r1, r2
  if (nNew < nCur || m_curPosition == 0) {
   b93c2:	428d      	cmp	r5, r1
   b93c4:	d302      	bcc.n	b93cc <_ZN9ExFatFile7seekSetEy+0xa8>
   b93c6:	ea50 020c 	orrs.w	r2, r0, ip
   b93ca:	d117      	bne.n	b93fc <_ZN9ExFatFile7seekSetEy+0xd8>
    m_curCluster = isRoot() ? m_vol->rootDirectoryCluster() : m_firstCluster;
   b93cc:	065b      	lsls	r3, r3, #25
  uint32_t rootDirectoryCluster() const { return m_rootDirectoryCluster; }
   b93ce:	bf4c      	ite	mi
   b93d0:	f8de 3434 	ldrmi.w	r3, [lr, #1076]	; 0x434
   b93d4:	69e3      	ldrpl	r3, [r4, #28]
   b93d6:	61a3      	str	r3, [r4, #24]
    if (m_vol->fatGet(m_curCluster, &m_curCluster) <= 0) {
   b93d8:	f104 0918 	add.w	r9, r4, #24
  while (nNew--) {
   b93dc:	2d00      	cmp	r5, #0
   b93de:	d0b7      	beq.n	b9350 <_ZN9ExFatFile7seekSetEy+0x2c>
    if (m_vol->fatGet(m_curCluster, &m_curCluster) <= 0) {
   b93e0:	69a1      	ldr	r1, [r4, #24]
   b93e2:	6a20      	ldr	r0, [r4, #32]
   b93e4:	464a      	mov	r2, r9
   b93e6:	f7ff fa82 	bl	b88ee <_ZN14ExFatPartition6fatGetEmPm>
   b93ea:	2800      	cmp	r0, #0
   b93ec:	f105 35ff 	add.w	r5, r5, #4294967295
   b93f0:	dcf4      	bgt.n	b93dc <_ZN9ExFatFile7seekSetEy+0xb8>
  return true;

fail:
  m_curCluster = tmp;
   b93f2:	f8c4 8018 	str.w	r8, [r4, #24]
  return false;
   b93f6:	2000      	movs	r0, #0
}
   b93f8:	e8bd 8ff8 	ldmia.w	sp!, {r3, r4, r5, r6, r7, r8, r9, sl, fp, pc}
    nNew -= nCur;
   b93fc:	1a6d      	subs	r5, r5, r1
   b93fe:	e7eb      	b.n	b93d8 <_ZN9ExFatFile7seekSetEy+0xb4>

000b9400 <_ZN9ExFatFile11openPrivateEPS_P8ExName_ti>:
bool ExFatFile::openPrivate(ExFatFile* dir, ExName_t* fname, oflag_t oflag) {
   b9400:	e92d 4ff0 	stmdb	sp!, {r4, r5, r6, r7, r8, r9, sl, fp, lr}
   b9404:	4699      	mov	r9, r3
   b9406:	f890 3031 	ldrb.w	r3, [r0, #49]	; 0x31
   b940a:	b08d      	sub	sp, #52	; 0x34
   b940c:	4604      	mov	r4, r0
   b940e:	460e      	mov	r6, r1
   b9410:	4615      	mov	r5, r2
  if (isOpen() || !dir->isDir()) {
   b9412:	2b00      	cmp	r3, #0
   b9414:	d141      	bne.n	b949a <_ZN9ExFatFile11openPrivateEPS_P8ExName_ti+0x9a>
   b9416:	f891 3031 	ldrb.w	r3, [r1, #49]	; 0x31
   b941a:	f013 0f50 	tst.w	r3, #80	; 0x50
   b941e:	d03c      	beq.n	b949a <_ZN9ExFatFile11openPrivateEPS_P8ExName_ti+0x9a>
  switch (oflag & O_ACCMODE) {
   b9420:	f009 0303 	and.w	r3, r9, #3
   b9424:	2b03      	cmp	r3, #3
   b9426:	d038      	beq.n	b949a <_ZN9ExFatFile11openPrivateEPS_P8ExName_ti+0x9a>
  modeFlags |= oflag & O_APPEND ? FILE_FLAG_APPEND : 0;
   b9428:	f009 0a08 	and.w	sl, r9, #8
   b942c:	3301      	adds	r3, #1
   b942e:	ea4a 0a03 	orr.w	sl, sl, r3
  if (fname) {
   b9432:	2a00      	cmp	r2, #0
   b9434:	d038      	beq.n	b94a8 <_ZN9ExFatFile11openPrivateEPS_P8ExName_ti+0xa8>
    freeNeed = 2 + (fname->nameLength + 14) / 15;
   b9436:	68d7      	ldr	r7, [r2, #12]
   b9438:	230f      	movs	r3, #15
   b943a:	370e      	adds	r7, #14
   *
   * \return true for success or false for failure.
   */
  bool rename(ExFatFile* dirFile, const char* newPath);
  /** Set the file's current position to zero. */
  void rewind() { seekSet(0); }
   b943c:	2200      	movs	r2, #0
   b943e:	fbb7 f7f3 	udiv	r7, r7, r3
   b9442:	4608      	mov	r0, r1
   b9444:	3702      	adds	r7, #2
   b9446:	2300      	movs	r3, #0
   b9448:	b2ff      	uxtb	r7, r7
   b944a:	f7ff ff6b 	bl	b9324 <_ZN9ExFatFile7seekSetEy>
      inSet = false;
   b944e:	f04f 0b00 	mov.w	fp, #0
   b9452:	46d8      	mov	r8, fp
    n = dir->read(buf, FS_DIR_SIZE);
   b9454:	2220      	movs	r2, #32
   b9456:	a904      	add	r1, sp, #16
   b9458:	4630      	mov	r0, r6
   b945a:	f7ff fe9d 	bl	b9198 <_ZN9ExFatFile4readEPvj>
    if (n == 0) {
   b945e:	2800      	cmp	r0, #0
   b9460:	f000 80c6 	beq.w	b95f0 <_ZN9ExFatFile11openPrivateEPS_P8ExName_ti+0x1f0>
    if (n != FS_DIR_SIZE) {
   b9464:	2820      	cmp	r0, #32
   b9466:	d118      	bne.n	b949a <_ZN9ExFatFile11openPrivateEPS_P8ExName_ti+0x9a>
    if (!(buf[0] & EXFAT_TYPE_USED)) {
   b9468:	f99d 1010 	ldrsb.w	r1, [sp, #16]
   b946c:	f89d 2010 	ldrb.w	r2, [sp, #16]
   b9470:	2900      	cmp	r1, #0
   b9472:	db1e      	blt.n	b94b2 <_ZN9ExFatFile11openPrivateEPS_P8ExName_ti+0xb2>
      if (freeCount == 0) {
   b9474:	f1bb 0f00 	cmp.w	fp, #0
   b9478:	d105      	bne.n	b9486 <_ZN9ExFatFile11openPrivateEPS_P8ExName_ti+0x86>
        freePos.position = dir->curPosition() - FS_DIR_SIZE;
   b947a:	6831      	ldr	r1, [r6, #0]
   b947c:	f1a1 0320 	sub.w	r3, r1, #32
   b9480:	9300      	str	r3, [sp, #0]
  uint32_t curCluster() const { return m_curCluster; }
   b9482:	69b3      	ldr	r3, [r6, #24]
   b9484:	9301      	str	r3, [sp, #4]
      if (freeCount < freeNeed) {
   b9486:	45bb      	cmp	fp, r7
        freeCount++;
   b9488:	bf3c      	itt	cc
   b948a:	f10b 0301 	addcc.w	r3, fp, #1
   b948e:	fa5f fb83 	uxtbcc.w	fp, r3
      if (buf[0] == EXFAT_TYPE_END_DIR) {
   b9492:	b95a      	cbnz	r2, b94ac <_ZN9ExFatFile11openPrivateEPS_P8ExName_ti+0xac>
        if (fname) {
   b9494:	2d00      	cmp	r5, #0
   b9496:	f040 80ab 	bne.w	b95f0 <_ZN9ExFatFile11openPrivateEPS_P8ExName_ti+0x1f0>
  m_attributes = FILE_ATTR_CLOSED;
   b949a:	f04f 0800 	mov.w	r8, #0
   b949e:	f884 8031 	strb.w	r8, [r4, #49]	; 0x31
  m_flags = 0;
   b94a2:	f884 8033 	strb.w	r8, [r4, #51]	; 0x33
  return false;
   b94a6:	e06d      	b.n	b9584 <_ZN9ExFatFile11openPrivateEPS_P8ExName_ti+0x184>
  uint8_t freeNeed = 3;
   b94a8:	2703      	movs	r7, #3
   b94aa:	e7d0      	b.n	b944e <_ZN9ExFatFile11openPrivateEPS_P8ExName_ti+0x4e>
      inSet = false;
   b94ac:	2000      	movs	r0, #0
   b94ae:	4680      	mov	r8, r0
   b94b0:	e7d0      	b.n	b9454 <_ZN9ExFatFile11openPrivateEPS_P8ExName_ti+0x54>
    } else if (!inSet) {
   b94b2:	f1b8 0f00 	cmp.w	r8, #0
   b94b6:	d127      	bne.n	b9508 <_ZN9ExFatFile11openPrivateEPS_P8ExName_ti+0x108>
        freeCount = 0;
   b94b8:	45bb      	cmp	fp, r7
   b94ba:	bf38      	it	cc
   b94bc:	f04f 0b00 	movcc.w	fp, #0
      if (buf[0] != EXFAT_TYPE_FILE) {
   b94c0:	2a85      	cmp	r2, #133	; 0x85
   b94c2:	d1f3      	bne.n	b94ac <_ZN9ExFatFile11openPrivateEPS_P8ExName_ti+0xac>
      memset(this, 0, sizeof(ExFatFile));
   b94c4:	2238      	movs	r2, #56	; 0x38
   b94c6:	4641      	mov	r1, r8
   b94c8:	4620      	mov	r0, r4
   b94ca:	f002 fa46 	bl	bb95a <memset>
      m_attributes = getLe16(dirFile->attributes) & FS_ATTRIB_COPY;
   b94ce:	f89d 1014 	ldrb.w	r1, [sp, #20]
      m_setCount = dirFile->setCount;
   b94d2:	f89d 2011 	ldrb.w	r2, [sp, #17]
   b94d6:	f884 2030 	strb.w	r2, [r4, #48]	; 0x30
      m_attributes = getLe16(dirFile->attributes) & FS_ATTRIB_COPY;
   b94da:	f001 0237 	and.w	r2, r1, #55	; 0x37
      if (!(m_attributes & FS_ATTRIB_DIRECTORY)) {
   b94de:	06c9      	lsls	r1, r1, #27
        m_attributes |= FILE_ATTR_FILE;
   b94e0:	bf58      	it	pl
   b94e2:	f042 0208 	orrpl.w	r2, r2, #8
   b94e6:	f884 2031 	strb.w	r2, [r4, #49]	; 0x31
  bool hashName(ExName_t* fname);
  bool mkdir(ExFatFile* parent, ExName_t* fname);

  bool openPrivate(ExFatFile* dir, ExName_t* fname, oflag_t oflag);
  bool parsePathName(const char* path, ExName_t* fname, const char** ptr);
  ExFatVolume* volume() const { return m_vol; }
   b94ea:	6a32      	ldr	r2, [r6, #32]
      m_vol = dir->volume();
   b94ec:	6222      	str	r2, [r4, #32]
  uint32_t curCluster() const { return m_curCluster; }
   b94ee:	69b2      	ldr	r2, [r6, #24]
      m_dirPos.cluster = dir->curCluster();
   b94f0:	6262      	str	r2, [r4, #36]	; 0x24
      m_dirPos.position = dir->curPosition() - FS_DIR_SIZE;
   b94f2:	6832      	ldr	r2, [r6, #0]
   b94f4:	3a20      	subs	r2, #32
   b94f6:	62a2      	str	r2, [r4, #40]	; 0x28
  bool isContiguous() const { return m_flags & FILE_FLAG_CONTIGUOUS; }
   b94f8:	f896 2033 	ldrb.w	r2, [r6, #51]	; 0x33
   b94fc:	f3c2 1280 	ubfx	r2, r2, #6, #1
      m_dirPos.isContiguous = dir->isContiguous();
   b9500:	f884 202c 	strb.w	r2, [r4, #44]	; 0x2c
      inSet = true;
   b9504:	2001      	movs	r0, #1
   b9506:	e7d2      	b.n	b94ae <_ZN9ExFatFile11openPrivateEPS_P8ExName_ti+0xae>
    } else if (buf[0] == EXFAT_TYPE_STREAM) {
   b9508:	2ac0      	cmp	r2, #192	; 0xc0
   b950a:	d150      	bne.n	b95ae <_ZN9ExFatFile11openPrivateEPS_P8ExName_ti+0x1ae>
      m_validLength = getLe64(dirStream->validLength);
   b950c:	e9dd 0106 	ldrd	r0, r1, [sp, #24]
      if (dirStream->flags & EXFAT_FLAG_CONTIGUOUS) {
   b9510:	f89d 2011 	ldrb.w	r2, [sp, #17]
      m_flags = modeFlags;
   b9514:	f884 a033 	strb.w	sl, [r4, #51]	; 0x33
      if (dirStream->flags & EXFAT_FLAG_CONTIGUOUS) {
   b9518:	0793      	lsls	r3, r2, #30
      m_validLength = getLe64(dirStream->validLength);
   b951a:	e9c4 0104 	strd	r0, r1, [r4, #16]
      m_dataLength = getLe64(dirStream->dataLength);
   b951e:	e9dd 010a 	ldrd	r0, r1, [sp, #40]	; 0x28
        m_flags |= FILE_FLAG_CONTIGUOUS;
   b9522:	bf44      	itt	mi
   b9524:	f04a 0240 	orrmi.w	r2, sl, #64	; 0x40
   b9528:	f884 2033 	strbmi.w	r2, [r4, #51]	; 0x33
      m_firstCluster = getLe32(dirStream->firstCluster);
   b952c:	9a09      	ldr	r2, [sp, #36]	; 0x24
   b952e:	61e2      	str	r2, [r4, #28]
      m_dataLength = getLe64(dirStream->dataLength);
   b9530:	e9c4 0102 	strd	r0, r1, [r4, #8]
      if (!fname) {
   b9534:	bb55      	cbnz	r5, b958c <_ZN9ExFatFile11openPrivateEPS_P8ExName_ti+0x18c>
  if (oflag & O_EXCL) {
   b9536:	f419 6f00 	tst.w	r9, #2048	; 0x800
   b953a:	d1ae      	bne.n	b949a <_ZN9ExFatFile11openPrivateEPS_P8ExName_ti+0x9a>
  if ((oflag & (O_TRUNC | O_AT_END)) || (m_flags & FILE_FLAG_WRITE)) {
   b953c:	f419 4f88 	tst.w	r9, #17408	; 0x4400
   b9540:	d103      	bne.n	b954a <_ZN9ExFatFile11openPrivateEPS_P8ExName_ti+0x14a>
   b9542:	f894 3033 	ldrb.w	r3, [r4, #51]	; 0x33
   b9546:	079d      	lsls	r5, r3, #30
   b9548:	d505      	bpl.n	b9556 <_ZN9ExFatFile11openPrivateEPS_P8ExName_ti+0x156>
  bool isSubDir() const { return m_attributes & FILE_ATTR_SUBDIR; }
   b954a:	f894 3031 	ldrb.w	r3, [r4, #49]	; 0x31
    if (isSubDir() || isReadOnly() || EXFAT_READ_ONLY) {
   b954e:	06d8      	lsls	r0, r3, #27
   b9550:	d4a3      	bmi.n	b949a <_ZN9ExFatFile11openPrivateEPS_P8ExName_ti+0x9a>
   b9552:	07d9      	lsls	r1, r3, #31
   b9554:	d4a1      	bmi.n	b949a <_ZN9ExFatFile11openPrivateEPS_P8ExName_ti+0x9a>
  if (oflag & O_TRUNC) {
   b9556:	f419 6f80 	tst.w	r9, #1024	; 0x400
   b955a:	d039      	beq.n	b95d0 <_ZN9ExFatFile11openPrivateEPS_P8ExName_ti+0x1d0>
    if (!(m_flags & FILE_FLAG_WRITE)) {
   b955c:	f894 3033 	ldrb.w	r3, [r4, #51]	; 0x33
   b9560:	079a      	lsls	r2, r3, #30
   b9562:	d59a      	bpl.n	b949a <_ZN9ExFatFile11openPrivateEPS_P8ExName_ti+0x9a>
  bool truncate(uint64_t length) { return seekSet(length) && truncate(); }
   b9564:	2200      	movs	r2, #0
   b9566:	2300      	movs	r3, #0
   b9568:	4620      	mov	r0, r4
   b956a:	f7ff fedb 	bl	b9324 <_ZN9ExFatFile7seekSetEy>
   b956e:	2800      	cmp	r0, #0
   b9570:	d093      	beq.n	b949a <_ZN9ExFatFile11openPrivateEPS_P8ExName_ti+0x9a>
   b9572:	4620      	mov	r0, r4
   b9574:	f7ff fc31 	bl	b8dda <_ZN9ExFatFile8truncateEv>
   b9578:	2800      	cmp	r0, #0
   b957a:	d08e      	beq.n	b949a <_ZN9ExFatFile11openPrivateEPS_P8ExName_ti+0x9a>
  if (isWritable()) {
   b957c:	f894 3033 	ldrb.w	r3, [r4, #51]	; 0x33
   b9580:	079b      	lsls	r3, r3, #30
   b9582:	d42e      	bmi.n	b95e2 <_ZN9ExFatFile11openPrivateEPS_P8ExName_ti+0x1e2>
}
   b9584:	4640      	mov	r0, r8
   b9586:	b00d      	add	sp, #52	; 0x34
   b9588:	e8bd 8ff0 	ldmia.w	sp!, {r4, r5, r6, r7, r8, r9, sl, fp, pc}
  void reset() { next = begin; }
   b958c:	682a      	ldr	r2, [r5, #0]
      if (fname->nameLength != dirStream->nameLength ||
   b958e:	68e9      	ldr	r1, [r5, #12]
   b9590:	606a      	str	r2, [r5, #4]
   b9592:	f89d 2013 	ldrb.w	r2, [sp, #19]
   b9596:	4291      	cmp	r1, r2
   b9598:	d188      	bne.n	b94ac <_ZN9ExFatFile11openPrivateEPS_P8ExName_ti+0xac>
   b959a:	8a28      	ldrh	r0, [r5, #16]
   b959c:	f8bd 2014 	ldrh.w	r2, [sp, #20]
   b95a0:	eba0 0c02 	sub.w	ip, r0, r2
   b95a4:	f1dc 0000 	rsbs	r0, ip, #0
   b95a8:	eb40 000c 	adc.w	r0, r0, ip
   b95ac:	e77f      	b.n	b94ae <_ZN9ExFatFile11openPrivateEPS_P8ExName_ti+0xae>
    } else if (buf[0] == EXFAT_TYPE_NAME) {
   b95ae:	2ac1      	cmp	r2, #193	; 0xc1
   b95b0:	f47f af7c 	bne.w	b94ac <_ZN9ExFatFile11openPrivateEPS_P8ExName_ti+0xac>
      if (!cmpName(dirName, fname)) {
   b95b4:	462a      	mov	r2, r5
   b95b6:	a904      	add	r1, sp, #16
   b95b8:	4620      	mov	r0, r4
   b95ba:	f7ff f889 	bl	b86d0 <_ZN9ExFatFile7cmpNameEPK9DirName_tP8ExName_t>
   b95be:	2800      	cmp	r0, #0
   b95c0:	f43f af75 	beq.w	b94ae <_ZN9ExFatFile11openPrivateEPS_P8ExName_ti+0xae>
      if (fname->atEnd()) {
   b95c4:	e9d5 2101 	ldrd	r2, r1, [r5, #4]
   b95c8:	4291      	cmp	r1, r2
   b95ca:	f47f af70 	bne.w	b94ae <_ZN9ExFatFile11openPrivateEPS_P8ExName_ti+0xae>
   b95ce:	e7b2      	b.n	b9536 <_ZN9ExFatFile11openPrivateEPS_P8ExName_ti+0x136>
  } else if ((oflag & O_AT_END) && !seekSet(fileSize())) {
   b95d0:	f419 4f80 	tst.w	r9, #16384	; 0x4000
   b95d4:	d0d2      	beq.n	b957c <_ZN9ExFatFile11openPrivateEPS_P8ExName_ti+0x17c>
   b95d6:	e9d4 2304 	ldrd	r2, r3, [r4, #16]
   b95da:	4620      	mov	r0, r4
   b95dc:	f7ff fea2 	bl	b9324 <_ZN9ExFatFile7seekSetEy>
   b95e0:	e7ca      	b.n	b9578 <_ZN9ExFatFile11openPrivateEPS_P8ExName_ti+0x178>
    m_attributes |= FS_ATTRIB_ARCHIVE;
   b95e2:	f894 3031 	ldrb.w	r3, [r4, #49]	; 0x31
   b95e6:	f043 0320 	orr.w	r3, r3, #32
   b95ea:	f884 3031 	strb.w	r3, [r4, #49]	; 0x31
   b95ee:	e7c9      	b.n	b9584 <_ZN9ExFatFile11openPrivateEPS_P8ExName_ti+0x184>
  if (!(oflag & O_CREAT) || !(modeFlags & FILE_FLAG_WRITE) || !fname) {
   b95f0:	f419 7f00 	tst.w	r9, #512	; 0x200
   b95f4:	f43f af51 	beq.w	b949a <_ZN9ExFatFile11openPrivateEPS_P8ExName_ti+0x9a>
   b95f8:	f01a 0f02 	tst.w	sl, #2
   b95fc:	f43f af4d 	beq.w	b949a <_ZN9ExFatFile11openPrivateEPS_P8ExName_ti+0x9a>
   b9600:	2d00      	cmp	r5, #0
   b9602:	f43f af4a 	beq.w	b949a <_ZN9ExFatFile11openPrivateEPS_P8ExName_ti+0x9a>
  while (freeCount < freeNeed) {
   b9606:	45bb      	cmp	fp, r7
   b9608:	d221      	bcs.n	b964e <_ZN9ExFatFile11openPrivateEPS_P8ExName_ti+0x24e>
    n = dir->read(buf, FS_DIR_SIZE);
   b960a:	2220      	movs	r2, #32
   b960c:	a904      	add	r1, sp, #16
   b960e:	4630      	mov	r0, r6
   b9610:	f7ff fdc2 	bl	b9198 <_ZN9ExFatFile4readEPvj>
    if (n == 0) {
   b9614:	b950      	cbnz	r0, b962c <_ZN9ExFatFile11openPrivateEPS_P8ExName_ti+0x22c>
      if (!dir->addDirCluster()) {
   b9616:	4630      	mov	r0, r6
      uint32_t saveCurCluster = dir->m_curCluster;
   b9618:	f8d6 8018 	ldr.w	r8, [r6, #24]
      if (!dir->addDirCluster()) {
   b961c:	f7ff fb83 	bl	b8d26 <_ZN9ExFatFile13addDirClusterEv>
   b9620:	2800      	cmp	r0, #0
   b9622:	f43f af3a 	beq.w	b949a <_ZN9ExFatFile11openPrivateEPS_P8ExName_ti+0x9a>
      dir->m_curCluster = saveCurCluster;
   b9626:	f8c6 8018 	str.w	r8, [r6, #24]
      continue;
   b962a:	e7ec      	b.n	b9606 <_ZN9ExFatFile11openPrivateEPS_P8ExName_ti+0x206>
    if (n != FS_DIR_SIZE) {
   b962c:	2820      	cmp	r0, #32
   b962e:	f47f af34 	bne.w	b949a <_ZN9ExFatFile11openPrivateEPS_P8ExName_ti+0x9a>
    if (freeCount == 0) {
   b9632:	f1bb 0f00 	cmp.w	fp, #0
   b9636:	d105      	bne.n	b9644 <_ZN9ExFatFile11openPrivateEPS_P8ExName_ti+0x244>
      freePos.position = dir->curPosition() - FS_DIR_SIZE;
   b9638:	6832      	ldr	r2, [r6, #0]
   b963a:	f1a2 0320 	sub.w	r3, r2, #32
   b963e:	9300      	str	r3, [sp, #0]
  uint32_t curCluster() const { return m_curCluster; }
   b9640:	69b3      	ldr	r3, [r6, #24]
   b9642:	9301      	str	r3, [sp, #4]
    freeCount++;
   b9644:	f10b 0301 	add.w	r3, fp, #1
   b9648:	fa5f fb83 	uxtb.w	fp, r3
   b964c:	e7db      	b.n	b9606 <_ZN9ExFatFile11openPrivateEPS_P8ExName_ti+0x206>
  memset(this, 0, sizeof(ExFatFile));
   b964e:	2238      	movs	r2, #56	; 0x38
   b9650:	2100      	movs	r1, #0
   b9652:	4620      	mov	r0, r4
  bool isContiguous() const { return m_flags & FILE_FLAG_CONTIGUOUS; }
   b9654:	f896 8033 	ldrb.w	r8, [r6, #51]	; 0x33
   b9658:	f002 f97f 	bl	bb95a <memset>
  ExFatVolume* volume() const { return m_vol; }
   b965c:	6a33      	ldr	r3, [r6, #32]
  m_vol = dir->volume();
   b965e:	6223      	str	r3, [r4, #32]
  m_attributes = FILE_ATTR_FILE | FS_ATTRIB_ARCHIVE;
   b9660:	2328      	movs	r3, #40	; 0x28
   b9662:	f884 3031 	strb.w	r3, [r4, #49]	; 0x31
  m_dirPos = freePos;
   b9666:	9b01      	ldr	r3, [sp, #4]
   b9668:	6263      	str	r3, [r4, #36]	; 0x24
  freePos.isContiguous = dir->isContiguous();
   b966a:	f3c8 1880 	ubfx	r8, r8, #6, #1
  m_dirPos = freePos;
   b966e:	9b00      	ldr	r3, [sp, #0]
   b9670:	f884 802c 	strb.w	r8, [r4, #44]	; 0x2c
   b9674:	62a3      	str	r3, [r4, #40]	; 0x28
   b9676:	682b      	ldr	r3, [r5, #0]
   b9678:	606b      	str	r3, [r5, #4]
      m_setCount = freeNeed - 1;
   b967a:	f107 38ff 	add.w	r8, r7, #4294967295
   b967e:	f04f 0900 	mov.w	r9, #0
   b9682:	fa5f f888 	uxtb.w	r8, r8
   b9686:	fa5f fb89 	uxtb.w	fp, r9
  for (uint8_t i = 0; i < freeNeed; i++) {
   b968a:	45bb      	cmp	fp, r7
   b968c:	d255      	bcs.n	b973a <_ZN9ExFatFile11openPrivateEPS_P8ExName_ti+0x33a>
    cache = dirCache(i, FsCache::CACHE_FOR_WRITE);
   b968e:	2201      	movs	r2, #1
   b9690:	4659      	mov	r1, fp
   b9692:	4620      	mov	r0, r4
   b9694:	f7ff fd0c 	bl	b90b0 <_ZN9ExFatFile8dirCacheEhh>
    if (!cache || (cache[0] & 0x80)) {
   b9698:	4606      	mov	r6, r0
   b969a:	2800      	cmp	r0, #0
   b969c:	f43f aefd 	beq.w	b949a <_ZN9ExFatFile11openPrivateEPS_P8ExName_ti+0x9a>
   b96a0:	f990 2000 	ldrsb.w	r2, [r0]
   b96a4:	2a00      	cmp	r2, #0
   b96a6:	f6ff aef8 	blt.w	b949a <_ZN9ExFatFile11openPrivateEPS_P8ExName_ti+0x9a>
    memset(cache, 0, FS_DIR_SIZE);
   b96aa:	2220      	movs	r2, #32
   b96ac:	2100      	movs	r1, #0
   b96ae:	f002 f954 	bl	bb95a <memset>
    if (i == 0) {
   b96b2:	f1bb 0f00 	cmp.w	fp, #0
   b96b6:	d120      	bne.n	b96fa <_ZN9ExFatFile11openPrivateEPS_P8ExName_ti+0x2fa>
      dirFile->type = EXFAT_TYPE_FILE;
   b96b8:	2385      	movs	r3, #133	; 0x85
   b96ba:	7033      	strb	r3, [r6, #0]
      if (FsDateTime::callback) {
   b96bc:	4b21      	ldr	r3, [pc, #132]	; (b9744 <_ZN9ExFatFile11openPrivateEPS_P8ExName_ti+0x344>)
      m_setCount = freeNeed - 1;
   b96be:	f884 8030 	strb.w	r8, [r4, #48]	; 0x30
      dirFile->setCount = m_setCount;
   b96c2:	f886 8001 	strb.w	r8, [r6, #1]
      if (FsDateTime::callback) {
   b96c6:	681b      	ldr	r3, [r3, #0]
   b96c8:	b18b      	cbz	r3, b96ee <_ZN9ExFatFile11openPrivateEPS_P8ExName_ti+0x2ee>
        FsDateTime::callback(&date, &time, &ms10);
   b96ca:	f10d 020b 	add.w	r2, sp, #11
   b96ce:	f10d 010e 	add.w	r1, sp, #14
   b96d2:	a803      	add	r0, sp, #12
   b96d4:	4798      	blx	r3
  *reinterpret_cast<uint16_t*>(dst) = src;
   b96d6:	f8bd 300c 	ldrh.w	r3, [sp, #12]
   b96da:	8173      	strh	r3, [r6, #10]
   b96dc:	f8bd 300e 	ldrh.w	r3, [sp, #14]
   b96e0:	8133      	strh	r3, [r6, #8]
        dirFile->createTimeMs = ms10;
   b96e2:	f89d 300b 	ldrb.w	r3, [sp, #11]
   b96e6:	7533      	strb	r3, [r6, #20]
  for (uint8_t i = 0; i < freeNeed; i++) {
   b96e8:	f109 0901 	add.w	r9, r9, #1
   b96ec:	e7cb      	b.n	b9686 <_ZN9ExFatFile11openPrivateEPS_P8ExName_ti+0x286>
   b96ee:	f645 2321 	movw	r3, #23073	; 0x5a21
   b96f2:	8173      	strh	r3, [r6, #10]
   b96f4:	81f3      	strh	r3, [r6, #14]
   b96f6:	8273      	strh	r3, [r6, #18]
   b96f8:	e7f6      	b.n	b96e8 <_ZN9ExFatFile11openPrivateEPS_P8ExName_ti+0x2e8>
    } else if (i == 1) {
   b96fa:	f1bb 0f01 	cmp.w	fp, #1
   b96fe:	d10c      	bne.n	b971a <_ZN9ExFatFile11openPrivateEPS_P8ExName_ti+0x31a>
      m_flags = modeFlags | FILE_FLAG_DIR_DIRTY;
   b9700:	f06a 037f 	orn	r3, sl, #127	; 0x7f
      dirStream->type = EXFAT_TYPE_STREAM;
   b9704:	22c0      	movs	r2, #192	; 0xc0
   b9706:	7032      	strb	r2, [r6, #0]
      dirStream->flags = EXFAT_FLAG_ALWAYS1;
   b9708:	f886 b001 	strb.w	fp, [r6, #1]
      m_flags = modeFlags | FILE_FLAG_DIR_DIRTY;
   b970c:	f884 3033 	strb.w	r3, [r4, #51]	; 0x33
      dirStream->nameLength = fname->nameLength;
   b9710:	68eb      	ldr	r3, [r5, #12]
   b9712:	70f3      	strb	r3, [r6, #3]
      setLe16(dirStream->nameHash, fname->nameHash);
   b9714:	8a2b      	ldrh	r3, [r5, #16]
   b9716:	80b3      	strh	r3, [r6, #4]
}
   b9718:	e7e6      	b.n	b96e8 <_ZN9ExFatFile11openPrivateEPS_P8ExName_ti+0x2e8>
      dirName->type = EXFAT_TYPE_NAME;
   b971a:	23c1      	movs	r3, #193	; 0xc1
   b971c:	7033      	strb	r3, [r6, #0]
      for (size_t k = 0; k < 15; k++) {
   b971e:	f106 021e 	add.w	r2, r6, #30
        if (fname->atEnd()) {
   b9722:	e9d5 3101 	ldrd	r3, r1, [r5, #4]
   b9726:	428b      	cmp	r3, r1
   b9728:	d0de      	beq.n	b96e8 <_ZN9ExFatFile11openPrivateEPS_P8ExName_ti+0x2e8>
  uint16_t get16() { return atEnd() ? 0 : *next++; }
   b972a:	1c59      	adds	r1, r3, #1
   b972c:	6069      	str	r1, [r5, #4]
   b972e:	781b      	ldrb	r3, [r3, #0]
   b9730:	f826 3f02 	strh.w	r3, [r6, #2]!
      for (size_t k = 0; k < 15; k++) {
   b9734:	42b2      	cmp	r2, r6
   b9736:	d1f4      	bne.n	b9722 <_ZN9ExFatFile11openPrivateEPS_P8ExName_ti+0x322>
   b9738:	e7d6      	b.n	b96e8 <_ZN9ExFatFile11openPrivateEPS_P8ExName_ti+0x2e8>
  return sync();
   b973a:	4620      	mov	r0, r4
   b973c:	f7ff fad2 	bl	b8ce4 <_ZN9ExFatFile4syncEv>
   b9740:	4680      	mov	r8, r0
   b9742:	e71f      	b.n	b9584 <_ZN9ExFatFile11openPrivateEPS_P8ExName_ti+0x184>
   b9744:	2003e678 	.word	0x2003e678

000b9748 <_ZN9ExFatFile4openEPS_PKci>:
bool ExFatFile::open(ExFatFile* dirFile, const char* path, oflag_t oflag) {
   b9748:	e92d 41f0 	stmdb	sp!, {r4, r5, r6, r7, r8, lr}
   b974c:	b096      	sub	sp, #88	; 0x58
   b974e:	4698      	mov	r8, r3
  ExFatFile() {}
   b9750:	2300      	movs	r3, #0
   b9752:	9314      	str	r3, [sp, #80]	; 0x50
  if (isOpen() || !dirFile->isDir()) {
   b9754:	f890 3031 	ldrb.w	r3, [r0, #49]	; 0x31
bool ExFatFile::open(ExFatFile* dirFile, const char* path, oflag_t oflag) {
   b9758:	9201      	str	r2, [sp, #4]
   b975a:	4605      	mov	r5, r0
   b975c:	460c      	mov	r4, r1
  if (isOpen() || !dirFile->isDir()) {
   b975e:	b11b      	cbz	r3, b9768 <_ZN9ExFatFile4openEPS_PKci+0x20>
  return false;
   b9760:	2000      	movs	r0, #0
}
   b9762:	b016      	add	sp, #88	; 0x58
   b9764:	e8bd 81f0 	ldmia.w	sp!, {r4, r5, r6, r7, r8, pc}
  if (isOpen() || !dirFile->isDir()) {
   b9768:	f891 3031 	ldrb.w	r3, [r1, #49]	; 0x31
   b976c:	f013 0f50 	tst.w	r3, #80	; 0x50
   b9770:	d0f6      	beq.n	b9760 <_ZN9ExFatFile4openEPS_PKci+0x18>
  if (isDirSeparator(*path)) {
   b9772:	7813      	ldrb	r3, [r2, #0]
   b9774:	2b2f      	cmp	r3, #47	; 0x2f
   b9776:	d11a      	bne.n	b97ae <_ZN9ExFatFile4openEPS_PKci+0x66>
    while (isDirSeparator(*path)) {
   b9778:	9a01      	ldr	r2, [sp, #4]
   b977a:	7813      	ldrb	r3, [r2, #0]
   b977c:	2b2f      	cmp	r3, #47	; 0x2f
   b977e:	d102      	bne.n	b9786 <_ZN9ExFatFile4openEPS_PKci+0x3e>
      path++;
   b9780:	3201      	adds	r2, #1
   b9782:	9201      	str	r2, [sp, #4]
    while (isDirSeparator(*path)) {
   b9784:	e7f8      	b.n	b9778 <_ZN9ExFatFile4openEPS_PKci+0x30>
      return openRoot(dirFile->m_vol);
   b9786:	6a24      	ldr	r4, [r4, #32]
    if (*path == 0) {
   b9788:	b923      	cbnz	r3, b9794 <_ZN9ExFatFile4openEPS_PKci+0x4c>
      return openRoot(dirFile->m_vol);
   b978a:	4621      	mov	r1, r4
   b978c:	4628      	mov	r0, r5
   b978e:	f7ff fcb5 	bl	b90fc <_ZN9ExFatFile8openRootEP11ExFatVolume>
   b9792:	e7e6      	b.n	b9762 <_ZN9ExFatFile4openEPS_PKci+0x1a>
  memset(this, 0, sizeof(ExFatFile));
   b9794:	2238      	movs	r2, #56	; 0x38
   b9796:	2100      	movs	r1, #0
   b9798:	a808      	add	r0, sp, #32
   b979a:	f002 f8de 	bl	bb95a <memset>
  m_attributes = FILE_ATTR_ROOT;
   b979e:	2340      	movs	r3, #64	; 0x40
   b97a0:	f88d 3051 	strb.w	r3, [sp, #81]	; 0x51
  m_flags = FILE_FLAG_READ;
   b97a4:	2301      	movs	r3, #1
  m_vol = vol;
   b97a6:	9410      	str	r4, [sp, #64]	; 0x40
  m_flags = FILE_FLAG_READ;
   b97a8:	f88d 3053 	strb.w	r3, [sp, #83]	; 0x53
    dirFile = &tmpDir;
   b97ac:	ac08      	add	r4, sp, #32
    if (!parsePathName(path, &fname, &path)) {
   b97ae:	9901      	ldr	r1, [sp, #4]
   b97b0:	ab01      	add	r3, sp, #4
   b97b2:	aa03      	add	r2, sp, #12
   b97b4:	4628      	mov	r0, r5
   b97b6:	f7ff fcb5 	bl	b9124 <_ZN9ExFatFile13parsePathNameEPKcP8ExName_tPS1_>
   b97ba:	2800      	cmp	r0, #0
   b97bc:	d0d0      	beq.n	b9760 <_ZN9ExFatFile4openEPS_PKci+0x18>
    if (*path == 0) {
   b97be:	9b01      	ldr	r3, [sp, #4]
   b97c0:	781b      	ldrb	r3, [r3, #0]
   b97c2:	b1d3      	cbz	r3, b97fa <_ZN9ExFatFile4openEPS_PKci+0xb2>
    if (!openPrivate(dirFile, &fname, O_RDONLY)) {
   b97c4:	2300      	movs	r3, #0
   b97c6:	aa03      	add	r2, sp, #12
   b97c8:	4621      	mov	r1, r4
   b97ca:	4628      	mov	r0, r5
   b97cc:	f7ff fe18 	bl	b9400 <_ZN9ExFatFile11openPrivateEPS_P8ExName_ti>
   b97d0:	2800      	cmp	r0, #0
   b97d2:	d0c5      	beq.n	b9760 <_ZN9ExFatFile4openEPS_PKci+0x18>
      *this = *from;
   b97d4:	ae08      	add	r6, sp, #32
   b97d6:	462a      	mov	r2, r5
   b97d8:	f105 0330 	add.w	r3, r5, #48	; 0x30
   b97dc:	4634      	mov	r4, r6
   b97de:	6810      	ldr	r0, [r2, #0]
   b97e0:	6851      	ldr	r1, [r2, #4]
   b97e2:	4637      	mov	r7, r6
   b97e4:	c703      	stmia	r7!, {r0, r1}
   b97e6:	3208      	adds	r2, #8
   b97e8:	429a      	cmp	r2, r3
   b97ea:	463e      	mov	r6, r7
   b97ec:	d1f7      	bne.n	b97de <_ZN9ExFatFile4openEPS_PKci+0x96>
   b97ee:	6810      	ldr	r0, [r2, #0]
   b97f0:	6038      	str	r0, [r7, #0]
    close();
   b97f2:	4628      	mov	r0, r5
   b97f4:	f7ff fc78 	bl	b90e8 <_ZN9ExFatFile5closeEv>
    if (!parsePathName(path, &fname, &path)) {
   b97f8:	e7d9      	b.n	b97ae <_ZN9ExFatFile4openEPS_PKci+0x66>
  return openPrivate(dirFile, &fname, oflag);
   b97fa:	4643      	mov	r3, r8
   b97fc:	aa03      	add	r2, sp, #12
   b97fe:	4621      	mov	r1, r4
   b9800:	4628      	mov	r0, r5
   b9802:	f7ff fdfd 	bl	b9400 <_ZN9ExFatFile11openPrivateEPS_P8ExName_ti>
   b9806:	e7ac      	b.n	b9762 <_ZN9ExFatFile4openEPS_PKci+0x1a>

000b9808 <_ZN9ExFatFile4openEP11ExFatVolumePKci>:
  return vol && open(vol->vwd(), path, oflag);
   b9808:	b119      	cbz	r1, b9812 <_ZN9ExFatFile4openEP11ExFatVolumePKci+0xa>
   b980a:	f501 6189 	add.w	r1, r1, #1096	; 0x448
   b980e:	f7ff bf9b 	b.w	b9748 <_ZN9ExFatFile4openEPS_PKci>
}
   b9812:	4608      	mov	r0, r1
   b9814:	4770      	bx	lr

000b9816 <_ZN10FsBaseFile5closeEv>:
    from->m_fFile = nullptr;
    from->m_xFile = nullptr;
  }
}
//------------------------------------------------------------------------------
bool FsBaseFile::close() {
   b9816:	b510      	push	{r4, lr}
   b9818:	4604      	mov	r4, r0
  bool rtn = m_fFile ? m_fFile->close() : m_xFile ? m_xFile->close() : true;
   b981a:	6b80      	ldr	r0, [r0, #56]	; 0x38
   b981c:	b138      	cbz	r0, b982e <_ZN10FsBaseFile5closeEv+0x18>
   b981e:	f7fe fe39 	bl	b8494 <_ZN7FatFile5closeEv>
  m_fFile = nullptr;
   b9822:	2300      	movs	r3, #0
  m_xFile = nullptr;
   b9824:	e9c4 330e 	strd	r3, r3, [r4, #56]	; 0x38
  return rtn;
}
   b9828:	f000 0001 	and.w	r0, r0, #1
   b982c:	bd10      	pop	{r4, pc}
  bool rtn = m_fFile ? m_fFile->close() : m_xFile ? m_xFile->close() : true;
   b982e:	6be0      	ldr	r0, [r4, #60]	; 0x3c
   b9830:	b110      	cbz	r0, b9838 <_ZN10FsBaseFile5closeEv+0x22>
   b9832:	f7ff fc59 	bl	b90e8 <_ZN9ExFatFile5closeEv>
   b9836:	e7f4      	b.n	b9822 <_ZN10FsBaseFile5closeEv+0xc>
   b9838:	2001      	movs	r0, #1
   b983a:	e7f2      	b.n	b9822 <_ZN10FsBaseFile5closeEv+0xc>

000b983c <_ZN10FsBaseFile4openEP8FsVolumePKci>:
    m_xFile = nullptr;
  }
  return false;
}
//------------------------------------------------------------------------------
bool FsBaseFile::open(FsVolume* vol, const char* path, oflag_t oflag) {
   b983c:	b573      	push	{r0, r1, r4, r5, r6, lr}
   b983e:	4604      	mov	r4, r0
  if (!vol) {
   b9840:	460d      	mov	r5, r1
   b9842:	b911      	cbnz	r1, b984a <_ZN10FsBaseFile4openEP8FsVolumePKci+0xe>
    return false;
   b9844:	2000      	movs	r0, #0
      return true;
    }
    m_xFile = nullptr;
  }
  return false;
}
   b9846:	b002      	add	sp, #8
   b9848:	bd70      	pop	{r4, r5, r6, pc}
   b984a:	e9cd 2300 	strd	r2, r3, [sp]
  close();
   b984e:	f7ff ffe2 	bl	b9816 <_ZN10FsBaseFile5closeEv>
  if (vol->m_fVol) {
   b9852:	f8d5 6480 	ldr.w	r6, [r5, #1152]	; 0x480
   b9856:	e9dd 2300 	ldrd	r2, r3, [sp]
   b985a:	b1b6      	cbz	r6, b988a <_ZN10FsBaseFile4openEP8FsVolumePKci+0x4e>
    m_fFile = new (m_fileMem) FatFile;
   b985c:	4621      	mov	r1, r4
   b985e:	2024      	movs	r0, #36	; 0x24
   b9860:	f000 f8b0 	bl	b99c4 <_ZnwjPm>
   b9864:	e9dd 2300 	ldrd	r2, r3, [sp]
   b9868:	b110      	cbz	r0, b9870 <_ZN10FsBaseFile4openEP8FsVolumePKci+0x34>
  FatFile() {}
   b986a:	2100      	movs	r1, #0
   b986c:	8001      	strh	r1, [r0, #0]
   b986e:	7081      	strb	r1, [r0, #2]
   b9870:	63a0      	str	r0, [r4, #56]	; 0x38
    if (m_fFile && m_fFile->open(vol->m_fVol, path, oflag)) {
   b9872:	b910      	cbnz	r0, b987a <_ZN10FsBaseFile4openEP8FsVolumePKci+0x3e>
    m_fFile = nullptr;
   b9874:	2000      	movs	r0, #0
   b9876:	63a0      	str	r0, [r4, #56]	; 0x38
   b9878:	e7e5      	b.n	b9846 <_ZN10FsBaseFile4openEP8FsVolumePKci+0xa>
    if (m_fFile && m_fFile->open(vol->m_fVol, path, oflag)) {
   b987a:	f8d5 1480 	ldr.w	r1, [r5, #1152]	; 0x480
   b987e:	f7fe fe5a 	bl	b8536 <_ZN7FatFile4openEP9FatVolumePKci>
   b9882:	2800      	cmp	r0, #0
   b9884:	d0f6      	beq.n	b9874 <_ZN10FsBaseFile4openEP8FsVolumePKci+0x38>
      return true;
   b9886:	2001      	movs	r0, #1
   b9888:	e7dd      	b.n	b9846 <_ZN10FsBaseFile4openEP8FsVolumePKci+0xa>
  } else if (vol->m_xVol) {
   b988a:	f8d5 1484 	ldr.w	r1, [r5, #1156]	; 0x484
   b988e:	e9cd 2300 	strd	r2, r3, [sp]
   b9892:	2900      	cmp	r1, #0
   b9894:	d0d6      	beq.n	b9844 <_ZN10FsBaseFile4openEP8FsVolumePKci+0x8>
    m_xFile = new (m_fileMem) ExFatFile;
   b9896:	4621      	mov	r1, r4
   b9898:	2038      	movs	r0, #56	; 0x38
   b989a:	f000 f893 	bl	b99c4 <_ZnwjPm>
   b989e:	e9dd 2300 	ldrd	r2, r3, [sp]
   b98a2:	b110      	cbz	r0, b98aa <_ZN10FsBaseFile4openEP8FsVolumePKci+0x6e>
  ExFatFile() {}
   b98a4:	f880 6031 	strb.w	r6, [r0, #49]	; 0x31
   b98a8:	8646      	strh	r6, [r0, #50]	; 0x32
   b98aa:	63e0      	str	r0, [r4, #60]	; 0x3c
    if (m_xFile && m_xFile->open(vol->m_xVol, path, oflag)) {
   b98ac:	b910      	cbnz	r0, b98b4 <_ZN10FsBaseFile4openEP8FsVolumePKci+0x78>
    m_xFile = nullptr;
   b98ae:	2000      	movs	r0, #0
   b98b0:	63e0      	str	r0, [r4, #60]	; 0x3c
   b98b2:	e7c8      	b.n	b9846 <_ZN10FsBaseFile4openEP8FsVolumePKci+0xa>
    if (m_xFile && m_xFile->open(vol->m_xVol, path, oflag)) {
   b98b4:	f8d5 1484 	ldr.w	r1, [r5, #1156]	; 0x484
   b98b8:	f7ff ffa6 	bl	b9808 <_ZN9ExFatFile4openEP11ExFatVolumePKci>
   b98bc:	2800      	cmp	r0, #0
   b98be:	d0f6      	beq.n	b98ae <_ZN10FsBaseFile4openEP8FsVolumePKci+0x72>
   b98c0:	e7e1      	b.n	b9886 <_ZN10FsBaseFile4openEP8FsVolumePKci+0x4a>
	...

000b98c4 <_ZN8FsVolume5beginEP16DedicatedSpiCardbhm>:
 */
#include "FsLib.h"
FsVolume* FsVolume::m_cwv = nullptr;
//------------------------------------------------------------------------------
bool FsVolume::begin(FsBlockDevice* blockDev, bool setCwv, uint8_t part,
                     uint32_t volStart) {
   b98c4:	e92d 47f0 	stmdb	sp!, {r4, r5, r6, r7, r8, r9, sl, lr}
  m_fVol = nullptr;
   b98c8:	2600      	movs	r6, #0
   b98ca:	f8c0 6480 	str.w	r6, [r0, #1152]	; 0x480
                     uint32_t volStart) {
   b98ce:	4605      	mov	r5, r0
   b98d0:	460f      	mov	r7, r1
  m_xVol = new (m_volMem) ExFatVolume;
   b98d2:	4601      	mov	r1, r0
   b98d4:	f44f 6090 	mov.w	r0, #1152	; 0x480
                     uint32_t volStart) {
   b98d8:	f8dd 9020 	ldr.w	r9, [sp, #32]
   b98dc:	4690      	mov	r8, r2
   b98de:	469a      	mov	sl, r3
  m_xVol = new (m_volMem) ExFatVolume;
   b98e0:	f000 f870 	bl	b99c4 <_ZnwjPm>
   b98e4:	4604      	mov	r4, r0
   b98e6:	b180      	cbz	r0, b990a <_ZN8FsVolume5beginEP16DedicatedSpiCardbhm+0x46>
    m_sector = 0XFFFFFFFF;
   b98e8:	f04f 33ff 	mov.w	r3, #4294967295
    m_blockDev = blockDev;
   b98ec:	6046      	str	r6, [r0, #4]
    m_status = 0;
   b98ee:	7006      	strb	r6, [r0, #0]
    m_sector = 0XFFFFFFFF;
   b98f0:	6083      	str	r3, [r0, #8]
    m_blockDev = blockDev;
   b98f2:	f8c0 6214 	str.w	r6, [r0, #532]	; 0x214
    m_status = 0;
   b98f6:	f880 6210 	strb.w	r6, [r0, #528]	; 0x210
    m_sector = 0XFFFFFFFF;
   b98fa:	f8c0 3218 	str.w	r3, [r0, #536]	; 0x218
  ExFatPartition() = default;
   b98fe:	f880 6444 	strb.w	r6, [r0, #1092]	; 0x444
   b9902:	f880 6479 	strb.w	r6, [r0, #1145]	; 0x479
   b9906:	f8a0 647a 	strh.w	r6, [r0, #1146]	; 0x47a
   b990a:	f8c5 4484 	str.w	r4, [r5, #1156]	; 0x484
  if (m_xVol && m_xVol->begin(blockDev, false, part, volStart)) {
   b990e:	b1ec      	cbz	r4, b994c <_ZN8FsVolume5beginEP16DedicatedSpiCardbhm+0x88>
   * \param[in] volStart Start sector of volume if part is zero.
   * \return true for success or false for failure.
   */
  bool begin(FsBlockDevice* dev, bool setCwv = true, uint8_t part = 1,
             uint32_t volStart = 0) {
    if (!init(dev, part, volStart)) {
   b9910:	464b      	mov	r3, r9
   b9912:	4652      	mov	r2, sl
   b9914:	4639      	mov	r1, r7
   b9916:	4620      	mov	r0, r4
   b9918:	f7ff f886 	bl	b8a28 <_ZN14ExFatPartition4initEP16DedicatedSpiCardhm>
   b991c:	b1b0      	cbz	r0, b994c <_ZN8FsVolume5beginEP16DedicatedSpiCardbhm+0x88>
  /**
   * Set volume working directory to root.
   * \return true for success or false for failure.
   */
  bool chdir() {
    m_vwd.close();
   b991e:	f504 6689 	add.w	r6, r4, #1096	; 0x448
   b9922:	4630      	mov	r0, r6
   b9924:	f7ff fbe0 	bl	b90e8 <_ZN9ExFatFile5closeEv>
    return m_vwd.openRoot(this);
   b9928:	4621      	mov	r1, r4
   b992a:	4630      	mov	r0, r6
   b992c:	f7ff fbe6 	bl	b90fc <_ZN9ExFatFile8openRootEP11ExFatVolume>
    if (!chdir()) {
   b9930:	b160      	cbz	r0, b994c <_ZN8FsVolume5beginEP16DedicatedSpiCardbhm+0x88>
    if (setCwv || !m_cwv) {
   b9932:	4b21      	ldr	r3, [pc, #132]	; (b99b8 <_ZN8FsVolume5beginEP16DedicatedSpiCardbhm+0xf4>)
      return false;
    }
    if (!chdir()) {
      return false;
    }
    if (setCwv || !m_cwv) {
   b9934:	681a      	ldr	r2, [r3, #0]
   b9936:	b902      	cbnz	r2, b993a <_ZN8FsVolume5beginEP16DedicatedSpiCardbhm+0x76>
      m_cwv = this;
   b9938:	601c      	str	r4, [r3, #0]
  }
  m_fVol = nullptr;
  return false;

done:
  if (setCwv || !m_cwv) {
   b993a:	4b20      	ldr	r3, [pc, #128]	; (b99bc <_ZN8FsVolume5beginEP16DedicatedSpiCardbhm+0xf8>)
   b993c:	f1b8 0f00 	cmp.w	r8, #0
   b9940:	d101      	bne.n	b9946 <_ZN8FsVolume5beginEP16DedicatedSpiCardbhm+0x82>
   b9942:	681a      	ldr	r2, [r3, #0]
   b9944:	b902      	cbnz	r2, b9948 <_ZN8FsVolume5beginEP16DedicatedSpiCardbhm+0x84>
    m_cwv = this;
   b9946:	601d      	str	r5, [r3, #0]
  }
  return true;
   b9948:	2001      	movs	r0, #1
   b994a:	e033      	b.n	b99b4 <_ZN8FsVolume5beginEP16DedicatedSpiCardbhm+0xf0>
  m_xVol = nullptr;
   b994c:	2600      	movs	r6, #0
   b994e:	f8c5 6484 	str.w	r6, [r5, #1156]	; 0x484
  m_fVol = new (m_volMem) FatVolume;
   b9952:	4629      	mov	r1, r5
   b9954:	f44f 608d 	mov.w	r0, #1128	; 0x468
   b9958:	f000 f834 	bl	b99c4 <_ZnwjPm>
   b995c:	4604      	mov	r4, r0
   b995e:	b180      	cbz	r0, b9982 <_ZN8FsVolume5beginEP16DedicatedSpiCardbhm+0xbe>
   b9960:	f04f 33ff 	mov.w	r3, #4294967295
  FatPartition() = default;
   b9964:	71c6      	strb	r6, [r0, #7]
    m_blockDev = blockDev;
   b9966:	6286      	str	r6, [r0, #40]	; 0x28
    m_status = 0;
   b9968:	f880 6024 	strb.w	r6, [r0, #36]	; 0x24
    m_sector = 0XFFFFFFFF;
   b996c:	62c3      	str	r3, [r0, #44]	; 0x2c
    m_blockDev = blockDev;
   b996e:	f8c0 6238 	str.w	r6, [r0, #568]	; 0x238
    m_status = 0;
   b9972:	f880 6234 	strb.w	r6, [r0, #564]	; 0x234
    m_sector = 0XFFFFFFFF;
   b9976:	f8c0 323c 	str.w	r3, [r0, #572]	; 0x23c
   b997a:	f8a0 6444 	strh.w	r6, [r0, #1092]	; 0x444
   b997e:	f880 6446 	strb.w	r6, [r0, #1094]	; 0x446
   b9982:	f8c5 4480 	str.w	r4, [r5, #1152]	; 0x480
  if (m_fVol && m_fVol->begin(blockDev, false, part, volStart)) {
   b9986:	b194      	cbz	r4, b99ae <_ZN8FsVolume5beginEP16DedicatedSpiCardbhm+0xea>
    if (!init(dev, part, volStart)) {
   b9988:	464b      	mov	r3, r9
   b998a:	4652      	mov	r2, sl
   b998c:	4639      	mov	r1, r7
   b998e:	4620      	mov	r0, r4
   b9990:	f7fe fa91 	bl	b7eb6 <_ZN12FatPartition4initEP16DedicatedSpiCardhm>
   b9994:	b158      	cbz	r0, b99ae <_ZN8FsVolume5beginEP16DedicatedSpiCardbhm+0xea>
  /**
   * Set volume working directory to root.
   * \return true for success or false for failure.
   */
  bool chdir() {
    m_vwd.close();
   b9996:	f204 4644 	addw	r6, r4, #1092	; 0x444
   b999a:	4630      	mov	r0, r6
   b999c:	f7fe fd7a 	bl	b8494 <_ZN7FatFile5closeEv>
    return m_vwd.openRoot(this);
   b99a0:	4621      	mov	r1, r4
   b99a2:	4630      	mov	r0, r6
   b99a4:	f7fe fb93 	bl	b80ce <_ZN7FatFile8openRootEP9FatVolume>
    if (!chdir()) {
   b99a8:	b108      	cbz	r0, b99ae <_ZN8FsVolume5beginEP16DedicatedSpiCardbhm+0xea>
    if (setCwv || !m_cwv) {
   b99aa:	4b05      	ldr	r3, [pc, #20]	; (b99c0 <_ZN8FsVolume5beginEP16DedicatedSpiCardbhm+0xfc>)
   b99ac:	e7c2      	b.n	b9934 <_ZN8FsVolume5beginEP16DedicatedSpiCardbhm+0x70>
  m_fVol = nullptr;
   b99ae:	2000      	movs	r0, #0
   b99b0:	f8c5 0480 	str.w	r0, [r5, #1152]	; 0x480
}
   b99b4:	e8bd 87f0 	ldmia.w	sp!, {r4, r5, r6, r7, r8, r9, sl, pc}
   b99b8:	2003e670 	.word	0x2003e670
   b99bc:	2003e674 	.word	0x2003e674
   b99c0:	2003e66c 	.word	0x2003e66c

000b99c4 <_ZnwjPm>:
 */
#include "FsNew.h"
void* operator new(size_t size, newalign_t* ptr) {
  (void)size;
  return ptr;
}
   b99c4:	4608      	mov	r0, r1
   b99c6:	4770      	bx	lr

000b99c8 <_ZN7Timeout8timedOutEv.isra.0>:
 public:
  Timeout() {}
  explicit Timeout(uint16_t ms) { set(ms); }
  uint16_t millis16() { return millis(); }
  void set(uint16_t ms) { m_endTime = ms + millis16(); }
  bool timedOut() { return (int16_t)(m_endTime - millis16()) < 0; }
   b99c8:	b510      	push	{r4, lr}
   b99ca:	4604      	mov	r4, r0
   b99cc:	f000 fbb2 	bl	ba134 <HAL_Timer_Get_Milli_Seconds>
   b99d0:	1a20      	subs	r0, r4, r0
   b99d2:	f3c0 30c0 	ubfx	r0, r0, #15, #1
   b99d6:	bd10      	pop	{r4, pc}

000b99d8 <_ZN18SdSpiArduinoDriver11setSckSpeedEm>:
class SPISettings : public Printable {
   b99d8:	2300      	movs	r3, #0
   b99da:	7203      	strb	r3, [r0, #8]
   b99dc:	2301      	movs	r3, #1
   b99de:	60c1      	str	r1, [r0, #12]
   b99e0:	8203      	strh	r3, [r0, #16]
   *
   * \param[in] maxSck Maximum SCK frequency.
   */
  void setSckSpeed(uint32_t maxSck) {
    m_spiSettings = SPISettings(maxSck, MSBFIRST, SPI_MODE0);
  }
   b99e2:	4770      	bx	lr

000b99e4 <_ZN13SharedSpiCard8spiStartEv>:
uint32_t SharedSpiCard::sectorCount() {
  csd_t csd;
  return readCSD(&csd) ? csd.capacity() : 0;
}
//------------------------------------------------------------------------------
void SharedSpiCard::spiStart() {
   b99e4:	b538      	push	{r3, r4, r5, lr}
  SPI_ASSERT_NOT_ACTIVE;
  if (!m_spiActive) {
   b99e6:	7dc5      	ldrb	r5, [r0, #23]
void SharedSpiCard::spiStart() {
   b99e8:	4604      	mov	r4, r0
  if (!m_spiActive) {
   b99ea:	b96d      	cbnz	r5, b9a08 <_ZN13SharedSpiCard8spiStartEv+0x24>
  void spiActivate() { m_spiDriver.activate(); }
   b99ec:	f000 fb08 	bl	ba000 <_ZN18SdSpiArduinoDriver8activateEv>
    spiActivate();
    m_spiActive = true;
   b99f0:	2301      	movs	r3, #1
  void spiSelect() { sdCsWrite(m_csPin, false); }
   b99f2:	7d60      	ldrb	r0, [r4, #21]
   b99f4:	75e3      	strb	r3, [r4, #23]
   b99f6:	4629      	mov	r1, r5
   b99f8:	f000 fafa 	bl	b9ff0 <_Z9sdCsWritehb>
    m_spiDriver.send(data);
   b99fc:	4620      	mov	r0, r4
   b99fe:	21ff      	movs	r1, #255	; 0xff
    spiSelect();
    // Dummy byte to drive MISO busy status.
    spiSend(0XFF);
  }
}
   b9a00:	e8bd 4038 	ldmia.w	sp!, {r3, r4, r5, lr}
   b9a04:	f000 bb46 	b.w	ba094 <_ZN18SdSpiArduinoDriver4sendEh>
   b9a08:	bd38      	pop	{r3, r4, r5, pc}

000b9a0a <_ZN13SharedSpiCard7spiStopEv>:
//------------------------------------------------------------------------------
void SharedSpiCard::spiStop() {
   b9a0a:	b510      	push	{r4, lr}
  SPI_ASSERT_ACTIVE;
  if (m_spiActive) {
   b9a0c:	7dc3      	ldrb	r3, [r0, #23]
void SharedSpiCard::spiStop() {
   b9a0e:	4604      	mov	r4, r0
  if (m_spiActive) {
   b9a10:	b163      	cbz	r3, b9a2c <_ZN13SharedSpiCard7spiStopEv+0x22>
  void spiUnselect() { sdCsWrite(m_csPin, true); }
   b9a12:	7d40      	ldrb	r0, [r0, #21]
   b9a14:	2101      	movs	r1, #1
   b9a16:	f000 faeb 	bl	b9ff0 <_Z9sdCsWritehb>
    m_spiDriver.send(data);
   b9a1a:	21ff      	movs	r1, #255	; 0xff
   b9a1c:	4620      	mov	r0, r4
   b9a1e:	f000 fb39 	bl	ba094 <_ZN18SdSpiArduinoDriver4sendEh>
  void spiDeactivate() { m_spiDriver.deactivate(); }
   b9a22:	4620      	mov	r0, r4
   b9a24:	f000 fb18 	bl	ba058 <_ZN18SdSpiArduinoDriver10deactivateEv>
    spiUnselect();
    // Insure MISO goes to low Z.
    spiSend(0XFF);
    spiDeactivate();
    m_spiActive = false;
   b9a28:	2300      	movs	r3, #0
   b9a2a:	75e3      	strb	r3, [r4, #23]
  }
}
   b9a2c:	bd10      	pop	{r4, pc}

000b9a2e <_ZN13SharedSpiCard8readDataEPhj>:
bool SharedSpiCard::readData(uint8_t* dst, size_t count) {
   b9a2e:	b5f8      	push	{r3, r4, r5, r6, r7, lr}
   b9a30:	4604      	mov	r4, r0
   b9a32:	460e      	mov	r6, r1
   b9a34:	4617      	mov	r7, r2
   b9a36:	f000 fb7d 	bl	ba134 <HAL_Timer_Get_Milli_Seconds>
  void set(uint16_t ms) { m_endTime = ms + millis16(); }
   b9a3a:	f500 7096 	add.w	r0, r0, #300	; 0x12c
   b9a3e:	b285      	uxth	r5, r0
    return m_spiDriver.receive();
   b9a40:	4620      	mov	r0, r4
   b9a42:	f000 fb0c 	bl	ba05e <_ZN18SdSpiArduinoDriver7receiveEv>
  while ((m_status = spiReceive()) == 0XFF) {
   b9a46:	28ff      	cmp	r0, #255	; 0xff
   b9a48:	7660      	strb	r0, [r4, #25]
   b9a4a:	d10b      	bne.n	b9a64 <_ZN13SharedSpiCard8readDataEPhj+0x36>
    if (timeout.timedOut()) {
   b9a4c:	4628      	mov	r0, r5
   b9a4e:	f7ff ffbb 	bl	b99c8 <_ZN7Timeout8timedOutEv.isra.0>
   b9a52:	2800      	cmp	r0, #0
   b9a54:	d0f4      	beq.n	b9a40 <_ZN13SharedSpiCard8readDataEPhj+0x12>
    m_errorCode = code;
   b9a56:	231e      	movs	r3, #30
  spiStop();
   b9a58:	4620      	mov	r0, r4
   b9a5a:	75a3      	strb	r3, [r4, #22]
   b9a5c:	f7ff ffd5 	bl	b9a0a <_ZN13SharedSpiCard7spiStopEv>
  return false;
   b9a60:	2000      	movs	r0, #0
}
   b9a62:	bdf8      	pop	{r3, r4, r5, r6, r7, pc}
  if (m_status != DATA_START_SECTOR) {
   b9a64:	28fe      	cmp	r0, #254	; 0xfe
   b9a66:	d001      	beq.n	b9a6c <_ZN13SharedSpiCard8readDataEPhj+0x3e>
   b9a68:	2319      	movs	r3, #25
   b9a6a:	e7f5      	b.n	b9a58 <_ZN13SharedSpiCard8readDataEPhj+0x2a>
    return m_spiDriver.receive(buf, n);
   b9a6c:	463a      	mov	r2, r7
   b9a6e:	4631      	mov	r1, r6
   b9a70:	4620      	mov	r0, r4
   b9a72:	f000 faf9 	bl	ba068 <_ZN18SdSpiArduinoDriver7receiveEPhj>
  if ((m_status = spiReceive(dst, count))) {
   b9a76:	7660      	strb	r0, [r4, #25]
   b9a78:	b108      	cbz	r0, b9a7e <_ZN13SharedSpiCard8readDataEPhj+0x50>
    m_errorCode = code;
   b9a7a:	2326      	movs	r3, #38	; 0x26
   b9a7c:	e7ec      	b.n	b9a58 <_ZN13SharedSpiCard8readDataEPhj+0x2a>
    return m_spiDriver.receive();
   b9a7e:	4620      	mov	r0, r4
   b9a80:	f000 faed 	bl	ba05e <_ZN18SdSpiArduinoDriver7receiveEv>
   b9a84:	4620      	mov	r0, r4
   b9a86:	f000 faea 	bl	ba05e <_ZN18SdSpiArduinoDriver7receiveEv>
  return true;
   b9a8a:	2001      	movs	r0, #1
   b9a8c:	e7e9      	b.n	b9a62 <_ZN13SharedSpiCard8readDataEPhj+0x34>

000b9a8e <_ZN13SharedSpiCard8readDataEPh>:
bool SharedSpiCard::readData(uint8_t* dst) { return readData(dst, 512); }
   b9a8e:	f44f 7200 	mov.w	r2, #512	; 0x200
   b9a92:	f7ff bfcc 	b.w	b9a2e <_ZN13SharedSpiCard8readDataEPhj>

000b9a96 <_ZN13SharedSpiCard9waitReadyEt>:
    return readStop();
  }
  return true;
}
//------------------------------------------------------------------------------
bool SharedSpiCard::waitReady(uint16_t ms) {
   b9a96:	b538      	push	{r3, r4, r5, lr}
   b9a98:	460c      	mov	r4, r1
   b9a9a:	4605      	mov	r5, r0
   b9a9c:	f000 fb4a 	bl	ba134 <HAL_Timer_Get_Milli_Seconds>
  void set(uint16_t ms) { m_endTime = ms + millis16(); }
   b9aa0:	4404      	add	r4, r0
   b9aa2:	b2a4      	uxth	r4, r4
   b9aa4:	4628      	mov	r0, r5
   b9aa6:	f000 fada 	bl	ba05e <_ZN18SdSpiArduinoDriver7receiveEv>
  Timeout timeout(ms);
  while (spiReceive() != 0XFF) {
   b9aaa:	28ff      	cmp	r0, #255	; 0xff
   b9aac:	d006      	beq.n	b9abc <_ZN13SharedSpiCard9waitReadyEt+0x26>
    if (timeout.timedOut()) {
   b9aae:	4620      	mov	r0, r4
   b9ab0:	f7ff ff8a 	bl	b99c8 <_ZN7Timeout8timedOutEv.isra.0>
   b9ab4:	2800      	cmp	r0, #0
   b9ab6:	d0f5      	beq.n	b9aa4 <_ZN13SharedSpiCard9waitReadyEt+0xe>
      return false;
   b9ab8:	2000      	movs	r0, #0
    }
  }
  return true;
}
   b9aba:	bd38      	pop	{r3, r4, r5, pc}
  return true;
   b9abc:	2001      	movs	r0, #1
   b9abe:	e7fc      	b.n	b9aba <_ZN13SharedSpiCard9waitReadyEt+0x24>

000b9ac0 <_ZN13SharedSpiCard9writeDataEhPKh>:
  spiStop();
  return false;
}
//------------------------------------------------------------------------------
// send one sector of data for write sector or write multiple sectors
bool SharedSpiCard::writeData(uint8_t token, const uint8_t* src) {
   b9ac0:	b538      	push	{r3, r4, r5, lr}
   b9ac2:	4604      	mov	r4, r0
   b9ac4:	4615      	mov	r5, r2
    m_spiDriver.send(data);
   b9ac6:	f000 fae5 	bl	ba094 <_ZN18SdSpiArduinoDriver4sendEh>
    m_spiDriver.send(buf, n);
   b9aca:	f44f 7200 	mov.w	r2, #512	; 0x200
   b9ace:	4629      	mov	r1, r5
   b9ad0:	4620      	mov	r0, r4
   b9ad2:	f000 fae3 	bl	ba09c <_ZN18SdSpiArduinoDriver4sendEPKhj>
    m_spiDriver.send(data);
   b9ad6:	21ff      	movs	r1, #255	; 0xff
   b9ad8:	4620      	mov	r0, r4
   b9ada:	f000 fadb 	bl	ba094 <_ZN18SdSpiArduinoDriver4sendEh>
   b9ade:	21ff      	movs	r1, #255	; 0xff
   b9ae0:	4620      	mov	r0, r4
   b9ae2:	f000 fad7 	bl	ba094 <_ZN18SdSpiArduinoDriver4sendEh>
    return m_spiDriver.receive();
   b9ae6:	4620      	mov	r0, r4
   b9ae8:	f000 fab9 	bl	ba05e <_ZN18SdSpiArduinoDriver7receiveEv>
  spiSend(token);
  spiSend(src, 512);
  spiSend(crc >> 8);
  spiSend(crc & 0XFF);

  m_status = spiReceive();
   b9aec:	7660      	strb	r0, [r4, #25]
  if ((m_status & DATA_RES_MASK) != DATA_RES_ACCEPTED) {
   b9aee:	f000 001f 	and.w	r0, r0, #31
   b9af2:	2805      	cmp	r0, #5
   b9af4:	d006      	beq.n	b9b04 <_ZN13SharedSpiCard9writeDataEhPKh+0x44>
    m_errorCode = code;
   b9af6:	2321      	movs	r3, #33	; 0x21
    goto fail;
  }
  return true;

fail:
  spiStop();
   b9af8:	4620      	mov	r0, r4
   b9afa:	75a3      	strb	r3, [r4, #22]
   b9afc:	f7ff ff85 	bl	b9a0a <_ZN13SharedSpiCard7spiStopEv>
  return false;
   b9b00:	2000      	movs	r0, #0
}
   b9b02:	bd38      	pop	{r3, r4, r5, pc}
  return true;
   b9b04:	2001      	movs	r0, #1
   b9b06:	e7fc      	b.n	b9b02 <_ZN13SharedSpiCard9writeDataEhPKh+0x42>

000b9b08 <_ZN13SharedSpiCard9writeDataEPKh>:
bool SharedSpiCard::writeData(const uint8_t* src) {
   b9b08:	b513      	push	{r0, r1, r4, lr}
   b9b0a:	9101      	str	r1, [sp, #4]
  if (!waitReady(SD_WRITE_TIMEOUT)) {
   b9b0c:	f44f 7116 	mov.w	r1, #600	; 0x258
bool SharedSpiCard::writeData(const uint8_t* src) {
   b9b10:	4604      	mov	r4, r0
  if (!waitReady(SD_WRITE_TIMEOUT)) {
   b9b12:	f7ff ffc0 	bl	b9a96 <_ZN13SharedSpiCard9waitReadyEt>
   b9b16:	9a01      	ldr	r2, [sp, #4]
   b9b18:	b930      	cbnz	r0, b9b28 <_ZN13SharedSpiCard9writeDataEPKh+0x20>
   b9b1a:	2325      	movs	r3, #37	; 0x25
   b9b1c:	75a3      	strb	r3, [r4, #22]
  spiStop();
   b9b1e:	4620      	mov	r0, r4
   b9b20:	f7ff ff73 	bl	b9a0a <_ZN13SharedSpiCard7spiStopEv>
  return false;
   b9b24:	2000      	movs	r0, #0
   b9b26:	e005      	b.n	b9b34 <_ZN13SharedSpiCard9writeDataEPKh+0x2c>
  if (!writeData(WRITE_MULTIPLE_TOKEN, src)) {
   b9b28:	21fc      	movs	r1, #252	; 0xfc
   b9b2a:	4620      	mov	r0, r4
   b9b2c:	f7ff ffc8 	bl	b9ac0 <_ZN13SharedSpiCard9writeDataEhPKh>
   b9b30:	2800      	cmp	r0, #0
   b9b32:	d0f4      	beq.n	b9b1e <_ZN13SharedSpiCard9writeDataEPKh+0x16>
}
   b9b34:	b002      	add	sp, #8
   b9b36:	bd10      	pop	{r4, pc}

000b9b38 <_ZN13SharedSpiCard9writeStopEv>:
fail:
  spiStop();
  return false;
}
//------------------------------------------------------------------------------
bool SharedSpiCard::writeStop() {
   b9b38:	b538      	push	{r3, r4, r5, lr}
  if (!waitReady(SD_WRITE_TIMEOUT)) {
   b9b3a:	f44f 7116 	mov.w	r1, #600	; 0x258
bool SharedSpiCard::writeStop() {
   b9b3e:	4604      	mov	r4, r0
  if (!waitReady(SD_WRITE_TIMEOUT)) {
   b9b40:	f7ff ffa9 	bl	b9a96 <_ZN13SharedSpiCard9waitReadyEt>
   b9b44:	4605      	mov	r5, r0
   b9b46:	b930      	cbnz	r0, b9b56 <_ZN13SharedSpiCard9writeStopEv+0x1e>
   b9b48:	231f      	movs	r3, #31
   b9b4a:	75a3      	strb	r3, [r4, #22]
  m_state = IDLE_STATE;
  return true;

fail:
  error(SD_CARD_ERROR_STOP_TRAN);
  spiStop();
   b9b4c:	4620      	mov	r0, r4
   b9b4e:	f7ff ff5c 	bl	b9a0a <_ZN13SharedSpiCard7spiStopEv>
  return false;
}
   b9b52:	4628      	mov	r0, r5
   b9b54:	bd38      	pop	{r3, r4, r5, pc}
    m_spiDriver.send(data);
   b9b56:	21fd      	movs	r1, #253	; 0xfd
   b9b58:	4620      	mov	r0, r4
   b9b5a:	f000 fa9b 	bl	ba094 <_ZN18SdSpiArduinoDriver4sendEh>
  spiStop();
   b9b5e:	4620      	mov	r0, r4
   b9b60:	f7ff ff53 	bl	b9a0a <_ZN13SharedSpiCard7spiStopEv>
  m_state = IDLE_STATE;
   b9b64:	2300      	movs	r3, #0
   b9b66:	7623      	strb	r3, [r4, #24]
  return true;
   b9b68:	e7f3      	b.n	b9b52 <_ZN13SharedSpiCard9writeStopEv+0x1a>

000b9b6a <_ZN13SharedSpiCard10syncDeviceEv>:
  if (m_state == WRITE_STATE) {
   b9b6a:	7e03      	ldrb	r3, [r0, #24]
   b9b6c:	2b02      	cmp	r3, #2
   b9b6e:	d101      	bne.n	b9b74 <_ZN13SharedSpiCard10syncDeviceEv+0xa>
    return writeStop();
   b9b70:	f7ff bfe2 	b.w	b9b38 <_ZN13SharedSpiCard9writeStopEv>
  if (m_state == READ_STATE) {
   b9b74:	2b01      	cmp	r3, #1
   b9b76:	d101      	bne.n	b9b7c <_ZN13SharedSpiCard10syncDeviceEv+0x12>
    return readStop();
   b9b78:	f000 b913 	b.w	b9da2 <_ZN13SharedSpiCard8readStopEv>
}
   b9b7c:	2001      	movs	r0, #1
   b9b7e:	4770      	bx	lr

000b9b80 <_ZN13SharedSpiCard11cardCommandEhm>:
uint8_t SharedSpiCard::cardCommand(uint8_t cmd, uint32_t arg) {
   b9b80:	b5f7      	push	{r0, r1, r2, r4, r5, r6, r7, lr}
   b9b82:	4604      	mov	r4, r0
   b9b84:	460d      	mov	r5, r1
   b9b86:	9201      	str	r2, [sp, #4]
  if (!syncDevice()) {
   b9b88:	f7ff ffef 	bl	b9b6a <_ZN13SharedSpiCard10syncDeviceEv>
   b9b8c:	b390      	cbz	r0, b9bf4 <_ZN13SharedSpiCard11cardCommandEhm+0x74>
  if (!m_spiActive) {
   b9b8e:	7de3      	ldrb	r3, [r4, #23]
   b9b90:	b913      	cbnz	r3, b9b98 <_ZN13SharedSpiCard11cardCommandEhm+0x18>
    spiStart();
   b9b92:	4620      	mov	r0, r4
   b9b94:	f7ff ff26 	bl	b99e4 <_ZN13SharedSpiCard8spiStartEv>
  if (cmd != CMD0 && cmd != CMD12 && !waitReady(SD_CMD_TIMEOUT)) {
   b9b98:	bb1d      	cbnz	r5, b9be2 <_ZN13SharedSpiCard11cardCommandEhm+0x62>
   b9b9a:	f045 0140 	orr.w	r1, r5, #64	; 0x40
   b9b9e:	4620      	mov	r0, r4
   b9ba0:	f000 fa78 	bl	ba094 <_ZN18SdSpiArduinoDriver4sendEh>
   b9ba4:	2603      	movs	r6, #3
    spiSend(pa[i]);
   b9ba6:	af01      	add	r7, sp, #4
   b9ba8:	5db9      	ldrb	r1, [r7, r6]
   b9baa:	4620      	mov	r0, r4
   b9bac:	f000 fa72 	bl	ba094 <_ZN18SdSpiArduinoDriver4sendEh>
  for (int8_t i = 3; i >= 0; i--) {
   b9bb0:	3e01      	subs	r6, #1
   b9bb2:	d2f9      	bcs.n	b9ba8 <_ZN13SharedSpiCard11cardCommandEhm+0x28>
  spiSend(cmd == CMD0 ? 0X95 : 0X87);
   b9bb4:	2d00      	cmp	r5, #0
   b9bb6:	bf0c      	ite	eq
   b9bb8:	2195      	moveq	r1, #149	; 0x95
   b9bba:	2187      	movne	r1, #135	; 0x87
   b9bbc:	4620      	mov	r0, r4
   b9bbe:	f000 fa69 	bl	ba094 <_ZN18SdSpiArduinoDriver4sendEh>
    return m_spiDriver.receive();
   b9bc2:	4620      	mov	r0, r4
   b9bc4:	f000 fa4b 	bl	ba05e <_ZN18SdSpiArduinoDriver7receiveEv>
   b9bc8:	250a      	movs	r5, #10
   b9bca:	4620      	mov	r0, r4
   b9bcc:	f000 fa47 	bl	ba05e <_ZN18SdSpiArduinoDriver7receiveEv>
  } while (m_status & 0X80 && ++n < 10);
   b9bd0:	0603      	lsls	r3, r0, #24
    m_status = spiReceive();
   b9bd2:	7660      	strb	r0, [r4, #25]
  } while (m_status & 0X80 && ++n < 10);
   b9bd4:	d503      	bpl.n	b9bde <_ZN13SharedSpiCard11cardCommandEhm+0x5e>
   b9bd6:	3d01      	subs	r5, #1
   b9bd8:	f015 05ff 	ands.w	r5, r5, #255	; 0xff
   b9bdc:	d1f5      	bne.n	b9bca <_ZN13SharedSpiCard11cardCommandEhm+0x4a>
}
   b9bde:	b003      	add	sp, #12
   b9be0:	bdf0      	pop	{r4, r5, r6, r7, pc}
  if (cmd != CMD0 && cmd != CMD12 && !waitReady(SD_CMD_TIMEOUT)) {
   b9be2:	2d0c      	cmp	r5, #12
   b9be4:	d0d9      	beq.n	b9b9a <_ZN13SharedSpiCard11cardCommandEhm+0x1a>
   b9be6:	f44f 7196 	mov.w	r1, #300	; 0x12c
   b9bea:	4620      	mov	r0, r4
   b9bec:	f7ff ff53 	bl	b9a96 <_ZN13SharedSpiCard9waitReadyEt>
   b9bf0:	2800      	cmp	r0, #0
   b9bf2:	d1d2      	bne.n	b9b9a <_ZN13SharedSpiCard11cardCommandEhm+0x1a>
    return 0XFF;
   b9bf4:	20ff      	movs	r0, #255	; 0xff
   b9bf6:	e7f2      	b.n	b9bde <_ZN13SharedSpiCard11cardCommandEhm+0x5e>

000b9bf8 <_ZN13SharedSpiCard8cardAcmdEhm>:
  uint8_t cardAcmd(uint8_t cmd, uint32_t arg) {
   b9bf8:	b570      	push	{r4, r5, r6, lr}
   b9bfa:	4604      	mov	r4, r0
   b9bfc:	460d      	mov	r5, r1
   b9bfe:	4616      	mov	r6, r2
    cardCommand(CMD55, 0);
   b9c00:	2137      	movs	r1, #55	; 0x37
   b9c02:	2200      	movs	r2, #0
   b9c04:	f7ff ffbc 	bl	b9b80 <_ZN13SharedSpiCard11cardCommandEhm>
    return cardCommand(cmd, arg);
   b9c08:	4632      	mov	r2, r6
   b9c0a:	4629      	mov	r1, r5
   b9c0c:	4620      	mov	r0, r4
  }
   b9c0e:	e8bd 4070 	ldmia.w	sp!, {r4, r5, r6, lr}
    return cardCommand(cmd, arg);
   b9c12:	f7ff bfb5 	b.w	b9b80 <_ZN13SharedSpiCard11cardCommandEhm>
	...

000b9c18 <_ZN13SharedSpiCard5beginE11SdSpiConfig>:
bool SharedSpiCard::begin(SdSpiConfig spiConfig) {
   b9c18:	e92d 43f0 	stmdb	sp!, {r4, r5, r6, r7, r8, r9, lr}
   b9c1c:	b089      	sub	sp, #36	; 0x24
   b9c1e:	ad01      	add	r5, sp, #4
   b9c20:	e885 000e 	stmia.w	r5, {r1, r2, r3}
   b9c24:	4604      	mov	r4, r0
    m_beginCalled = false;
   b9c26:	2300      	movs	r3, #0
   b9c28:	f89d 0004 	ldrb.w	r0, [sp, #4]
   b9c2c:	7523      	strb	r3, [r4, #20]
  m_errorCode = SD_CARD_ERROR_NONE;
   b9c2e:	82e3      	strh	r3, [r4, #22]
    m_state = IDLE_STATE;
   b9c30:	8323      	strh	r3, [r4, #24]
    m_type = 0;
   b9c32:	76a3      	strb	r3, [r4, #26]
  m_csPin = spiConfig.csPin;
   b9c34:	7560      	strb	r0, [r4, #21]
   b9c36:	4617      	mov	r7, r2
  sdCsInit(m_csPin);
   b9c38:	f000 f9d7 	bl	b9fea <_Z8sdCsInith>
  void spiUnselect() { sdCsWrite(m_csPin, true); }
   b9c3c:	7d60      	ldrb	r0, [r4, #21]
   b9c3e:	2101      	movs	r1, #1
   b9c40:	f000 f9d6 	bl	b9ff0 <_Z9sdCsWritehb>
  void spiSetSckSpeed(uint32_t maxSck) { m_spiDriver.setSckSpeed(maxSck); }
   b9c44:	494b      	ldr	r1, [pc, #300]	; (b9d74 <_ZN13SharedSpiCard5beginE11SdSpiConfig+0x15c>)
   b9c46:	4620      	mov	r0, r4
   b9c48:	f7ff fec6 	bl	b99d8 <_ZN18SdSpiArduinoDriver11setSckSpeedEm>
  spiBegin(spiConfig);
   b9c4c:	e895 0007 	ldmia.w	r5, {r0, r1, r2}
   b9c50:	ab05      	add	r3, sp, #20
   b9c52:	e883 0007 	stmia.w	r3, {r0, r1, r2}
  m_beginCalled = true;
   b9c56:	2501      	movs	r5, #1
  void spiBegin(SdSpiConfig spiConfig) { m_spiDriver.begin(spiConfig); }
   b9c58:	cb0e      	ldmia	r3, {r1, r2, r3}
   b9c5a:	4620      	mov	r0, r4
   b9c5c:	f000 f9d4 	bl	ba008 <_ZN18SdSpiArduinoDriver5beginE11SdSpiConfig>
   b9c60:	7525      	strb	r5, [r4, #20]
  spiStart();
   b9c62:	4620      	mov	r0, r4
   b9c64:	f7ff febe 	bl	b99e4 <_ZN13SharedSpiCard8spiStartEv>
  void spiUnselect() { sdCsWrite(m_csPin, true); }
   b9c68:	4629      	mov	r1, r5
   b9c6a:	7d60      	ldrb	r0, [r4, #21]
   b9c6c:	f000 f9c0 	bl	b9ff0 <_Z9sdCsWritehb>
   b9c70:	250a      	movs	r5, #10
    return m_spiDriver.receive();
   b9c72:	4620      	mov	r0, r4
  for (uint8_t i = 0; i < 10; i++) {
   b9c74:	3d01      	subs	r5, #1
   b9c76:	f000 f9f2 	bl	ba05e <_ZN18SdSpiArduinoDriver7receiveEv>
   b9c7a:	f015 05ff 	ands.w	r5, r5, #255	; 0xff
   b9c7e:	d1f8      	bne.n	b9c72 <_ZN13SharedSpiCard5beginE11SdSpiConfig+0x5a>
  void spiSelect() { sdCsWrite(m_csPin, false); }
   b9c80:	4629      	mov	r1, r5
   b9c82:	7d60      	ldrb	r0, [r4, #21]
   b9c84:	f000 f9b4 	bl	b9ff0 <_Z9sdCsWritehb>
   b9c88:	f000 fa54 	bl	ba134 <HAL_Timer_Get_Milli_Seconds>
  void set(uint16_t ms) { m_endTime = ms + millis16(); }
   b9c8c:	f500 60fa 	add.w	r0, r0, #2000	; 0x7d0
   b9c90:	b285      	uxth	r5, r0
    if (cardCommand(CMD0, 0) == R1_IDLE_STATE) {
   b9c92:	2200      	movs	r2, #0
   b9c94:	4611      	mov	r1, r2
   b9c96:	4620      	mov	r0, r4
   b9c98:	f7ff ff72 	bl	b9b80 <_ZN13SharedSpiCard11cardCommandEhm>
   b9c9c:	2801      	cmp	r0, #1
   b9c9e:	4606      	mov	r6, r0
   b9ca0:	d00d      	beq.n	b9cbe <_ZN13SharedSpiCard5beginE11SdSpiConfig+0xa6>
    if (timeout.timedOut()) {
   b9ca2:	4628      	mov	r0, r5
   b9ca4:	f7ff fe90 	bl	b99c8 <_ZN7Timeout8timedOutEv.isra.0>
   b9ca8:	2800      	cmp	r0, #0
   b9caa:	d0f2      	beq.n	b9c92 <_ZN13SharedSpiCard5beginE11SdSpiConfig+0x7a>
    m_errorCode = code;
   b9cac:	2301      	movs	r3, #1
  spiStop();
   b9cae:	4620      	mov	r0, r4
   b9cb0:	75a3      	strb	r3, [r4, #22]
   b9cb2:	f7ff feaa 	bl	b9a0a <_ZN13SharedSpiCard7spiStopEv>
  return false;
   b9cb6:	2000      	movs	r0, #0
}
   b9cb8:	b009      	add	sp, #36	; 0x24
   b9cba:	e8bd 83f0 	ldmia.w	sp!, {r4, r5, r6, r7, r8, r9, pc}
    if (cardCommand(CMD8, 0x1AA) & R1_ILLEGAL_COMMAND) {
   b9cbe:	f44f 72d5 	mov.w	r2, #426	; 0x1aa
   b9cc2:	2108      	movs	r1, #8
   b9cc4:	4620      	mov	r0, r4
   b9cc6:	f7ff ff5b 	bl	b9b80 <_ZN13SharedSpiCard11cardCommandEhm>
   b9cca:	0743      	lsls	r3, r0, #29
   b9ccc:	d413      	bmi.n	b9cf6 <_ZN13SharedSpiCard5beginE11SdSpiConfig+0xde>
   b9cce:	f04f 0804 	mov.w	r8, #4
    return m_spiDriver.receive();
   b9cd2:	4620      	mov	r0, r4
   b9cd4:	f000 f9c3 	bl	ba05e <_ZN18SdSpiArduinoDriver7receiveEv>
    for (uint8_t i = 0; i < 4; i++) {
   b9cd8:	f108 38ff 	add.w	r8, r8, #4294967295
   b9cdc:	f018 08ff 	ands.w	r8, r8, #255	; 0xff
      m_status = spiReceive();
   b9ce0:	7660      	strb	r0, [r4, #25]
    for (uint8_t i = 0; i < 4; i++) {
   b9ce2:	d1f6      	bne.n	b9cd2 <_ZN13SharedSpiCard5beginE11SdSpiConfig+0xba>
    if (m_status == 0XAA) {
   b9ce4:	28aa      	cmp	r0, #170	; 0xaa
   b9ce6:	d018      	beq.n	b9d1a <_ZN13SharedSpiCard5beginE11SdSpiConfig+0x102>
    if (timeout.timedOut()) {
   b9ce8:	4628      	mov	r0, r5
   b9cea:	f7ff fe6d 	bl	b99c8 <_ZN7Timeout8timedOutEv.isra.0>
   b9cee:	2800      	cmp	r0, #0
   b9cf0:	d0e5      	beq.n	b9cbe <_ZN13SharedSpiCard5beginE11SdSpiConfig+0xa6>
    m_errorCode = code;
   b9cf2:	2306      	movs	r3, #6
   b9cf4:	e7db      	b.n	b9cae <_ZN13SharedSpiCard5beginE11SdSpiConfig+0x96>
      cardType = SD_CARD_TYPE_SD1;
   b9cf6:	f04f 0801 	mov.w	r8, #1
  arg = cardType == SD_CARD_TYPE_SD2 ? 0X40000000 : 0;
   b9cfa:	f04f 0900 	mov.w	r9, #0
  while (cardAcmd(ACMD41, arg) != R1_READY_STATE) {
   b9cfe:	464a      	mov	r2, r9
   b9d00:	2129      	movs	r1, #41	; 0x29
   b9d02:	4620      	mov	r0, r4
   b9d04:	f7ff ff78 	bl	b9bf8 <_ZN13SharedSpiCard8cardAcmdEhm>
   b9d08:	4602      	mov	r2, r0
   b9d0a:	b158      	cbz	r0, b9d24 <_ZN13SharedSpiCard5beginE11SdSpiConfig+0x10c>
    if (timeout.timedOut()) {
   b9d0c:	4628      	mov	r0, r5
   b9d0e:	f7ff fe5b 	bl	b99c8 <_ZN7Timeout8timedOutEv.isra.0>
   b9d12:	2800      	cmp	r0, #0
   b9d14:	d0f3      	beq.n	b9cfe <_ZN13SharedSpiCard5beginE11SdSpiConfig+0xe6>
   b9d16:	2317      	movs	r3, #23
   b9d18:	e7c9      	b.n	b9cae <_ZN13SharedSpiCard5beginE11SdSpiConfig+0x96>
      cardType = SD_CARD_TYPE_SD2;
   b9d1a:	f04f 0802 	mov.w	r8, #2
  arg = cardType == SD_CARD_TYPE_SD2 ? 0X40000000 : 0;
   b9d1e:	f04f 4980 	mov.w	r9, #1073741824	; 0x40000000
   b9d22:	e7ec      	b.n	b9cfe <_ZN13SharedSpiCard5beginE11SdSpiConfig+0xe6>
  if (cardType == SD_CARD_TYPE_SD2) {
   b9d24:	f1b8 0f02 	cmp.w	r8, #2
   b9d28:	d119      	bne.n	b9d5e <_ZN13SharedSpiCard5beginE11SdSpiConfig+0x146>
    if (cardCommand(CMD58, 0)) {
   b9d2a:	213a      	movs	r1, #58	; 0x3a
   b9d2c:	4620      	mov	r0, r4
   b9d2e:	f7ff ff27 	bl	b9b80 <_ZN13SharedSpiCard11cardCommandEhm>
   b9d32:	b108      	cbz	r0, b9d38 <_ZN13SharedSpiCard5beginE11SdSpiConfig+0x120>
   b9d34:	2312      	movs	r3, #18
   b9d36:	e7ba      	b.n	b9cae <_ZN13SharedSpiCard5beginE11SdSpiConfig+0x96>
    return m_spiDriver.receive();
   b9d38:	4620      	mov	r0, r4
   b9d3a:	f000 f990 	bl	ba05e <_ZN18SdSpiArduinoDriver7receiveEv>
    if ((spiReceive() & 0XC0) == 0XC0) {
   b9d3e:	f000 00c0 	and.w	r0, r0, #192	; 0xc0
      cardType = SD_CARD_TYPE_SDHC;
   b9d42:	28c0      	cmp	r0, #192	; 0xc0
   b9d44:	4620      	mov	r0, r4
   b9d46:	bf08      	it	eq
   b9d48:	f04f 0803 	moveq.w	r8, #3
   b9d4c:	f000 f987 	bl	ba05e <_ZN18SdSpiArduinoDriver7receiveEv>
   b9d50:	4620      	mov	r0, r4
   b9d52:	f000 f984 	bl	ba05e <_ZN18SdSpiArduinoDriver7receiveEv>
   b9d56:	4620      	mov	r0, r4
   b9d58:	f000 f981 	bl	ba05e <_ZN18SdSpiArduinoDriver7receiveEv>
    for (uint8_t i = 0; i < 3; i++) {
   b9d5c:	4646      	mov	r6, r8
  spiStop();
   b9d5e:	4620      	mov	r0, r4
   b9d60:	f7ff fe53 	bl	b9a0a <_ZN13SharedSpiCard7spiStopEv>
  void spiSetSckSpeed(uint32_t maxSck) { m_spiDriver.setSckSpeed(maxSck); }
   b9d64:	4620      	mov	r0, r4
   b9d66:	4639      	mov	r1, r7
   b9d68:	f7ff fe36 	bl	b99d8 <_ZN18SdSpiArduinoDriver11setSckSpeedEm>
  m_type = cardType;
   b9d6c:	76a6      	strb	r6, [r4, #26]
  return true;
   b9d6e:	2001      	movs	r0, #1
   b9d70:	e7a2      	b.n	b9cb8 <_ZN13SharedSpiCard5beginE11SdSpiConfig+0xa0>
   b9d72:	bf00      	nop
   b9d74:	00061a80 	.word	0x00061a80

000b9d78 <_ZN13SharedSpiCard9readStartEm>:
bool SharedSpiCard::readStart(uint32_t sector) {
   b9d78:	b510      	push	{r4, lr}
  if (type() != SD_CARD_TYPE_SDHC) {
   b9d7a:	7e83      	ldrb	r3, [r0, #26]
   b9d7c:	2b03      	cmp	r3, #3
bool SharedSpiCard::readStart(uint32_t sector) {
   b9d7e:	460a      	mov	r2, r1
    sector <<= 9;
   b9d80:	bf18      	it	ne
   b9d82:	024a      	lslne	r2, r1, #9
  if (cardCommand(CMD18, sector)) {
   b9d84:	2112      	movs	r1, #18
bool SharedSpiCard::readStart(uint32_t sector) {
   b9d86:	4604      	mov	r4, r0
  if (cardCommand(CMD18, sector)) {
   b9d88:	f7ff fefa 	bl	b9b80 <_ZN13SharedSpiCard11cardCommandEhm>
   b9d8c:	b130      	cbz	r0, b9d9c <_ZN13SharedSpiCard9readStartEm+0x24>
    m_errorCode = code;
   b9d8e:	230c      	movs	r3, #12
  spiStop();
   b9d90:	4620      	mov	r0, r4
   b9d92:	75a3      	strb	r3, [r4, #22]
   b9d94:	f7ff fe39 	bl	b9a0a <_ZN13SharedSpiCard7spiStopEv>
  return false;
   b9d98:	2000      	movs	r0, #0
}
   b9d9a:	bd10      	pop	{r4, pc}
  m_state = READ_STATE;
   b9d9c:	2001      	movs	r0, #1
   b9d9e:	7620      	strb	r0, [r4, #24]
  return true;
   b9da0:	e7fb      	b.n	b9d9a <_ZN13SharedSpiCard9readStartEm+0x22>

000b9da2 <_ZN13SharedSpiCard8readStopEv>:
bool SharedSpiCard::readStop() {
   b9da2:	b538      	push	{r3, r4, r5, lr}
  m_state = IDLE_STATE;
   b9da4:	2400      	movs	r4, #0
   b9da6:	7604      	strb	r4, [r0, #24]
  if (cardCommand(CMD12, 0)) {
   b9da8:	4622      	mov	r2, r4
   b9daa:	210c      	movs	r1, #12
bool SharedSpiCard::readStop() {
   b9dac:	4605      	mov	r5, r0
  if (cardCommand(CMD12, 0)) {
   b9dae:	f7ff fee7 	bl	b9b80 <_ZN13SharedSpiCard11cardCommandEhm>
   b9db2:	b130      	cbz	r0, b9dc2 <_ZN13SharedSpiCard8readStopEv+0x20>
   b9db4:	2309      	movs	r3, #9
  spiStop();
   b9db6:	4628      	mov	r0, r5
   b9db8:	75ab      	strb	r3, [r5, #22]
   b9dba:	f7ff fe26 	bl	b9a0a <_ZN13SharedSpiCard7spiStopEv>
  return false;
   b9dbe:	4620      	mov	r0, r4
}
   b9dc0:	bd38      	pop	{r3, r4, r5, pc}
  spiStop();
   b9dc2:	4628      	mov	r0, r5
   b9dc4:	f7ff fe21 	bl	b9a0a <_ZN13SharedSpiCard7spiStopEv>
  return true;
   b9dc8:	2001      	movs	r0, #1
   b9dca:	e7f9      	b.n	b9dc0 <_ZN13SharedSpiCard8readStopEv+0x1e>

000b9dcc <_ZN13SharedSpiCard11writeSectorEmPKh>:
bool SharedSpiCard::writeSector(uint32_t sector, const uint8_t* src) {
   b9dcc:	b570      	push	{r4, r5, r6, lr}
  if (type() != SD_CARD_TYPE_SDHC) {
   b9dce:	7e83      	ldrb	r3, [r0, #26]
   b9dd0:	2b03      	cmp	r3, #3
    sector <<= 9;
   b9dd2:	bf18      	it	ne
   b9dd4:	0249      	lslne	r1, r1, #9
bool SharedSpiCard::writeSector(uint32_t sector, const uint8_t* src) {
   b9dd6:	4615      	mov	r5, r2
  if (cardCommand(CMD24, sector)) {
   b9dd8:	460a      	mov	r2, r1
   b9dda:	2118      	movs	r1, #24
bool SharedSpiCard::writeSector(uint32_t sector, const uint8_t* src) {
   b9ddc:	4604      	mov	r4, r0
  if (cardCommand(CMD24, sector)) {
   b9dde:	f7ff fecf 	bl	b9b80 <_ZN13SharedSpiCard11cardCommandEhm>
   b9de2:	4606      	mov	r6, r0
   b9de4:	b130      	cbz	r0, b9df4 <_ZN13SharedSpiCard11writeSectorEmPKh+0x28>
   b9de6:	230d      	movs	r3, #13
   b9de8:	75a3      	strb	r3, [r4, #22]
  spiStop();
   b9dea:	4620      	mov	r0, r4
   b9dec:	f7ff fe0d 	bl	b9a0a <_ZN13SharedSpiCard7spiStopEv>
  return false;
   b9df0:	2500      	movs	r5, #0
   b9df2:	e01f      	b.n	b9e34 <_ZN13SharedSpiCard11writeSectorEmPKh+0x68>
  if (!writeData(DATA_START_SECTOR, src)) {
   b9df4:	462a      	mov	r2, r5
   b9df6:	21fe      	movs	r1, #254	; 0xfe
   b9df8:	4620      	mov	r0, r4
   b9dfa:	f7ff fe61 	bl	b9ac0 <_ZN13SharedSpiCard9writeDataEhPKh>
   b9dfe:	2800      	cmp	r0, #0
   b9e00:	d0f3      	beq.n	b9dea <_ZN13SharedSpiCard11writeSectorEmPKh+0x1e>
  if (!waitReady(SD_WRITE_TIMEOUT)) {
   b9e02:	f44f 7116 	mov.w	r1, #600	; 0x258
   b9e06:	4620      	mov	r0, r4
   b9e08:	f7ff fe45 	bl	b9a96 <_ZN13SharedSpiCard9waitReadyEt>
   b9e0c:	4605      	mov	r5, r0
   b9e0e:	b908      	cbnz	r0, b9e14 <_ZN13SharedSpiCard11writeSectorEmPKh+0x48>
   b9e10:	2324      	movs	r3, #36	; 0x24
   b9e12:	e7e9      	b.n	b9de8 <_ZN13SharedSpiCard11writeSectorEmPKh+0x1c>
  if (cardCommand(CMD13, 0) || spiReceive()) {
   b9e14:	4632      	mov	r2, r6
   b9e16:	210d      	movs	r1, #13
   b9e18:	4620      	mov	r0, r4
   b9e1a:	f7ff feb1 	bl	b9b80 <_ZN13SharedSpiCard11cardCommandEhm>
   b9e1e:	b108      	cbz	r0, b9e24 <_ZN13SharedSpiCard11writeSectorEmPKh+0x58>
   b9e20:	230a      	movs	r3, #10
   b9e22:	e7e1      	b.n	b9de8 <_ZN13SharedSpiCard11writeSectorEmPKh+0x1c>
    return m_spiDriver.receive();
   b9e24:	4620      	mov	r0, r4
   b9e26:	f000 f91a 	bl	ba05e <_ZN18SdSpiArduinoDriver7receiveEv>
   b9e2a:	2800      	cmp	r0, #0
   b9e2c:	d1f8      	bne.n	b9e20 <_ZN13SharedSpiCard11writeSectorEmPKh+0x54>
  spiStop();
   b9e2e:	4620      	mov	r0, r4
   b9e30:	f7ff fdeb 	bl	b9a0a <_ZN13SharedSpiCard7spiStopEv>
}
   b9e34:	4628      	mov	r0, r5
   b9e36:	bd70      	pop	{r4, r5, r6, pc}

000b9e38 <_ZN13SharedSpiCard10writeStartEm>:
bool SharedSpiCard::writeStart(uint32_t sector) {
   b9e38:	b510      	push	{r4, lr}
  if (type() != SD_CARD_TYPE_SDHC) {
   b9e3a:	7e83      	ldrb	r3, [r0, #26]
   b9e3c:	2b03      	cmp	r3, #3
bool SharedSpiCard::writeStart(uint32_t sector) {
   b9e3e:	460a      	mov	r2, r1
    sector <<= 9;
   b9e40:	bf18      	it	ne
   b9e42:	024a      	lslne	r2, r1, #9
  if (cardCommand(CMD25, sector)) {
   b9e44:	2119      	movs	r1, #25
bool SharedSpiCard::writeStart(uint32_t sector) {
   b9e46:	4604      	mov	r4, r0
  if (cardCommand(CMD25, sector)) {
   b9e48:	f7ff fe9a 	bl	b9b80 <_ZN13SharedSpiCard11cardCommandEhm>
   b9e4c:	b130      	cbz	r0, b9e5c <_ZN13SharedSpiCard10writeStartEm+0x24>
    m_errorCode = code;
   b9e4e:	230e      	movs	r3, #14
  spiStop();
   b9e50:	4620      	mov	r0, r4
   b9e52:	75a3      	strb	r3, [r4, #22]
   b9e54:	f7ff fdd9 	bl	b9a0a <_ZN13SharedSpiCard7spiStopEv>
  return false;
   b9e58:	2000      	movs	r0, #0
}
   b9e5a:	bd10      	pop	{r4, pc}
  m_state = WRITE_STATE;
   b9e5c:	2302      	movs	r3, #2
   b9e5e:	7623      	strb	r3, [r4, #24]
  return true;
   b9e60:	2001      	movs	r0, #1
   b9e62:	e7fa      	b.n	b9e5a <_ZN13SharedSpiCard10writeStartEm+0x22>

000b9e64 <_ZN16DedicatedSpiCard5beginE11SdSpiConfig>:
//==============================================================================
bool DedicatedSpiCard::begin(SdSpiConfig spiConfig) {
   b9e64:	b530      	push	{r4, r5, lr}
   b9e66:	b085      	sub	sp, #20
   b9e68:	ac01      	add	r4, sp, #4
   b9e6a:	e884 000e 	stmia.w	r4, {r1, r2, r3}
  if (!SharedSpiCard::begin(spiConfig)) {
   b9e6e:	e894 000e 	ldmia.w	r4, {r1, r2, r3}
bool DedicatedSpiCard::begin(SdSpiConfig spiConfig) {
   b9e72:	4605      	mov	r5, r0
  if (!SharedSpiCard::begin(spiConfig)) {
   b9e74:	f7ff fed0 	bl	b9c18 <_ZN13SharedSpiCard5beginE11SdSpiConfig>
   b9e78:	b128      	cbz	r0, b9e86 <_ZN16DedicatedSpiCard5beginE11SdSpiConfig+0x22>
const uint8_t DEDICATED_SPI = 1;
/**
 * \param[in] opt option field of SdSpiConfig.
 * \return true for dedicated SPI.
 */
inline bool spiOptionDedicated(uint8_t opt) { return opt & DEDICATED_SPI; }
   b9e7a:	f89d 3005 	ldrb.w	r3, [sp, #5]
   b9e7e:	f003 0301 	and.w	r3, r3, #1
   b9e82:	f885 3020 	strb.w	r3, [r5, #32]
    return false;
  }
  m_dedicatedSpi = spiOptionDedicated(spiConfig.options);
  return true;
}
   b9e86:	b005      	add	sp, #20
   b9e88:	bd30      	pop	{r4, r5, pc}

000b9e8a <_ZN16DedicatedSpiCard11readSectorsEmPhj>:
//------------------------------------------------------------------------------
bool DedicatedSpiCard::readSector(uint32_t sector, uint8_t* dst) {
  return readSectors(sector, dst, 1);
}
//------------------------------------------------------------------------------
bool DedicatedSpiCard::readSectors(uint32_t sector, uint8_t* dst, size_t ns) {
   b9e8a:	b5f8      	push	{r3, r4, r5, r6, r7, lr}
   b9e8c:	461f      	mov	r7, r3
  if (sdState() != READ_STATE || sector != m_curSector) {
   b9e8e:	7e03      	ldrb	r3, [r0, #24]
   b9e90:	2b01      	cmp	r3, #1
bool DedicatedSpiCard::readSectors(uint32_t sector, uint8_t* dst, size_t ns) {
   b9e92:	4604      	mov	r4, r0
   b9e94:	460d      	mov	r5, r1
   b9e96:	4616      	mov	r6, r2
  if (sdState() != READ_STATE || sector != m_curSector) {
   b9e98:	d102      	bne.n	b9ea0 <_ZN16DedicatedSpiCard11readSectorsEmPhj+0x16>
   b9e9a:	69c3      	ldr	r3, [r0, #28]
   b9e9c:	428b      	cmp	r3, r1
   b9e9e:	d007      	beq.n	b9eb0 <_ZN16DedicatedSpiCard11readSectorsEmPhj+0x26>
    if (!readStart(sector)) {
   b9ea0:	4629      	mov	r1, r5
   b9ea2:	4620      	mov	r0, r4
   b9ea4:	f7ff ff68 	bl	b9d78 <_ZN13SharedSpiCard9readStartEm>
   b9ea8:	b908      	cbnz	r0, b9eae <_ZN16DedicatedSpiCard11readSectorsEmPhj+0x24>
  }
  m_curSector += ns;
  return m_dedicatedSpi ? true : readStop();

fail:
  return false;
   b9eaa:	2000      	movs	r0, #0
}
   b9eac:	bdf8      	pop	{r3, r4, r5, r6, r7, pc}
    m_curSector = sector;
   b9eae:	61e5      	str	r5, [r4, #28]
bool DedicatedSpiCard::readSectors(uint32_t sector, uint8_t* dst, size_t ns) {
   b9eb0:	2500      	movs	r5, #0
  for (size_t i = 0; i < ns; i++, dst += 512) {
   b9eb2:	42bd      	cmp	r5, r7
   b9eb4:	eb06 2145 	add.w	r1, r6, r5, lsl #9
   b9eb8:	d006      	beq.n	b9ec8 <_ZN16DedicatedSpiCard11readSectorsEmPhj+0x3e>
    if (!readData(dst)) {
   b9eba:	4620      	mov	r0, r4
   b9ebc:	f7ff fde7 	bl	b9a8e <_ZN13SharedSpiCard8readDataEPh>
   b9ec0:	2800      	cmp	r0, #0
   b9ec2:	d0f2      	beq.n	b9eaa <_ZN16DedicatedSpiCard11readSectorsEmPhj+0x20>
  for (size_t i = 0; i < ns; i++, dst += 512) {
   b9ec4:	3501      	adds	r5, #1
   b9ec6:	e7f4      	b.n	b9eb2 <_ZN16DedicatedSpiCard11readSectorsEmPhj+0x28>
  m_curSector += ns;
   b9ec8:	69e3      	ldr	r3, [r4, #28]
   b9eca:	442b      	add	r3, r5
   b9ecc:	61e3      	str	r3, [r4, #28]
  return m_dedicatedSpi ? true : readStop();
   b9ece:	f894 3020 	ldrb.w	r3, [r4, #32]
   b9ed2:	b92b      	cbnz	r3, b9ee0 <_ZN16DedicatedSpiCard11readSectorsEmPhj+0x56>
   b9ed4:	4620      	mov	r0, r4
   b9ed6:	f7ff ff64 	bl	b9da2 <_ZN13SharedSpiCard8readStopEv>
   b9eda:	f000 0001 	and.w	r0, r0, #1
   b9ede:	e7e5      	b.n	b9eac <_ZN16DedicatedSpiCard11readSectorsEmPhj+0x22>
   b9ee0:	2001      	movs	r0, #1
   b9ee2:	e7fa      	b.n	b9eda <_ZN16DedicatedSpiCard11readSectorsEmPhj+0x50>

000b9ee4 <_ZN16DedicatedSpiCard10readSectorEmPh>:
  return readSectors(sector, dst, 1);
   b9ee4:	2301      	movs	r3, #1
   b9ee6:	f7ff bfd0 	b.w	b9e8a <_ZN16DedicatedSpiCard11readSectorsEmPhj>

000b9eea <_ZN16DedicatedSpiCard12writeSectorsEmPKhj>:
  }
  return SharedSpiCard::writeSector(sector, src);
}
//------------------------------------------------------------------------------
bool DedicatedSpiCard::writeSectors(uint32_t sector, const uint8_t* src,
                                    size_t ns) {
   b9eea:	b5f8      	push	{r3, r4, r5, r6, r7, lr}
   b9eec:	461f      	mov	r7, r3
  if (sdState() != WRITE_STATE || m_curSector != sector) {
   b9eee:	7e03      	ldrb	r3, [r0, #24]
   b9ef0:	2b02      	cmp	r3, #2
                                    size_t ns) {
   b9ef2:	4604      	mov	r4, r0
   b9ef4:	460d      	mov	r5, r1
   b9ef6:	4616      	mov	r6, r2
  if (sdState() != WRITE_STATE || m_curSector != sector) {
   b9ef8:	d102      	bne.n	b9f00 <_ZN16DedicatedSpiCard12writeSectorsEmPKhj+0x16>
   b9efa:	69c3      	ldr	r3, [r0, #28]
   b9efc:	428b      	cmp	r3, r1
   b9efe:	d007      	beq.n	b9f10 <_ZN16DedicatedSpiCard12writeSectorsEmPKhj+0x26>
    if (!writeStart(sector)) {
   b9f00:	4629      	mov	r1, r5
   b9f02:	4620      	mov	r0, r4
   b9f04:	f7ff ff98 	bl	b9e38 <_ZN13SharedSpiCard10writeStartEm>
   b9f08:	b908      	cbnz	r0, b9f0e <_ZN16DedicatedSpiCard12writeSectorsEmPKhj+0x24>
  }
  m_curSector += ns;
  return m_dedicatedSpi ? true : writeStop();

fail:
  return false;
   b9f0a:	2000      	movs	r0, #0
}
   b9f0c:	bdf8      	pop	{r3, r4, r5, r6, r7, pc}
    m_curSector = sector;
   b9f0e:	61e5      	str	r5, [r4, #28]
                                    size_t ns) {
   b9f10:	2500      	movs	r5, #0
  for (size_t i = 0; i < ns; i++, src += 512) {
   b9f12:	42bd      	cmp	r5, r7
   b9f14:	eb06 2145 	add.w	r1, r6, r5, lsl #9
   b9f18:	d006      	beq.n	b9f28 <_ZN16DedicatedSpiCard12writeSectorsEmPKhj+0x3e>
    if (!writeData(src)) {
   b9f1a:	4620      	mov	r0, r4
   b9f1c:	f7ff fdf4 	bl	b9b08 <_ZN13SharedSpiCard9writeDataEPKh>
   b9f20:	2800      	cmp	r0, #0
   b9f22:	d0f2      	beq.n	b9f0a <_ZN16DedicatedSpiCard12writeSectorsEmPKhj+0x20>
  for (size_t i = 0; i < ns; i++, src += 512) {
   b9f24:	3501      	adds	r5, #1
   b9f26:	e7f4      	b.n	b9f12 <_ZN16DedicatedSpiCard12writeSectorsEmPKhj+0x28>
  m_curSector += ns;
   b9f28:	69e3      	ldr	r3, [r4, #28]
   b9f2a:	442b      	add	r3, r5
   b9f2c:	61e3      	str	r3, [r4, #28]
  return m_dedicatedSpi ? true : writeStop();
   b9f2e:	f894 3020 	ldrb.w	r3, [r4, #32]
   b9f32:	b92b      	cbnz	r3, b9f40 <_ZN16DedicatedSpiCard12writeSectorsEmPKhj+0x56>
   b9f34:	4620      	mov	r0, r4
   b9f36:	f7ff fdff 	bl	b9b38 <_ZN13SharedSpiCard9writeStopEv>
   b9f3a:	f000 0001 	and.w	r0, r0, #1
   b9f3e:	e7e5      	b.n	b9f0c <_ZN16DedicatedSpiCard12writeSectorsEmPKhj+0x22>
   b9f40:	2001      	movs	r0, #1
   b9f42:	e7fa      	b.n	b9f3a <_ZN16DedicatedSpiCard12writeSectorsEmPKhj+0x50>

000b9f44 <_ZN16DedicatedSpiCard11writeSectorEmPKh>:
  if (m_dedicatedSpi) {
   b9f44:	f890 3020 	ldrb.w	r3, [r0, #32]
   b9f48:	b113      	cbz	r3, b9f50 <_ZN16DedicatedSpiCard11writeSectorEmPKh+0xc>
    return writeSectors(sector, src, 1);
   b9f4a:	2301      	movs	r3, #1
   b9f4c:	f7ff bfcd 	b.w	b9eea <_ZN16DedicatedSpiCard12writeSectorsEmPKhj>
  return SharedSpiCard::writeSector(sector, src);
   b9f50:	f7ff bf3c 	b.w	b9dcc <_ZN13SharedSpiCard11writeSectorEmPKh>

000b9f54 <_ZN7FsCache4syncEv>:

fail:
  return nullptr;
}
//------------------------------------------------------------------------------
bool FsCache::sync() {
   b9f54:	b537      	push	{r0, r1, r2, r4, r5, lr}
  if (m_status & CACHE_STATUS_DIRTY) {
   b9f56:	7803      	ldrb	r3, [r0, #0]
   b9f58:	07da      	lsls	r2, r3, #31
bool FsCache::sync() {
   b9f5a:	4604      	mov	r4, r0
  if (m_status & CACHE_STATUS_DIRTY) {
   b9f5c:	d51e      	bpl.n	b9f9c <_ZN7FsCache4syncEv+0x48>
    if (!m_blockDev->writeSector(m_sector, m_buffer)) {
   b9f5e:	f100 0210 	add.w	r2, r0, #16
   b9f62:	e9d0 0101 	ldrd	r0, r1, [r0, #4]
   b9f66:	9201      	str	r2, [sp, #4]
   b9f68:	f7ff ffec 	bl	b9f44 <_ZN16DedicatedSpiCard11writeSectorEmPKh>
   b9f6c:	9a01      	ldr	r2, [sp, #4]
   b9f6e:	4605      	mov	r5, r0
   b9f70:	b918      	cbnz	r0, b9f7a <_ZN7FsCache4syncEv+0x26>
    m_status &= ~CACHE_STATUS_DIRTY;
  }
  return true;

fail:
  return false;
   b9f72:	2500      	movs	r5, #0
}
   b9f74:	4628      	mov	r0, r5
   b9f76:	b003      	add	sp, #12
   b9f78:	bd30      	pop	{r4, r5, pc}
    if (m_status & CACHE_STATUS_MIRROR_FAT) {
   b9f7a:	7823      	ldrb	r3, [r4, #0]
   b9f7c:	079b      	lsls	r3, r3, #30
   b9f7e:	d404      	bmi.n	b9f8a <_ZN7FsCache4syncEv+0x36>
    m_status &= ~CACHE_STATUS_DIRTY;
   b9f80:	7823      	ldrb	r3, [r4, #0]
   b9f82:	f023 0301 	bic.w	r3, r3, #1
   b9f86:	7023      	strb	r3, [r4, #0]
   b9f88:	e7f4      	b.n	b9f74 <_ZN7FsCache4syncEv+0x20>
      if (!m_blockDev->writeSector(m_sector + m_mirrorOffset, m_buffer)) {
   b9f8a:	e9d4 1302 	ldrd	r1, r3, [r4, #8]
   b9f8e:	6860      	ldr	r0, [r4, #4]
   b9f90:	4419      	add	r1, r3
   b9f92:	f7ff ffd7 	bl	b9f44 <_ZN16DedicatedSpiCard11writeSectorEmPKh>
   b9f96:	2800      	cmp	r0, #0
   b9f98:	d1f2      	bne.n	b9f80 <_ZN7FsCache4syncEv+0x2c>
   b9f9a:	e7ea      	b.n	b9f72 <_ZN7FsCache4syncEv+0x1e>
  return true;
   b9f9c:	2501      	movs	r5, #1
   b9f9e:	e7e9      	b.n	b9f74 <_ZN7FsCache4syncEv+0x20>

000b9fa0 <_ZN7FsCache7prepareEmh>:
uint8_t* FsCache::prepare(uint32_t sector, uint8_t option) {
   b9fa0:	b570      	push	{r4, r5, r6, lr}
  if (!m_blockDev) {
   b9fa2:	6843      	ldr	r3, [r0, #4]
uint8_t* FsCache::prepare(uint32_t sector, uint8_t option) {
   b9fa4:	4604      	mov	r4, r0
   b9fa6:	460e      	mov	r6, r1
   b9fa8:	4615      	mov	r5, r2
  if (!m_blockDev) {
   b9faa:	b90b      	cbnz	r3, b9fb0 <_ZN7FsCache7prepareEmh+0x10>
  return nullptr;
   b9fac:	2000      	movs	r0, #0
}
   b9fae:	bd70      	pop	{r4, r5, r6, pc}
  if (m_sector != sector) {
   b9fb0:	6883      	ldr	r3, [r0, #8]
   b9fb2:	428b      	cmp	r3, r1
   b9fb4:	d008      	beq.n	b9fc8 <_ZN7FsCache7prepareEmh+0x28>
    if (!sync()) {
   b9fb6:	f7ff ffcd 	bl	b9f54 <_ZN7FsCache4syncEv>
   b9fba:	2800      	cmp	r0, #0
   b9fbc:	d0f6      	beq.n	b9fac <_ZN7FsCache7prepareEmh+0xc>
    if (!(option & CACHE_OPTION_NO_READ)) {
   b9fbe:	076b      	lsls	r3, r5, #29
   b9fc0:	d50a      	bpl.n	b9fd8 <_ZN7FsCache7prepareEmh+0x38>
    m_status = 0;
   b9fc2:	2300      	movs	r3, #0
   b9fc4:	7023      	strb	r3, [r4, #0]
    m_sector = sector;
   b9fc6:	60a6      	str	r6, [r4, #8]
  m_status |= option & CACHE_STATUS_MASK;
   b9fc8:	7822      	ldrb	r2, [r4, #0]
   b9fca:	f005 0503 	and.w	r5, r5, #3
   b9fce:	4620      	mov	r0, r4
   b9fd0:	4315      	orrs	r5, r2
   b9fd2:	f800 5b10 	strb.w	r5, [r0], #16
  return m_buffer;
   b9fd6:	e7ea      	b.n	b9fae <_ZN7FsCache7prepareEmh+0xe>
      if (!m_blockDev->readSector(sector, m_buffer)) {
   b9fd8:	6860      	ldr	r0, [r4, #4]
   b9fda:	f104 0210 	add.w	r2, r4, #16
   b9fde:	4631      	mov	r1, r6
   b9fe0:	f7ff ff80 	bl	b9ee4 <_ZN16DedicatedSpiCard10readSectorEmPh>
   b9fe4:	2800      	cmp	r0, #0
   b9fe6:	d1ec      	bne.n	b9fc2 <_ZN7FsCache7prepareEmh+0x22>
   b9fe8:	e7e0      	b.n	b9fac <_ZN7FsCache7prepareEmh+0xc>

000b9fea <_Z8sdCsInith>:
 */
#include "SdSpiDriver.h"
#if ENABLE_ARDUINO_FEATURES
#if SD_CHIP_SELECT_MODE == 0
//------------------------------------------------------------------------------
void sdCsInit(SdCsPin_t pin) { pinMode(pin, OUTPUT); }
   b9fea:	2101      	movs	r1, #1
   b9fec:	f001 bbe2 	b.w	bb7b4 <pinMode>

000b9ff0 <_Z9sdCsWritehb>:
//------------------------------------------------------------------------------
void sdCsWrite(SdCsPin_t pin, bool level) { digitalWrite(pin, level); }
   b9ff0:	f001 bbf1 	b.w	bb7d6 <digitalWrite>

000b9ff4 <_ZL36SD_SPI_DMA_TransferComplete_Callbackv>:
#include "SdSpiDriver.h"
#if defined(SD_USE_CUSTOM_SPI) && defined(PLATFORM_ID)
static volatile bool SPI_DMA_TransferCompleted = false;
//-----------------------------------------------------------------------------
static void SD_SPI_DMA_TransferComplete_Callback() {
  SPI_DMA_TransferCompleted = true;
   b9ff4:	4b01      	ldr	r3, [pc, #4]	; (b9ffc <_ZL36SD_SPI_DMA_TransferComplete_Callbackv+0x8>)
   b9ff6:	2201      	movs	r2, #1
   b9ff8:	701a      	strb	r2, [r3, #0]
}
   b9ffa:	4770      	bx	lr
   b9ffc:	2003e688 	.word	0x2003e688

000ba000 <_ZN18SdSpiArduinoDriver8activateEv>:
//------------------------------------------------------------------------------
void SdSpiArduinoDriver::activate() { m_spi->beginTransaction(m_spiSettings); }
   ba000:	1d01      	adds	r1, r0, #4
   ba002:	6800      	ldr	r0, [r0, #0]
   ba004:	f000 bb6c 	b.w	ba6e0 <_ZN8SPIClass16beginTransactionERKN8particle11SPISettingsE>

000ba008 <_ZN18SdSpiArduinoDriver5beginE11SdSpiConfig>:
//------------------------------------------------------------------------------
void SdSpiArduinoDriver::begin(SdSpiConfig spiConfig) {
   ba008:	b530      	push	{r4, r5, lr}
   ba00a:	b085      	sub	sp, #20
   ba00c:	4604      	mov	r4, r0
   ba00e:	a804      	add	r0, sp, #16
   ba010:	e900 000e 	stmdb	r0, {r1, r2, r3}
  if (spiConfig.spiPort) {
   ba014:	b133      	cbz	r3, ba024 <_ZN18SdSpiArduinoDriver5beginE11SdSpiConfig+0x1c>
    m_spi = spiConfig.spiPort;
  } else {
    m_spi = &SPI;
   ba016:	6023      	str	r3, [r4, #0]
  }
  m_spi->begin();
   ba018:	6820      	ldr	r0, [r4, #0]
}
   ba01a:	b005      	add	sp, #20
   ba01c:	e8bd 4030 	ldmia.w	sp!, {r4, r5, lr}
  m_spi->begin();
   ba020:	f000 bb30 	b.w	ba684 <_ZN8SPIClass5beginEv>

template <hal_spi_interface_t Interface>
class SpiProxy {
public:
    static SPIClass& instance() {
        static SPIClass instance(Interface);
   ba024:	4d0a      	ldr	r5, [pc, #40]	; (ba050 <_ZN18SdSpiArduinoDriver5beginE11SdSpiConfig+0x48>)
   ba026:	7829      	ldrb	r1, [r5, #0]
   ba028:	f3bf 8f5b 	dmb	ish
   ba02c:	f011 0101 	ands.w	r1, r1, #1
   ba030:	d10b      	bne.n	ba04a <_ZN18SdSpiArduinoDriver5beginE11SdSpiConfig+0x42>
   ba032:	4628      	mov	r0, r5
   ba034:	9100      	str	r1, [sp, #0]
   ba036:	f7fa fcee 	bl	b4a16 <__cxa_guard_acquire>
   ba03a:	9900      	ldr	r1, [sp, #0]
   ba03c:	b128      	cbz	r0, ba04a <_ZN18SdSpiArduinoDriver5beginE11SdSpiConfig+0x42>
   ba03e:	4805      	ldr	r0, [pc, #20]	; (ba054 <_ZN18SdSpiArduinoDriver5beginE11SdSpiConfig+0x4c>)
   ba040:	f000 fb16 	bl	ba670 <_ZN8SPIClassC1E19hal_spi_interface_t>
   ba044:	4628      	mov	r0, r5
   ba046:	f7fa fceb 	bl	b4a20 <__cxa_guard_release>
    m_spi = &SPI;
   ba04a:	4b02      	ldr	r3, [pc, #8]	; (ba054 <_ZN18SdSpiArduinoDriver5beginE11SdSpiConfig+0x4c>)
   ba04c:	e7e3      	b.n	ba016 <_ZN18SdSpiArduinoDriver5beginE11SdSpiConfig+0xe>
   ba04e:	bf00      	nop
   ba050:	2003e67c 	.word	0x2003e67c
   ba054:	2003e680 	.word	0x2003e680

000ba058 <_ZN18SdSpiArduinoDriver10deactivateEv>:
//------------------------------------------------------------------------------
void SdSpiArduinoDriver::deactivate() { m_spi->endTransaction(); }
   ba058:	6800      	ldr	r0, [r0, #0]
   ba05a:	f000 bb27 	b.w	ba6ac <_ZN8SPIClass14endTransactionEv>

000ba05e <_ZN18SdSpiArduinoDriver7receiveEv>:
//------------------------------------------------------------------------------
void SdSpiArduinoDriver::end() { m_spi->end(); }
//------------------------------------------------------------------------------
uint8_t SdSpiArduinoDriver::receive() { return m_spi->transfer(0XFF); }
   ba05e:	6800      	ldr	r0, [r0, #0]
   ba060:	21ff      	movs	r1, #255	; 0xff
   ba062:	f000 bbab 	b.w	ba7bc <_ZN8SPIClass8transferEh>
	...

000ba068 <_ZN18SdSpiArduinoDriver7receiveEPhj>:
//------------------------------------------------------------------------------
uint8_t SdSpiArduinoDriver::receive(uint8_t* buf, size_t count) {
   ba068:	b537      	push	{r0, r1, r2, r4, r5, lr}
   ba06a:	4613      	mov	r3, r2
  SPI_DMA_TransferCompleted = false;
  m_spi->transfer(nullptr, buf, count, SD_SPI_DMA_TransferComplete_Callback);
   ba06c:	4a07      	ldr	r2, [pc, #28]	; (ba08c <_ZN18SdSpiArduinoDriver7receiveEPhj+0x24>)
   ba06e:	9200      	str	r2, [sp, #0]
  SPI_DMA_TransferCompleted = false;
   ba070:	2500      	movs	r5, #0
   ba072:	4c07      	ldr	r4, [pc, #28]	; (ba090 <_ZN18SdSpiArduinoDriver7receiveEPhj+0x28>)
  m_spi->transfer(nullptr, buf, count, SD_SPI_DMA_TransferComplete_Callback);
   ba074:	6800      	ldr	r0, [r0, #0]
  SPI_DMA_TransferCompleted = false;
   ba076:	7025      	strb	r5, [r4, #0]
  m_spi->transfer(nullptr, buf, count, SD_SPI_DMA_TransferComplete_Callback);
   ba078:	460a      	mov	r2, r1
   ba07a:	4629      	mov	r1, r5
   ba07c:	f000 fba4 	bl	ba7c8 <_ZN8SPIClass8transferEPKvPvjPFvvE>
  while (!SPI_DMA_TransferCompleted) {
   ba080:	7823      	ldrb	r3, [r4, #0]
   ba082:	2b00      	cmp	r3, #0
   ba084:	d0fc      	beq.n	ba080 <_ZN18SdSpiArduinoDriver7receiveEPhj+0x18>
  }
  return 0;
}
   ba086:	2000      	movs	r0, #0
   ba088:	b003      	add	sp, #12
   ba08a:	bd30      	pop	{r4, r5, pc}
   ba08c:	000b9ff5 	.word	0x000b9ff5
   ba090:	2003e688 	.word	0x2003e688

000ba094 <_ZN18SdSpiArduinoDriver4sendEh>:
//------------------------------------------------------------------------------
void SdSpiArduinoDriver::send(uint8_t data) { m_spi->transfer(data); }
   ba094:	6800      	ldr	r0, [r0, #0]
   ba096:	f000 bb91 	b.w	ba7bc <_ZN8SPIClass8transferEh>
	...

000ba09c <_ZN18SdSpiArduinoDriver4sendEPKhj>:
//------------------------------------------------------------------------------
void SdSpiArduinoDriver::send(const uint8_t* buf, size_t count) {
   ba09c:	b537      	push	{r0, r1, r2, r4, r5, lr}
   ba09e:	4613      	mov	r3, r2
  SPI_DMA_TransferCompleted = false;

  m_spi->transfer(const_cast<uint8_t*>(buf), nullptr, count,
   ba0a0:	4a06      	ldr	r2, [pc, #24]	; (ba0bc <_ZN18SdSpiArduinoDriver4sendEPKhj+0x20>)
   ba0a2:	9200      	str	r2, [sp, #0]
  SPI_DMA_TransferCompleted = false;
   ba0a4:	2500      	movs	r5, #0
   ba0a6:	4c06      	ldr	r4, [pc, #24]	; (ba0c0 <_ZN18SdSpiArduinoDriver4sendEPKhj+0x24>)
  m_spi->transfer(const_cast<uint8_t*>(buf), nullptr, count,
   ba0a8:	6800      	ldr	r0, [r0, #0]
  SPI_DMA_TransferCompleted = false;
   ba0aa:	7025      	strb	r5, [r4, #0]
  m_spi->transfer(const_cast<uint8_t*>(buf), nullptr, count,
   ba0ac:	462a      	mov	r2, r5
   ba0ae:	f000 fb8b 	bl	ba7c8 <_ZN8SPIClass8transferEPKvPvjPFvvE>
                  SD_SPI_DMA_TransferComplete_Callback);

  while (!SPI_DMA_TransferCompleted) {
   ba0b2:	7823      	ldrb	r3, [r4, #0]
   ba0b4:	2b00      	cmp	r3, #0
   ba0b6:	d0fc      	beq.n	ba0b2 <_ZN18SdSpiArduinoDriver4sendEPKhj+0x16>
  }
}
   ba0b8:	b003      	add	sp, #12
   ba0ba:	bd30      	pop	{r4, r5, pc}
   ba0bc:	000b9ff5 	.word	0x000b9ff5
   ba0c0:	2003e688 	.word	0x2003e688

000ba0c4 <netdb_freeaddrinfo>:

DYNALIB_BEGIN(hal_netdb)

DYNALIB_FN(0, hal_netdb, netdb_gethostbyname, struct hostent*(const char*))
DYNALIB_FN(1, hal_netdb, netdb_gethostbyname_r, int(const char*, struct hostent*, char*, size_t, struct hostent**, int*))
DYNALIB_FN(2, hal_netdb, netdb_freeaddrinfo, void(struct addrinfo*))
   ba0c4:	b508      	push	{r3, lr}
   ba0c6:	4b02      	ldr	r3, [pc, #8]	; (ba0d0 <netdb_freeaddrinfo+0xc>)
   ba0c8:	681b      	ldr	r3, [r3, #0]
   ba0ca:	689b      	ldr	r3, [r3, #8]
   ba0cc:	9301      	str	r3, [sp, #4]
   ba0ce:	bd08      	pop	{r3, pc}
   ba0d0:	00030268 	.word	0x00030268

000ba0d4 <netdb_getaddrinfo>:
DYNALIB_FN(3, hal_netdb, netdb_getaddrinfo, int(const char*, const char*, const struct addrinfo*, struct addrinfo**))
   ba0d4:	b508      	push	{r3, lr}
   ba0d6:	4b02      	ldr	r3, [pc, #8]	; (ba0e0 <netdb_getaddrinfo+0xc>)
   ba0d8:	681b      	ldr	r3, [r3, #0]
   ba0da:	68db      	ldr	r3, [r3, #12]
   ba0dc:	9301      	str	r3, [sp, #4]
   ba0de:	bd08      	pop	{r3, pc}
   ba0e0:	00030268 	.word	0x00030268

000ba0e4 <hal_gpio_mode>:

DYNALIB_BEGIN(hal_gpio)

DYNALIB_FN(0, hal_gpio, hal_pin_map, hal_pin_info_t*(void))
DYNALIB_FN(1, hal_gpio, hal_pin_validate_function, PinFunction(hal_pin_t, PinFunction))
DYNALIB_FN(2, hal_gpio, hal_gpio_mode, void(hal_pin_t, PinMode))
   ba0e4:	b508      	push	{r3, lr}
   ba0e6:	4b02      	ldr	r3, [pc, #8]	; (ba0f0 <hal_gpio_mode+0xc>)
   ba0e8:	681b      	ldr	r3, [r3, #0]
   ba0ea:	689b      	ldr	r3, [r3, #8]
   ba0ec:	9301      	str	r3, [sp, #4]
   ba0ee:	bd08      	pop	{r3, pc}
   ba0f0:	0003022c 	.word	0x0003022c

000ba0f4 <hal_gpio_get_mode>:
DYNALIB_FN(3, hal_gpio, hal_gpio_get_mode, PinMode(hal_pin_t))
   ba0f4:	b508      	push	{r3, lr}
   ba0f6:	4b02      	ldr	r3, [pc, #8]	; (ba100 <hal_gpio_get_mode+0xc>)
   ba0f8:	681b      	ldr	r3, [r3, #0]
   ba0fa:	68db      	ldr	r3, [r3, #12]
   ba0fc:	9301      	str	r3, [sp, #4]
   ba0fe:	bd08      	pop	{r3, pc}
   ba100:	0003022c 	.word	0x0003022c

000ba104 <hal_gpio_write>:
DYNALIB_FN(4, hal_gpio, hal_gpio_write, void(hal_pin_t, uint8_t))
   ba104:	b508      	push	{r3, lr}
   ba106:	4b02      	ldr	r3, [pc, #8]	; (ba110 <hal_gpio_write+0xc>)
   ba108:	681b      	ldr	r3, [r3, #0]
   ba10a:	691b      	ldr	r3, [r3, #16]
   ba10c:	9301      	str	r3, [sp, #4]
   ba10e:	bd08      	pop	{r3, pc}
   ba110:	0003022c 	.word	0x0003022c

000ba114 <HAL_RNG_GetRandomNumber>:

DYNALIB_BEGIN(hal)

#if PLATFORM_ID > PLATFORM_GCC
DYNALIB_FN(0, hal, HAL_RNG_Configuration, void(void))
DYNALIB_FN(1, hal, HAL_RNG_GetRandomNumber, uint32_t(void))
   ba114:	b508      	push	{r3, lr}
   ba116:	4b02      	ldr	r3, [pc, #8]	; (ba120 <HAL_RNG_GetRandomNumber+0xc>)
   ba118:	681b      	ldr	r3, [r3, #0]
   ba11a:	685b      	ldr	r3, [r3, #4]
   ba11c:	9301      	str	r3, [sp, #4]
   ba11e:	bd08      	pop	{r3, pc}
   ba120:	00030218 	.word	0x00030218

000ba124 <HAL_Delay_Microseconds>:
#else
#define BASE_IDX 0
#endif // PLATFORM_ID > PLATFORM_GCC

DYNALIB_FN(BASE_IDX + 0, hal, HAL_Delay_Milliseconds, void(uint32_t))
DYNALIB_FN(BASE_IDX + 1, hal, HAL_Delay_Microseconds, void(uint32_t))
   ba124:	b508      	push	{r3, lr}
   ba126:	4b02      	ldr	r3, [pc, #8]	; (ba130 <HAL_Delay_Microseconds+0xc>)
   ba128:	681b      	ldr	r3, [r3, #0]
   ba12a:	68db      	ldr	r3, [r3, #12]
   ba12c:	9301      	str	r3, [sp, #4]
   ba12e:	bd08      	pop	{r3, pc}
   ba130:	00030218 	.word	0x00030218

000ba134 <HAL_Timer_Get_Milli_Seconds>:
DYNALIB_FN(BASE_IDX + 2, hal, HAL_Timer_Get_Micro_Seconds, system_tick_t(void))
DYNALIB_FN(BASE_IDX + 3, hal, HAL_Timer_Get_Milli_Seconds, system_tick_t(void))
   ba134:	b508      	push	{r3, lr}
   ba136:	4b02      	ldr	r3, [pc, #8]	; (ba140 <HAL_Timer_Get_Milli_Seconds+0xc>)
   ba138:	681b      	ldr	r3, [r3, #0]
   ba13a:	695b      	ldr	r3, [r3, #20]
   ba13c:	9301      	str	r3, [sp, #4]
   ba13e:	bd08      	pop	{r3, pc}
   ba140:	00030218 	.word	0x00030218

000ba144 <os_thread_yield>:

#if PLATFORM_THREADING
DYNALIB_FN(0, hal_concurrent, __gthread_equal, bool(__gthread_t, __gthread_t))
DYNALIB_FN(1, hal_concurrent, os_thread_create, os_result_t(os_thread_t*, const char*, os_thread_prio_t, os_thread_fn_t, void*, size_t))
DYNALIB_FN(2, hal_concurrent, os_thread_is_current, bool(os_thread_t))
DYNALIB_FN(3, hal_concurrent, os_thread_yield, os_result_t(void))
   ba144:	b508      	push	{r3, lr}
   ba146:	4b02      	ldr	r3, [pc, #8]	; (ba150 <os_thread_yield+0xc>)
   ba148:	681b      	ldr	r3, [r3, #0]
   ba14a:	68db      	ldr	r3, [r3, #12]
   ba14c:	9301      	str	r3, [sp, #4]
   ba14e:	bd08      	pop	{r3, pc}
   ba150:	00030248 	.word	0x00030248

000ba154 <os_mutex_recursive_create>:
DYNALIB_FN(13, hal_concurrent, os_mutex_destroy, int(os_mutex_t))
DYNALIB_FN(14, hal_concurrent, os_mutex_lock, int(os_mutex_t))
DYNALIB_FN(15, hal_concurrent, os_mutex_trylock, int(os_mutex_t))
DYNALIB_FN(16, hal_concurrent, os_mutex_unlock, int(os_mutex_t))

DYNALIB_FN(17, hal_concurrent, os_mutex_recursive_create, int(os_mutex_recursive_t*))
   ba154:	b508      	push	{r3, lr}
   ba156:	4b02      	ldr	r3, [pc, #8]	; (ba160 <os_mutex_recursive_create+0xc>)
   ba158:	681b      	ldr	r3, [r3, #0]
   ba15a:	6c5b      	ldr	r3, [r3, #68]	; 0x44
   ba15c:	9301      	str	r3, [sp, #4]
   ba15e:	bd08      	pop	{r3, pc}
   ba160:	00030248 	.word	0x00030248

000ba164 <inet_inet_ntop>:
DYNALIB_FN(0, hal_inet, inet_inet_addr, in_addr_t(const char*))
DYNALIB_FN(1, hal_inet, inet_inet_aton, int(const char*, struct in_addr*))
DYNALIB_FN(2, hal_inet, inet_inet_network, in_addr_t(const char*))
DYNALIB_FN(3, hal_inet, inet_inet_ntoa, char*(struct in_addr))
DYNALIB_FN(4, hal_inet, inet_inet_ntoa_r, char*(struct in_addr, char*, socklen_t))
DYNALIB_FN(5, hal_inet, inet_inet_ntop, const char*(int, const void*, char*, socklen_t))
   ba164:	b508      	push	{r3, lr}
   ba166:	4b02      	ldr	r3, [pc, #8]	; (ba170 <inet_inet_ntop+0xc>)
   ba168:	681b      	ldr	r3, [r3, #0]
   ba16a:	695b      	ldr	r3, [r3, #20]
   ba16c:	9301      	str	r3, [sp, #4]
   ba16e:	bd08      	pop	{r3, pc}
   ba170:	00030264 	.word	0x00030264

000ba174 <hal_usart_write>:
#endif

DYNALIB_FN(BASE_IDX + 0, hal_usart, hal_usart_init, void(hal_usart_interface_t, hal_usart_ring_buffer_t*, hal_usart_ring_buffer_t*))
DYNALIB_FN(BASE_IDX + 1, hal_usart, hal_usart_begin, void(hal_usart_interface_t, uint32_t))
DYNALIB_FN(BASE_IDX + 2, hal_usart, hal_usart_end, void(hal_usart_interface_t))
DYNALIB_FN(BASE_IDX + 3, hal_usart, hal_usart_write, uint32_t(hal_usart_interface_t, uint8_t))
   ba174:	b508      	push	{r3, lr}
   ba176:	4b02      	ldr	r3, [pc, #8]	; (ba180 <hal_usart_write+0xc>)
   ba178:	681b      	ldr	r3, [r3, #0]
   ba17a:	68db      	ldr	r3, [r3, #12]
   ba17c:	9301      	str	r3, [sp, #4]
   ba17e:	bd08      	pop	{r3, pc}
   ba180:	0003023c 	.word	0x0003023c

000ba184 <hal_usart_available>:
DYNALIB_FN(BASE_IDX + 4, hal_usart, hal_usart_available, int32_t(hal_usart_interface_t))
   ba184:	b508      	push	{r3, lr}
   ba186:	4b02      	ldr	r3, [pc, #8]	; (ba190 <hal_usart_available+0xc>)
   ba188:	681b      	ldr	r3, [r3, #0]
   ba18a:	691b      	ldr	r3, [r3, #16]
   ba18c:	9301      	str	r3, [sp, #4]
   ba18e:	bd08      	pop	{r3, pc}
   ba190:	0003023c 	.word	0x0003023c

000ba194 <hal_usart_read>:
DYNALIB_FN(BASE_IDX + 5, hal_usart, hal_usart_read, int32_t(hal_usart_interface_t))
   ba194:	b508      	push	{r3, lr}
   ba196:	4b02      	ldr	r3, [pc, #8]	; (ba1a0 <hal_usart_read+0xc>)
   ba198:	681b      	ldr	r3, [r3, #0]
   ba19a:	695b      	ldr	r3, [r3, #20]
   ba19c:	9301      	str	r3, [sp, #4]
   ba19e:	bd08      	pop	{r3, pc}
   ba1a0:	0003023c 	.word	0x0003023c

000ba1a4 <hal_usart_peek>:
DYNALIB_FN(BASE_IDX + 6, hal_usart, hal_usart_peek, int32_t(hal_usart_interface_t))
   ba1a4:	b508      	push	{r3, lr}
   ba1a6:	4b02      	ldr	r3, [pc, #8]	; (ba1b0 <hal_usart_peek+0xc>)
   ba1a8:	681b      	ldr	r3, [r3, #0]
   ba1aa:	699b      	ldr	r3, [r3, #24]
   ba1ac:	9301      	str	r3, [sp, #4]
   ba1ae:	bd08      	pop	{r3, pc}
   ba1b0:	0003023c 	.word	0x0003023c

000ba1b4 <hal_usart_flush>:
DYNALIB_FN(BASE_IDX + 7, hal_usart, hal_usart_flush, void(hal_usart_interface_t))
   ba1b4:	b508      	push	{r3, lr}
   ba1b6:	4b02      	ldr	r3, [pc, #8]	; (ba1c0 <hal_usart_flush+0xc>)
   ba1b8:	681b      	ldr	r3, [r3, #0]
   ba1ba:	69db      	ldr	r3, [r3, #28]
   ba1bc:	9301      	str	r3, [sp, #4]
   ba1be:	bd08      	pop	{r3, pc}
   ba1c0:	0003023c 	.word	0x0003023c

000ba1c4 <hal_usart_is_enabled>:
DYNALIB_FN(BASE_IDX + 8, hal_usart, hal_usart_is_enabled, bool(hal_usart_interface_t))
   ba1c4:	b508      	push	{r3, lr}
   ba1c6:	4b02      	ldr	r3, [pc, #8]	; (ba1d0 <hal_usart_is_enabled+0xc>)
   ba1c8:	681b      	ldr	r3, [r3, #0]
   ba1ca:	6a1b      	ldr	r3, [r3, #32]
   ba1cc:	9301      	str	r3, [sp, #4]
   ba1ce:	bd08      	pop	{r3, pc}
   ba1d0:	0003023c 	.word	0x0003023c

000ba1d4 <hal_usart_available_data_for_write>:
DYNALIB_FN(BASE_IDX + 9, hal_usart, hal_usart_half_duplex, void(hal_usart_interface_t, bool))
DYNALIB_FN(BASE_IDX + 10, hal_usart, hal_usart_available_data_for_write, int32_t(hal_usart_interface_t))
   ba1d4:	b508      	push	{r3, lr}
   ba1d6:	4b02      	ldr	r3, [pc, #8]	; (ba1e0 <hal_usart_available_data_for_write+0xc>)
   ba1d8:	681b      	ldr	r3, [r3, #0]
   ba1da:	6a9b      	ldr	r3, [r3, #40]	; 0x28
   ba1dc:	9301      	str	r3, [sp, #4]
   ba1de:	bd08      	pop	{r3, pc}
   ba1e0:	0003023c 	.word	0x0003023c

000ba1e4 <hal_usart_init_ex>:
DYNALIB_FN(BASE_IDX2 + 0, hal_usart, hal_usart_begin_config, void(hal_usart_interface_t serial, uint32_t baud, uint32_t config, void *ptr))
DYNALIB_FN(BASE_IDX2 + 1, hal_usart, hal_usart_write_nine_bits, uint32_t(hal_usart_interface_t serial, uint16_t data))
DYNALIB_FN(BASE_IDX2 + 2, hal_usart, hal_usart_send_break, void(hal_usart_interface_t, void*))
DYNALIB_FN(BASE_IDX2 + 3, hal_usart, hal_usart_break_detected, uint8_t(hal_usart_interface_t))
DYNALIB_FN(BASE_IDX2 + 4, hal_usart, hal_usart_sleep, int(hal_usart_interface_t serial, bool, void*))
DYNALIB_FN(BASE_IDX2 + 5, hal_usart, hal_usart_init_ex, int(hal_usart_interface_t, const hal_usart_buffer_config_t*, void*))
   ba1e4:	b508      	push	{r3, lr}
   ba1e6:	4b02      	ldr	r3, [pc, #8]	; (ba1f0 <hal_usart_init_ex+0xc>)
   ba1e8:	681b      	ldr	r3, [r3, #0]
   ba1ea:	6c1b      	ldr	r3, [r3, #64]	; 0x40
   ba1ec:	9301      	str	r3, [sp, #4]
   ba1ee:	bd08      	pop	{r3, pc}
   ba1f0:	0003023c 	.word	0x0003023c

000ba1f4 <hal_i2c_begin>:
DYNALIB_BEGIN(hal_i2c)

DYNALIB_FN(0, hal_i2c, hal_i2c_set_speed, void(hal_i2c_interface_t, uint32_t, void*))
DYNALIB_FN(1, hal_i2c, hal_i2c_enable_dma_mode, void(hal_i2c_interface_t, bool, void*))
DYNALIB_FN(2, hal_i2c, hal_i2c_stretch_clock, void(hal_i2c_interface_t, bool, void*))
DYNALIB_FN(3, hal_i2c, hal_i2c_begin, void(hal_i2c_interface_t, hal_i2c_mode_t, uint8_t, void*))
   ba1f4:	b508      	push	{r3, lr}
   ba1f6:	4b02      	ldr	r3, [pc, #8]	; (ba200 <hal_i2c_begin+0xc>)
   ba1f8:	681b      	ldr	r3, [r3, #0]
   ba1fa:	68db      	ldr	r3, [r3, #12]
   ba1fc:	9301      	str	r3, [sp, #4]
   ba1fe:	bd08      	pop	{r3, pc}
   ba200:	00030228 	.word	0x00030228

000ba204 <hal_i2c_begin_transmission>:
DYNALIB_FN(4, hal_i2c, hal_i2c_end, void(hal_i2c_interface_t, void*))
DYNALIB_FN(5, hal_i2c, hal_i2c_request, uint32_t(hal_i2c_interface_t, uint8_t, uint8_t, uint8_t, void*))
DYNALIB_FN(6, hal_i2c, hal_i2c_begin_transmission, void(hal_i2c_interface_t, uint8_t, const hal_i2c_transmission_config_t*))
   ba204:	b508      	push	{r3, lr}
   ba206:	4b02      	ldr	r3, [pc, #8]	; (ba210 <hal_i2c_begin_transmission+0xc>)
   ba208:	681b      	ldr	r3, [r3, #0]
   ba20a:	699b      	ldr	r3, [r3, #24]
   ba20c:	9301      	str	r3, [sp, #4]
   ba20e:	bd08      	pop	{r3, pc}
   ba210:	00030228 	.word	0x00030228

000ba214 <hal_i2c_end_transmission>:
DYNALIB_FN(7, hal_i2c, hal_i2c_end_transmission, uint8_t(hal_i2c_interface_t, uint8_t, void*))
   ba214:	b508      	push	{r3, lr}
   ba216:	4b02      	ldr	r3, [pc, #8]	; (ba220 <hal_i2c_end_transmission+0xc>)
   ba218:	681b      	ldr	r3, [r3, #0]
   ba21a:	69db      	ldr	r3, [r3, #28]
   ba21c:	9301      	str	r3, [sp, #4]
   ba21e:	bd08      	pop	{r3, pc}
   ba220:	00030228 	.word	0x00030228

000ba224 <hal_i2c_write>:
DYNALIB_FN(8, hal_i2c, hal_i2c_write, uint32_t(hal_i2c_interface_t, uint8_t, void*))
   ba224:	b508      	push	{r3, lr}
   ba226:	4b02      	ldr	r3, [pc, #8]	; (ba230 <hal_i2c_write+0xc>)
   ba228:	681b      	ldr	r3, [r3, #0]
   ba22a:	6a1b      	ldr	r3, [r3, #32]
   ba22c:	9301      	str	r3, [sp, #4]
   ba22e:	bd08      	pop	{r3, pc}
   ba230:	00030228 	.word	0x00030228

000ba234 <hal_i2c_available>:
DYNALIB_FN(9, hal_i2c, hal_i2c_available, int32_t(hal_i2c_interface_t, void*))
   ba234:	b508      	push	{r3, lr}
   ba236:	4b02      	ldr	r3, [pc, #8]	; (ba240 <hal_i2c_available+0xc>)
   ba238:	681b      	ldr	r3, [r3, #0]
   ba23a:	6a5b      	ldr	r3, [r3, #36]	; 0x24
   ba23c:	9301      	str	r3, [sp, #4]
   ba23e:	bd08      	pop	{r3, pc}
   ba240:	00030228 	.word	0x00030228

000ba244 <hal_i2c_read>:
DYNALIB_FN(10, hal_i2c, hal_i2c_read, int32_t(hal_i2c_interface_t, void*))
   ba244:	b508      	push	{r3, lr}
   ba246:	4b02      	ldr	r3, [pc, #8]	; (ba250 <hal_i2c_read+0xc>)
   ba248:	681b      	ldr	r3, [r3, #0]
   ba24a:	6a9b      	ldr	r3, [r3, #40]	; 0x28
   ba24c:	9301      	str	r3, [sp, #4]
   ba24e:	bd08      	pop	{r3, pc}
   ba250:	00030228 	.word	0x00030228

000ba254 <hal_i2c_peek>:
DYNALIB_FN(11, hal_i2c, hal_i2c_peek, int32_t(hal_i2c_interface_t, void*))
   ba254:	b508      	push	{r3, lr}
   ba256:	4b02      	ldr	r3, [pc, #8]	; (ba260 <hal_i2c_peek+0xc>)
   ba258:	681b      	ldr	r3, [r3, #0]
   ba25a:	6adb      	ldr	r3, [r3, #44]	; 0x2c
   ba25c:	9301      	str	r3, [sp, #4]
   ba25e:	bd08      	pop	{r3, pc}
   ba260:	00030228 	.word	0x00030228

000ba264 <hal_i2c_flush>:
DYNALIB_FN(12, hal_i2c, hal_i2c_flush, void(hal_i2c_interface_t, void*))
   ba264:	b508      	push	{r3, lr}
   ba266:	4b02      	ldr	r3, [pc, #8]	; (ba270 <hal_i2c_flush+0xc>)
   ba268:	681b      	ldr	r3, [r3, #0]
   ba26a:	6b1b      	ldr	r3, [r3, #48]	; 0x30
   ba26c:	9301      	str	r3, [sp, #4]
   ba26e:	bd08      	pop	{r3, pc}
   ba270:	00030228 	.word	0x00030228

000ba274 <hal_i2c_is_enabled>:
DYNALIB_FN(13, hal_i2c, hal_i2c_is_enabled, bool(hal_i2c_interface_t, void*))
   ba274:	b508      	push	{r3, lr}
   ba276:	4b02      	ldr	r3, [pc, #8]	; (ba280 <hal_i2c_is_enabled+0xc>)
   ba278:	681b      	ldr	r3, [r3, #0]
   ba27a:	6b5b      	ldr	r3, [r3, #52]	; 0x34
   ba27c:	9301      	str	r3, [sp, #4]
   ba27e:	bd08      	pop	{r3, pc}
   ba280:	00030228 	.word	0x00030228

000ba284 <hal_i2c_init>:
DYNALIB_FN(14, hal_i2c, hal_i2c_set_callback_on_received, void(hal_i2c_interface_t, void(*)(int), void*))
DYNALIB_FN(15, hal_i2c, hal_i2c_set_callback_on_requested, void(hal_i2c_interface_t, void(*)(void), void*))
DYNALIB_FN(16, hal_i2c, hal_i2c_init, int(hal_i2c_interface_t, const hal_i2c_config_t*))
   ba284:	b508      	push	{r3, lr}
   ba286:	4b02      	ldr	r3, [pc, #8]	; (ba290 <hal_i2c_init+0xc>)
   ba288:	681b      	ldr	r3, [r3, #0]
   ba28a:	6c1b      	ldr	r3, [r3, #64]	; 0x40
   ba28c:	9301      	str	r3, [sp, #4]
   ba28e:	bd08      	pop	{r3, pc}
   ba290:	00030228 	.word	0x00030228

000ba294 <hal_i2c_request_ex>:
DYNALIB_FN(17, hal_i2c, hal_i2c_reset, int(hal_i2c_interface_t, uint32_t, void*))
DYNALIB_FN(18, hal_i2c, hal_i2c_lock, int32_t(hal_i2c_interface_t, void*))
DYNALIB_FN(19, hal_i2c, hal_i2c_unlock, int32_t(hal_i2c_interface_t, void*))
DYNALIB_FN(20, hal_i2c, hal_i2c_request_ex, int32_t(hal_i2c_interface_t, const hal_i2c_transmission_config_t*, void*))
   ba294:	b508      	push	{r3, lr}
   ba296:	4b02      	ldr	r3, [pc, #8]	; (ba2a0 <hal_i2c_request_ex+0xc>)
   ba298:	681b      	ldr	r3, [r3, #0]
   ba29a:	6d1b      	ldr	r3, [r3, #80]	; 0x50
   ba29c:	9301      	str	r3, [sp, #4]
   ba29e:	bd08      	pop	{r3, pc}
   ba2a0:	00030228 	.word	0x00030228

000ba2a4 <hal_spi_begin>:
// New HAL functions must be added to the end of this list.
// GNINRAW

DYNALIB_BEGIN(hal_spi)

DYNALIB_FN(0, hal_spi, hal_spi_begin, void(hal_spi_interface_t, uint16_t))
   ba2a4:	b508      	push	{r3, lr}
   ba2a6:	4b02      	ldr	r3, [pc, #8]	; (ba2b0 <hal_spi_begin+0xc>)
   ba2a8:	681b      	ldr	r3, [r3, #0]
   ba2aa:	681b      	ldr	r3, [r3, #0]
   ba2ac:	9301      	str	r3, [sp, #4]
   ba2ae:	bd08      	pop	{r3, pc}
   ba2b0:	00030230 	.word	0x00030230

000ba2b4 <hal_spi_transfer>:
DYNALIB_FN(1, hal_spi, hal_spi_end, void(hal_spi_interface_t))
DYNALIB_FN(2, hal_spi, hal_spi_set_bit_order, void(hal_spi_interface_t, uint8_t))
DYNALIB_FN(3, hal_spi, hal_spi_set_data_mode, void(hal_spi_interface_t, uint8_t))
DYNALIB_FN(4, hal_spi, hal_spi_set_clock_divider, void(hal_spi_interface_t, uint8_t))
DYNALIB_FN(5, hal_spi, hal_spi_transfer, uint16_t(hal_spi_interface_t, uint16_t))
   ba2b4:	b508      	push	{r3, lr}
   ba2b6:	4b02      	ldr	r3, [pc, #8]	; (ba2c0 <hal_spi_transfer+0xc>)
   ba2b8:	681b      	ldr	r3, [r3, #0]
   ba2ba:	695b      	ldr	r3, [r3, #20]
   ba2bc:	9301      	str	r3, [sp, #4]
   ba2be:	bd08      	pop	{r3, pc}
   ba2c0:	00030230 	.word	0x00030230

000ba2c4 <hal_spi_init>:
DYNALIB_FN(6, hal_spi, hal_spi_is_enabled_deprecated, bool(void))
DYNALIB_FN(7, hal_spi, hal_spi_init, void(hal_spi_interface_t))
   ba2c4:	b508      	push	{r3, lr}
   ba2c6:	4b02      	ldr	r3, [pc, #8]	; (ba2d0 <hal_spi_init+0xc>)
   ba2c8:	681b      	ldr	r3, [r3, #0]
   ba2ca:	69db      	ldr	r3, [r3, #28]
   ba2cc:	9301      	str	r3, [sp, #4]
   ba2ce:	bd08      	pop	{r3, pc}
   ba2d0:	00030230 	.word	0x00030230

000ba2d4 <hal_spi_is_enabled>:
DYNALIB_FN(8, hal_spi, hal_spi_is_enabled, bool(hal_spi_interface_t))
   ba2d4:	b508      	push	{r3, lr}
   ba2d6:	4b02      	ldr	r3, [pc, #8]	; (ba2e0 <hal_spi_is_enabled+0xc>)
   ba2d8:	681b      	ldr	r3, [r3, #0]
   ba2da:	6a1b      	ldr	r3, [r3, #32]
   ba2dc:	9301      	str	r3, [sp, #4]
   ba2de:	bd08      	pop	{r3, pc}
   ba2e0:	00030230 	.word	0x00030230

000ba2e4 <hal_spi_info>:
DYNALIB_FN(9, hal_spi, hal_spi_info, void(hal_spi_interface_t, hal_spi_info_t*, void*))
   ba2e4:	b508      	push	{r3, lr}
   ba2e6:	4b02      	ldr	r3, [pc, #8]	; (ba2f0 <hal_spi_info+0xc>)
   ba2e8:	681b      	ldr	r3, [r3, #0]
   ba2ea:	6a5b      	ldr	r3, [r3, #36]	; 0x24
   ba2ec:	9301      	str	r3, [sp, #4]
   ba2ee:	bd08      	pop	{r3, pc}
   ba2f0:	00030230 	.word	0x00030230

000ba2f4 <hal_spi_transfer_dma>:
DYNALIB_FN(10, hal_spi, hal_spi_transfer_dma, void(hal_spi_interface_t, const void*, void*, uint32_t, hal_spi_dma_user_callback))
   ba2f4:	b508      	push	{r3, lr}
   ba2f6:	4b02      	ldr	r3, [pc, #8]	; (ba300 <hal_spi_transfer_dma+0xc>)
   ba2f8:	681b      	ldr	r3, [r3, #0]
   ba2fa:	6a9b      	ldr	r3, [r3, #40]	; 0x28
   ba2fc:	9301      	str	r3, [sp, #4]
   ba2fe:	bd08      	pop	{r3, pc}
   ba300:	00030230 	.word	0x00030230

000ba304 <hal_spi_transfer_dma_status>:
DYNALIB_FN(11, hal_spi, hal_spi_begin_ext, void(hal_spi_interface_t, hal_spi_mode_t, uint16_t, const hal_spi_config_t*))
DYNALIB_FN(12, hal_spi, hal_spi_set_callback_on_selected, void(hal_spi_interface_t, hal_spi_select_user_callback, void*))
DYNALIB_FN(13, hal_spi, hal_spi_transfer_dma_cancel, void(hal_spi_interface_t))
DYNALIB_FN(14, hal_spi, hal_spi_transfer_dma_status, int32_t(hal_spi_interface_t, hal_spi_transfer_status_t*))
   ba304:	b508      	push	{r3, lr}
   ba306:	4b02      	ldr	r3, [pc, #8]	; (ba310 <hal_spi_transfer_dma_status+0xc>)
   ba308:	681b      	ldr	r3, [r3, #0]
   ba30a:	6b9b      	ldr	r3, [r3, #56]	; 0x38
   ba30c:	9301      	str	r3, [sp, #4]
   ba30e:	bd08      	pop	{r3, pc}
   ba310:	00030230 	.word	0x00030230

000ba314 <hal_spi_set_settings>:
DYNALIB_FN(15, hal_spi, hal_spi_set_settings, int32_t(hal_spi_interface_t, uint8_t, uint8_t, uint8_t, uint8_t, void*))
   ba314:	b508      	push	{r3, lr}
   ba316:	4b02      	ldr	r3, [pc, #8]	; (ba320 <hal_spi_set_settings+0xc>)
   ba318:	681b      	ldr	r3, [r3, #0]
   ba31a:	6bdb      	ldr	r3, [r3, #60]	; 0x3c
   ba31c:	9301      	str	r3, [sp, #4]
   ba31e:	bd08      	pop	{r3, pc}
   ba320:	00030230 	.word	0x00030230

000ba324 <hal_spi_acquire>:
#if HAL_PLATFORM_SPI_HAL_THREAD_SAFETY
DYNALIB_FN(16, hal_spi, hal_spi_acquire, int32_t(hal_spi_interface_t, const hal_spi_acquire_config_t*))
   ba324:	b508      	push	{r3, lr}
   ba326:	4b02      	ldr	r3, [pc, #8]	; (ba330 <hal_spi_acquire+0xc>)
   ba328:	681b      	ldr	r3, [r3, #0]
   ba32a:	6c1b      	ldr	r3, [r3, #64]	; 0x40
   ba32c:	9301      	str	r3, [sp, #4]
   ba32e:	bd08      	pop	{r3, pc}
   ba330:	00030230 	.word	0x00030230

000ba334 <hal_spi_release>:
DYNALIB_FN(17, hal_spi, hal_spi_release, int32_t(hal_spi_interface_t, void*))
   ba334:	b508      	push	{r3, lr}
   ba336:	4b02      	ldr	r3, [pc, #8]	; (ba340 <hal_spi_release+0xc>)
   ba338:	681b      	ldr	r3, [r3, #0]
   ba33a:	6c5b      	ldr	r3, [r3, #68]	; 0x44
   ba33c:	9301      	str	r3, [sp, #4]
   ba33e:	bd08      	pop	{r3, pc}
   ba340:	00030230 	.word	0x00030230

000ba344 <HAL_USB_USART_Init>:
// GNINRAW

DYNALIB_BEGIN(hal_usb)

#ifdef USB_CDC_ENABLE
DYNALIB_FN(0, hal_usb, HAL_USB_USART_Init, void(HAL_USB_USART_Serial, const HAL_USB_USART_Config*))
   ba344:	b508      	push	{r3, lr}
   ba346:	4b02      	ldr	r3, [pc, #8]	; (ba350 <HAL_USB_USART_Init+0xc>)
   ba348:	681b      	ldr	r3, [r3, #0]
   ba34a:	681b      	ldr	r3, [r3, #0]
   ba34c:	9301      	str	r3, [sp, #4]
   ba34e:	bd08      	pop	{r3, pc}
   ba350:	0003024c 	.word	0x0003024c

000ba354 <HAL_USB_USART_Begin>:
DYNALIB_FN(1, hal_usb, HAL_USB_USART_Begin, void(HAL_USB_USART_Serial, uint32_t, void *))
   ba354:	b508      	push	{r3, lr}
   ba356:	4b02      	ldr	r3, [pc, #8]	; (ba360 <HAL_USB_USART_Begin+0xc>)
   ba358:	681b      	ldr	r3, [r3, #0]
   ba35a:	685b      	ldr	r3, [r3, #4]
   ba35c:	9301      	str	r3, [sp, #4]
   ba35e:	bd08      	pop	{r3, pc}
   ba360:	0003024c 	.word	0x0003024c

000ba364 <HAL_USB_USART_Available_Data>:
DYNALIB_FN(2, hal_usb, HAL_USB_USART_End, void(HAL_USB_USART_Serial))
DYNALIB_FN(3, hal_usb, HAL_USB_USART_Baud_Rate, unsigned int(HAL_USB_USART_Serial))
DYNALIB_FN_WRAP(4, hal_usb, HAL_USB_USART_Available_Data, protected, int32_t(HAL_USB_USART_Serial))
   ba364:	b508      	push	{r3, lr}
   ba366:	4b02      	ldr	r3, [pc, #8]	; (ba370 <HAL_USB_USART_Available_Data+0xc>)
   ba368:	681b      	ldr	r3, [r3, #0]
   ba36a:	691b      	ldr	r3, [r3, #16]
   ba36c:	9301      	str	r3, [sp, #4]
   ba36e:	bd08      	pop	{r3, pc}
   ba370:	0003024c 	.word	0x0003024c

000ba374 <HAL_USB_USART_Available_Data_For_Write>:
DYNALIB_FN_WRAP(5, hal_usb, HAL_USB_USART_Available_Data_For_Write, protected, int32_t(HAL_USB_USART_Serial))
   ba374:	b508      	push	{r3, lr}
   ba376:	4b02      	ldr	r3, [pc, #8]	; (ba380 <HAL_USB_USART_Available_Data_For_Write+0xc>)
   ba378:	681b      	ldr	r3, [r3, #0]
   ba37a:	695b      	ldr	r3, [r3, #20]
   ba37c:	9301      	str	r3, [sp, #4]
   ba37e:	bd08      	pop	{r3, pc}
   ba380:	0003024c 	.word	0x0003024c

000ba384 <HAL_USB_USART_Receive_Data>:
DYNALIB_FN_WRAP(6, hal_usb, HAL_USB_USART_Receive_Data, protected, int32_t(HAL_USB_USART_Serial, uint8_t))
   ba384:	b508      	push	{r3, lr}
   ba386:	4b02      	ldr	r3, [pc, #8]	; (ba390 <HAL_USB_USART_Receive_Data+0xc>)
   ba388:	681b      	ldr	r3, [r3, #0]
   ba38a:	699b      	ldr	r3, [r3, #24]
   ba38c:	9301      	str	r3, [sp, #4]
   ba38e:	bd08      	pop	{r3, pc}
   ba390:	0003024c 	.word	0x0003024c

000ba394 <HAL_USB_USART_Send_Data>:
DYNALIB_FN_WRAP(7, hal_usb, HAL_USB_USART_Send_Data, protected, int32_t(HAL_USB_USART_Serial, uint8_t))
   ba394:	b508      	push	{r3, lr}
   ba396:	4b02      	ldr	r3, [pc, #8]	; (ba3a0 <HAL_USB_USART_Send_Data+0xc>)
   ba398:	681b      	ldr	r3, [r3, #0]
   ba39a:	69db      	ldr	r3, [r3, #28]
   ba39c:	9301      	str	r3, [sp, #4]
   ba39e:	bd08      	pop	{r3, pc}
   ba3a0:	0003024c 	.word	0x0003024c

000ba3a4 <HAL_USB_USART_Flush_Data>:
DYNALIB_FN_WRAP(8, hal_usb, HAL_USB_USART_Flush_Data, protected, void(HAL_USB_USART_Serial))
   ba3a4:	b508      	push	{r3, lr}
   ba3a6:	4b02      	ldr	r3, [pc, #8]	; (ba3b0 <HAL_USB_USART_Flush_Data+0xc>)
   ba3a8:	681b      	ldr	r3, [r3, #0]
   ba3aa:	6a1b      	ldr	r3, [r3, #32]
   ba3ac:	9301      	str	r3, [sp, #4]
   ba3ae:	bd08      	pop	{r3, pc}
   ba3b0:	0003024c 	.word	0x0003024c

000ba3b4 <set_system_mode>:
#endif

DYNALIB_BEGIN(system)

DYNALIB_FN(0, system, system_mode, System_Mode_TypeDef(void))
DYNALIB_FN(1, system, set_system_mode, void(System_Mode_TypeDef))
   ba3b4:	b508      	push	{r3, lr}
   ba3b6:	4b02      	ldr	r3, [pc, #8]	; (ba3c0 <set_system_mode+0xc>)
   ba3b8:	681b      	ldr	r3, [r3, #0]
   ba3ba:	685b      	ldr	r3, [r3, #4]
   ba3bc:	9301      	str	r3, [sp, #4]
   ba3be:	bd08      	pop	{r3, pc}
   ba3c0:	00030220 	.word	0x00030220

000ba3c4 <system_delay_ms>:

DYNALIB_FN(2, system, set_ymodem_serial_flash_update_handler_deprecated, void(void*))
DYNALIB_FN(3, system, system_firmwareUpdate_deprecated, bool(Stream*, void*))
DYNALIB_FN(4, system, system_fileTransfer_deprecated, bool(system_file_transfer_t*, void*))

DYNALIB_FN(5, system, system_delay_ms, void(unsigned long, bool))
   ba3c4:	b508      	push	{r3, lr}
   ba3c6:	4b02      	ldr	r3, [pc, #8]	; (ba3d0 <system_delay_ms+0xc>)
   ba3c8:	681b      	ldr	r3, [r3, #0]
   ba3ca:	695b      	ldr	r3, [r3, #20]
   ba3cc:	9301      	str	r3, [sp, #4]
   ba3ce:	bd08      	pop	{r3, pc}
   ba3d0:	00030220 	.word	0x00030220

000ba3d4 <application_thread_current>:
DYNALIB_FN(15, system, system_get_flag, int(system_flag_t, uint8_t*, void*))
DYNALIB_FN_WRAP(16, system, Spark_Prepare_For_Firmware_Update, protected, int(FileTransfer::Descriptor&, uint32_t, void*))
DYNALIB_FN_WRAP(17, system, Spark_Save_Firmware_Chunk, protected, int(FileTransfer::Descriptor&, const uint8_t*, void*))
DYNALIB_FN_WRAP(18, system, Spark_Finish_Firmware_Update, protected, int(FileTransfer::Descriptor&, uint32_t, void*))

DYNALIB_FN(19, system, application_thread_current, uint8_t(void*))
   ba3d4:	b508      	push	{r3, lr}
   ba3d6:	4b02      	ldr	r3, [pc, #8]	; (ba3e0 <application_thread_current+0xc>)
   ba3d8:	681b      	ldr	r3, [r3, #0]
   ba3da:	6cdb      	ldr	r3, [r3, #76]	; 0x4c
   ba3dc:	9301      	str	r3, [sp, #4]
   ba3de:	bd08      	pop	{r3, pc}
   ba3e0:	00030220 	.word	0x00030220

000ba3e4 <application_thread_invoke>:
DYNALIB_FN(20, system, system_thread_current, uint8_t(void*))
DYNALIB_FN(21, system, application_thread_invoke, uint8_t(void(*)(void*), void*, void*))
   ba3e4:	b508      	push	{r3, lr}
   ba3e6:	4b02      	ldr	r3, [pc, #8]	; (ba3f0 <application_thread_invoke+0xc>)
   ba3e8:	681b      	ldr	r3, [r3, #0]
   ba3ea:	6d5b      	ldr	r3, [r3, #84]	; 0x54
   ba3ec:	9301      	str	r3, [sp, #4]
   ba3ee:	bd08      	pop	{r3, pc}
   ba3f0:	00030220 	.word	0x00030220

000ba3f4 <system_ctrl_set_app_request_handler>:
DYNALIB_FN(BASE_IDX + 6, system, led_pattern_period, uint16_t(int, int, void*))
DYNALIB_FN(BASE_IDX + 7, system, system_set_tester_handlers, int(system_tester_handlers_t*, void*))
DYNALIB_FN(BASE_IDX + 8, system, system_format_diag_data, int(const uint16_t*, size_t, unsigned, appender_fn, void*, void*))

// Control requests
DYNALIB_FN(BASE_IDX + 9, system, system_ctrl_set_app_request_handler, int(ctrl_request_handler_fn, void*))
   ba3f4:	b508      	push	{r3, lr}
   ba3f6:	4b03      	ldr	r3, [pc, #12]	; (ba404 <system_ctrl_set_app_request_handler+0x10>)
   ba3f8:	681b      	ldr	r3, [r3, #0]
   ba3fa:	f8d3 3088 	ldr.w	r3, [r3, #136]	; 0x88
   ba3fe:	9301      	str	r3, [sp, #4]
   ba400:	bd08      	pop	{r3, pc}
   ba402:	0000      	.short	0x0000
   ba404:	00030220 	.word	0x00030220

000ba408 <system_ctrl_set_result>:
DYNALIB_FN(BASE_IDX + 10, system, system_ctrl_alloc_reply_data, int(ctrl_request*, size_t, void*))
DYNALIB_FN(BASE_IDX + 11, system, system_ctrl_free_request_data, void(ctrl_request*, void*))
DYNALIB_FN(BASE_IDX + 12, system, system_ctrl_set_result, void(ctrl_request*, int, ctrl_completion_handler_fn, void*, void*))
   ba408:	b508      	push	{r3, lr}
   ba40a:	4b03      	ldr	r3, [pc, #12]	; (ba418 <system_ctrl_set_result+0x10>)
   ba40c:	681b      	ldr	r3, [r3, #0]
   ba40e:	f8d3 3094 	ldr.w	r3, [r3, #148]	; 0x94
   ba412:	9301      	str	r3, [sp, #4]
   ba414:	bd08      	pop	{r3, pc}
   ba416:	0000      	.short	0x0000
   ba418:	00030220 	.word	0x00030220

000ba41c <network_connect>:
#endif

DYNALIB_BEGIN(system_net)

DYNALIB_FN(0, system_net, network_config, const void*(network_handle_t, uint32_t, void*))
DYNALIB_FN(1, system_net, network_connect, void(network_handle_t, uint32_t, uint32_t, void*))
   ba41c:	b508      	push	{r3, lr}
   ba41e:	4b02      	ldr	r3, [pc, #8]	; (ba428 <network_connect+0xc>)
   ba420:	681b      	ldr	r3, [r3, #0]
   ba422:	685b      	ldr	r3, [r3, #4]
   ba424:	9301      	str	r3, [sp, #4]
   ba426:	bd08      	pop	{r3, pc}
   ba428:	00030240 	.word	0x00030240

000ba42c <network_connecting>:
DYNALIB_FN(2, system_net, network_connecting, bool(network_handle_t, uint32_t, void*))
   ba42c:	b508      	push	{r3, lr}
   ba42e:	4b02      	ldr	r3, [pc, #8]	; (ba438 <network_connecting+0xc>)
   ba430:	681b      	ldr	r3, [r3, #0]
   ba432:	689b      	ldr	r3, [r3, #8]
   ba434:	9301      	str	r3, [sp, #4]
   ba436:	bd08      	pop	{r3, pc}
   ba438:	00030240 	.word	0x00030240

000ba43c <network_disconnect>:
DYNALIB_FN(3, system_net, network_disconnect, void(network_handle_t, uint32_t, void*))
   ba43c:	b508      	push	{r3, lr}
   ba43e:	4b02      	ldr	r3, [pc, #8]	; (ba448 <network_disconnect+0xc>)
   ba440:	681b      	ldr	r3, [r3, #0]
   ba442:	68db      	ldr	r3, [r3, #12]
   ba444:	9301      	str	r3, [sp, #4]
   ba446:	bd08      	pop	{r3, pc}
   ba448:	00030240 	.word	0x00030240

000ba44c <network_ready>:
DYNALIB_FN(4, system_net, network_ready, bool(network_handle_t, uint32_t, void*))
   ba44c:	b508      	push	{r3, lr}
   ba44e:	4b02      	ldr	r3, [pc, #8]	; (ba458 <network_ready+0xc>)
   ba450:	681b      	ldr	r3, [r3, #0]
   ba452:	691b      	ldr	r3, [r3, #16]
   ba454:	9301      	str	r3, [sp, #4]
   ba456:	bd08      	pop	{r3, pc}
   ba458:	00030240 	.word	0x00030240

000ba45c <network_on>:
DYNALIB_FN(5, system_net, network_on, void(network_handle_t, uint32_t, uint32_t, void*))
   ba45c:	b508      	push	{r3, lr}
   ba45e:	4b02      	ldr	r3, [pc, #8]	; (ba468 <network_on+0xc>)
   ba460:	681b      	ldr	r3, [r3, #0]
   ba462:	695b      	ldr	r3, [r3, #20]
   ba464:	9301      	str	r3, [sp, #4]
   ba466:	bd08      	pop	{r3, pc}
   ba468:	00030240 	.word	0x00030240

000ba46c <network_off>:
DYNALIB_FN(6, system_net, network_off, void(network_handle_t, uint32_t, uint32_t, void*))
   ba46c:	b508      	push	{r3, lr}
   ba46e:	4b02      	ldr	r3, [pc, #8]	; (ba478 <network_off+0xc>)
   ba470:	681b      	ldr	r3, [r3, #0]
   ba472:	699b      	ldr	r3, [r3, #24]
   ba474:	9301      	str	r3, [sp, #4]
   ba476:	bd08      	pop	{r3, pc}
   ba478:	00030240 	.word	0x00030240

000ba47c <network_listen>:
DYNALIB_FN(7, system_net, network_listen, void(network_handle_t, uint32_t, void*))
   ba47c:	b508      	push	{r3, lr}
   ba47e:	4b02      	ldr	r3, [pc, #8]	; (ba488 <network_listen+0xc>)
   ba480:	681b      	ldr	r3, [r3, #0]
   ba482:	69db      	ldr	r3, [r3, #28]
   ba484:	9301      	str	r3, [sp, #4]
   ba486:	bd08      	pop	{r3, pc}
   ba488:	00030240 	.word	0x00030240

000ba48c <network_listening>:
DYNALIB_FN(8, system_net, network_listening, bool(network_handle_t, uint32_t, void*))
   ba48c:	b508      	push	{r3, lr}
   ba48e:	4b02      	ldr	r3, [pc, #8]	; (ba498 <network_listening+0xc>)
   ba490:	681b      	ldr	r3, [r3, #0]
   ba492:	6a1b      	ldr	r3, [r3, #32]
   ba494:	9301      	str	r3, [sp, #4]
   ba496:	bd08      	pop	{r3, pc}
   ba498:	00030240 	.word	0x00030240

000ba49c <network_set_listen_timeout>:
DYNALIB_FN(9, system_net, network_has_credentials, bool(network_handle_t, uint32_t, void*))
DYNALIB_FN(10, system_net, network_set_credentials, int(network_handle_t, uint32_t, NetworkCredentials*, void*))
DYNALIB_FN(11, system_net, network_clear_credentials, bool(network_handle_t, uint32_t, NetworkCredentials*, void*))
DYNALIB_FN(12, system_net, network_set_listen_timeout, void(network_handle_t, uint16_t, void*))
   ba49c:	b508      	push	{r3, lr}
   ba49e:	4b02      	ldr	r3, [pc, #8]	; (ba4a8 <network_set_listen_timeout+0xc>)
   ba4a0:	681b      	ldr	r3, [r3, #0]
   ba4a2:	6b1b      	ldr	r3, [r3, #48]	; 0x30
   ba4a4:	9301      	str	r3, [sp, #4]
   ba4a6:	bd08      	pop	{r3, pc}
   ba4a8:	00030240 	.word	0x00030240

000ba4ac <network_get_listen_timeout>:
DYNALIB_FN(13, system_net, network_get_listen_timeout, uint16_t(network_handle_t, uint32_t, void*))
   ba4ac:	b508      	push	{r3, lr}
   ba4ae:	4b02      	ldr	r3, [pc, #8]	; (ba4b8 <network_get_listen_timeout+0xc>)
   ba4b0:	681b      	ldr	r3, [r3, #0]
   ba4b2:	6b5b      	ldr	r3, [r3, #52]	; 0x34
   ba4b4:	9301      	str	r3, [sp, #4]
   ba4b6:	bd08      	pop	{r3, pc}
   ba4b8:	00030240 	.word	0x00030240

000ba4bc <network_is_on>:
DYNALIB_FN(14, system_net, network_set_hostname, int(network_handle_t, uint32_t, const char*, void*))
DYNALIB_FN(15, system_net, network_get_hostname, int(network_handle_t, uint32_t, char*, size_t, void*))
DYNALIB_FN(16, system_net, network_is_on, bool(network_handle_t, void*))
   ba4bc:	b508      	push	{r3, lr}
   ba4be:	4b02      	ldr	r3, [pc, #8]	; (ba4c8 <network_is_on+0xc>)
   ba4c0:	681b      	ldr	r3, [r3, #0]
   ba4c2:	6c1b      	ldr	r3, [r3, #64]	; 0x40
   ba4c4:	9301      	str	r3, [sp, #4]
   ba4c6:	bd08      	pop	{r3, pc}
   ba4c8:	00030240 	.word	0x00030240

000ba4cc <network_is_off>:
DYNALIB_FN(17, system_net, network_is_off, bool(network_handle_t, void*))
   ba4cc:	b508      	push	{r3, lr}
   ba4ce:	4b02      	ldr	r3, [pc, #8]	; (ba4d8 <network_is_off+0xc>)
   ba4d0:	681b      	ldr	r3, [r3, #0]
   ba4d2:	6c5b      	ldr	r3, [r3, #68]	; 0x44
   ba4d4:	9301      	str	r3, [sp, #4]
   ba4d6:	bd08      	pop	{r3, pc}
   ba4d8:	00030240 	.word	0x00030240

000ba4dc <network_prefer>:
DYNALIB_FN(18, system_net, network_set_configuration, int(network_handle_t, const network_configuration_t*, void*))
DYNALIB_FN(19, system_net, network_get_configuration, int(network_handle_t, network_configuration_t**, size_t*, const char*, size_t, void*))
DYNALIB_FN(20, system_net, network_free_configuration, int(network_configuration_t*, size_t, void*))
DYNALIB_FN(21, system_net, network_prefer, network_handle_t(network_handle_t, bool, void*))
   ba4dc:	b508      	push	{r3, lr}
   ba4de:	4b02      	ldr	r3, [pc, #8]	; (ba4e8 <network_prefer+0xc>)
   ba4e0:	681b      	ldr	r3, [r3, #0]
   ba4e2:	6d5b      	ldr	r3, [r3, #84]	; 0x54
   ba4e4:	9301      	str	r3, [sp, #4]
   ba4e6:	bd08      	pop	{r3, pc}
   ba4e8:	00030240 	.word	0x00030240

000ba4ec <network_is_preferred>:
DYNALIB_FN(22, system_net, network_is_preferred, bool(network_handle_t, void*))
   ba4ec:	b508      	push	{r3, lr}
   ba4ee:	4b02      	ldr	r3, [pc, #8]	; (ba4f8 <network_is_preferred+0xc>)
   ba4f0:	681b      	ldr	r3, [r3, #0]
   ba4f2:	6d9b      	ldr	r3, [r3, #88]	; 0x58
   ba4f4:	9301      	str	r3, [sp, #4]
   ba4f6:	bd08      	pop	{r3, pc}
   ba4f8:	00030240 	.word	0x00030240

000ba4fc <spark_cloud_flag_connected>:
DYNALIB_FN(0, system_cloud, spark_variable, bool(const char*, const void*, Spark_Data_TypeDef, spark_variable_t*))
DYNALIB_FN(1, system_cloud, spark_function, bool(const char*, p_user_function_int_str_t, void*))
DYNALIB_FN(2, system_cloud, spark_process, bool(void))
DYNALIB_FN(3, system_cloud, spark_cloud_flag_connect, void(void))
DYNALIB_FN(4, system_cloud, spark_cloud_flag_disconnect, void(void))
DYNALIB_FN(5, system_cloud, spark_cloud_flag_connected, bool(void))
   ba4fc:	b508      	push	{r3, lr}
   ba4fe:	4b02      	ldr	r3, [pc, #8]	; (ba508 <spark_cloud_flag_connected+0xc>)
   ba500:	681b      	ldr	r3, [r3, #0]
   ba502:	695b      	ldr	r3, [r3, #20]
   ba504:	9301      	str	r3, [sp, #4]
   ba506:	bd08      	pop	{r3, pc}
   ba508:	00030244 	.word	0x00030244

000ba50c <spark_send_event>:
DYNALIB_FN(6, system_cloud, system_cloud_protocol_instance, ProtocolFacade*(void))
DYNALIB_FN(7, system_cloud, spark_deviceID, String(void))
DYNALIB_FN(8, system_cloud, spark_send_event, bool(const char*, const char*, int, uint32_t, void*))
   ba50c:	b508      	push	{r3, lr}
   ba50e:	4b02      	ldr	r3, [pc, #8]	; (ba518 <spark_send_event+0xc>)
   ba510:	681b      	ldr	r3, [r3, #0]
   ba512:	6a1b      	ldr	r3, [r3, #32]
   ba514:	9301      	str	r3, [sp, #4]
   ba516:	bd08      	pop	{r3, pc}
   ba518:	00030244 	.word	0x00030244

000ba51c <spark_set_random_seed_from_cloud_handler>:
DYNALIB_FN(10, system_cloud, spark_unsubscribe, void(void*))
DYNALIB_FN(11, system_cloud, spark_sync_time, bool(void*))
DYNALIB_FN(12, system_cloud, spark_sync_time_pending, bool(void*))
DYNALIB_FN(13, system_cloud, spark_sync_time_last, system_tick_t(time32_t*, time_t*))
DYNALIB_FN(14, system_cloud, spark_set_connection_property, int(unsigned, unsigned, const void*, void*))
DYNALIB_FN(15, system_cloud, spark_set_random_seed_from_cloud_handler, int(void (*handler)(unsigned int), void*))
   ba51c:	b508      	push	{r3, lr}
   ba51e:	4b02      	ldr	r3, [pc, #8]	; (ba528 <spark_set_random_seed_from_cloud_handler+0xc>)
   ba520:	681b      	ldr	r3, [r3, #0]
   ba522:	6bdb      	ldr	r3, [r3, #60]	; 0x3c
   ba524:	9301      	str	r3, [sp, #4]
   ba526:	bd08      	pop	{r3, pc}
   ba528:	00030244 	.word	0x00030244

000ba52c <malloc>:
#include "hal_platform.h"
#endif // defined(DYNALIB_EXPORT) || (defined(DYNALIB_IMPORT) && !defined(RT_DYNALIB_NO_DEPENDENCY_BREAKING_IMPORTS))

DYNALIB_BEGIN(rt)

DYNALIB_FN(0, rt, malloc, void*(size_t))
   ba52c:	b508      	push	{r3, lr}
   ba52e:	4b02      	ldr	r3, [pc, #8]	; (ba538 <malloc+0xc>)
   ba530:	681b      	ldr	r3, [r3, #0]
   ba532:	681b      	ldr	r3, [r3, #0]
   ba534:	9301      	str	r3, [sp, #4]
   ba536:	bd08      	pop	{r3, pc}
   ba538:	0003021c 	.word	0x0003021c

000ba53c <free>:
DYNALIB_FN(1, rt, free, void(void*))
   ba53c:	b508      	push	{r3, lr}
   ba53e:	4b02      	ldr	r3, [pc, #8]	; (ba548 <free+0xc>)
   ba540:	681b      	ldr	r3, [r3, #0]
   ba542:	685b      	ldr	r3, [r3, #4]
   ba544:	9301      	str	r3, [sp, #4]
   ba546:	bd08      	pop	{r3, pc}
   ba548:	0003021c 	.word	0x0003021c

000ba54c <sprintf>:
DYNALIB_FN(2, rt, realloc, void*(void*, size_t))
DYNALIB_FN(3, rt, sprintf, int(char*, const char*, ...))
   ba54c:	b508      	push	{r3, lr}
   ba54e:	4b02      	ldr	r3, [pc, #8]	; (ba558 <sprintf+0xc>)
   ba550:	681b      	ldr	r3, [r3, #0]
   ba552:	68db      	ldr	r3, [r3, #12]
   ba554:	9301      	str	r3, [sp, #4]
   ba556:	bd08      	pop	{r3, pc}
   ba558:	0003021c 	.word	0x0003021c

000ba55c <snprintf>:
DYNALIB_FN(4, rt, siprintf, int(char*, const char*, ...))
DYNALIB_FN(5, rt, sscanf, int(const char*, const char*, ...))
DYNALIB_FN(6, rt, siscanf, int(const char*, const char*, ...))
DYNALIB_FN(7, rt, snprintf, int(char*, size_t, const char*, ...))
   ba55c:	b508      	push	{r3, lr}
   ba55e:	4b02      	ldr	r3, [pc, #8]	; (ba568 <snprintf+0xc>)
   ba560:	681b      	ldr	r3, [r3, #0]
   ba562:	69db      	ldr	r3, [r3, #28]
   ba564:	9301      	str	r3, [sp, #4]
   ba566:	bd08      	pop	{r3, pc}
   ba568:	0003021c 	.word	0x0003021c

000ba56c <vsnprintf>:
DYNALIB_FN(8, rt, sniprintf, int(char*, size_t, const char*, ...))
DYNALIB_FN(9, rt, vsnprintf, int(char*, size_t, const char*, va_list))
   ba56c:	b508      	push	{r3, lr}
   ba56e:	4b02      	ldr	r3, [pc, #8]	; (ba578 <vsnprintf+0xc>)
   ba570:	681b      	ldr	r3, [r3, #0]
   ba572:	6a5b      	ldr	r3, [r3, #36]	; 0x24
   ba574:	9301      	str	r3, [sp, #4]
   ba576:	bd08      	pop	{r3, pc}
   ba578:	0003021c 	.word	0x0003021c

000ba57c <abort>:
DYNALIB_FN(10, rt, vsniprintf, int(char*, size_t, const char*, va_list))
DYNALIB_FN(11, rt, abort, void(void))
   ba57c:	b508      	push	{r3, lr}
   ba57e:	4b02      	ldr	r3, [pc, #8]	; (ba588 <abort+0xc>)
   ba580:	681b      	ldr	r3, [r3, #0]
   ba582:	6adb      	ldr	r3, [r3, #44]	; 0x2c
   ba584:	9301      	str	r3, [sp, #4]
   ba586:	bd08      	pop	{r3, pc}
   ba588:	0003021c 	.word	0x0003021c

000ba58c <_malloc_r>:
DYNALIB_FN(12, rt, _malloc_r, void*(struct _reent*, size_t))
   ba58c:	b508      	push	{r3, lr}
   ba58e:	4b02      	ldr	r3, [pc, #8]	; (ba598 <_malloc_r+0xc>)
   ba590:	681b      	ldr	r3, [r3, #0]
   ba592:	6b1b      	ldr	r3, [r3, #48]	; 0x30
   ba594:	9301      	str	r3, [sp, #4]
   ba596:	bd08      	pop	{r3, pc}
   ba598:	0003021c 	.word	0x0003021c

000ba59c <__assert_func>:
DYNALIB_FN(13, rt, _free_r, void(struct _reent*, void*))
DYNALIB_FN(14, rt, _realloc_r, void*(struct _reent*, void*, size_t))
DYNALIB_FN(15, rt, __errno, int*())

#if defined(DYNALIB_EXPORT) || (defined(DYNALIB_IMPORT) && !defined(RT_DYNALIB_NO_DEPENDENCY_BREAKING_IMPORTS))
DYNALIB_FN(16, rt, __assert_func, void(const char*, int, const char*, const char*))
   ba59c:	b508      	push	{r3, lr}
   ba59e:	4b02      	ldr	r3, [pc, #8]	; (ba5a8 <__assert_func+0xc>)
   ba5a0:	681b      	ldr	r3, [r3, #0]
   ba5a2:	6c1b      	ldr	r3, [r3, #64]	; 0x40
   ba5a4:	9301      	str	r3, [sp, #4]
   ba5a6:	bd08      	pop	{r3, pc}
   ba5a8:	0003021c 	.word	0x0003021c

000ba5ac <newlib_impure_ptr_callback>:
DYNALIB_FN(17, rt, newlib_impure_ptr_callback, void(void (*)(struct _reent*, size_t, uint32_t, void*), void*))
   ba5ac:	b508      	push	{r3, lr}
   ba5ae:	4b02      	ldr	r3, [pc, #8]	; (ba5b8 <newlib_impure_ptr_callback+0xc>)
   ba5b0:	681b      	ldr	r3, [r3, #0]
   ba5b2:	6c5b      	ldr	r3, [r3, #68]	; 0x44
   ba5b4:	9301      	str	r3, [sp, #4]
   ba5b6:	bd08      	pop	{r3, pc}
   ba5b8:	0003021c 	.word	0x0003021c

000ba5bc <_ZN5spark13EthernetClass9listeningEv>:
    uint16_t getListenTimeout(void) {
        return network_get_listen_timeout(*this, 0, NULL);
    }

    bool listening(void) {
        return network_listening(*this, 0, NULL);
   ba5bc:	2200      	movs	r2, #0
   ba5be:	6840      	ldr	r0, [r0, #4]
   ba5c0:	4611      	mov	r1, r2
   ba5c2:	f7ff bf63 	b.w	ba48c <network_listening>

000ba5c6 <_ZN5spark13EthernetClass16getListenTimeoutEv>:
        return network_get_listen_timeout(*this, 0, NULL);
   ba5c6:	2200      	movs	r2, #0
   ba5c8:	6840      	ldr	r0, [r0, #4]
   ba5ca:	4611      	mov	r1, r2
   ba5cc:	f7ff bf6e 	b.w	ba4ac <network_get_listen_timeout>

000ba5d0 <_ZN5spark13EthernetClass16setListenTimeoutEt>:
        network_set_listen_timeout(*this, timeout, NULL);
   ba5d0:	6840      	ldr	r0, [r0, #4]
   ba5d2:	2200      	movs	r2, #0
   ba5d4:	f7ff bf62 	b.w	ba49c <network_set_listen_timeout>

000ba5d8 <_ZN5spark13EthernetClass6listenEb>:
        network_listen(*this, begin ? 0 : 1, NULL);
   ba5d8:	6840      	ldr	r0, [r0, #4]
   ba5da:	2200      	movs	r2, #0
   ba5dc:	f081 0101 	eor.w	r1, r1, #1
   ba5e0:	f7ff bf4c 	b.w	ba47c <network_listen>

000ba5e4 <_ZN5spark13EthernetClass3offEv>:
        network_off(*this, 0, 0, NULL);
   ba5e4:	2300      	movs	r3, #0
   ba5e6:	6840      	ldr	r0, [r0, #4]
   ba5e8:	461a      	mov	r2, r3
   ba5ea:	4619      	mov	r1, r3
   ba5ec:	f7ff bf3e 	b.w	ba46c <network_off>

000ba5f0 <_ZN5spark13EthernetClass2onEv>:
        network_on(*this, 0, 0, NULL);
   ba5f0:	2300      	movs	r3, #0
   ba5f2:	6840      	ldr	r0, [r0, #4]
   ba5f4:	461a      	mov	r2, r3
   ba5f6:	4619      	mov	r1, r3
   ba5f8:	f7ff bf30 	b.w	ba45c <network_on>

000ba5fc <_ZN5spark13EthernetClass5readyEv>:
    }

    bool ready() {
        return network_ready(*this, 0,  NULL);
   ba5fc:	2200      	movs	r2, #0
   ba5fe:	6840      	ldr	r0, [r0, #4]
   ba600:	4611      	mov	r1, r2
   ba602:	f7ff bf23 	b.w	ba44c <network_ready>

000ba606 <_ZN5spark13EthernetClass10connectingEv>:
        return network_connecting(*this, 0, NULL);
   ba606:	2200      	movs	r2, #0
   ba608:	6840      	ldr	r0, [r0, #4]
   ba60a:	4611      	mov	r1, r2
   ba60c:	f7ff bf0e 	b.w	ba42c <network_connecting>

000ba610 <_ZN5spark13EthernetClass10disconnectEv>:
        network_disconnect(*this, NETWORK_DISCONNECT_REASON_USER, NULL);
   ba610:	6840      	ldr	r0, [r0, #4]
   ba612:	2200      	movs	r2, #0
   ba614:	2102      	movs	r1, #2
   ba616:	f7ff bf11 	b.w	ba43c <network_disconnect>

000ba61a <_ZN5spark13EthernetClass7connectEj>:
        network_connect(*this, flags, 0, NULL);
   ba61a:	2300      	movs	r3, #0
   ba61c:	6840      	ldr	r0, [r0, #4]
   ba61e:	461a      	mov	r2, r3
   ba620:	f7ff befc 	b.w	ba41c <network_connect>

000ba624 <_GLOBAL__sub_I__ZN5spark8EthernetE>:
    static NetworkClass& from(network_interface_t nif);

    virtual IPAddress resolve(const char* name);

    explicit NetworkClass(network_interface_t iface)
            : iface_(iface) {
   ba624:	4b02      	ldr	r3, [pc, #8]	; (ba630 <_GLOBAL__sub_I__ZN5spark8EthernetE+0xc>)
   ba626:	2203      	movs	r2, #3
   ba628:	605a      	str	r2, [r3, #4]
            NetworkClass(NETWORK_INTERFACE_ETHERNET) {
   ba62a:	4a02      	ldr	r2, [pc, #8]	; (ba634 <_GLOBAL__sub_I__ZN5spark8EthernetE+0x10>)
   ba62c:	601a      	str	r2, [r3, #0]

namespace spark {

EthernetClass Ethernet;

} // spark
   ba62e:	4770      	bx	lr
   ba630:	2003e68c 	.word	0x2003e68c
   ba634:	000bbfb8 	.word	0x000bbfb8

000ba638 <_ZNSt14__shared_countILN9__gnu_cxx12_Lock_policyE0EED1Ev>:
      ~__shared_count() noexcept
   ba638:	b538      	push	{r3, r4, r5, lr}
	if (_M_pi != nullptr)
   ba63a:	6804      	ldr	r4, [r0, #0]
      ~__shared_count() noexcept
   ba63c:	4605      	mov	r5, r0
	if (_M_pi != nullptr)
   ba63e:	b17c      	cbz	r4, ba660 <_ZNSt14__shared_countILN9__gnu_cxx12_Lock_policyE0EED1Ev+0x28>
      if (--_M_use_count == 0)
   ba640:	6863      	ldr	r3, [r4, #4]
   ba642:	3b01      	subs	r3, #1
   ba644:	6063      	str	r3, [r4, #4]
   ba646:	b95b      	cbnz	r3, ba660 <_ZNSt14__shared_countILN9__gnu_cxx12_Lock_policyE0EED1Ev+0x28>
          _M_dispose();
   ba648:	6823      	ldr	r3, [r4, #0]
   ba64a:	4620      	mov	r0, r4
   ba64c:	689b      	ldr	r3, [r3, #8]
   ba64e:	4798      	blx	r3
          if (--_M_weak_count == 0)
   ba650:	68a3      	ldr	r3, [r4, #8]
   ba652:	3b01      	subs	r3, #1
   ba654:	60a3      	str	r3, [r4, #8]
   ba656:	b91b      	cbnz	r3, ba660 <_ZNSt14__shared_countILN9__gnu_cxx12_Lock_policyE0EED1Ev+0x28>
            _M_destroy();
   ba658:	6823      	ldr	r3, [r4, #0]
   ba65a:	4620      	mov	r0, r4
   ba65c:	68db      	ldr	r3, [r3, #12]
   ba65e:	4798      	blx	r3
	  _M_pi->_M_release();
      }
   ba660:	4628      	mov	r0, r5
   ba662:	bd38      	pop	{r3, r4, r5, pc}

000ba664 <_ZN8SPIClass6unlockEv.isra.0>:
  }

  void unlock()
  {
#if HAL_PLATFORM_SPI_HAL_THREAD_SAFETY
    hal_spi_release(_spi, nullptr);
   ba664:	2100      	movs	r1, #0
   ba666:	f7ff be65 	b.w	ba334 <hal_spi_release>

000ba66a <_ZN8SPIClass4lockEv.isra.0>:
    return hal_spi_acquire(_spi, nullptr);
   ba66a:	2100      	movs	r1, #0
   ba66c:	f7ff be5a 	b.w	ba324 <hal_spi_acquire>

000ba670 <_ZN8SPIClassC1E19hal_spi_interface_t>:
    }
    return particle::SPISettings(info->clock, info->bit_order, info->data_mode);
}
} // namespace

SPIClass::SPIClass(hal_spi_interface_t spi)
   ba670:	b510      	push	{r4, lr}
   ba672:	4604      	mov	r4, r0
   ba674:	4608      	mov	r0, r1
{
    _spi = spi;
   ba676:	7021      	strb	r1, [r4, #0]
    hal_spi_init(_spi);
   ba678:	f7ff fe24 	bl	ba2c4 <hal_spi_init>
    _dividerReference = SPI_CLK_SYSTEM; // 0 indicates the system clock
   ba67c:	2300      	movs	r3, #0
   ba67e:	6063      	str	r3, [r4, #4]
}
   ba680:	4620      	mov	r0, r4
   ba682:	bd10      	pop	{r4, pc}

000ba684 <_ZN8SPIClass5beginEv>:

void SPIClass::begin()
{
   ba684:	b513      	push	{r0, r1, r4, lr}
   ba686:	4604      	mov	r4, r0
    // TODO: Fetch default pin from HAL
    if (!lock())
   ba688:	7800      	ldrb	r0, [r0, #0]
   ba68a:	f7ff ffee 	bl	ba66a <_ZN8SPIClass4lockEv.isra.0>
   ba68e:	b958      	cbnz	r0, ba6a8 <_ZN8SPIClass5beginEv+0x24>
   ba690:	7820      	ldrb	r0, [r4, #0]
    {
        hal_spi_begin(_spi, SPI_DEFAULT_SS);
   ba692:	9001      	str	r0, [sp, #4]
   ba694:	f64f 71ff 	movw	r1, #65535	; 0xffff
   ba698:	f7ff fe04 	bl	ba2a4 <hal_spi_begin>
        unlock();
   ba69c:	9801      	ldr	r0, [sp, #4]
    }
}
   ba69e:	b002      	add	sp, #8
   ba6a0:	e8bd 4010 	ldmia.w	sp!, {r4, lr}
   ba6a4:	f7ff bfde 	b.w	ba664 <_ZN8SPIClass6unlockEv.isra.0>
   ba6a8:	b002      	add	sp, #8
   ba6aa:	bd10      	pop	{r4, pc}

000ba6ac <_ZN8SPIClass14endTransactionEv>:
}

void SPIClass::endTransaction()
{
    // Release peripheral
    unlock();
   ba6ac:	7800      	ldrb	r0, [r0, #0]
   ba6ae:	f7ff bfd9 	b.w	ba664 <_ZN8SPIClass6unlockEv.isra.0>
	...

000ba6b4 <_ZN8SPIClass19computeClockDividerEjjRhRj>:
void SPIClass::computeClockDivider(unsigned reference, unsigned targetSpeed, uint8_t& divider,
                                   unsigned& clock)
{
    clock = reference;
    uint8_t scale = 0;
    clock >>= 1; // div2 is the first
   ba6b4:	0840      	lsrs	r0, r0, #1
{
   ba6b6:	b530      	push	{r4, r5, lr}
    clock >>= 1; // div2 is the first
   ba6b8:	6018      	str	r0, [r3, #0]
   ba6ba:	2400      	movs	r4, #0
    while (clock > targetSpeed && scale < 7)
   ba6bc:	6818      	ldr	r0, [r3, #0]
   ba6be:	4288      	cmp	r0, r1
   ba6c0:	b2e5      	uxtb	r5, r4
   ba6c2:	d906      	bls.n	ba6d2 <_ZN8SPIClass19computeClockDividerEjjRhRj+0x1e>
   ba6c4:	3401      	adds	r4, #1
   ba6c6:	2c08      	cmp	r4, #8
   ba6c8:	d002      	beq.n	ba6d0 <_ZN8SPIClass19computeClockDividerEjjRhRj+0x1c>
    {
        clock >>= 1;
   ba6ca:	0840      	lsrs	r0, r0, #1
   ba6cc:	6018      	str	r0, [r3, #0]
    while (clock > targetSpeed && scale < 7)
   ba6ce:	e7f5      	b.n	ba6bc <_ZN8SPIClass19computeClockDividerEjjRhRj+0x8>
   ba6d0:	2507      	movs	r5, #7
        scale++;
    }
    divider = clock_divisors[scale];
   ba6d2:	4b02      	ldr	r3, [pc, #8]	; (ba6dc <_ZN8SPIClass19computeClockDividerEjjRhRj+0x28>)
   ba6d4:	5d5b      	ldrb	r3, [r3, r5]
   ba6d6:	7013      	strb	r3, [r2, #0]
}
   ba6d8:	bd30      	pop	{r4, r5, pc}
   ba6da:	bf00      	nop
   ba6dc:	000bbff4 	.word	0x000bbff4

000ba6e0 <_ZN8SPIClass16beginTransactionERKN8particle11SPISettingsE>:
{
   ba6e0:	e92d 43f0 	stmdb	sp!, {r4, r5, r6, r7, r8, r9, lr}
   ba6e4:	4606      	mov	r6, r0
   ba6e6:	b08f      	sub	sp, #60	; 0x3c
    CHECK(lock());
   ba6e8:	7800      	ldrb	r0, [r0, #0]
{
   ba6ea:	460c      	mov	r4, r1
    CHECK(lock());
   ba6ec:	f7ff ffbd 	bl	ba66a <_ZN8SPIClass4lockEv.isra.0>
   ba6f0:	2800      	cmp	r0, #0
   ba6f2:	db1b      	blt.n	ba72c <_ZN8SPIClass16beginTransactionERKN8particle11SPISettingsE+0x4c>
    querySpiInfo(_spi, &spi_info);
   ba6f4:	7835      	ldrb	r5, [r6, #0]
    memset(info, 0, sizeof(hal_spi_info_t));
   ba6f6:	2214      	movs	r2, #20
   ba6f8:	2100      	movs	r1, #0
   ba6fa:	a809      	add	r0, sp, #36	; 0x24
   ba6fc:	f001 f92d 	bl	bb95a <memset>
    info->version = HAL_SPI_INFO_VERSION_1;
   ba700:	230b      	movs	r3, #11
    hal_spi_info(spi, info, nullptr);
   ba702:	2200      	movs	r2, #0
   ba704:	a909      	add	r1, sp, #36	; 0x24
   ba706:	4628      	mov	r0, r5
    info->version = HAL_SPI_INFO_VERSION_1;
   ba708:	f8ad 3024 	strh.w	r3, [sp, #36]	; 0x24
    hal_spi_info(spi, info, nullptr);
   ba70c:	f7ff fdea 	bl	ba2e4 <hal_spi_info>
    if (!info || !info->enabled || info->default_settings)
   ba710:	f89d 302d 	ldrb.w	r3, [sp, #45]	; 0x2d
   ba714:	b113      	cbz	r3, ba71c <_ZN8SPIClass16beginTransactionERKN8particle11SPISettingsE+0x3c>
   ba716:	f89d 502c 	ldrb.w	r5, [sp, #44]	; 0x2c
   ba71a:	b155      	cbz	r5, ba732 <_ZN8SPIClass16beginTransactionERKN8particle11SPISettingsE+0x52>
  {
   ba71c:	2700      	movs	r7, #0
   ba71e:	46b9      	mov	r9, r7
   ba720:	46b8      	mov	r8, r7
   ba722:	2501      	movs	r5, #1
    if (default_ && other.default_)
   ba724:	7923      	ldrb	r3, [r4, #4]
   ba726:	b15d      	cbz	r5, ba740 <_ZN8SPIClass16beginTransactionERKN8particle11SPISettingsE+0x60>
   ba728:	b1c3      	cbz	r3, ba75c <_ZN8SPIClass16beginTransactionERKN8particle11SPISettingsE+0x7c>
    return 0;
   ba72a:	2000      	movs	r0, #0
}
   ba72c:	b00f      	add	sp, #60	; 0x3c
   ba72e:	e8bd 83f0 	ldmia.w	sp!, {r4, r5, r6, r7, r8, r9, pc}
    return particle::SPISettings(info->clock, info->bit_order, info->data_mode);
   ba732:	f8dd 8030 	ldr.w	r8, [sp, #48]	; 0x30
   ba736:	f89d 9034 	ldrb.w	r9, [sp, #52]	; 0x34
   ba73a:	f89d 7035 	ldrb.w	r7, [sp, #53]	; 0x35
  }
   ba73e:	e7f1      	b.n	ba724 <_ZN8SPIClass16beginTransactionERKN8particle11SPISettingsE+0x44>
    if (default_ == other.default_ &&
   ba740:	2b00      	cmp	r3, #0
   ba742:	d135      	bne.n	ba7b0 <_ZN8SPIClass16beginTransactionERKN8particle11SPISettingsE+0xd0>
   ba744:	68a3      	ldr	r3, [r4, #8]
   ba746:	4543      	cmp	r3, r8
   ba748:	d108      	bne.n	ba75c <_ZN8SPIClass16beginTransactionERKN8particle11SPISettingsE+0x7c>
        bitOrder_ == other.bitOrder_ &&
   ba74a:	f88d 9020 	strb.w	r9, [sp, #32]
   ba74e:	f88d 7021 	strb.w	r7, [sp, #33]	; 0x21
   ba752:	f8bd 2020 	ldrh.w	r2, [sp, #32]
   ba756:	89a3      	ldrh	r3, [r4, #12]
   ba758:	429a      	cmp	r2, r3
   ba75a:	d0e6      	beq.n	ba72a <_ZN8SPIClass16beginTransactionERKN8particle11SPISettingsE+0x4a>
            uint8_t divisor = 0;
   ba75c:	2300      	movs	r3, #0
            computeClockDivider((unsigned int)spi_info.system_clock, settings.clock_, divisor,
   ba75e:	68a1      	ldr	r1, [r4, #8]
            uint8_t divisor = 0;
   ba760:	f88d 300f 	strb.w	r3, [sp, #15]
            computeClockDivider((unsigned int)spi_info.system_clock, settings.clock_, divisor,
   ba764:	980a      	ldr	r0, [sp, #40]	; 0x28
   ba766:	ab04      	add	r3, sp, #16
   ba768:	f10d 020f 	add.w	r2, sp, #15
   ba76c:	f7ff ffa2 	bl	ba6b4 <_ZN8SPIClass19computeClockDividerEjjRhRj>
    if (default_ && other.default_)
   ba770:	7921      	ldrb	r1, [r4, #4]
   ba772:	b985      	cbnz	r5, ba796 <_ZN8SPIClass16beginTransactionERKN8particle11SPISettingsE+0xb6>
    if (default_ == other.default_ &&
   ba774:	b989      	cbnz	r1, ba79a <_ZN8SPIClass16beginTransactionERKN8particle11SPISettingsE+0xba>
   ba776:	68a3      	ldr	r3, [r4, #8]
   ba778:	4543      	cmp	r3, r8
   ba77a:	d30e      	bcc.n	ba79a <_ZN8SPIClass16beginTransactionERKN8particle11SPISettingsE+0xba>
        bitOrder_ == other.bitOrder_ &&
   ba77c:	f88d 9020 	strb.w	r9, [sp, #32]
   ba780:	f88d 7021 	strb.w	r7, [sp, #33]	; 0x21
   ba784:	f8bd 2020 	ldrh.w	r2, [sp, #32]
   ba788:	89a3      	ldrh	r3, [r4, #12]
   ba78a:	429a      	cmp	r2, r3
   ba78c:	d105      	bne.n	ba79a <_ZN8SPIClass16beginTransactionERKN8particle11SPISettingsE+0xba>
            if (!(spi_settings <= settings && clock == spi_settings.clock_))
   ba78e:	9b04      	ldr	r3, [sp, #16]
   ba790:	4543      	cmp	r3, r8
   ba792:	d102      	bne.n	ba79a <_ZN8SPIClass16beginTransactionERKN8particle11SPISettingsE+0xba>
   ba794:	e7c9      	b.n	ba72a <_ZN8SPIClass16beginTransactionERKN8particle11SPISettingsE+0x4a>
    if (default_ && other.default_)
   ba796:	2900      	cmp	r1, #0
   ba798:	d1f9      	bne.n	ba78e <_ZN8SPIClass16beginTransactionERKN8particle11SPISettingsE+0xae>
                hal_spi_set_settings(_spi, settings.default_, divisor, settings.bitOrder_,
   ba79a:	2300      	movs	r3, #0
   ba79c:	9301      	str	r3, [sp, #4]
   ba79e:	7b63      	ldrb	r3, [r4, #13]
   ba7a0:	9300      	str	r3, [sp, #0]
   ba7a2:	f89d 200f 	ldrb.w	r2, [sp, #15]
   ba7a6:	7b23      	ldrb	r3, [r4, #12]
            hal_spi_set_settings(_spi, settings.default_, 0, 0, 0, nullptr);
   ba7a8:	7830      	ldrb	r0, [r6, #0]
   ba7aa:	f7ff fdb3 	bl	ba314 <hal_spi_set_settings>
   ba7ae:	e7bc      	b.n	ba72a <_ZN8SPIClass16beginTransactionERKN8particle11SPISettingsE+0x4a>
   ba7b0:	e9cd 5500 	strd	r5, r5, [sp]
   ba7b4:	462b      	mov	r3, r5
   ba7b6:	462a      	mov	r2, r5
   ba7b8:	2101      	movs	r1, #1
   ba7ba:	e7f5      	b.n	ba7a8 <_ZN8SPIClass16beginTransactionERKN8particle11SPISettingsE+0xc8>

000ba7bc <_ZN8SPIClass8transferEh>:

    return clock;
}

byte SPIClass::transfer(byte _data)
{
   ba7bc:	b508      	push	{r3, lr}
    return static_cast<byte>(hal_spi_transfer(_spi, _data));
   ba7be:	7800      	ldrb	r0, [r0, #0]
   ba7c0:	f7ff fd78 	bl	ba2b4 <hal_spi_transfer>
}
   ba7c4:	b2c0      	uxtb	r0, r0
   ba7c6:	bd08      	pop	{r3, pc}

000ba7c8 <_ZN8SPIClass8transferEPKvPvjPFvvE>:

void SPIClass::transfer(const void* tx_buffer, void* rx_buffer, size_t length,
                        wiring_spi_dma_transfercomplete_callback_t user_callback)
{
   ba7c8:	b530      	push	{r4, r5, lr}
   ba7ca:	b087      	sub	sp, #28
   ba7cc:	4604      	mov	r4, r0
   ba7ce:	9d0a      	ldr	r5, [sp, #40]	; 0x28
    hal_spi_transfer_dma(_spi, tx_buffer, rx_buffer, length, user_callback);
   ba7d0:	9500      	str	r5, [sp, #0]
   ba7d2:	7800      	ldrb	r0, [r0, #0]
   ba7d4:	f7ff fd8e 	bl	ba2f4 <hal_spi_transfer_dma>
    if (user_callback == NULL)
   ba7d8:	b93d      	cbnz	r5, ba7ea <_ZN8SPIClass8transferEPKvPvjPFvvE+0x22>
    {
        hal_spi_transfer_status_t st;
        do
        {
            hal_spi_transfer_dma_status(_spi, &st);
   ba7da:	7820      	ldrb	r0, [r4, #0]
   ba7dc:	a902      	add	r1, sp, #8
   ba7de:	f7ff fd91 	bl	ba304 <hal_spi_transfer_dma_status>
        } while (st.transfer_ongoing);
   ba7e2:	f89d 3014 	ldrb.w	r3, [sp, #20]
   ba7e6:	07db      	lsls	r3, r3, #31
   ba7e8:	d4f7      	bmi.n	ba7da <_ZN8SPIClass8transferEPKvPvjPFvvE+0x12>
    }
}
   ba7ea:	b007      	add	sp, #28
   ba7ec:	bd30      	pop	{r4, r5, pc}

000ba7ee <_ZN8particle11TetherClass9listeningEv>:
    uint16_t getListenTimeout(void) {
        return network_get_listen_timeout(*this, 0, NULL);
    }

    bool listening(void) {
        return network_listening(*this, 0, NULL);
   ba7ee:	2200      	movs	r2, #0
   ba7f0:	6840      	ldr	r0, [r0, #4]
   ba7f2:	4611      	mov	r1, r2
   ba7f4:	f7ff be4a 	b.w	ba48c <network_listening>

000ba7f8 <_ZN8particle11TetherClass16getListenTimeoutEv>:
        return network_get_listen_timeout(*this, 0, NULL);
   ba7f8:	2200      	movs	r2, #0
   ba7fa:	6840      	ldr	r0, [r0, #4]
   ba7fc:	4611      	mov	r1, r2
   ba7fe:	f7ff be55 	b.w	ba4ac <network_get_listen_timeout>

000ba802 <_ZN8particle11TetherClass16setListenTimeoutEt>:
        network_set_listen_timeout(*this, timeout, NULL);
   ba802:	6840      	ldr	r0, [r0, #4]
   ba804:	2200      	movs	r2, #0
   ba806:	f7ff be49 	b.w	ba49c <network_set_listen_timeout>

000ba80a <_ZN8particle11TetherClass6listenEb>:
        network_listen(*this, begin ? 0 : 1, NULL);
   ba80a:	6840      	ldr	r0, [r0, #4]
   ba80c:	2200      	movs	r2, #0
   ba80e:	f081 0101 	eor.w	r1, r1, #1
   ba812:	f7ff be33 	b.w	ba47c <network_listen>

000ba816 <_ZN8particle11TetherClass3offEv>:
        network_off(*this, 0, 0, NULL);
   ba816:	2300      	movs	r3, #0
   ba818:	6840      	ldr	r0, [r0, #4]
   ba81a:	461a      	mov	r2, r3
   ba81c:	4619      	mov	r1, r3
   ba81e:	f7ff be25 	b.w	ba46c <network_off>

000ba822 <_ZN8particle11TetherClass2onEv>:
        network_on(*this, 0, 0, NULL);
   ba822:	2300      	movs	r3, #0
   ba824:	6840      	ldr	r0, [r0, #4]
   ba826:	461a      	mov	r2, r3
   ba828:	4619      	mov	r1, r3
   ba82a:	f7ff be17 	b.w	ba45c <network_on>

000ba82e <_ZN8particle11TetherClass5readyEv>:
    }

    bool ready() {
        return network_ready(*this, 0,  NULL);
   ba82e:	2200      	movs	r2, #0
   ba830:	6840      	ldr	r0, [r0, #4]
   ba832:	4611      	mov	r1, r2
   ba834:	f7ff be0a 	b.w	ba44c <network_ready>

000ba838 <_ZN8particle11TetherClass10connectingEv>:
        return network_connecting(*this, 0, NULL);
   ba838:	2200      	movs	r2, #0
   ba83a:	6840      	ldr	r0, [r0, #4]
   ba83c:	4611      	mov	r1, r2
   ba83e:	f7ff bdf5 	b.w	ba42c <network_connecting>

000ba842 <_ZN8particle11TetherClass10disconnectEv>:
        network_disconnect(*this, NETWORK_DISCONNECT_REASON_USER, NULL);
   ba842:	6840      	ldr	r0, [r0, #4]
   ba844:	2200      	movs	r2, #0
   ba846:	2102      	movs	r1, #2
   ba848:	f7ff bdf8 	b.w	ba43c <network_disconnect>

000ba84c <_ZN8particle11TetherClass7connectEj>:
        network_connect(*this, flags, 0, NULL);
   ba84c:	2300      	movs	r3, #0
   ba84e:	6840      	ldr	r0, [r0, #4]
   ba850:	461a      	mov	r2, r3
   ba852:	f7ff bde3 	b.w	ba41c <network_connect>
	...

000ba858 <_GLOBAL__sub_I__ZN8particle6TetherE>:
   ba858:	4b02      	ldr	r3, [pc, #8]	; (ba864 <_GLOBAL__sub_I__ZN8particle6TetherE+0xc>)
   ba85a:	2206      	movs	r2, #6
   ba85c:	605a      	str	r2, [r3, #4]
            NetworkClass(NETWORK_INTERFACE_PPP_SERVER) {
   ba85e:	4a02      	ldr	r2, [pc, #8]	; (ba868 <_GLOBAL__sub_I__ZN8particle6TetherE+0x10>)
   ba860:	601a      	str	r2, [r3, #0]
        return if_request(iface, IF_REQ_DRIVER_SPECIFIC, &settings, sizeof(settings), nullptr);
    }
    return SYSTEM_ERROR_NOT_FOUND;
}

} // spark
   ba862:	4770      	bx	lr
   ba864:	2003e694 	.word	0x2003e694
   ba868:	000bc004 	.word	0x000bc004

000ba86c <_ZNSt14_Function_baseD1Ev>:
	{ __functor._M_access<_Functor*>() = new _Functor(std::move(__f)); }
      };

    _Function_base() : _M_manager(nullptr) { }

    ~_Function_base()
   ba86c:	b510      	push	{r4, lr}
    {
      if (_M_manager)
   ba86e:	6883      	ldr	r3, [r0, #8]
    ~_Function_base()
   ba870:	4604      	mov	r4, r0
      if (_M_manager)
   ba872:	b113      	cbz	r3, ba87a <_ZNSt14_Function_baseD1Ev+0xe>
	_M_manager(_M_functor, _M_functor, __destroy_functor);
   ba874:	2203      	movs	r2, #3
   ba876:	4601      	mov	r1, r0
   ba878:	4798      	blx	r3
    }
   ba87a:	4620      	mov	r0, r4
   ba87c:	bd10      	pop	{r4, pc}
	...

000ba880 <_GLOBAL__sub_I_System>:
} // namespace particle

// particle::Flag<TagT, ValueT>
template<typename TagT, typename ValueT>
inline particle::Flag<TagT, ValueT>::Flag(ValueT val) :
        val_(val) {
   ba880:	4b05      	ldr	r3, [pc, #20]	; (ba898 <_GLOBAL__sub_I_System+0x18>)
   ba882:	2202      	movs	r2, #2
   ba884:	601a      	str	r2, [r3, #0]

class SystemSleepResult {
public:
    SystemSleepResult()
            : wakeupSource_(nullptr),
              error_(SYSTEM_ERROR_NONE) {
   ba886:	4b05      	ldr	r3, [pc, #20]	; (ba89c <_GLOBAL__sub_I_System+0x1c>)
    SleepResult() {}
   ba888:	4a05      	ldr	r2, [pc, #20]	; (ba8a0 <_GLOBAL__sub_I_System+0x20>)
   ba88a:	609a      	str	r2, [r3, #8]
              error_(SYSTEM_ERROR_NONE) {
   ba88c:	2000      	movs	r0, #0
   ba88e:	e9c3 0000 	strd	r0, r0, [r3]

class SystemClass {
public:

    SystemClass(System_Mode_TypeDef mode = DEFAULT) {
        set_system_mode(mode);
   ba892:	f7ff bd8f 	b.w	ba3b4 <set_system_mode>
   ba896:	bf00      	nop
   ba898:	2003e6a8 	.word	0x2003e6a8
   ba89c:	2003e69c 	.word	0x2003e69c
   ba8a0:	ffff0000 	.word	0xffff0000

000ba8a4 <_ZSt4swapISt9_Any_dataENSt9enable_ifIXsrSt6__and_IJSt6__not_ISt15__is_tuple_likeIT_EESt21is_move_constructibleIS5_ESt18is_move_assignableIS5_EEE5valueEvE4typeERS5_SF_>:
			      is_move_constructible<_Tp>,
			      is_move_assignable<_Tp>>::value>::type
#else
    void
#endif
    swap(_Tp& __a, _Tp& __b)
   ba8a4:	b513      	push	{r0, r1, r4, lr}
   ba8a6:	460b      	mov	r3, r1
   ba8a8:	4602      	mov	r2, r0
    {
#if __cplusplus < 201103L
      // concept requirements
      __glibcxx_function_requires(_SGIAssignableConcept<_Tp>)
#endif
      _Tp __tmp = _GLIBCXX_MOVE(__a);
   ba8aa:	e9d0 0100 	ldrd	r0, r1, [r0]
   ba8ae:	466c      	mov	r4, sp
   ba8b0:	e884 0003 	stmia.w	r4, {r0, r1}
      __a = _GLIBCXX_MOVE(__b);
   ba8b4:	e893 0003 	ldmia.w	r3, {r0, r1}
   ba8b8:	e882 0003 	stmia.w	r2, {r0, r1}
      __b = _GLIBCXX_MOVE(__tmp);
   ba8bc:	e894 0003 	ldmia.w	r4, {r0, r1}
   ba8c0:	e883 0003 	stmia.w	r3, {r0, r1}
    }
   ba8c4:	b002      	add	sp, #8
   ba8c6:	bd10      	pop	{r4, pc}

000ba8c8 <_GLOBAL__sub_I__ZN8particle3ble13WiringBleLock6mutex_E>:
    /**
     * Creates a shared mutex.
     */
    RecursiveMutex(os_mutex_recursive_t handle) : handle_(handle) {}

    RecursiveMutex() : handle_(nullptr)
   ba8c8:	4802      	ldr	r0, [pc, #8]	; (ba8d4 <_GLOBAL__sub_I__ZN8particle3ble13WiringBleLock6mutex_E+0xc>)
   ba8ca:	2300      	movs	r3, #0
   ba8cc:	6003      	str	r3, [r0, #0]
    {
        os_mutex_recursive_create(&handle_);
   ba8ce:	f7ff bc41 	b.w	ba154 <os_mutex_recursive_create>
   ba8d2:	bf00      	nop
   ba8d4:	2003e6ac 	.word	0x2003e6ac

000ba8d8 <_ZN5Print5writeEPKhj>:

// Public Methods //////////////////////////////////////////////////////////////

/* default implementation: may be overridden */
size_t Print::write(const uint8_t *buffer, size_t size)
{
   ba8d8:	b5f8      	push	{r3, r4, r5, r6, r7, lr}
   ba8da:	4606      	mov	r6, r0
   ba8dc:	460d      	mov	r5, r1
  size_t n = 0;
   ba8de:	188f      	adds	r7, r1, r2
   ba8e0:	2400      	movs	r4, #0
  while (size--) {
   ba8e2:	42bd      	cmp	r5, r7
   ba8e4:	d00c      	beq.n	ba900 <_ZN5Print5writeEPKhj+0x28>
     int chunk = write(*buffer++);
   ba8e6:	6833      	ldr	r3, [r6, #0]
   ba8e8:	f815 1b01 	ldrb.w	r1, [r5], #1
   ba8ec:	689b      	ldr	r3, [r3, #8]
   ba8ee:	4630      	mov	r0, r6
   ba8f0:	4798      	blx	r3
     if (chunk>=0)
   ba8f2:	1e03      	subs	r3, r0, #0
   ba8f4:	db01      	blt.n	ba8fa <_ZN5Print5writeEPKhj+0x22>
         n += chunk;
   ba8f6:	441c      	add	r4, r3
  while (size--) {
   ba8f8:	e7f3      	b.n	ba8e2 <_ZN5Print5writeEPKhj+0xa>
     int chunk = write(*buffer++);
   ba8fa:	2c00      	cmp	r4, #0
   ba8fc:	bf08      	it	eq
   ba8fe:	461c      	moveq	r4, r3
             n = chunk;
         break;
     }
  }
  return n;
}
   ba900:	4620      	mov	r0, r4
   ba902:	bdf8      	pop	{r3, r4, r5, r6, r7, pc}

000ba904 <_ZN5Print5writeEPKc>:

    int getWriteError() const { return write_error; }
    void clearWriteError() { setWriteError(0); }

    virtual size_t write(uint8_t) = 0;
    size_t write(const char *str) {
   ba904:	b513      	push	{r0, r1, r4, lr}
   ba906:	4604      	mov	r4, r0
      if (str == NULL) return 0;
      return write((const uint8_t *)str, strlen(str));
    }
   ba908:	4608      	mov	r0, r1
      if (str == NULL) return 0;
   ba90a:	b159      	cbz	r1, ba924 <_ZN5Print5writeEPKc+0x20>
      return write((const uint8_t *)str, strlen(str));
   ba90c:	9101      	str	r1, [sp, #4]
   ba90e:	f7fa f839 	bl	b4984 <strlen>
   ba912:	6823      	ldr	r3, [r4, #0]
   ba914:	9901      	ldr	r1, [sp, #4]
   ba916:	68db      	ldr	r3, [r3, #12]
   ba918:	4602      	mov	r2, r0
   ba91a:	4620      	mov	r0, r4
    }
   ba91c:	b002      	add	sp, #8
   ba91e:	e8bd 4010 	ldmia.w	sp!, {r4, lr}
      return write((const uint8_t *)str, strlen(str));
   ba922:	4718      	bx	r3
    }
   ba924:	b002      	add	sp, #8
   ba926:	bd10      	pop	{r4, pc}

000ba928 <_ZN5Print5printEPKc>:

size_t Print::print(const char str[])
{
   ba928:	b508      	push	{r3, lr}
  return write(str);
   ba92a:	f7ff ffeb 	bl	ba904 <_ZN5Print5writeEPKc>
}
   ba92e:	bd08      	pop	{r3, pc}

000ba930 <_ZN5Print5printEc>:

size_t Print::print(char c)
{
  return write(c);
   ba930:	6803      	ldr	r3, [r0, #0]
   ba932:	689b      	ldr	r3, [r3, #8]
   ba934:	4718      	bx	r3

000ba936 <_ZN5Print5printEPK19__FlashStringHelper>:
   ba936:	b508      	push	{r3, lr}
   ba938:	f7ff ffe4 	bl	ba904 <_ZN5Print5writeEPKc>
   ba93c:	bd08      	pop	{r3, pc}

000ba93e <_ZN5Print7printlnEv>:
{
  return print(reinterpret_cast<const char*>(str));
}

size_t Print::println(void)
{
   ba93e:	b538      	push	{r3, r4, r5, lr}
  size_t n = print('\r');
   ba940:	210d      	movs	r1, #13
{
   ba942:	4605      	mov	r5, r0
  size_t n = print('\r');
   ba944:	f7ff fff4 	bl	ba930 <_ZN5Print5printEc>
  n += print('\n');
   ba948:	210a      	movs	r1, #10
  size_t n = print('\r');
   ba94a:	4604      	mov	r4, r0
  n += print('\n');
   ba94c:	4628      	mov	r0, r5
   ba94e:	f7ff ffef 	bl	ba930 <_ZN5Print5printEc>
  return n;
}
   ba952:	4420      	add	r0, r4
   ba954:	bd38      	pop	{r3, r4, r5, pc}

000ba956 <_ZN5Print7printlnEPKc>:

size_t Print::println(const char c[])
{
   ba956:	b538      	push	{r3, r4, r5, lr}
   ba958:	4605      	mov	r5, r0
  return write(str);
   ba95a:	f7ff ffd3 	bl	ba904 <_ZN5Print5writeEPKc>
   ba95e:	4604      	mov	r4, r0
  size_t n = print(c);
  n += println();
   ba960:	4628      	mov	r0, r5
   ba962:	f7ff ffec 	bl	ba93e <_ZN5Print7printlnEv>
  return n;
}
   ba966:	4420      	add	r0, r4
   ba968:	bd38      	pop	{r3, r4, r5, pc}

000ba96a <_ZN5Print7printlnEPK19__FlashStringHelper>:
   return n;
 }

size_t Print::println(const __FlashStringHelper* str)
{
  return println(reinterpret_cast<const char*>(str));
   ba96a:	f7ff bff4 	b.w	ba956 <_ZN5Print7printlnEPKc>

000ba96e <_ZN5Print11printNumberEmh>:
}

// Private Methods /////////////////////////////////////////////////////////////

size_t Print::printNumber(unsigned long n, uint8_t base) {
   ba96e:	b530      	push	{r4, r5, lr}
   ba970:	b08b      	sub	sp, #44	; 0x2c
  char buf[8 * sizeof(n) + 1]; // Assumes 8-bit chars plus zero byte.
  char *str = &buf[sizeof(buf) - 1];

  *str = '\0';
   ba972:	2300      	movs	r3, #0

  // prevent crash if called with base == 1
  if (base < 2) base = 10;
   ba974:	2a01      	cmp	r2, #1
  *str = '\0';
   ba976:	f88d 3024 	strb.w	r3, [sp, #36]	; 0x24
  if (base < 2) base = 10;
   ba97a:	bf98      	it	ls
   ba97c:	220a      	movls	r2, #10
   ba97e:	ac09      	add	r4, sp, #36	; 0x24

  do {
   decltype(n) m = n;
   n /= base;
   ba980:	460d      	mov	r5, r1
   ba982:	fbb1 f1f2 	udiv	r1, r1, r2
   char c = m - base * n;
   ba986:	fb01 5312 	mls	r3, r1, r2, r5
   ba98a:	f003 03ff 	and.w	r3, r3, #255	; 0xff
   *--str = c < 10 ? c + '0' : c + 'A' - 10;
   ba98e:	2b09      	cmp	r3, #9
   ba990:	bf94      	ite	ls
   ba992:	3330      	addls	r3, #48	; 0x30
   ba994:	3337      	addhi	r3, #55	; 0x37
   ba996:	b2db      	uxtb	r3, r3
  } while(n);
   ba998:	42aa      	cmp	r2, r5
   *--str = c < 10 ? c + '0' : c + 'A' - 10;
   ba99a:	f804 3d01 	strb.w	r3, [r4, #-1]!
  } while(n);
   ba99e:	d9ef      	bls.n	ba980 <_ZN5Print11printNumberEmh+0x12>

  return write(str);
   ba9a0:	4621      	mov	r1, r4
   ba9a2:	f7ff ffaf 	bl	ba904 <_ZN5Print5writeEPKc>
}
   ba9a6:	b00b      	add	sp, #44	; 0x2c
   ba9a8:	bd30      	pop	{r4, r5, pc}

000ba9aa <_ZN5Print7vprintfEbPKcSt9__va_list>:
    writeVariant(var, writer);
    return writer.bytesWritten();
}

size_t Print::vprintf(bool newline, const char* format, va_list args)
{
   ba9aa:	e92d 41f0 	stmdb	sp!, {r4, r5, r6, r7, r8, lr}
   ba9ae:	b086      	sub	sp, #24
   ba9b0:	af00      	add	r7, sp, #0
   ba9b2:	4605      	mov	r5, r0
   ba9b4:	460e      	mov	r6, r1
    const int bufsize = 20;
    char test[bufsize];
    va_list args2;
    va_copy(args2, args);
    size_t n = vsnprintf(test, bufsize, format, args);
   ba9b6:	1d38      	adds	r0, r7, #4
   ba9b8:	2114      	movs	r1, #20
{
   ba9ba:	4614      	mov	r4, r2
    va_copy(args2, args);
   ba9bc:	603b      	str	r3, [r7, #0]
    size_t n = vsnprintf(test, bufsize, format, args);
   ba9be:	f7ff fdd5 	bl	ba56c <vsnprintf>

    if (n<bufsize)
   ba9c2:	2813      	cmp	r0, #19
   ba9c4:	d80e      	bhi.n	ba9e4 <_ZN5Print7vprintfEbPKcSt9__va_list+0x3a>
  return write(str);
   ba9c6:	1d39      	adds	r1, r7, #4
   ba9c8:	4628      	mov	r0, r5
   ba9ca:	f7ff ff9b 	bl	ba904 <_ZN5Print5writeEPKc>
   ba9ce:	4604      	mov	r4, r0
    {
        char bigger[n+1];
        n = vsnprintf(bigger, n+1, format, args2);
        n = print(bigger);
    }
    if (newline)
   ba9d0:	b11e      	cbz	r6, ba9da <_ZN5Print7vprintfEbPKcSt9__va_list+0x30>
        n += println();
   ba9d2:	4628      	mov	r0, r5
   ba9d4:	f7ff ffb3 	bl	ba93e <_ZN5Print7printlnEv>
   ba9d8:	4404      	add	r4, r0

    va_end(args2);
    return n;
}
   ba9da:	4620      	mov	r0, r4
   ba9dc:	3718      	adds	r7, #24
   ba9de:	46bd      	mov	sp, r7
   ba9e0:	e8bd 81f0 	ldmia.w	sp!, {r4, r5, r6, r7, r8, pc}
        char bigger[n+1];
   ba9e4:	f100 0308 	add.w	r3, r0, #8
   ba9e8:	f023 0307 	bic.w	r3, r3, #7
        n = print(bigger);
   ba9ec:	46e8      	mov	r8, sp
        char bigger[n+1];
   ba9ee:	ebad 0d03 	sub.w	sp, sp, r3
        n = vsnprintf(bigger, n+1, format, args2);
   ba9f2:	4622      	mov	r2, r4
   ba9f4:	1c41      	adds	r1, r0, #1
   ba9f6:	683b      	ldr	r3, [r7, #0]
   ba9f8:	4668      	mov	r0, sp
   ba9fa:	f7ff fdb7 	bl	ba56c <vsnprintf>
  return write(str);
   ba9fe:	4669      	mov	r1, sp
   baa00:	4628      	mov	r0, r5
   baa02:	f7ff ff7f 	bl	ba904 <_ZN5Print5writeEPKc>
   baa06:	4604      	mov	r4, r0
   baa08:	46c5      	mov	sp, r8
   baa0a:	e7e1      	b.n	ba9d0 <_ZN5Print7vprintfEbPKcSt9__va_list+0x26>

000baa0c <_ZN6Stream9timedReadEv>:
#define PARSE_TIMEOUT 1000  // default number of milli-seconds to wait
#define NO_SKIP_CHAR  1  // a magic char not found in a valid ASCII numeric field

// private method to read stream with timeout
int Stream::timedRead()
{
   baa0c:	b510      	push	{r4, lr}
   baa0e:	4604      	mov	r4, r0

#ifdef __cplusplus
extern "C" {
#endif

inline system_tick_t millis(void) { return HAL_Timer_Get_Milli_Seconds(); }
   baa10:	f7ff fb90 	bl	ba134 <HAL_Timer_Get_Milli_Seconds>
  int c;
  _startMillis = millis();
   baa14:	60e0      	str	r0, [r4, #12]
  do {
    c = read();
   baa16:	6823      	ldr	r3, [r4, #0]
   baa18:	4620      	mov	r0, r4
   baa1a:	695b      	ldr	r3, [r3, #20]
   baa1c:	4798      	blx	r3
    if (c >= 0) return c;
   baa1e:	2800      	cmp	r0, #0
   baa20:	da08      	bge.n	baa34 <_ZN6Stream9timedReadEv+0x28>
   baa22:	f7ff fb87 	bl	ba134 <HAL_Timer_Get_Milli_Seconds>
  } while(millis() - _startMillis < _timeout);
   baa26:	68e3      	ldr	r3, [r4, #12]
   baa28:	1ac0      	subs	r0, r0, r3
   baa2a:	68a3      	ldr	r3, [r4, #8]
   baa2c:	4298      	cmp	r0, r3
   baa2e:	d3f2      	bcc.n	baa16 <_ZN6Stream9timedReadEv+0xa>
  return -1;     // -1 indicates timeout
   baa30:	f04f 30ff 	mov.w	r0, #4294967295
}
   baa34:	bd10      	pop	{r4, pc}

000baa36 <_ZN6Stream9readBytesEPcj>:
// terminates if length characters have been read, or timeout (see setTimeout)
// returns the number of characters placed in the buffer
// the buffer is NOT null terminated.
//
size_t Stream::readBytes(char *buffer, size_t length)
{
   baa36:	e92d 41f0 	stmdb	sp!, {r4, r5, r6, r7, r8, lr}
   baa3a:	4607      	mov	r7, r0
   baa3c:	460c      	mov	r4, r1
   baa3e:	188e      	adds	r6, r1, r2
   baa40:	460d      	mov	r5, r1
  size_t count = 0;
  while (count < length) {
   baa42:	42b5      	cmp	r5, r6
   baa44:	eba5 0804 	sub.w	r8, r5, r4
   baa48:	d007      	beq.n	baa5a <_ZN6Stream9readBytesEPcj+0x24>
    int c = timedRead();
   baa4a:	4638      	mov	r0, r7
   baa4c:	f7ff ffde 	bl	baa0c <_ZN6Stream9timedReadEv>
    if (c < 0) break;
   baa50:	1e03      	subs	r3, r0, #0
   baa52:	db02      	blt.n	baa5a <_ZN6Stream9readBytesEPcj+0x24>
    *buffer++ = (char)c;
   baa54:	f805 3b01 	strb.w	r3, [r5], #1
  while (count < length) {
   baa58:	e7f3      	b.n	baa42 <_ZN6Stream9readBytesEPcj+0xc>
    count++;
  }
  return count;
}
   baa5a:	4640      	mov	r0, r8
   baa5c:	e8bd 81f0 	ldmia.w	sp!, {r4, r5, r6, r7, r8, pc}

000baa60 <_GLOBAL__sub_I__ZN5spark3LogE>:
    // This handler doesn't support direct logging
}

// spark::Logger
inline spark::Logger::Logger(const char *name) :
        name_(name) {
   baa60:	4b01      	ldr	r3, [pc, #4]	; (baa68 <_GLOBAL__sub_I__ZN5spark3LogE+0x8>)
   baa62:	4a02      	ldr	r2, [pc, #8]	; (baa6c <_GLOBAL__sub_I__ZN5spark3LogE+0xc>)
   baa64:	601a      	str	r2, [r3, #0]
#if Wiring_LogConfig

// spark::
void spark::logProcessControlRequest(ctrl_request* req) {
    JSONRequestHandler::process(req);
}
   baa66:	4770      	bx	lr
   baa68:	2003e6b0 	.word	0x2003e6b0
   baa6c:	000bc040 	.word	0x000bc040

000baa70 <_GLOBAL__sub_I_TIME_FORMAT_DEFAULT>:
            calendar_time_cache = Convert_UnixTime_To_CalendarTime(unix_time);
            unix_time_cache = unix_time;
    }
}

const char* TimeClass::format_spec = TIME_FORMAT_DEFAULT;
   baa70:	4b02      	ldr	r3, [pc, #8]	; (baa7c <_GLOBAL__sub_I_TIME_FORMAT_DEFAULT+0xc>)
   baa72:	681a      	ldr	r2, [r3, #0]
   baa74:	4b02      	ldr	r3, [pc, #8]	; (baa80 <_GLOBAL__sub_I_TIME_FORMAT_DEFAULT+0x10>)
   baa76:	601a      	str	r2, [r3, #0]
{
  return isValid();
}


TimeClass Time;
   baa78:	4770      	bx	lr
   baa7a:	bf00      	nop
   baa7c:	2003dad4 	.word	0x2003dad4
   baa80:	2003e6b4 	.word	0x2003e6b4

000baa84 <delay>:
    return (value - fromStart) * (toEnd - toStart) / (fromEnd - fromStart) + toStart;
}

void delay(unsigned long ms)
{
    system_delay_ms(ms, false);
   baa84:	2100      	movs	r1, #0
   baa86:	f7ff bc9d 	b.w	ba3c4 <system_delay_ms>
	...

000baa8c <_GLOBAL__sub_I_RGB>:
    _Function_base() : _M_manager(nullptr) { }
   baa8c:	4b01      	ldr	r3, [pc, #4]	; (baa94 <_GLOBAL__sub_I_RGB+0x8>)
   baa8e:	2200      	movs	r2, #0
   baa90:	609a      	str	r2, [r3, #8]
{
    RGBClass* const d = static_cast<RGBClass*>(data);
    if (d->changeHandler_) {
        d->changeHandler_(r, g, b);
    }
}
   baa92:	4770      	bx	lr
   baa94:	2003e6b8 	.word	0x2003e6b8

000baa98 <_ZZ21module_user_init_hookENUlP6_reentjmPvE_4_FUNES0_jmS1_>:

void module_user_init_hook()
{
#if HAL_PLATFORM_NEWLIB
    newlib_impure_ptr_callback([](struct _reent* r, size_t size, uint32_t version, void* ctx) -> void {
        _impure_ptr = r;
   baa98:	4b01      	ldr	r3, [pc, #4]	; (baaa0 <_ZZ21module_user_init_hookENUlP6_reentjmPvE_4_FUNES0_jmS1_+0x8>)
   baa9a:	6018      	str	r0, [r3, #0]
    }, nullptr);
   baa9c:	4770      	bx	lr
   baa9e:	bf00      	nop
   baaa0:	2003dad8 	.word	0x2003dad8

000baaa4 <serialEventRun>:
{
   baaa4:	b508      	push	{r3, lr}
    if (serialEvent && Serial.available()>0)
   baaa6:	4b0b      	ldr	r3, [pc, #44]	; (baad4 <serialEventRun+0x30>)
   baaa8:	b143      	cbz	r3, baabc <serialEventRun+0x18>
   baaaa:	f000 fc0b 	bl	bb2c4 <_Z16_fetch_usbserialv>
   baaae:	6803      	ldr	r3, [r0, #0]
   baab0:	691b      	ldr	r3, [r3, #16]
   baab2:	4798      	blx	r3
   baab4:	2800      	cmp	r0, #0
   baab6:	dd01      	ble.n	baabc <serialEventRun+0x18>
        serialEvent();
   baab8:	f3af 8000 	nop.w
    if (serialEvent1 && Serial1.available()>0)
   baabc:	4b06      	ldr	r3, [pc, #24]	; (baad8 <serialEventRun+0x34>)
   baabe:	b143      	cbz	r3, baad2 <serialEventRun+0x2e>
   baac0:	f000 febe 	bl	bb840 <_Z22__fetch_global_Serial1v>
   baac4:	6803      	ldr	r3, [r0, #0]
   baac6:	691b      	ldr	r3, [r3, #16]
   baac8:	4798      	blx	r3
   baaca:	2800      	cmp	r0, #0
   baacc:	dd01      	ble.n	baad2 <serialEventRun+0x2e>
        serialEvent1();
   baace:	f3af 8000 	nop.w
}
   baad2:	bd08      	pop	{r3, pc}
	...

000baadc <_post_loop>:
{
   baadc:	b508      	push	{r3, lr}
	serialEventRun();
   baade:	f7ff ffe1 	bl	baaa4 <serialEventRun>
		return !thread || !thread->isRunning();
	}

	static inline system_tick_t current_time()
	{
		return HAL_Timer_Get_Milli_Seconds();
   baae2:	f7ff fb27 	bl	ba134 <HAL_Timer_Get_Milli_Seconds>
	/**
	 * Lifesign that the application is still working normally.
	 */
	static void checkin()
	{
		last_checkin = current_time();
   baae6:	4b01      	ldr	r3, [pc, #4]	; (baaec <_post_loop+0x10>)
   baae8:	6018      	str	r0, [r3, #0]
}
   baaea:	bd08      	pop	{r3, pc}
   baaec:	2003e74c 	.word	0x2003e74c

000baaf0 <_Z33system_initialize_user_backup_ramv>:
    memcpy(&link_global_retained_start, &link_global_retained_initial_values, len);
   baaf0:	4805      	ldr	r0, [pc, #20]	; (bab08 <_Z33system_initialize_user_backup_ramv+0x18>)
   baaf2:	4a06      	ldr	r2, [pc, #24]	; (bab0c <_Z33system_initialize_user_backup_ramv+0x1c>)
   baaf4:	4906      	ldr	r1, [pc, #24]	; (bab10 <_Z33system_initialize_user_backup_ramv+0x20>)
{
   baaf6:	b508      	push	{r3, lr}
    memcpy(&link_global_retained_start, &link_global_retained_initial_values, len);
   baaf8:	1a12      	subs	r2, r2, r0
   baafa:	f000 ff20 	bl	bb93e <memcpy>
    __backup_sram_signature = signature;
   baafe:	4b05      	ldr	r3, [pc, #20]	; (bab14 <_Z33system_initialize_user_backup_ramv+0x24>)
   bab00:	4a05      	ldr	r2, [pc, #20]	; (bab18 <_Z33system_initialize_user_backup_ramv+0x28>)
   bab02:	601a      	str	r2, [r3, #0]
}
   bab04:	bd08      	pop	{r3, pc}
   bab06:	bf00      	nop
   bab08:	2003f400 	.word	0x2003f400
   bab0c:	2003f404 	.word	0x2003f404
   bab10:	000bc314 	.word	0x000bc314
   bab14:	2003f400 	.word	0x2003f400
   bab18:	9a271c1e 	.word	0x9a271c1e

000bab1c <_Z27ctrl_request_custom_handlerP12ctrl_request>:
void __attribute((weak)) ctrl_request_custom_handler(ctrl_request* req) {
   bab1c:	b507      	push	{r0, r1, r2, lr}
    system_ctrl_set_result(req, SYSTEM_ERROR_NOT_SUPPORTED, nullptr, nullptr, nullptr);
   bab1e:	2300      	movs	r3, #0
   bab20:	9300      	str	r3, [sp, #0]
   bab22:	461a      	mov	r2, r3
   bab24:	f06f 0177 	mvn.w	r1, #119	; 0x77
   bab28:	f7ff fc6e 	bl	ba408 <system_ctrl_set_result>
}
   bab2c:	b003      	add	sp, #12
   bab2e:	f85d fb04 	ldr.w	pc, [sp], #4
	...

000bab34 <_ZL20ctrl_request_handlerP12ctrl_request>:
static void ctrl_request_handler(ctrl_request* req) {
   bab34:	b507      	push	{r0, r1, r2, lr}
    switch (req->type) {
   bab36:	8843      	ldrh	r3, [r0, #2]
   bab38:	2b0a      	cmp	r3, #10
   bab3a:	d008      	beq.n	bab4e <_ZL20ctrl_request_handlerP12ctrl_request+0x1a>
   bab3c:	2b50      	cmp	r3, #80	; 0x50
   bab3e:	d10b      	bne.n	bab58 <_ZL20ctrl_request_handlerP12ctrl_request+0x24>
        if (log_process_ctrl_request_callback) {
   bab40:	4b09      	ldr	r3, [pc, #36]	; (bab68 <_ZL20ctrl_request_handlerP12ctrl_request+0x34>)
   bab42:	681b      	ldr	r3, [r3, #0]
   bab44:	b14b      	cbz	r3, bab5a <_ZL20ctrl_request_handlerP12ctrl_request+0x26>
}
   bab46:	b003      	add	sp, #12
   bab48:	f85d eb04 	ldr.w	lr, [sp], #4
            log_process_ctrl_request_callback(req);
   bab4c:	4718      	bx	r3
        ctrl_request_custom_handler(req);
   bab4e:	f7ff ffe5 	bl	bab1c <_Z27ctrl_request_custom_handlerP12ctrl_request>
}
   bab52:	b003      	add	sp, #12
   bab54:	f85d fb04 	ldr.w	pc, [sp], #4
        system_ctrl_set_result(req, SYSTEM_ERROR_NOT_SUPPORTED, nullptr, nullptr, nullptr);
   bab58:	2300      	movs	r3, #0
   bab5a:	9300      	str	r3, [sp, #0]
   bab5c:	461a      	mov	r2, r3
   bab5e:	f06f 0177 	mvn.w	r1, #119	; 0x77
   bab62:	f7ff fc51 	bl	ba408 <system_ctrl_set_result>
}
   bab66:	e7f4      	b.n	bab52 <_ZL20ctrl_request_handlerP12ctrl_request+0x1e>
   bab68:	2003e6cc 	.word	0x2003e6cc

000bab6c <module_user_init_hook>:
{
   bab6c:	b510      	push	{r4, lr}
    newlib_impure_ptr_callback([](struct _reent* r, size_t size, uint32_t version, void* ctx) -> void {
   bab6e:	4812      	ldr	r0, [pc, #72]	; (babb8 <module_user_init_hook+0x4c>)
   bab70:	2100      	movs	r1, #0
   bab72:	f7ff fd1b 	bl	ba5ac <newlib_impure_ptr_callback>
#endif // HAL_PLATFORM_NEWLIB

#if HAL_PLATFORM_BACKUP_RAM
    backup_ram_was_valid_ = __backup_sram_signature == signature;
   bab76:	4b11      	ldr	r3, [pc, #68]	; (babbc <module_user_init_hook+0x50>)
   bab78:	681a      	ldr	r2, [r3, #0]
   bab7a:	4b11      	ldr	r3, [pc, #68]	; (babc0 <module_user_init_hook+0x54>)
   bab7c:	429a      	cmp	r2, r3
   bab7e:	4b11      	ldr	r3, [pc, #68]	; (babc4 <module_user_init_hook+0x58>)
   bab80:	bf0c      	ite	eq
   bab82:	2201      	moveq	r2, #1
   bab84:	2200      	movne	r2, #0
   bab86:	701a      	strb	r2, [r3, #0]
    if (!backup_ram_was_valid_) {
   bab88:	d001      	beq.n	bab8e <module_user_init_hook+0x22>
        system_initialize_user_backup_ram();
   bab8a:	f7ff ffb1 	bl	baaf0 <_Z33system_initialize_user_backup_ramv>
    }
#endif

#if HAL_PLATFORM_RNG
    // Initialize the default stdlib PRNG using hardware RNG as a seed
    const uint32_t seed = HAL_RNG_GetRandomNumber();
   bab8e:	f7ff fac1 	bl	ba114 <HAL_RNG_GetRandomNumber>
   bab92:	4604      	mov	r4, r0
    srand(seed);
   bab94:	f000 feea 	bl	bb96c <srand>

    // If the user defines random_seed_from_cloud, call it with a seed value
    // generated by a hardware RNG as well.
    if (random_seed_from_cloud) {
   bab98:	4b0b      	ldr	r3, [pc, #44]	; (babc8 <module_user_init_hook+0x5c>)
   bab9a:	b113      	cbz	r3, baba2 <module_user_init_hook+0x36>
        random_seed_from_cloud(seed);
   bab9c:	4620      	mov	r0, r4
   bab9e:	f3af 8000 	nop.w
    }
#endif
    // Register the random_seed_from_cloud handler
    spark_set_random_seed_from_cloud_handler(&random_seed_from_cloud, nullptr);
   baba2:	2100      	movs	r1, #0
   baba4:	4808      	ldr	r0, [pc, #32]	; (babc8 <module_user_init_hook+0x5c>)
   baba6:	f7ff fcb9 	bl	ba51c <spark_set_random_seed_from_cloud_handler>

    // Register application handler for the control requests
    system_ctrl_set_app_request_handler(ctrl_request_handler, nullptr);
}
   babaa:	e8bd 4010 	ldmia.w	sp!, {r4, lr}
    system_ctrl_set_app_request_handler(ctrl_request_handler, nullptr);
   babae:	4807      	ldr	r0, [pc, #28]	; (babcc <module_user_init_hook+0x60>)
   babb0:	2100      	movs	r1, #0
   babb2:	f7ff bc1f 	b.w	ba3f4 <system_ctrl_set_app_request_handler>
   babb6:	bf00      	nop
   babb8:	000baa99 	.word	0x000baa99
   babbc:	2003f400 	.word	0x2003f400
   babc0:	9a271c1e 	.word	0x9a271c1e
   babc4:	2003e6c8 	.word	0x2003e6c8
   babc8:	00000000 	.word	0x00000000
   babcc:	000bab35 	.word	0x000bab35

000babd0 <_ZNSt15_Sp_counted_ptrIPN8particle6detail10FutureImplIbNS1_13FutureContextEEELN9__gnu_cxx12_Lock_policyE0EED1Ev>:
    class _Sp_counted_ptr final : public _Sp_counted_base<_Lp>
   babd0:	4770      	bx	lr

000babd2 <_ZNSt15_Sp_counted_ptrIPN8particle6detail10FutureImplIbNS1_13FutureContextEEELN9__gnu_cxx12_Lock_policyE0EE14_M_get_deleterERKSt9type_info>:
      { return nullptr; }
   babd2:	2000      	movs	r0, #0
   babd4:	4770      	bx	lr

000babd6 <_ZNSt15_Sp_counted_ptrIPN8particle6detail10FutureImplIbNS1_13FutureContextEEELN9__gnu_cxx12_Lock_policyE0EED0Ev>:
    class _Sp_counted_ptr final : public _Sp_counted_base<_Lp>
   babd6:	b510      	push	{r4, lr}
   babd8:	2110      	movs	r1, #16
   babda:	4604      	mov	r4, r0
   babdc:	f7f9 ff19 	bl	b4a12 <_ZdlPvj>
   babe0:	4620      	mov	r0, r4
   babe2:	bd10      	pop	{r4, pc}

000babe4 <_ZNSt15_Sp_counted_ptrIPN8particle6detail10FutureImplIbNS1_13FutureContextEEELN9__gnu_cxx12_Lock_policyE0EE10_M_destroyEv>:
      _M_destroy() noexcept
   babe4:	b508      	push	{r3, lr}
      { delete this; }
   babe6:	f7ff fff6 	bl	babd6 <_ZNSt15_Sp_counted_ptrIPN8particle6detail10FutureImplIbNS1_13FutureContextEEELN9__gnu_cxx12_Lock_policyE0EED0Ev>
   babea:	bd08      	pop	{r3, pc}

000babec <_ZN8particle5ErrorC1EOS0_>:

inline particle::Error::Error(const Error& error) :
        Error(error.type_, error.msg_) {
}

inline particle::Error::Error(Error&& error) :
   babec:	b530      	push	{r4, r5, lr}
        type_(type) {
   babee:	2200      	movs	r2, #0
   babf0:	f64f 749c 	movw	r4, #65436	; 0xff9c
   babf4:	6002      	str	r2, [r0, #0]
   babf6:	8084      	strh	r4, [r0, #4]
      __a = _GLIBCXX_MOVE(__b);
   babf8:	888d      	ldrh	r5, [r1, #4]
      __b = _GLIBCXX_MOVE(__tmp);
   babfa:	808c      	strh	r4, [r1, #4]
      __a = _GLIBCXX_MOVE(__b);
   babfc:	680c      	ldr	r4, [r1, #0]
   babfe:	8085      	strh	r5, [r0, #4]
   bac00:	6004      	str	r4, [r0, #0]
      __b = _GLIBCXX_MOVE(__tmp);
   bac02:	600a      	str	r2, [r1, #0]
        Error() {
    swap(*this, error);
}
   bac04:	bd30      	pop	{r4, r5, pc}

000bac06 <_ZN8particle5ErrorD1Ev>:

inline particle::Error::~Error() {
   bac06:	b510      	push	{r4, lr}
   bac08:	4604      	mov	r4, r0
    free((void*)msg_);
   bac0a:	6800      	ldr	r0, [r0, #0]
   bac0c:	f7ff fc96 	bl	ba53c <free>
}
   bac10:	4620      	mov	r0, r4
   bac12:	bd10      	pop	{r4, pc}

000bac14 <_ZNSt15_Sp_counted_ptrIPN8particle6detail10FutureImplIbNS1_13FutureContextEEELN9__gnu_cxx12_Lock_policyE0EE10_M_disposeEv>:
      _M_dispose() noexcept
   bac14:	b538      	push	{r3, r4, r5, lr}
      { delete _M_ptr; }
   bac16:	68c4      	ldr	r4, [r0, #12]
   bac18:	b1f4      	cbz	r4, bac58 <_ZNSt15_Sp_counted_ptrIPN8particle6detail10FutureImplIbNS1_13FutureContextEEELN9__gnu_cxx12_Lock_policyE0EE10_M_disposeEv+0x44>
      _Tp
      load(memory_order __m = memory_order_seq_cst) const noexcept
      {
	alignas(_Tp) unsigned char __buf[sizeof(_Tp)];
	_Tp* __ptr = reinterpret_cast<_Tp*>(__buf);
	__atomic_load(std::__addressof(_M_i), __ptr, int(__m));
   bac1a:	7823      	ldrb	r3, [r4, #0]
    ~FutureImpl() {
        // Call destructor of the appropriate unnamed enum's field
        const State s = this->state();
        if (s == State::SUCCEEDED) {
            result_.~ResultT();
        } else if (s == State::FAILED) {
   bac1c:	2b02      	cmp	r3, #2
   bac1e:	d103      	bne.n	bac28 <_ZNSt15_Sp_counted_ptrIPN8particle6detail10FutureImplIbNS1_13FutureContextEEELN9__gnu_cxx12_Lock_policyE0EE10_M_disposeEv+0x14>
            error_.~Error();
   bac20:	f104 000c 	add.w	r0, r4, #12
   bac24:	f7ff ffef 	bl	bac06 <_ZN8particle5ErrorD1Ev>
      {
	memory_order __b = __m & __memory_order_mask;
	__glibcxx_assert(__b != memory_order_release);
	__glibcxx_assert(__b != memory_order_acq_rel);

	return __atomic_load_n(&_M_p, int(__m));
   bac28:	6865      	ldr	r5, [r4, #4]
        delete onSuccess_.load(std::memory_order_relaxed);
   bac2a:	b135      	cbz	r5, bac3a <_ZNSt15_Sp_counted_ptrIPN8particle6detail10FutureImplIbNS1_13FutureContextEEELN9__gnu_cxx12_Lock_policyE0EE10_M_disposeEv+0x26>
   *  @ingroup functors
   *
   *  Polymorphic function wrapper.
   */
  template<typename _Res, typename... _ArgTypes>
    class function<_Res(_ArgTypes...)>
   bac2c:	4628      	mov	r0, r5
   bac2e:	f7ff fe1d 	bl	ba86c <_ZNSt14_Function_baseD1Ev>
   bac32:	2110      	movs	r1, #16
   bac34:	4628      	mov	r0, r5
   bac36:	f7f9 feec 	bl	b4a12 <_ZdlPvj>
   bac3a:	68a5      	ldr	r5, [r4, #8]
        delete onError_.load(std::memory_order_relaxed);
   bac3c:	b135      	cbz	r5, bac4c <_ZNSt15_Sp_counted_ptrIPN8particle6detail10FutureImplIbNS1_13FutureContextEEELN9__gnu_cxx12_Lock_policyE0EE10_M_disposeEv+0x38>
   bac3e:	4628      	mov	r0, r5
   bac40:	f7ff fe14 	bl	ba86c <_ZNSt14_Function_baseD1Ev>
   bac44:	2110      	movs	r1, #16
   bac46:	4628      	mov	r0, r5
   bac48:	f7f9 fee3 	bl	b4a12 <_ZdlPvj>
   bac4c:	4620      	mov	r0, r4
   bac4e:	2114      	movs	r1, #20
   bac50:	e8bd 4038 	ldmia.w	sp!, {r3, r4, r5, lr}
   bac54:	f7f9 bedd 	b.w	b4a12 <_ZdlPvj>
   bac58:	bd38      	pop	{r3, r4, r5, pc}

000bac5a <_ZNSt12__shared_ptrIN8particle6detail10FutureImplIbNS1_13FutureContextEEELN9__gnu_cxx12_Lock_policyE0EEC1ERKS7_>:
	{
	  _M_refcount._M_swap(__r._M_refcount);
	  __r._M_ptr = 0;
	}

      __shared_ptr(const __shared_ptr&) noexcept = default;
   bac5a:	680b      	ldr	r3, [r1, #0]
   bac5c:	6003      	str	r3, [r0, #0]
      : _M_pi(__r._M_pi)
   bac5e:	684b      	ldr	r3, [r1, #4]
   bac60:	6043      	str	r3, [r0, #4]
	if (_M_pi != 0)
   bac62:	b113      	cbz	r3, bac6a <_ZNSt12__shared_ptrIN8particle6detail10FutureImplIbNS1_13FutureContextEEELN9__gnu_cxx12_Lock_policyE0EEC1ERKS7_+0x10>
    { ++_M_use_count; }
   bac64:	685a      	ldr	r2, [r3, #4]
   bac66:	3201      	adds	r2, #1
   bac68:	605a      	str	r2, [r3, #4]
      __shared_ptr(const __shared_ptr&) noexcept = default;
   bac6a:	4770      	bx	lr

000bac6c <_ZN8particle11PromiseBaseIbNS_6detail13FutureContextEE11fromDataPtrEPv>:
        // TODO: Use custom reference counting object to avoid unnecessary memory allocation
        return new detail::FutureImplPtr<ResultT, ContextT>(p_);
    }

    // Unwraps promise from an object pointer created via dataPtr() method
    static Promise<ResultT, ContextT> fromDataPtr(void* data) {
   bac6c:	b537      	push	{r0, r1, r2, r4, r5, lr}
   bac6e:	4604      	mov	r4, r0
       *  @brief  Construct an empty %shared_ptr.
       *  @post   use_count()==0 && get()==0
       */
      constexpr shared_ptr() noexcept : __shared_ptr<_Tp>() { }

      shared_ptr(const shared_ptr&) noexcept = default; ///< Copy constructor
   bac70:	4668      	mov	r0, sp
   bac72:	460d      	mov	r5, r1
   bac74:	f7ff fff1 	bl	bac5a <_ZNSt12__shared_ptrIN8particle6detail10FutureImplIbNS1_13FutureContextEEELN9__gnu_cxx12_Lock_policyE0EEC1ERKS7_>
	__shared_ptr(const __shared_ptr<_Yp, _Lp>& __r) noexcept
	: _M_ptr(__r._M_ptr), _M_refcount(__r._M_refcount)
	{ }

      __shared_ptr(__shared_ptr&& __r) noexcept
      : _M_ptr(__r._M_ptr), _M_refcount()
   bac78:	9b00      	ldr	r3, [sp, #0]
	_Sp_counted_base<_Lp>* __tmp = __r._M_pi;
   bac7a:	9a01      	ldr	r2, [sp, #4]
      : _M_ptr(__r._M_ptr), _M_refcount()
   bac7c:	6023      	str	r3, [r4, #0]
	_M_pi = __tmp;
   bac7e:	6062      	str	r2, [r4, #4]
	__r._M_pi = _M_pi;
   bac80:	2300      	movs	r3, #0
      ~__shared_ptr() = default;
   bac82:	a801      	add	r0, sp, #4
	__r._M_pi = _M_pi;
   bac84:	9301      	str	r3, [sp, #4]
      {
	_M_refcount._M_swap(__r._M_refcount);
	__r._M_ptr = 0;
   bac86:	9300      	str	r3, [sp, #0]
      ~__shared_ptr() = default;
   bac88:	f7ff fcd6 	bl	ba638 <_ZNSt14__shared_countILN9__gnu_cxx12_Lock_policyE0EED1Ev>
        auto d = static_cast<detail::FutureImplPtr<ResultT, ContextT>*>(data);
        const Promise<ResultT, ContextT> p(*d);
        delete d;
   bac8c:	b135      	cbz	r5, bac9c <_ZN8particle11PromiseBaseIbNS_6detail13FutureContextEE11fromDataPtrEPv+0x30>
   bac8e:	1d28      	adds	r0, r5, #4
   bac90:	f7ff fcd2 	bl	ba638 <_ZNSt14__shared_countILN9__gnu_cxx12_Lock_policyE0EED1Ev>
   bac94:	2108      	movs	r1, #8
   bac96:	4628      	mov	r0, r5
   bac98:	f7f9 febb 	bl	b4a12 <_ZdlPvj>
        return p;
    }
   bac9c:	4620      	mov	r0, r4
   bac9e:	b003      	add	sp, #12
   baca0:	bd30      	pop	{r4, r5, pc}

000baca2 <_ZNKSt8functionIFvRKN8particle5ErrorEEEclES3_>:
  template<typename _Res, typename... _ArgTypes>
    _Res
    function<_Res(_ArgTypes...)>::
    operator()(_ArgTypes... __args) const
    {
      if (_M_empty())
   baca2:	6882      	ldr	r2, [r0, #8]
    function<_Res(_ArgTypes...)>::
   baca4:	b510      	push	{r4, lr}
      if (_M_empty())
   baca6:	b90a      	cbnz	r2, bacac <_ZNKSt8functionIFvRKN8particle5ErrorEEEclES3_+0xa>
	__throw_bad_function_call();
   baca8:	f000 fe30 	bl	bb90c <_ZSt25__throw_bad_function_callv>
      return _M_invoker(_M_functor, std::forward<_ArgTypes>(__args)...);
    }
   bacac:	e8bd 4010 	ldmia.w	sp!, {r4, lr}
      return _M_invoker(_M_functor, std::forward<_ArgTypes>(__args)...);
   bacb0:	68c3      	ldr	r3, [r0, #12]
   bacb2:	4718      	bx	r3

000bacb4 <_ZNSt17_Function_handlerIFvvESt5_BindIFSt8functionIFvRKN8particle5ErrorEEES4_EEE9_M_invokeERKSt9_Any_data>:
      _M_invoke(const _Any_data& __functor, _ArgTypes&&... __args)
   bacb4:	b508      	push	{r3, lr}
	    return __source._M_access<_Functor*>();
   bacb6:	6800      	ldr	r0, [r0, #0]
    { return static_cast<_Up&&>(__t); }

  template<typename _Res, typename _Fn, typename... _Args>
    constexpr _Res
    __invoke_impl(__invoke_other, _Fn&& __f, _Args&&... __args)
    { return std::forward<_Fn>(__f)(std::forward<_Args>(__args)...); }
   bacb8:	f100 0110 	add.w	r1, r0, #16
   bacbc:	f7ff fff1 	bl	baca2 <_ZNKSt8functionIFvRKN8particle5ErrorEEEclES3_>
      }
   bacc0:	bd08      	pop	{r3, pc}

000bacc2 <_ZNKSt8functionIFvRKbEEclES1_>:
      if (_M_empty())
   bacc2:	6882      	ldr	r2, [r0, #8]
    function<_Res(_ArgTypes...)>::
   bacc4:	b510      	push	{r4, lr}
      if (_M_empty())
   bacc6:	b90a      	cbnz	r2, baccc <_ZNKSt8functionIFvRKbEEclES1_+0xa>
	__throw_bad_function_call();
   bacc8:	f000 fe20 	bl	bb90c <_ZSt25__throw_bad_function_callv>
    }
   baccc:	e8bd 4010 	ldmia.w	sp!, {r4, lr}
      return _M_invoker(_M_functor, std::forward<_ArgTypes>(__args)...);
   bacd0:	68c3      	ldr	r3, [r0, #12]
   bacd2:	4718      	bx	r3

000bacd4 <_ZNSt17_Function_handlerIFvvESt5_BindIFSt8functionIFvRKbEEbEEE9_M_invokeERKSt9_Any_data>:
      _M_invoke(const _Any_data& __functor, _ArgTypes&&... __args)
   bacd4:	b508      	push	{r3, lr}
	    return __source._M_access<_Functor*>();
   bacd6:	6800      	ldr	r0, [r0, #0]
   bacd8:	f100 0110 	add.w	r1, r0, #16
   bacdc:	f7ff fff1 	bl	bacc2 <_ZNKSt8functionIFvRKbEEclES1_>
      }
   bace0:	bd08      	pop	{r3, pc}
	...

000bace4 <_ZNSt14__shared_countILN9__gnu_cxx12_Lock_policyE0EEC1IPN8particle6detail10FutureImplIbNS5_13FutureContextEEEEET_>:
	__shared_count(_Ptr __p) : _M_pi(0)
   bace4:	b538      	push	{r3, r4, r5, lr}
   bace6:	2300      	movs	r3, #0
   bace8:	4604      	mov	r4, r0
   bacea:	6003      	str	r3, [r0, #0]
	      _M_pi = new _Sp_counted_ptr<_Ptr, _Lp>(__p);
   bacec:	2010      	movs	r0, #16
	__shared_count(_Ptr __p) : _M_pi(0)
   bacee:	460d      	mov	r5, r1
	      _M_pi = new _Sp_counted_ptr<_Ptr, _Lp>(__p);
   bacf0:	f7f9 fe8b 	bl	b4a0a <_Znwj>
   bacf4:	b128      	cbz	r0, bad02 <_ZNSt14__shared_countILN9__gnu_cxx12_Lock_policyE0EEC1IPN8particle6detail10FutureImplIbNS5_13FutureContextEEEEET_+0x1e>
      : _M_use_count(1), _M_weak_count(1) { }
   bacf6:	2301      	movs	r3, #1
   bacf8:	e9c0 3301 	strd	r3, r3, [r0, #4]
      : _M_ptr(__p) { }
   bacfc:	4b02      	ldr	r3, [pc, #8]	; (bad08 <_ZNSt14__shared_countILN9__gnu_cxx12_Lock_policyE0EEC1IPN8particle6detail10FutureImplIbNS5_13FutureContextEEEEET_+0x24>)
   bacfe:	6003      	str	r3, [r0, #0]
   bad00:	60c5      	str	r5, [r0, #12]
	      _M_pi = new _Sp_counted_ptr<_Ptr, _Lp>(__p);
   bad02:	6020      	str	r0, [r4, #0]
	}
   bad04:	4620      	mov	r0, r4
   bad06:	bd38      	pop	{r3, r4, r5, pc}
   bad08:	000bc068 	.word	0x000bc068

000bad0c <_ZN8particle10FutureBaseIbNS_6detail13FutureContextEEC1ENS_5Error4TypeE>:
    // Construct failed future
    explicit FutureBase(Error error) :
            p_(new detail::FutureImpl<ResultT, ContextT>(std::move(error))) {
    }

    explicit FutureBase(Error::Type error) :
   bad0c:	b57f      	push	{r0, r1, r2, r3, r4, r5, r6, lr}
   bad0e:	4605      	mov	r5, r0
        type_(type) {
   bad10:	f8ad 1004 	strh.w	r1, [sp, #4]
   bad14:	2600      	movs	r6, #0
            p_(new detail::FutureImpl<ResultT, ContextT>(std::move(error))) {
   bad16:	4669      	mov	r1, sp
   bad18:	a802      	add	r0, sp, #8
   bad1a:	9600      	str	r6, [sp, #0]
   bad1c:	f7ff ff66 	bl	babec <_ZN8particle5ErrorC1EOS0_>
   bad20:	2014      	movs	r0, #20
   bad22:	f7f9 fe72 	bl	b4a0a <_Znwj>
   bad26:	4604      	mov	r4, r0
   bad28:	b148      	cbz	r0, bad3e <_ZN8particle10FutureBaseIbNS_6detail13FutureContextEEC1ENS_5Error4TypeE+0x32>
      constexpr atomic(_Tp __i) noexcept : _M_i(__i) { }
   bad2a:	2302      	movs	r3, #2
   bad2c:	7003      	strb	r3, [r0, #0]
      constexpr __atomic_base(__int_type __i) noexcept : _M_i (__i) { }
   bad2e:	2301      	movs	r3, #1
      constexpr __atomic_base(__pointer_type __p) noexcept : _M_p (__p) { }
   bad30:	e9c0 6601 	strd	r6, r6, [r0, #4]
      constexpr __atomic_base(__int_type __i) noexcept : _M_i (__i) { }
   bad34:	7043      	strb	r3, [r0, #1]
            error_(std::move(error)) {
   bad36:	a902      	add	r1, sp, #8
   bad38:	300c      	adds	r0, #12
   bad3a:	f7ff ff57 	bl	babec <_ZN8particle5ErrorC1EOS0_>
	: _M_ptr(__p), _M_refcount(__p, typename is_array<_Tp>::type())
   bad3e:	4628      	mov	r0, r5
	: __shared_count(__p)
   bad40:	4621      	mov	r1, r4
	: _M_ptr(__p), _M_refcount(__p, typename is_array<_Tp>::type())
   bad42:	f840 4b04 	str.w	r4, [r0], #4
	: __shared_count(__p)
   bad46:	f7ff ffcd 	bl	bace4 <_ZNSt14__shared_countILN9__gnu_cxx12_Lock_policyE0EEC1IPN8particle6detail10FutureImplIbNS5_13FutureContextEEEEET_>
            p_(new detail::FutureImpl<ResultT, ContextT>(std::move(error))) {
   bad4a:	a802      	add	r0, sp, #8
   bad4c:	f7ff ff5b 	bl	bac06 <_ZN8particle5ErrorD1Ev>
            FutureBase(Error(error)) {
   bad50:	4668      	mov	r0, sp
   bad52:	f7ff ff58 	bl	bac06 <_ZN8particle5ErrorD1Ev>
    }
   bad56:	4628      	mov	r0, r5
   bad58:	b004      	add	sp, #16
   bad5a:	bd70      	pop	{r4, r5, r6, pc}

000bad5c <_ZNSt8functionIFvRKN8particle5ErrorEEEC1ERKS5_>:
    function<_Res(_ArgTypes...)>::
   bad5c:	b538      	push	{r3, r4, r5, lr}
    _Function_base() : _M_manager(nullptr) { }
   bad5e:	2300      	movs	r3, #0
   bad60:	6083      	str	r3, [r0, #8]
    bool _M_empty() const { return !_M_manager; }
   bad62:	688b      	ldr	r3, [r1, #8]
    function<_Res(_ArgTypes...)>::
   bad64:	4604      	mov	r4, r0
   bad66:	460d      	mov	r5, r1
      if (static_cast<bool>(__x))
   bad68:	b12b      	cbz	r3, bad76 <_ZNSt8functionIFvRKN8particle5ErrorEEEC1ERKS5_+0x1a>
	  __x._M_manager(_M_functor, __x._M_functor, __clone_functor);
   bad6a:	2202      	movs	r2, #2
   bad6c:	4798      	blx	r3
	  _M_invoker = __x._M_invoker;
   bad6e:	68eb      	ldr	r3, [r5, #12]
   bad70:	60e3      	str	r3, [r4, #12]
	  _M_manager = __x._M_manager;
   bad72:	68ab      	ldr	r3, [r5, #8]
   bad74:	60a3      	str	r3, [r4, #8]
    }
   bad76:	4620      	mov	r0, r4
   bad78:	bd38      	pop	{r3, r4, r5, pc}
	...

000bad7c <_ZN8particle11PromiseBaseIbNS_6detail13FutureContextEE8setErrorENS_5ErrorE>:
    void setError(Error error) {
   bad7c:	b5f0      	push	{r4, r5, r6, r7, lr}
   bad7e:	b089      	sub	sp, #36	; 0x24
        { __shared_ptr(__p, std::move(__d), std::move(__a)).swap(*this); }

      /// Return the stored pointer.
      element_type*
      get() const noexcept
      { return _M_ptr; }
   bad80:	6804      	ldr	r4, [r0, #0]
        p_->setError(std::move(error));
   bad82:	4668      	mov	r0, sp
   bad84:	f7ff ff32 	bl	babec <_ZN8particle5ErrorC1EOS0_>

      bool
      compare_exchange_strong(_Tp& __e, _Tp __i, memory_order __s,
			      memory_order __f) noexcept
      {
	return __atomic_compare_exchange(std::__addressof(_M_i),
   bad88:	f04f 0302 	mov.w	r3, #2
   bad8c:	e8d4 2f4f 	ldrexb	r2, [r4]
   bad90:	2a00      	cmp	r2, #0
   bad92:	d103      	bne.n	bad9c <_ZN8particle11PromiseBaseIbNS_6detail13FutureContextEE8setErrorENS_5ErrorE+0x20>
   bad94:	e8c4 3f41 	strexb	r1, r3, [r4]
   bad98:	2900      	cmp	r1, #0
   bad9a:	d1f7      	bne.n	bad8c <_ZN8particle11PromiseBaseIbNS_6detail13FutureContextEE8setErrorENS_5ErrorE+0x10>
        if (this->changeState(State::FAILED)) {
   bad9c:	d125      	bne.n	badea <_ZN8particle11PromiseBaseIbNS_6detail13FutureContextEE8setErrorENS_5ErrorE+0x6e>
            new(&error_) Error(std::move(error));
   bad9e:	f104 050c 	add.w	r5, r4, #12
   bada2:	4669      	mov	r1, sp
   bada4:	4628      	mov	r0, r5
   bada6:	f7ff ff21 	bl	babec <_ZN8particle5ErrorC1EOS0_>
	__atomic_store_n(&_M_i, __i, int(__m));
   badaa:	f3bf 8f5b 	dmb	ish
   badae:	2301      	movs	r3, #1
   badb0:	7063      	strb	r3, [r4, #1]

      _GLIBCXX_ALWAYS_INLINE __pointer_type
      exchange(__pointer_type __p,
	       memory_order __m = memory_order_seq_cst) noexcept
      {
	return __atomic_exchange_n(&_M_p, __p, int(__m));
   badb2:	2000      	movs	r0, #0
   badb4:	f104 0308 	add.w	r3, r4, #8
   badb8:	f3bf 8f5b 	dmb	ish
   badbc:	e853 6f00 	ldrex	r6, [r3]
   badc0:	e843 0200 	strex	r2, r0, [r3]
   badc4:	2a00      	cmp	r2, #0
   badc6:	d1f9      	bne.n	badbc <_ZN8particle11PromiseBaseIbNS_6detail13FutureContextEE8setErrorENS_5ErrorE+0x40>
   badc8:	f3bf 8f5b 	dmb	ish
        if (callbackPtr) {
   badcc:	b16e      	cbz	r6, badea <_ZN8particle11PromiseBaseIbNS_6detail13FutureContextEE8setErrorENS_5ErrorE+0x6e>
        return (application_thread_current(nullptr) != 0);
   badce:	f7ff fb01 	bl	ba3d4 <application_thread_current>
        if (ContextT::isApplicationThreadCurrent()) {
   badd2:	b178      	cbz	r0, badf4 <_ZN8particle11PromiseBaseIbNS_6detail13FutureContextEE8setErrorENS_5ErrorE+0x78>
            callback(std::forward<ArgsT>(args)...); // Synchronous call
   badd4:	4629      	mov	r1, r5
   badd6:	4630      	mov	r0, r6
   badd8:	f7ff ff63 	bl	baca2 <_ZNKSt8functionIFvRKN8particle5ErrorEEEclES3_>
    class function<_Res(_ArgTypes...)>
   baddc:	4630      	mov	r0, r6
   badde:	f7ff fd45 	bl	ba86c <_ZNSt14_Function_baseD1Ev>
            delete callbackPtr;
   bade2:	2110      	movs	r1, #16
   bade4:	4630      	mov	r0, r6
   bade6:	f7f9 fe14 	bl	b4a12 <_ZdlPvj>
        p_->setError(std::move(error));
   badea:	4668      	mov	r0, sp
   badec:	f7ff ff0b 	bl	bac06 <_ZN8particle5ErrorD1Ev>
    }
   badf0:	b009      	add	sp, #36	; 0x24
   badf2:	bdf0      	pop	{r4, r5, r6, r7, pc}

     public:
      template<typename... _Args>
	explicit _GLIBCXX20_CONSTEXPR
	_Bind(const _Functor& __f, _Args&&... __args)
	: _M_f(__f), _M_bound_args(std::forward<_Args>(__args)...)
   badf4:	4631      	mov	r1, r6
   badf6:	a802      	add	r0, sp, #8
   badf8:	f7ff ffb0 	bl	bad5c <_ZNSt8functionIFvRKN8particle5ErrorEEEC1ERKS5_>
        Error(error.type_, error.msg_) {
   badfc:	68e0      	ldr	r0, [r4, #12]
   badfe:	f9b4 5010 	ldrsh.w	r5, [r4, #16]
        msg_(msg ? (const char*)strdup(msg) : nullptr),
   bae02:	b108      	cbz	r0, bae08 <_ZN8particle11PromiseBaseIbNS_6detail13FutureContextEE8setErrorENS_5ErrorE+0x8c>
   bae04:	f000 fde0 	bl	bb9c8 <strdup>
        type_(type) {
   bae08:	9006      	str	r0, [sp, #24]
            auto callbackPtr = new std::function<void()>(std::bind(callback, std::forward<ArgsT>(args)...));
   bae0a:	2010      	movs	r0, #16
   bae0c:	f8ad 501c 	strh.w	r5, [sp, #28]
   bae10:	f7f9 fdfb 	bl	b4a0a <_Znwj>
   bae14:	4605      	mov	r5, r0
   bae16:	b1e8      	cbz	r0, bae54 <_ZN8particle11PromiseBaseIbNS_6detail13FutureContextEE8setErrorENS_5ErrorE+0xd8>
    _Function_base() : _M_manager(nullptr) { }
   bae18:	2700      	movs	r7, #0
   bae1a:	6087      	str	r7, [r0, #8]
	{ __functor._M_access<_Functor*>() = new _Functor(std::move(__f)); }
   bae1c:	2018      	movs	r0, #24
   bae1e:	f7f9 fdf4 	bl	b4a0a <_Znwj>
   bae22:	4604      	mov	r4, r0
   bae24:	b188      	cbz	r0, bae4a <_ZN8particle11PromiseBaseIbNS_6detail13FutureContextEE8setErrorENS_5ErrorE+0xce>
	std::swap(_M_functor, __x._M_functor);
   bae26:	4601      	mov	r1, r0
    _Function_base() : _M_manager(nullptr) { }
   bae28:	6087      	str	r7, [r0, #8]
	std::swap(_M_functor, __x._M_functor);
   bae2a:	a802      	add	r0, sp, #8
   bae2c:	f7ff fd3a 	bl	ba8a4 <_ZSt4swapISt9_Any_dataENSt9enable_ifIXsrSt6__and_IJSt6__not_ISt15__is_tuple_likeIT_EESt21is_move_constructibleIS5_ESt18is_move_assignableIS5_EEE5valueEvE4typeERS5_SF_>
      _Tp __tmp = _GLIBCXX_MOVE(__a);
   bae30:	9b04      	ldr	r3, [sp, #16]
      __a = _GLIBCXX_MOVE(__b);
   bae32:	68a2      	ldr	r2, [r4, #8]
      __b = _GLIBCXX_MOVE(__tmp);
   bae34:	60a3      	str	r3, [r4, #8]
      _Tp __tmp = _GLIBCXX_MOVE(__a);
   bae36:	9b05      	ldr	r3, [sp, #20]
      __a = _GLIBCXX_MOVE(__b);
   bae38:	9204      	str	r2, [sp, #16]
      constexpr _Head_base(const _Head_base&) = default;
      constexpr _Head_base(_Head_base&&) = default;

      template<typename _UHead>
        constexpr _Head_base(_UHead&& __h)
	: _M_head_impl(std::forward<_UHead>(__h)) { }
   bae3a:	a906      	add	r1, sp, #24
   bae3c:	68e2      	ldr	r2, [r4, #12]
      __b = _GLIBCXX_MOVE(__tmp);
   bae3e:	60e3      	str	r3, [r4, #12]
   bae40:	f104 0010 	add.w	r0, r4, #16
      __a = _GLIBCXX_MOVE(__b);
   bae44:	9205      	str	r2, [sp, #20]
   bae46:	f7ff fed1 	bl	babec <_ZN8particle5ErrorC1EOS0_>
	    _M_invoker = &_My_handler::_M_invoke;
   bae4a:	4b08      	ldr	r3, [pc, #32]	; (bae6c <_ZN8particle11PromiseBaseIbNS_6detail13FutureContextEE8setErrorENS_5ErrorE+0xf0>)
   bae4c:	60eb      	str	r3, [r5, #12]
	    _M_manager = &_My_handler::_M_manager;
   bae4e:	4b08      	ldr	r3, [pc, #32]	; (bae70 <_ZN8particle11PromiseBaseIbNS_6detail13FutureContextEE8setErrorENS_5ErrorE+0xf4>)
	{ __functor._M_access<_Functor*>() = new _Functor(std::move(__f)); }
   bae50:	602c      	str	r4, [r5, #0]
	    _M_manager = &_My_handler::_M_manager;
   bae52:	60ab      	str	r3, [r5, #8]
    struct _Head_base<_Idx, _Head, false>
   bae54:	a806      	add	r0, sp, #24
   bae56:	f7ff fed6 	bl	bac06 <_ZN8particle5ErrorD1Ev>
    class function<_Res(_ArgTypes...)>
   bae5a:	a802      	add	r0, sp, #8
   bae5c:	f7ff fd06 	bl	ba86c <_ZNSt14_Function_baseD1Ev>
        return (application_thread_invoke(callback, data, nullptr) == 0);
   bae60:	2200      	movs	r2, #0
   bae62:	4629      	mov	r1, r5
   bae64:	4803      	ldr	r0, [pc, #12]	; (bae74 <_ZN8particle11PromiseBaseIbNS_6detail13FutureContextEE8setErrorENS_5ErrorE+0xf8>)
   bae66:	f7ff fabd 	bl	ba3e4 <application_thread_invoke>
   bae6a:	e7b7      	b.n	baddc <_ZN8particle11PromiseBaseIbNS_6detail13FutureContextEE8setErrorENS_5ErrorE+0x60>
   bae6c:	000bacb5 	.word	0x000bacb5
   bae70:	000baf51 	.word	0x000baf51
   bae74:	000bb44d 	.word	0x000bb44d

000bae78 <_ZN10CloudClass13publish_eventEPKcS1_jiiN8particle5FlagsI15PublishFlagTypehEE>:
    desc.funcKey = funcKey;
    return spark_function(NULL, (user_function_int_str_t*)&desc, NULL);
}

Future<bool> CloudClass::publish_event(const char* name, const char* data, size_t size, int type, int ttl,
        PublishFlags flags) {
   bae78:	e92d 43f0 	stmdb	sp!, {r4, r5, r6, r7, r8, r9, lr}
   bae7c:	b08d      	sub	sp, #52	; 0x34
   bae7e:	4604      	mov	r4, r0
   bae80:	f89d 8058 	ldrb.w	r8, [sp, #88]	; 0x58
   bae84:	460e      	mov	r6, r1
   bae86:	4617      	mov	r7, r2
   bae88:	4699      	mov	r9, r3
    static void sleep(Spark_Sleep_TypeDef sleepMode, long seconds=0) __attribute__ ((deprecated("Please use System.sleep() instead.")))
    { SystemClass::sleep(sleepMode, seconds); }
    static void sleep(uint16_t wakeUpPin, InterruptMode edgeTriggerMode, long seconds=0) __attribute__ ((deprecated("Please use System.sleep() instead.")))
    { SystemClass::sleep(wakeUpPin, edgeTriggerMode, seconds); }

    static bool connected(void) { return spark_cloud_flag_connected(); }
   bae8a:	f7ff fb37 	bl	ba4fc <spark_cloud_flag_connected>
    if (!connected()) {
   bae8e:	b940      	cbnz	r0, baea2 <_ZN10CloudClass13publish_eventEPKcS1_jiiN8particle5FlagsI15PublishFlagTypehEE+0x2a>
};

template<typename ResultT, typename ContextT = detail::FutureContext>
class Future: public FutureBase<ResultT, ContextT> {
public:
    using FutureBase<ResultT, ContextT>::FutureBase;
   bae90:	f06f 01d1 	mvn.w	r1, #209	; 0xd1
   bae94:	4620      	mov	r0, r4
   bae96:	f7ff ff39 	bl	bad0c <_ZN8particle10FutureBaseIbNS_6detail13FutureContextEEC1ENS_5Error4TypeE>
        p.setError(Error::UNKNOWN);
        p.fromDataPtr(d.handler_data); // Free wrapper object
    }

    return p.future();
}
   bae9a:	4620      	mov	r0, r4
   bae9c:	b00d      	add	sp, #52	; 0x34
   bae9e:	e8bd 83f0 	ldmia.w	sp!, {r4, r5, r6, r7, r8, r9, pc}
    d.content_type = static_cast<int>(type);
   baea2:	9b14      	ldr	r3, [sp, #80]	; 0x50
    d.data_size = size;
   baea4:	f8cd 9028 	str.w	r9, [sp, #40]	; 0x28
    d.size = sizeof(spark_send_event_data);
   baea8:	2014      	movs	r0, #20
    spark_send_event_data d = {};
   baeaa:	2500      	movs	r5, #0
   baeac:	e9cd 5508 	strd	r5, r5, [sp, #32]
    d.size = sizeof(spark_send_event_data);
   baeb0:	9007      	str	r0, [sp, #28]
    d.content_type = static_cast<int>(type);
   baeb2:	930b      	str	r3, [sp, #44]	; 0x2c
            p_(new detail::FutureImpl<ResultT, ContextT>(State::RUNNING)) {
   baeb4:	f7f9 fda9 	bl	b4a0a <_Znwj>
   baeb8:	4601      	mov	r1, r0
   baeba:	b118      	cbz	r0, baec4 <_ZN10CloudClass13publish_eventEPKcS1_jiiN8particle5FlagsI15PublishFlagTypehEE+0x4c>
      constexpr __atomic_base(__pointer_type __p) noexcept : _M_p (__p) { }
   baebc:	e9c0 5501 	strd	r5, r5, [r0, #4]
      constexpr atomic(_Tp __i) noexcept : _M_i(__i) { }
   baec0:	7005      	strb	r5, [r0, #0]
      constexpr __atomic_base(__int_type __i) noexcept : _M_i (__i) { }
   baec2:	7045      	strb	r5, [r0, #1]
	: __shared_count(__p)
   baec4:	a804      	add	r0, sp, #16
	: _M_ptr(__p), _M_refcount(__p, typename is_array<_Tp>::type())
   baec6:	9103      	str	r1, [sp, #12]
	: __shared_count(__p)
   baec8:	f7ff ff0c 	bl	bace4 <_ZNSt14__shared_countILN9__gnu_cxx12_Lock_policyE0EEC1IPN8particle6detail10FutureImplIbNS5_13FutureContextEEEEET_>
    d.handler_callback = publishCompletionCallback;
   baecc:	4b1f      	ldr	r3, [pc, #124]	; (baf4c <_ZN10CloudClass13publish_eventEPKcS1_jiiN8particle5FlagsI15PublishFlagTypehEE+0xd4>)
   baece:	9308      	str	r3, [sp, #32]
        return new detail::FutureImplPtr<ResultT, ContextT>(p_);
   baed0:	2008      	movs	r0, #8
   baed2:	f7f9 fd9a 	bl	b4a0a <_Znwj>
   baed6:	4605      	mov	r5, r0
   baed8:	b110      	cbz	r0, baee0 <_ZN10CloudClass13publish_eventEPKcS1_jiiN8particle5FlagsI15PublishFlagTypehEE+0x68>
   baeda:	a903      	add	r1, sp, #12
   baedc:	f7ff febd 	bl	bac5a <_ZNSt12__shared_ptrIN8particle6detail10FutureImplIbNS1_13FutureContextEEELN9__gnu_cxx12_Lock_policyE0EEC1ERKS7_>
    if (!spark_send_event(name, data, ttl, flags.value(), &d) && !p.isDone()) {
   baee0:	ab07      	add	r3, sp, #28
   baee2:	9300      	str	r3, [sp, #0]
   baee4:	9a15      	ldr	r2, [sp, #84]	; 0x54
    d.handler_data = p.dataPtr();
   baee6:	9509      	str	r5, [sp, #36]	; 0x24
    if (!spark_send_event(name, data, ttl, flags.value(), &d) && !p.isDone()) {
   baee8:	fa5f f388 	uxtb.w	r3, r8
   baeec:	4639      	mov	r1, r7
   baeee:	4630      	mov	r0, r6
   baef0:	f7ff fb0c 	bl	ba50c <spark_send_event>
   baef4:	b9b8      	cbnz	r0, baf26 <_ZN10CloudClass13publish_eventEPKcS1_jiiN8particle5FlagsI15PublishFlagTypehEE+0xae>
	return __atomic_load_n(&_M_i, int(__m));
   baef6:	9b03      	ldr	r3, [sp, #12]
   baef8:	785b      	ldrb	r3, [r3, #1]
   baefa:	f003 02ff 	and.w	r2, r3, #255	; 0xff
   baefe:	b993      	cbnz	r3, baf26 <_ZN10CloudClass13publish_eventEPKcS1_jiiN8particle5FlagsI15PublishFlagTypehEE+0xae>
        type_(type) {
   baf00:	f64f 739c 	movw	r3, #65436	; 0xff9c
        p.setError(Error::UNKNOWN);
   baf04:	a905      	add	r1, sp, #20
   baf06:	a803      	add	r0, sp, #12
   baf08:	9205      	str	r2, [sp, #20]
   baf0a:	f8ad 3018 	strh.w	r3, [sp, #24]
   baf0e:	f7ff ff35 	bl	bad7c <_ZN8particle11PromiseBaseIbNS_6detail13FutureContextEE8setErrorENS_5ErrorE>
   baf12:	a805      	add	r0, sp, #20
   baf14:	f7ff fe77 	bl	bac06 <_ZN8particle5ErrorD1Ev>
        p.fromDataPtr(d.handler_data); // Free wrapper object
   baf18:	a805      	add	r0, sp, #20
   baf1a:	9909      	ldr	r1, [sp, #36]	; 0x24
   baf1c:	f7ff fea6 	bl	bac6c <_ZN8particle11PromiseBaseIbNS_6detail13FutureContextEE11fromDataPtrEPv>
      ~__shared_ptr() = default;
   baf20:	a806      	add	r0, sp, #24
   baf22:	f7ff fb89 	bl	ba638 <_ZNSt14__shared_countILN9__gnu_cxx12_Lock_policyE0EED1Ev>
   baf26:	a903      	add	r1, sp, #12
   baf28:	a805      	add	r0, sp, #20
   baf2a:	f7ff fe96 	bl	bac5a <_ZNSt12__shared_ptrIN8particle6detail10FutureImplIbNS1_13FutureContextEEELN9__gnu_cxx12_Lock_policyE0EEC1ERKS7_>
      : _M_ptr(__r._M_ptr), _M_refcount()
   baf2e:	9b05      	ldr	r3, [sp, #20]
	_Sp_counted_base<_Lp>* __tmp = __r._M_pi;
   baf30:	9a06      	ldr	r2, [sp, #24]
      : _M_ptr(__r._M_ptr), _M_refcount()
   baf32:	6023      	str	r3, [r4, #0]
	_M_pi = __tmp;
   baf34:	6062      	str	r2, [r4, #4]
	__r._M_pi = _M_pi;
   baf36:	2300      	movs	r3, #0
      ~__shared_ptr() = default;
   baf38:	a806      	add	r0, sp, #24
	__r._M_pi = _M_pi;
   baf3a:	9306      	str	r3, [sp, #24]
	__r._M_ptr = 0;
   baf3c:	9305      	str	r3, [sp, #20]
      ~__shared_ptr() = default;
   baf3e:	f7ff fb7b 	bl	ba638 <_ZNSt14__shared_countILN9__gnu_cxx12_Lock_policyE0EED1Ev>
   baf42:	a804      	add	r0, sp, #16
   baf44:	f7ff fb78 	bl	ba638 <_ZNSt14__shared_countILN9__gnu_cxx12_Lock_policyE0EED1Ev>
class Promise: public PromiseBase<ResultT, ContextT> {
   baf48:	e7a7      	b.n	bae9a <_ZN10CloudClass13publish_eventEPKcS1_jiiN8particle5FlagsI15PublishFlagTypehEE+0x22>
   baf4a:	bf00      	nop
   baf4c:	000bb015 	.word	0x000bb015

000baf50 <_ZNSt17_Function_handlerIFvvESt5_BindIFSt8functionIFvRKN8particle5ErrorEEES4_EEE10_M_managerERSt9_Any_dataRKSC_St18_Manager_operation>:
	switch (__op)
   baf50:	2a01      	cmp	r2, #1
      _M_manager(_Any_data& __dest, const _Any_data& __source,
   baf52:	b5f8      	push	{r3, r4, r5, r6, r7, lr}
   baf54:	4605      	mov	r5, r0
	switch (__op)
   baf56:	d103      	bne.n	baf60 <_ZNSt17_Function_handlerIFvvESt5_BindIFSt8functionIFvRKN8particle5ErrorEEES4_EEE10_M_managerERSt9_Any_dataRKSC_St18_Manager_operation+0x10>
	    return __source._M_access<_Functor*>();
   baf58:	680b      	ldr	r3, [r1, #0]
	    __dest._M_access<_Functor*>() = _Base::_M_get_pointer(__source);
   baf5a:	6003      	str	r3, [r0, #0]
      }
   baf5c:	2000      	movs	r0, #0
   baf5e:	bdf8      	pop	{r3, r4, r5, r6, r7, pc}
	  switch (__op)
   baf60:	2a02      	cmp	r2, #2
   baf62:	d010      	beq.n	baf86 <_ZNSt17_Function_handlerIFvvESt5_BindIFSt8functionIFvRKN8particle5ErrorEEES4_EEE10_M_managerERSt9_Any_dataRKSC_St18_Manager_operation+0x36>
   baf64:	2a03      	cmp	r2, #3
   baf66:	d1f9      	bne.n	baf5c <_ZNSt17_Function_handlerIFvvESt5_BindIFSt8functionIFvRKN8particle5ErrorEEES4_EEE10_M_managerERSt9_Any_dataRKSC_St18_Manager_operation+0xc>
	  delete __victim._M_access<_Functor*>();
   baf68:	6804      	ldr	r4, [r0, #0]
   baf6a:	2c00      	cmp	r4, #0
   baf6c:	d0f6      	beq.n	baf5c <_ZNSt17_Function_handlerIFvvESt5_BindIFSt8functionIFvRKN8particle5ErrorEEES4_EEE10_M_managerERSt9_Any_dataRKSC_St18_Manager_operation+0xc>
   baf6e:	f104 0010 	add.w	r0, r4, #16
   baf72:	f7ff fe48 	bl	bac06 <_ZN8particle5ErrorD1Ev>
    class function<_Res(_ArgTypes...)>
   baf76:	4620      	mov	r0, r4
   baf78:	f7ff fc78 	bl	ba86c <_ZNSt14_Function_baseD1Ev>
	  delete __victim._M_access<_Functor*>();
   baf7c:	2118      	movs	r1, #24
   baf7e:	4620      	mov	r0, r4
   baf80:	f7f9 fd47 	bl	b4a12 <_ZdlPvj>
   baf84:	e7ea      	b.n	baf5c <_ZNSt17_Function_handlerIFvvESt5_BindIFSt8functionIFvRKN8particle5ErrorEEES4_EEE10_M_managerERSt9_Any_dataRKSC_St18_Manager_operation+0xc>
	    new _Functor(*__source._M_access<const _Functor*>());
   baf86:	2018      	movs	r0, #24
	  __dest._M_access<_Functor*>() =
   baf88:	680e      	ldr	r6, [r1, #0]
	    new _Functor(*__source._M_access<const _Functor*>());
   baf8a:	f7f9 fd3e 	bl	b4a0a <_Znwj>
   baf8e:	4604      	mov	r4, r0
   baf90:	b150      	cbz	r0, bafa8 <_ZNSt17_Function_handlerIFvvESt5_BindIFSt8functionIFvRKN8particle5ErrorEEES4_EEE10_M_managerERSt9_Any_dataRKSC_St18_Manager_operation+0x58>
	explicit _GLIBCXX20_CONSTEXPR
	_Bind(_Functor&& __f, _Args&&... __args)
	: _M_f(std::move(__f)), _M_bound_args(std::forward<_Args>(__args)...)
	{ }

      _Bind(const _Bind&) = default;
   baf92:	4631      	mov	r1, r6
   baf94:	f7ff fee2 	bl	bad5c <_ZNSt8functionIFvRKN8particle5ErrorEEEC1ERKS5_>
        Error(error.type_, error.msg_) {
   baf98:	6930      	ldr	r0, [r6, #16]
   baf9a:	f9b6 7014 	ldrsh.w	r7, [r6, #20]
        msg_(msg ? (const char*)strdup(msg) : nullptr),
   baf9e:	b108      	cbz	r0, bafa4 <_ZNSt17_Function_handlerIFvvESt5_BindIFSt8functionIFvRKN8particle5ErrorEEES4_EEE10_M_managerERSt9_Any_dataRKSC_St18_Manager_operation+0x54>
   bafa0:	f000 fd12 	bl	bb9c8 <strdup>
        type_(type) {
   bafa4:	6120      	str	r0, [r4, #16]
   bafa6:	82a7      	strh	r7, [r4, #20]
	  __dest._M_access<_Functor*>() =
   bafa8:	602c      	str	r4, [r5, #0]
	}
   bafaa:	e7d7      	b.n	baf5c <_ZNSt17_Function_handlerIFvvESt5_BindIFSt8functionIFvRKN8particle5ErrorEEES4_EEE10_M_managerERSt9_Any_dataRKSC_St18_Manager_operation+0xc>

000bafac <_ZNSt8functionIFvRKbEEC1ERKS3_>:
    function<_Res(_ArgTypes...)>::
   bafac:	b538      	push	{r3, r4, r5, lr}
    _Function_base() : _M_manager(nullptr) { }
   bafae:	2300      	movs	r3, #0
   bafb0:	6083      	str	r3, [r0, #8]
    bool _M_empty() const { return !_M_manager; }
   bafb2:	688b      	ldr	r3, [r1, #8]
    function<_Res(_ArgTypes...)>::
   bafb4:	4604      	mov	r4, r0
   bafb6:	460d      	mov	r5, r1
      if (static_cast<bool>(__x))
   bafb8:	b12b      	cbz	r3, bafc6 <_ZNSt8functionIFvRKbEEC1ERKS3_+0x1a>
	  __x._M_manager(_M_functor, __x._M_functor, __clone_functor);
   bafba:	2202      	movs	r2, #2
   bafbc:	4798      	blx	r3
	  _M_invoker = __x._M_invoker;
   bafbe:	68eb      	ldr	r3, [r5, #12]
   bafc0:	60e3      	str	r3, [r4, #12]
	  _M_manager = __x._M_manager;
   bafc2:	68ab      	ldr	r3, [r5, #8]
   bafc4:	60a3      	str	r3, [r4, #8]
    }
   bafc6:	4620      	mov	r0, r4
   bafc8:	bd38      	pop	{r3, r4, r5, pc}

000bafca <_ZNSt17_Function_handlerIFvvESt5_BindIFSt8functionIFvRKbEEbEEE10_M_managerERSt9_Any_dataRKSA_St18_Manager_operation>:
	switch (__op)
   bafca:	2a01      	cmp	r2, #1
      _M_manager(_Any_data& __dest, const _Any_data& __source,
   bafcc:	b570      	push	{r4, r5, r6, lr}
   bafce:	4604      	mov	r4, r0
	switch (__op)
   bafd0:	d103      	bne.n	bafda <_ZNSt17_Function_handlerIFvvESt5_BindIFSt8functionIFvRKbEEbEEE10_M_managerERSt9_Any_dataRKSA_St18_Manager_operation+0x10>
	    return __source._M_access<_Functor*>();
   bafd2:	680b      	ldr	r3, [r1, #0]
	    __dest._M_access<_Functor*>() = _Base::_M_get_pointer(__source);
   bafd4:	6003      	str	r3, [r0, #0]
      }
   bafd6:	2000      	movs	r0, #0
   bafd8:	bd70      	pop	{r4, r5, r6, pc}
	  switch (__op)
   bafda:	2a02      	cmp	r2, #2
   bafdc:	d00c      	beq.n	baff8 <_ZNSt17_Function_handlerIFvvESt5_BindIFSt8functionIFvRKbEEbEEE10_M_managerERSt9_Any_dataRKSA_St18_Manager_operation+0x2e>
   bafde:	2a03      	cmp	r2, #3
   bafe0:	d1f9      	bne.n	bafd6 <_ZNSt17_Function_handlerIFvvESt5_BindIFSt8functionIFvRKbEEbEEE10_M_managerERSt9_Any_dataRKSA_St18_Manager_operation+0xc>
	  delete __victim._M_access<_Functor*>();
   bafe2:	6804      	ldr	r4, [r0, #0]
   bafe4:	2c00      	cmp	r4, #0
   bafe6:	d0f6      	beq.n	bafd6 <_ZNSt17_Function_handlerIFvvESt5_BindIFSt8functionIFvRKbEEbEEE10_M_managerERSt9_Any_dataRKSA_St18_Manager_operation+0xc>
    class function<_Res(_ArgTypes...)>
   bafe8:	4620      	mov	r0, r4
   bafea:	f7ff fc3f 	bl	ba86c <_ZNSt14_Function_baseD1Ev>
	  delete __victim._M_access<_Functor*>();
   bafee:	2114      	movs	r1, #20
   baff0:	4620      	mov	r0, r4
   baff2:	f7f9 fd0e 	bl	b4a12 <_ZdlPvj>
   baff6:	e7ee      	b.n	bafd6 <_ZNSt17_Function_handlerIFvvESt5_BindIFSt8functionIFvRKbEEbEEE10_M_managerERSt9_Any_dataRKSA_St18_Manager_operation+0xc>
	    new _Functor(*__source._M_access<const _Functor*>());
   baff8:	2014      	movs	r0, #20
	  __dest._M_access<_Functor*>() =
   baffa:	680e      	ldr	r6, [r1, #0]
	    new _Functor(*__source._M_access<const _Functor*>());
   baffc:	f7f9 fd05 	bl	b4a0a <_Znwj>
   bb000:	4605      	mov	r5, r0
   bb002:	b120      	cbz	r0, bb00e <_ZNSt17_Function_handlerIFvvESt5_BindIFSt8functionIFvRKbEEbEEE10_M_managerERSt9_Any_dataRKSA_St18_Manager_operation+0x44>
   bb004:	4631      	mov	r1, r6
   bb006:	f7ff ffd1 	bl	bafac <_ZNSt8functionIFvRKbEEC1ERKS3_>
   bb00a:	7c33      	ldrb	r3, [r6, #16]
   bb00c:	742b      	strb	r3, [r5, #16]
	  __dest._M_access<_Functor*>() =
   bb00e:	6025      	str	r5, [r4, #0]
	}
   bb010:	e7e1      	b.n	bafd6 <_ZNSt17_Function_handlerIFvvESt5_BindIFSt8functionIFvRKbEEbEEE10_M_managerERSt9_Any_dataRKSA_St18_Manager_operation+0xc>
	...

000bb014 <_ZN12_GLOBAL__N_125publishCompletionCallbackEiPKvPvS2_>:
void publishCompletionCallback(int error, const void* data, void* callbackData, void* reserved) {
   bb014:	b5f0      	push	{r4, r5, r6, r7, lr}
   bb016:	b089      	sub	sp, #36	; 0x24
   bb018:	4604      	mov	r4, r0
   bb01a:	460d      	mov	r5, r1
    auto p = Promise<bool>::fromDataPtr(callbackData);
   bb01c:	a801      	add	r0, sp, #4
   bb01e:	4611      	mov	r1, r2
   bb020:	f7ff fe24 	bl	bac6c <_ZN8particle11PromiseBaseIbNS_6detail13FutureContextEE11fromDataPtrEPv>
    if (error != Error::NONE) {
   bb024:	b1a4      	cbz	r4, bb050 <_ZN12_GLOBAL__N_125publishCompletionCallbackEiPKvPvS2_+0x3c>
        p.setError(Error((Error::Type)error, (const char*)data));
   bb026:	b224      	sxth	r4, r4
        msg_(msg ? (const char*)strdup(msg) : nullptr),
   bb028:	b11d      	cbz	r5, bb032 <_ZN12_GLOBAL__N_125publishCompletionCallbackEiPKvPvS2_+0x1e>
   bb02a:	4628      	mov	r0, r5
   bb02c:	f000 fccc 	bl	bb9c8 <strdup>
   bb030:	4605      	mov	r5, r0
   bb032:	a801      	add	r0, sp, #4
   bb034:	a903      	add	r1, sp, #12
        type_(type) {
   bb036:	9503      	str	r5, [sp, #12]
   bb038:	f8ad 4010 	strh.w	r4, [sp, #16]
   bb03c:	f7ff fe9e 	bl	bad7c <_ZN8particle11PromiseBaseIbNS_6detail13FutureContextEE8setErrorENS_5ErrorE>
   bb040:	a803      	add	r0, sp, #12
   bb042:	f7ff fde0 	bl	bac06 <_ZN8particle5ErrorD1Ev>
   bb046:	a802      	add	r0, sp, #8
   bb048:	f7ff faf6 	bl	ba638 <_ZNSt14__shared_countILN9__gnu_cxx12_Lock_policyE0EED1Ev>
}
   bb04c:	b009      	add	sp, #36	; 0x24
   bb04e:	bdf0      	pop	{r4, r5, r6, r7, pc}
      { return _M_ptr; }
   bb050:	9d01      	ldr	r5, [sp, #4]
	return __atomic_compare_exchange(std::__addressof(_M_i),
   bb052:	2301      	movs	r3, #1
   bb054:	e8d5 2f4f 	ldrexb	r2, [r5]
   bb058:	2a00      	cmp	r2, #0
   bb05a:	d103      	bne.n	bb064 <_ZN12_GLOBAL__N_125publishCompletionCallbackEiPKvPvS2_+0x50>
   bb05c:	e8c5 3f41 	strexb	r1, r3, [r5]
   bb060:	2900      	cmp	r1, #0
   bb062:	d1f7      	bne.n	bb054 <_ZN12_GLOBAL__N_125publishCompletionCallbackEiPKvPvS2_+0x40>
        if (this->changeState(State::SUCCEEDED)) {
   bb064:	d1ef      	bne.n	bb046 <_ZN12_GLOBAL__N_125publishCompletionCallbackEiPKvPvS2_+0x32>
            new(&result_) ResultT(std::move(result));
   bb066:	732b      	strb	r3, [r5, #12]
	__atomic_store_n(&_M_i, __i, int(__m));
   bb068:	f3bf 8f5b 	dmb	ish
   bb06c:	706b      	strb	r3, [r5, #1]
	return __atomic_exchange_n(&_M_p, __p, int(__m));
   bb06e:	1d2b      	adds	r3, r5, #4
   bb070:	f3bf 8f5b 	dmb	ish
   bb074:	e853 6f00 	ldrex	r6, [r3]
   bb078:	e843 4200 	strex	r2, r4, [r3]
   bb07c:	2a00      	cmp	r2, #0
   bb07e:	d1f9      	bne.n	bb074 <_ZN12_GLOBAL__N_125publishCompletionCallbackEiPKvPvS2_+0x60>
   bb080:	f3bf 8f5b 	dmb	ish
        if (callbackPtr) {
   bb084:	2e00      	cmp	r6, #0
   bb086:	d0de      	beq.n	bb046 <_ZN12_GLOBAL__N_125publishCompletionCallbackEiPKvPvS2_+0x32>
        return (application_thread_current(nullptr) != 0);
   bb088:	4620      	mov	r0, r4
   bb08a:	f7ff f9a3 	bl	ba3d4 <application_thread_current>
        if (ContextT::isApplicationThreadCurrent()) {
   bb08e:	4607      	mov	r7, r0
   bb090:	b160      	cbz	r0, bb0ac <_ZN12_GLOBAL__N_125publishCompletionCallbackEiPKvPvS2_+0x98>
            callback(std::forward<ArgsT>(args)...); // Synchronous call
   bb092:	f105 010c 	add.w	r1, r5, #12
   bb096:	4630      	mov	r0, r6
   bb098:	f7ff fe13 	bl	bacc2 <_ZNKSt8functionIFvRKbEEclES1_>
    class function<_Res(_ArgTypes...)>
   bb09c:	4630      	mov	r0, r6
   bb09e:	f7ff fbe5 	bl	ba86c <_ZNSt14_Function_baseD1Ev>
            delete callbackPtr;
   bb0a2:	2110      	movs	r1, #16
   bb0a4:	4630      	mov	r0, r6
   bb0a6:	f7f9 fcb4 	bl	b4a12 <_ZdlPvj>
   bb0aa:	e7cc      	b.n	bb046 <_ZN12_GLOBAL__N_125publishCompletionCallbackEiPKvPvS2_+0x32>
	: _M_f(__f), _M_bound_args(std::forward<_Args>(__args)...)
   bb0ac:	4631      	mov	r1, r6
   bb0ae:	a803      	add	r0, sp, #12
   bb0b0:	f7ff ff7c 	bl	bafac <_ZNSt8functionIFvRKbEEC1ERKS3_>
	: _M_head_impl(std::forward<_UHead>(__h)) { }
   bb0b4:	7b2b      	ldrb	r3, [r5, #12]
   bb0b6:	f88d 301c 	strb.w	r3, [sp, #28]
            auto callbackPtr = new std::function<void()>(std::bind(callback, std::forward<ArgsT>(args)...));
   bb0ba:	2010      	movs	r0, #16
   bb0bc:	f7f9 fca5 	bl	b4a0a <_Znwj>
   bb0c0:	4605      	mov	r5, r0
   bb0c2:	b1d0      	cbz	r0, bb0fa <_ZN12_GLOBAL__N_125publishCompletionCallbackEiPKvPvS2_+0xe6>
    _Function_base() : _M_manager(nullptr) { }
   bb0c4:	6087      	str	r7, [r0, #8]
	{ __functor._M_access<_Functor*>() = new _Functor(std::move(__f)); }
   bb0c6:	2014      	movs	r0, #20
   bb0c8:	f7f9 fc9f 	bl	b4a0a <_Znwj>
   bb0cc:	4604      	mov	r4, r0
   bb0ce:	b178      	cbz	r0, bb0f0 <_ZN12_GLOBAL__N_125publishCompletionCallbackEiPKvPvS2_+0xdc>
    _Function_base() : _M_manager(nullptr) { }
   bb0d0:	6087      	str	r7, [r0, #8]
	std::swap(_M_functor, __x._M_functor);
   bb0d2:	4601      	mov	r1, r0
   bb0d4:	a803      	add	r0, sp, #12
   bb0d6:	f7ff fbe5 	bl	ba8a4 <_ZSt4swapISt9_Any_dataENSt9enable_ifIXsrSt6__and_IJSt6__not_ISt15__is_tuple_likeIT_EESt21is_move_constructibleIS5_ESt18is_move_assignableIS5_EEE5valueEvE4typeERS5_SF_>
      _Tp __tmp = _GLIBCXX_MOVE(__a);
   bb0da:	9b05      	ldr	r3, [sp, #20]
      __a = _GLIBCXX_MOVE(__b);
   bb0dc:	68a2      	ldr	r2, [r4, #8]
      __b = _GLIBCXX_MOVE(__tmp);
   bb0de:	60a3      	str	r3, [r4, #8]
      _Tp __tmp = _GLIBCXX_MOVE(__a);
   bb0e0:	9b06      	ldr	r3, [sp, #24]
      __a = _GLIBCXX_MOVE(__b);
   bb0e2:	9205      	str	r2, [sp, #20]
   bb0e4:	68e2      	ldr	r2, [r4, #12]
      __b = _GLIBCXX_MOVE(__tmp);
   bb0e6:	60e3      	str	r3, [r4, #12]
   bb0e8:	f89d 301c 	ldrb.w	r3, [sp, #28]
      __a = _GLIBCXX_MOVE(__b);
   bb0ec:	9206      	str	r2, [sp, #24]
   bb0ee:	7423      	strb	r3, [r4, #16]
	    _M_invoker = &_My_handler::_M_invoke;
   bb0f0:	4b06      	ldr	r3, [pc, #24]	; (bb10c <_ZN12_GLOBAL__N_125publishCompletionCallbackEiPKvPvS2_+0xf8>)
   bb0f2:	60eb      	str	r3, [r5, #12]
	    _M_manager = &_My_handler::_M_manager;
   bb0f4:	4b06      	ldr	r3, [pc, #24]	; (bb110 <_ZN12_GLOBAL__N_125publishCompletionCallbackEiPKvPvS2_+0xfc>)
	{ __functor._M_access<_Functor*>() = new _Functor(std::move(__f)); }
   bb0f6:	602c      	str	r4, [r5, #0]
	    _M_manager = &_My_handler::_M_manager;
   bb0f8:	60ab      	str	r3, [r5, #8]
    class function<_Res(_ArgTypes...)>
   bb0fa:	a803      	add	r0, sp, #12
   bb0fc:	f7ff fbb6 	bl	ba86c <_ZNSt14_Function_baseD1Ev>
        return (application_thread_invoke(callback, data, nullptr) == 0);
   bb100:	2200      	movs	r2, #0
   bb102:	4629      	mov	r1, r5
   bb104:	4803      	ldr	r0, [pc, #12]	; (bb114 <_ZN12_GLOBAL__N_125publishCompletionCallbackEiPKvPvS2_+0x100>)
   bb106:	f7ff f96d 	bl	ba3e4 <application_thread_invoke>
   bb10a:	e7c7      	b.n	bb09c <_ZN12_GLOBAL__N_125publishCompletionCallbackEiPKvPvS2_+0x88>
   bb10c:	000bacd5 	.word	0x000bacd5
   bb110:	000bafcb 	.word	0x000bafcb
   bb114:	000bb44d 	.word	0x000bb44d

000bb118 <_ZN9IPAddressD1Ev>:
    IPAddress(uint32_t address);
    // 4 bytes defining the IP address in network order
    IPAddress(const uint8_t* address);
    IPAddress(const HAL_IPAddress& address);

    virtual ~IPAddress() {}
   bb118:	4770      	bx	lr

000bb11a <_ZN9IPAddressD0Ev>:
   bb11a:	b510      	push	{r4, lr}
   bb11c:	2118      	movs	r1, #24
   bb11e:	4604      	mov	r4, r0
   bb120:	f7f9 fc77 	bl	b4a12 <_ZdlPvj>
   bb124:	4620      	mov	r0, r4
   bb126:	bd10      	pop	{r4, pc}

000bb128 <_ZNK9IPAddress7printToER5Print>:
#endif // Wiring_IPv6
	return address.ipv4==that.address.ipv4;
}

size_t IPAddress::printTo(Print& p) const
{
   bb128:	b5f0      	push	{r4, r5, r6, r7, lr}
#if Wiring_IPv6
#if HAL_USE_INET_HAL_POSIX
	if (address.v==6) {
   bb12a:	7d03      	ldrb	r3, [r0, #20]
   bb12c:	2b06      	cmp	r3, #6
{
   bb12e:	b08d      	sub	sp, #52	; 0x34
   bb130:	460e      	mov	r6, r1
		char buf[INET6_ADDRSTRLEN+1];
		buf[0] = 0;
		inet_inet_ntop(AF_INET6, address.ipv6, buf, sizeof(buf));
   bb132:	f100 0704 	add.w	r7, r0, #4
   bb136:	f04f 0400 	mov.w	r4, #0
	if (address.v==6) {
   bb13a:	d012      	beq.n	bb162 <_ZNK9IPAddress7printToER5Print+0x3a>
   bb13c:	f100 0508 	add.w	r5, r0, #8
            val = n;
        }
#if __GNUC__ >= 9
#pragma GCC diagnostic pop
#endif // __GNUC__ >= 9
        return printNumber(val, base) + t;
   bb140:	f815 1d01 	ldrb.w	r1, [r5, #-1]!
   bb144:	220a      	movs	r2, #10
   bb146:	4630      	mov	r0, r6
   bb148:	f7ff fc11 	bl	ba96e <_ZN5Print11printNumberEmh>
#else
#pragma message "HAL_USE_INET_HAL_POSIX is required for IPv6 support in IPAddress::printTo()"
#endif // HAL_USE_INET_HAL_POSIX
#endif // Wiring_IPv6
    size_t n = 0;
    for (int i = 0; i < 4; i++)
   bb14c:	42af      	cmp	r7, r5
    {
        if (n)
            n += p.print('.');
        n += p.print((*this)[i], DEC);
   bb14e:	4404      	add	r4, r0
    for (int i = 0; i < 4; i++)
   bb150:	d019      	beq.n	bb186 <_ZNK9IPAddress7printToER5Print+0x5e>
        if (n)
   bb152:	2c00      	cmp	r4, #0
   bb154:	d0f4      	beq.n	bb140 <_ZNK9IPAddress7printToER5Print+0x18>
            n += p.print('.');
   bb156:	212e      	movs	r1, #46	; 0x2e
   bb158:	4630      	mov	r0, r6
   bb15a:	f7ff fbe9 	bl	ba930 <_ZN5Print5printEc>
   bb15e:	4404      	add	r4, r0
   bb160:	e7ee      	b.n	bb140 <_ZNK9IPAddress7printToER5Print+0x18>
		inet_inet_ntop(AF_INET6, address.ipv6, buf, sizeof(buf));
   bb162:	232f      	movs	r3, #47	; 0x2f
   bb164:	466a      	mov	r2, sp
   bb166:	4639      	mov	r1, r7
   bb168:	200a      	movs	r0, #10
		buf[0] = 0;
   bb16a:	f88d 4000 	strb.w	r4, [sp]
		inet_inet_ntop(AF_INET6, address.ipv6, buf, sizeof(buf));
   bb16e:	f7fe fff9 	bl	ba164 <inet_inet_ntop>
      return write((const uint8_t *)str, strlen(str));
   bb172:	4668      	mov	r0, sp
   bb174:	f7f9 fc06 	bl	b4984 <strlen>
   bb178:	6833      	ldr	r3, [r6, #0]
   bb17a:	4602      	mov	r2, r0
   bb17c:	68db      	ldr	r3, [r3, #12]
   bb17e:	4669      	mov	r1, sp
   bb180:	4630      	mov	r0, r6
   bb182:	4798      	blx	r3
   bb184:	4604      	mov	r4, r0
    }
    return n;
}
   bb186:	4620      	mov	r0, r4
   bb188:	b00d      	add	sp, #52	; 0x34
   bb18a:	bdf0      	pop	{r4, r5, r6, r7, pc}

000bb18c <_ZN9IPAddressC1Ev>:
IPAddress::IPAddress()
   bb18c:	b510      	push	{r4, lr}
   bb18e:	4b05      	ldr	r3, [pc, #20]	; (bb1a4 <_ZN9IPAddressC1Ev+0x18>)
   bb190:	4604      	mov	r4, r0
        return address;
    }

    virtual size_t printTo(Print& p) const;

    void clear() { memset(&address, 0, sizeof (address)); }
   bb192:	2211      	movs	r2, #17
   bb194:	f840 3b04 	str.w	r3, [r0], #4
   bb198:	2100      	movs	r1, #0
   bb19a:	f000 fbde 	bl	bb95a <memset>
}
   bb19e:	4620      	mov	r0, r4
   bb1a0:	bd10      	pop	{r4, pc}
   bb1a2:	bf00      	nop
   bb1a4:	000bc084 	.word	0x000bc084

000bb1a8 <_ZN9IPAddressC1ERK16_HAL_IPAddress_t>:
IPAddress::IPAddress(const HAL_IPAddress& address)
   bb1a8:	4603      	mov	r3, r0
   bb1aa:	4a07      	ldr	r2, [pc, #28]	; (bb1c8 <_ZN9IPAddressC1ERK16_HAL_IPAddress_t+0x20>)
   bb1ac:	b510      	push	{r4, lr}
   bb1ae:	f843 2b04 	str.w	r2, [r3], #4
    memcpy(&this->address, &address, sizeof(address));
   bb1b2:	f101 0210 	add.w	r2, r1, #16
   bb1b6:	f851 4b04 	ldr.w	r4, [r1], #4
   bb1ba:	f843 4b04 	str.w	r4, [r3], #4
   bb1be:	4291      	cmp	r1, r2
   bb1c0:	d1f9      	bne.n	bb1b6 <_ZN9IPAddressC1ERK16_HAL_IPAddress_t+0xe>
   bb1c2:	780a      	ldrb	r2, [r1, #0]
   bb1c4:	701a      	strb	r2, [r3, #0]
}
   bb1c6:	bd10      	pop	{r4, pc}
   bb1c8:	000bc084 	.word	0x000bc084

000bb1cc <_ZN9IPAddress8set_ipv4Ehhhh>:
{
   bb1cc:	b510      	push	{r4, lr}
    address.ipv4 = b0<<24 | b1 << 16 | b2 << 8 | b3;
   bb1ce:	f89d 4008 	ldrb.w	r4, [sp, #8]
   bb1d2:	ea44 2303 	orr.w	r3, r4, r3, lsl #8
   bb1d6:	ea43 4202 	orr.w	r2, r3, r2, lsl #16
   bb1da:	ea42 6101 	orr.w	r1, r2, r1, lsl #24
        address.v = version;
   bb1de:	2304      	movs	r3, #4
   bb1e0:	6041      	str	r1, [r0, #4]
   bb1e2:	7503      	strb	r3, [r0, #20]
}
   bb1e4:	bd10      	pop	{r4, pc}
	...

000bb1e8 <_ZN9IPAddressC1EPKh>:
IPAddress::IPAddress(const uint8_t* addr)
   bb1e8:	b507      	push	{r0, r1, r2, lr}
   bb1ea:	4b06      	ldr	r3, [pc, #24]	; (bb204 <_ZN9IPAddressC1EPKh+0x1c>)
   bb1ec:	6003      	str	r3, [r0, #0]
    set_ipv4(addr[0], addr[1], addr[2], addr[3]);
   bb1ee:	78cb      	ldrb	r3, [r1, #3]
   bb1f0:	9300      	str	r3, [sp, #0]
   bb1f2:	788b      	ldrb	r3, [r1, #2]
   bb1f4:	784a      	ldrb	r2, [r1, #1]
   bb1f6:	7809      	ldrb	r1, [r1, #0]
   bb1f8:	f7ff ffe8 	bl	bb1cc <_ZN9IPAddress8set_ipv4Ehhhh>
}
   bb1fc:	b003      	add	sp, #12
   bb1fe:	f85d fb04 	ldr.w	pc, [sp], #4
   bb202:	bf00      	nop
   bb204:	000bc084 	.word	0x000bc084

000bb208 <_ZN9USBSerial14blockOnOverrunEb>:
  HAL_USB_USART_Flush_Data(_serial);
}

void USBSerial::blockOnOverrun(bool block)
{
  _blocking = block;
   bb208:	7441      	strb	r1, [r0, #17]
}
   bb20a:	4770      	bx	lr

000bb20c <__tcf_0>:
}

USBSerial& _fetch_usbserial()
{
  HAL_USB_USART_Config conf = acquireSerialBuffer();
	static USBSerial _usbserial(HAL_USB_USART_SERIAL, conf);
   bb20c:	4770      	bx	lr

000bb20e <_ZN9USBSerialD1Ev>:
#include "usb_hal.h"
#include "system_task.h"
#include "spark_wiring_startup.h"
#include "concurrent_hal.h"

class USBSerial : public Stream
   bb20e:	4770      	bx	lr

000bb210 <_ZN9USBSerial4readEv>:
{
   bb210:	b508      	push	{r3, lr}
	return std::max(-1, (int)HAL_USB_USART_Receive_Data(_serial, false));
   bb212:	2100      	movs	r1, #0
   bb214:	7c00      	ldrb	r0, [r0, #16]
   bb216:	f7ff f8b5 	bl	ba384 <HAL_USB_USART_Receive_Data>
}
   bb21a:	ea40 70e0 	orr.w	r0, r0, r0, asr #31
   bb21e:	bd08      	pop	{r3, pc}

000bb220 <_ZN9USBSerial4peekEv>:
{
   bb220:	b508      	push	{r3, lr}
	return std::max(-1, (int)HAL_USB_USART_Receive_Data(_serial, true));
   bb222:	2101      	movs	r1, #1
   bb224:	7c00      	ldrb	r0, [r0, #16]
   bb226:	f7ff f8ad 	bl	ba384 <HAL_USB_USART_Receive_Data>
}
   bb22a:	ea40 70e0 	orr.w	r0, r0, r0, asr #31
   bb22e:	bd08      	pop	{r3, pc}

000bb230 <_ZN9USBSerial17availableForWriteEv>:
{
   bb230:	b508      	push	{r3, lr}
  return std::max(0, (int)HAL_USB_USART_Available_Data_For_Write(_serial));
   bb232:	7c00      	ldrb	r0, [r0, #16]
   bb234:	f7ff f89e 	bl	ba374 <HAL_USB_USART_Available_Data_For_Write>
}
   bb238:	ea20 70e0 	bic.w	r0, r0, r0, asr #31
   bb23c:	bd08      	pop	{r3, pc}

000bb23e <_ZN9USBSerial9availableEv>:
{
   bb23e:	b508      	push	{r3, lr}
	return std::max(0, (int)HAL_USB_USART_Available_Data(_serial));
   bb240:	7c00      	ldrb	r0, [r0, #16]
   bb242:	f7ff f88f 	bl	ba364 <HAL_USB_USART_Available_Data>
}
   bb246:	ea20 70e0 	bic.w	r0, r0, r0, asr #31
   bb24a:	bd08      	pop	{r3, pc}

000bb24c <_ZN9USBSerial5writeEh>:
{
   bb24c:	b513      	push	{r0, r1, r4, lr}
   bb24e:	4604      	mov	r4, r0
  if (HAL_USB_USART_Available_Data_For_Write(_serial) > 0 || _blocking) {
   bb250:	7c00      	ldrb	r0, [r0, #16]
{
   bb252:	9101      	str	r1, [sp, #4]
  if (HAL_USB_USART_Available_Data_For_Write(_serial) > 0 || _blocking) {
   bb254:	f7ff f88e 	bl	ba374 <HAL_USB_USART_Available_Data_For_Write>
   bb258:	2800      	cmp	r0, #0
   bb25a:	9901      	ldr	r1, [sp, #4]
   bb25c:	dc01      	bgt.n	bb262 <_ZN9USBSerial5writeEh+0x16>
   bb25e:	7c60      	ldrb	r0, [r4, #17]
   bb260:	b120      	cbz	r0, bb26c <_ZN9USBSerial5writeEh+0x20>
    return std::max(0, (int)HAL_USB_USART_Send_Data(_serial, byte));
   bb262:	7c20      	ldrb	r0, [r4, #16]
   bb264:	f7ff f896 	bl	ba394 <HAL_USB_USART_Send_Data>
   bb268:	ea20 70e0 	bic.w	r0, r0, r0, asr #31
}
   bb26c:	b002      	add	sp, #8
   bb26e:	bd10      	pop	{r4, pc}

000bb270 <_ZN9USBSerial5flushEv>:
  HAL_USB_USART_Flush_Data(_serial);
   bb270:	7c00      	ldrb	r0, [r0, #16]
   bb272:	f7ff b897 	b.w	ba3a4 <HAL_USB_USART_Flush_Data>

000bb276 <_ZN9USBSerialD0Ev>:
   bb276:	b510      	push	{r4, lr}
   bb278:	2114      	movs	r1, #20
   bb27a:	4604      	mov	r4, r0
   bb27c:	f7f9 fbc9 	bl	b4a12 <_ZdlPvj>
   bb280:	4620      	mov	r0, r4
   bb282:	bd10      	pop	{r4, pc}

000bb284 <_ZN9USBSerialC1E20HAL_USB_USART_SerialRK20HAL_USB_USART_Config>:
USBSerial::USBSerial(HAL_USB_USART_Serial serial, const HAL_USB_USART_Config& conf)
   bb284:	b510      	push	{r4, lr}
    virtual int available() = 0;
    virtual int read() = 0;
    virtual int peek() = 0;
    virtual void flush() = 0;

    Stream() {_timeout=1000;}
   bb286:	f44f 737a 	mov.w	r3, #1000	; 0x3e8
   bb28a:	4604      	mov	r4, r0
   bb28c:	4608      	mov	r0, r1
   bb28e:	2100      	movs	r1, #0
   bb290:	e9c4 1301 	strd	r1, r3, [r4, #4]
   bb294:	4b04      	ldr	r3, [pc, #16]	; (bb2a8 <_ZN9USBSerialC1E20HAL_USB_USART_SerialRK20HAL_USB_USART_Config+0x24>)
   bb296:	6023      	str	r3, [r4, #0]
  _blocking = true;
   bb298:	2301      	movs	r3, #1
  _serial = serial;
   bb29a:	7420      	strb	r0, [r4, #16]
  _blocking = true;
   bb29c:	7463      	strb	r3, [r4, #17]
  HAL_USB_USART_Init(_serial, &conf);
   bb29e:	4611      	mov	r1, r2
   bb2a0:	f7ff f850 	bl	ba344 <HAL_USB_USART_Init>
}
   bb2a4:	4620      	mov	r0, r4
   bb2a6:	bd10      	pop	{r4, pc}
   bb2a8:	000bc098 	.word	0x000bc098

000bb2ac <_ZN9USBSerial5beginEl>:
    HAL_USB_USART_Begin(_serial, speed, NULL);
   bb2ac:	7c00      	ldrb	r0, [r0, #16]
   bb2ae:	2200      	movs	r2, #0
   bb2b0:	f7ff b850 	b.w	ba354 <HAL_USB_USART_Begin>

000bb2b4 <_Z19acquireSerialBufferv>:
{
   bb2b4:	b510      	push	{r4, lr}
  HAL_USB_USART_Config conf = {};
   bb2b6:	2214      	movs	r2, #20
{
   bb2b8:	4604      	mov	r4, r0
  HAL_USB_USART_Config conf = {};
   bb2ba:	2100      	movs	r1, #0
   bb2bc:	f000 fb4d 	bl	bb95a <memset>
}
   bb2c0:	4620      	mov	r0, r4
   bb2c2:	bd10      	pop	{r4, pc}

000bb2c4 <_Z16_fetch_usbserialv>:
{
   bb2c4:	b510      	push	{r4, lr}
	static USBSerial _usbserial(HAL_USB_USART_SERIAL, conf);
   bb2c6:	4c0f      	ldr	r4, [pc, #60]	; (bb304 <_Z16_fetch_usbserialv+0x40>)
{
   bb2c8:	b088      	sub	sp, #32
  HAL_USB_USART_Config conf = acquireSerialBuffer();
   bb2ca:	a803      	add	r0, sp, #12
   bb2cc:	f7ff fff2 	bl	bb2b4 <_Z19acquireSerialBufferv>
	static USBSerial _usbserial(HAL_USB_USART_SERIAL, conf);
   bb2d0:	7821      	ldrb	r1, [r4, #0]
   bb2d2:	f3bf 8f5b 	dmb	ish
   bb2d6:	f011 0101 	ands.w	r1, r1, #1
   bb2da:	d10f      	bne.n	bb2fc <_Z16_fetch_usbserialv+0x38>
   bb2dc:	4620      	mov	r0, r4
   bb2de:	9101      	str	r1, [sp, #4]
   bb2e0:	f7f9 fb99 	bl	b4a16 <__cxa_guard_acquire>
   bb2e4:	9901      	ldr	r1, [sp, #4]
   bb2e6:	b148      	cbz	r0, bb2fc <_Z16_fetch_usbserialv+0x38>
   bb2e8:	aa03      	add	r2, sp, #12
   bb2ea:	4807      	ldr	r0, [pc, #28]	; (bb308 <_Z16_fetch_usbserialv+0x44>)
   bb2ec:	f7ff ffca 	bl	bb284 <_ZN9USBSerialC1E20HAL_USB_USART_SerialRK20HAL_USB_USART_Config>
   bb2f0:	4620      	mov	r0, r4
   bb2f2:	f7f9 fb95 	bl	b4a20 <__cxa_guard_release>
   bb2f6:	4805      	ldr	r0, [pc, #20]	; (bb30c <_Z16_fetch_usbserialv+0x48>)
   bb2f8:	f000 fb0b 	bl	bb912 <atexit>
	return _usbserial;
}
   bb2fc:	4802      	ldr	r0, [pc, #8]	; (bb308 <_Z16_fetch_usbserialv+0x44>)
   bb2fe:	b008      	add	sp, #32
   bb300:	bd10      	pop	{r4, pc}
   bb302:	bf00      	nop
   bb304:	2003e6d0 	.word	0x2003e6d0
   bb308:	2003e6d4 	.word	0x2003e6d4
   bb30c:	000bb20d 	.word	0x000bb20d

000bb310 <_ZN5spark13CellularClass5readyEv>:
        return network_listening(*this, 0, NULL);
    }

    bool ready()
    {
        return network_ready(*this, 0,  NULL);
   bb310:	2200      	movs	r2, #0
   bb312:	6840      	ldr	r0, [r0, #4]
   bb314:	4611      	mov	r1, r2
   bb316:	f7ff b899 	b.w	ba44c <network_ready>

000bb31a <_ZN5spark13CellularClass9listeningEv>:
        return network_listening(*this, 0, NULL);
   bb31a:	2200      	movs	r2, #0
   bb31c:	6840      	ldr	r0, [r0, #4]
   bb31e:	4611      	mov	r1, r2
   bb320:	f7ff b8b4 	b.w	ba48c <network_listening>

000bb324 <_ZN5spark13CellularClass16getListenTimeoutEv>:
        return network_get_listen_timeout(*this, 0, NULL);
   bb324:	2200      	movs	r2, #0
   bb326:	6840      	ldr	r0, [r0, #4]
   bb328:	4611      	mov	r1, r2
   bb32a:	f7ff b8bf 	b.w	ba4ac <network_get_listen_timeout>

000bb32e <_ZN5spark13CellularClass16setListenTimeoutEt>:
        network_set_listen_timeout(*this, timeout, NULL);
   bb32e:	6840      	ldr	r0, [r0, #4]
   bb330:	2200      	movs	r2, #0
   bb332:	f7ff b8b3 	b.w	ba49c <network_set_listen_timeout>

000bb336 <_ZN5spark13CellularClass6listenEb>:
        network_listen(*this, begin ? 0 : 1, NULL);
   bb336:	6840      	ldr	r0, [r0, #4]
   bb338:	2200      	movs	r2, #0
   bb33a:	f081 0101 	eor.w	r1, r1, #1
   bb33e:	f7ff b89d 	b.w	ba47c <network_listen>

000bb342 <_ZN5spark13CellularClass3offEv>:
        network_off(*this, 0, 0, NULL);
   bb342:	2300      	movs	r3, #0
   bb344:	6840      	ldr	r0, [r0, #4]
   bb346:	461a      	mov	r2, r3
   bb348:	4619      	mov	r1, r3
   bb34a:	f7ff b88f 	b.w	ba46c <network_off>

000bb34e <_ZN5spark13CellularClass2onEv>:
        network_on(*this, 0, 0, NULL);
   bb34e:	2300      	movs	r3, #0
   bb350:	6840      	ldr	r0, [r0, #4]
   bb352:	461a      	mov	r2, r3
   bb354:	4619      	mov	r1, r3
   bb356:	f7ff b881 	b.w	ba45c <network_on>

000bb35a <_ZN5spark13CellularClass10connectingEv>:
        return network_connecting(*this, 0, NULL);
   bb35a:	2200      	movs	r2, #0
   bb35c:	6840      	ldr	r0, [r0, #4]
   bb35e:	4611      	mov	r1, r2
   bb360:	f7ff b864 	b.w	ba42c <network_connecting>

000bb364 <_ZN5spark13CellularClass10disconnectEv>:
        network_disconnect(*this, NETWORK_DISCONNECT_REASON_USER, NULL);
   bb364:	6840      	ldr	r0, [r0, #4]
   bb366:	2200      	movs	r2, #0
   bb368:	2102      	movs	r1, #2
   bb36a:	f7ff b867 	b.w	ba43c <network_disconnect>

000bb36e <_ZN5spark13CellularClass7connectEj>:
        network_connect(*this, flags, 0, NULL);
   bb36e:	2300      	movs	r3, #0
   bb370:	6840      	ldr	r0, [r0, #4]
   bb372:	461a      	mov	r2, r3
   bb374:	f7ff b852 	b.w	ba41c <network_connect>

000bb378 <_GLOBAL__sub_I__ZN5spark13CellularClass4RSSIEv>:
    int tx_total;
    int rx_total;

    CellularDataHal()
    {
        memset(this, 0, sizeof(*this));
   bb378:	4b08      	ldr	r3, [pc, #32]	; (bb39c <_GLOBAL__sub_I__ZN5spark13CellularClass4RSSIEv+0x24>)
        return (band_get.ok = true);
    }

    CellularClass Cellular;
    // NetworkClass& Network = Cellular;
}
   bb37a:	b510      	push	{r4, lr}
   bb37c:	2428      	movs	r4, #40	; 0x28
   bb37e:	4622      	mov	r2, r4
   bb380:	4618      	mov	r0, r3
   bb382:	2100      	movs	r1, #0
   bb384:	f000 fae9 	bl	bb95a <memset>
   bb388:	4b05      	ldr	r3, [pc, #20]	; (bb3a0 <_GLOBAL__sub_I__ZN5spark13CellularClass4RSSIEv+0x28>)
        cid = -1;
        size = sizeof(*this);
   bb38a:	8004      	strh	r4, [r0, #0]
        cid = -1;
   bb38c:	f04f 32ff 	mov.w	r2, #4294967295
   bb390:	6042      	str	r2, [r0, #4]
   bb392:	2204      	movs	r2, #4
   bb394:	605a      	str	r2, [r3, #4]
            NetworkClass(NETWORK_INTERFACE_CELLULAR) {
   bb396:	4a03      	ldr	r2, [pc, #12]	; (bb3a4 <_GLOBAL__sub_I__ZN5spark13CellularClass4RSSIEv+0x2c>)
   bb398:	601a      	str	r2, [r3, #0]
   bb39a:	bd10      	pop	{r4, pc}
   bb39c:	2003e6f0 	.word	0x2003e6f0
   bb3a0:	2003e6e8 	.word	0x2003e6e8
   bb3a4:	000bc0cc 	.word	0x000bc0cc

000bb3a8 <_ZN11USARTSerialD1Ev>:
private:
  hal_usart_interface_t _serial;
  bool _blocking;
public:
  USARTSerial(hal_usart_interface_t serial, const hal_usart_buffer_config_t& config);
  virtual ~USARTSerial() {};
   bb3a8:	4770      	bx	lr

000bb3aa <_ZN11USARTSerial14blockOnOverrunEb>:
    hal_usart_half_duplex(_serial, Enable);
}

void USARTSerial::blockOnOverrun(bool block)
{
  _blocking = block;
   bb3aa:	7441      	strb	r1, [r0, #17]
}
   bb3ac:	4770      	bx	lr

000bb3ae <_ZN11USARTSerial17availableForWriteEv>:


int USARTSerial::availableForWrite(void)
{
   bb3ae:	b508      	push	{r3, lr}
  return std::max(0, (int)hal_usart_available_data_for_write(_serial));
   bb3b0:	7c00      	ldrb	r0, [r0, #16]
   bb3b2:	f7fe ff0f 	bl	ba1d4 <hal_usart_available_data_for_write>
}
   bb3b6:	ea20 70e0 	bic.w	r0, r0, r0, asr #31
   bb3ba:	bd08      	pop	{r3, pc}

000bb3bc <_ZN11USARTSerial9availableEv>:

int USARTSerial::available(void)
{
   bb3bc:	b508      	push	{r3, lr}
  return std::max(0, (int)hal_usart_available(_serial));
   bb3be:	7c00      	ldrb	r0, [r0, #16]
   bb3c0:	f7fe fee0 	bl	ba184 <hal_usart_available>
}
   bb3c4:	ea20 70e0 	bic.w	r0, r0, r0, asr #31
   bb3c8:	bd08      	pop	{r3, pc}

000bb3ca <_ZN11USARTSerial4peekEv>:

int USARTSerial::peek(void)
{
   bb3ca:	b508      	push	{r3, lr}
  return std::max(-1, (int)hal_usart_peek(_serial));
   bb3cc:	7c00      	ldrb	r0, [r0, #16]
   bb3ce:	f7fe fee9 	bl	ba1a4 <hal_usart_peek>
}
   bb3d2:	ea40 70e0 	orr.w	r0, r0, r0, asr #31
   bb3d6:	bd08      	pop	{r3, pc}

000bb3d8 <_ZN11USARTSerial4readEv>:

int USARTSerial::read(void)
{
   bb3d8:	b508      	push	{r3, lr}
  return std::max(-1, (int)hal_usart_read(_serial));
   bb3da:	7c00      	ldrb	r0, [r0, #16]
   bb3dc:	f7fe feda 	bl	ba194 <hal_usart_read>
}
   bb3e0:	ea40 70e0 	orr.w	r0, r0, r0, asr #31
   bb3e4:	bd08      	pop	{r3, pc}

000bb3e6 <_ZN11USARTSerial5flushEv>:

void USARTSerial::flush()
{
  hal_usart_flush(_serial);
   bb3e6:	7c00      	ldrb	r0, [r0, #16]
   bb3e8:	f7fe bee4 	b.w	ba1b4 <hal_usart_flush>

000bb3ec <_ZN11USARTSerial5writeEh>:
}

size_t USARTSerial::write(uint8_t c)
{
   bb3ec:	b537      	push	{r0, r1, r2, r4, r5, lr}
  // attempt a write if blocking, or for non-blocking if there is room.
  if (_blocking || hal_usart_available_data_for_write(_serial) > 0) {
   bb3ee:	7c45      	ldrb	r5, [r0, #17]
{
   bb3f0:	4604      	mov	r4, r0
  if (_blocking || hal_usart_available_data_for_write(_serial) > 0) {
   bb3f2:	b12d      	cbz	r5, bb400 <_ZN11USARTSerial5writeEh+0x14>
    // the HAL always blocks.
	  return hal_usart_write(_serial, c);
   bb3f4:	7c20      	ldrb	r0, [r4, #16]
  }
  return 0;
}
   bb3f6:	b003      	add	sp, #12
   bb3f8:	e8bd 4030 	ldmia.w	sp!, {r4, r5, lr}
	  return hal_usart_write(_serial, c);
   bb3fc:	f7fe beba 	b.w	ba174 <hal_usart_write>
  if (_blocking || hal_usart_available_data_for_write(_serial) > 0) {
   bb400:	7c00      	ldrb	r0, [r0, #16]
   bb402:	9101      	str	r1, [sp, #4]
   bb404:	f7fe fee6 	bl	ba1d4 <hal_usart_available_data_for_write>
   bb408:	2800      	cmp	r0, #0
   bb40a:	9901      	ldr	r1, [sp, #4]
   bb40c:	dcf2      	bgt.n	bb3f4 <_ZN11USARTSerial5writeEh+0x8>
}
   bb40e:	4628      	mov	r0, r5
   bb410:	b003      	add	sp, #12
   bb412:	bd30      	pop	{r4, r5, pc}

000bb414 <_ZN11USARTSerialD0Ev>:
   bb414:	b510      	push	{r4, lr}
   bb416:	2114      	movs	r1, #20
   bb418:	4604      	mov	r4, r0
   bb41a:	f7f9 fafa 	bl	b4a12 <_ZdlPvj>
   bb41e:	4620      	mov	r0, r4
   bb420:	bd10      	pop	{r4, pc}
	...

000bb424 <_ZN11USARTSerialC1E21hal_usart_interface_tRK25hal_usart_buffer_config_t>:
USARTSerial::USARTSerial(hal_usart_interface_t serial, const hal_usart_buffer_config_t& config)
   bb424:	b510      	push	{r4, lr}
   bb426:	f44f 737a 	mov.w	r3, #1000	; 0x3e8
   bb42a:	4604      	mov	r4, r0
   bb42c:	4608      	mov	r0, r1
   bb42e:	4611      	mov	r1, r2
   bb430:	2200      	movs	r2, #0
   bb432:	e9c4 2301 	strd	r2, r3, [r4, #4]
   bb436:	4b04      	ldr	r3, [pc, #16]	; (bb448 <_ZN11USARTSerialC1E21hal_usart_interface_tRK25hal_usart_buffer_config_t+0x24>)
   bb438:	6023      	str	r3, [r4, #0]
  _blocking = true;
   bb43a:	2301      	movs	r3, #1
  _serial = serial;
   bb43c:	7420      	strb	r0, [r4, #16]
  _blocking = true;
   bb43e:	7463      	strb	r3, [r4, #17]
  hal_usart_init_ex(serial, &config, nullptr);
   bb440:	f7fe fed0 	bl	ba1e4 <hal_usart_init_ex>
}
   bb444:	4620      	mov	r0, r4
   bb446:	bd10      	pop	{r4, pc}
   bb448:	000bc110 	.word	0x000bc110

000bb44c <_ZN8particle6detail21futureCallbackWrapperEPv>:
 * License along with this library; if not, see <http://www.gnu.org/licenses/>.
 */

#include "spark_wiring_async.h"

void particle::detail::futureCallbackWrapper(void* data) {
   bb44c:	b510      	push	{r4, lr}
      if (_M_empty())
   bb44e:	6883      	ldr	r3, [r0, #8]
   bb450:	4604      	mov	r4, r0
   bb452:	b90b      	cbnz	r3, bb458 <_ZN8particle6detail21futureCallbackWrapperEPv+0xc>
	__throw_bad_function_call();
   bb454:	f000 fa5a 	bl	bb90c <_ZSt25__throw_bad_function_callv>
      return _M_invoker(_M_functor, std::forward<_ArgTypes>(__args)...);
   bb458:	68c3      	ldr	r3, [r0, #12]
   bb45a:	4798      	blx	r3
      if (_M_manager)
   bb45c:	68a3      	ldr	r3, [r4, #8]
   bb45e:	b11b      	cbz	r3, bb468 <_ZN8particle6detail21futureCallbackWrapperEPv+0x1c>
	_M_manager(_M_functor, _M_functor, __destroy_functor);
   bb460:	2203      	movs	r2, #3
   bb462:	4621      	mov	r1, r4
   bb464:	4620      	mov	r0, r4
   bb466:	4798      	blx	r3
    auto callbackPtr = static_cast<const std::function<void()>*>(data);
    (*callbackPtr)();
    delete callbackPtr;
   bb468:	4620      	mov	r0, r4
   bb46a:	2110      	movs	r1, #16
}
   bb46c:	e8bd 4010 	ldmia.w	sp!, {r4, lr}
    delete callbackPtr;
   bb470:	f7f9 bacf 	b.w	b4a12 <_ZdlPvj>

000bb474 <_ZN7TwoWireD1Ev>:
private:
  hal_i2c_interface_t _i2c;

public:
  TwoWire(hal_i2c_interface_t i2c, const hal_i2c_config_t& config);
  virtual ~TwoWire() {};
   bb474:	4770      	bx	lr

000bb476 <_ZN7TwoWire5writeEPKhj>:

// must be called in:
// slave tx event callback
// or after beginTransmission(address)
size_t TwoWire::write(const uint8_t *data, size_t quantity)
{
   bb476:	b5f8      	push	{r3, r4, r5, r6, r7, lr}
   bb478:	4606      	mov	r6, r0
   bb47a:	4615      	mov	r5, r2
   bb47c:	460c      	mov	r4, r1
   bb47e:	188f      	adds	r7, r1, r2
  // in master/slave transmitter mode
  for(size_t i = 0; i < quantity; ++i)
   bb480:	42bc      	cmp	r4, r7
   bb482:	d006      	beq.n	bb492 <_ZN7TwoWire5writeEPKhj+0x1c>
  {
    write(data[i]);
   bb484:	6833      	ldr	r3, [r6, #0]
   bb486:	f814 1b01 	ldrb.w	r1, [r4], #1
   bb48a:	689b      	ldr	r3, [r3, #8]
   bb48c:	4630      	mov	r0, r6
   bb48e:	4798      	blx	r3
  for(size_t i = 0; i < quantity; ++i)
   bb490:	e7f6      	b.n	bb480 <_ZN7TwoWire5writeEPKhj+0xa>
  }

  return quantity;
}
   bb492:	4628      	mov	r0, r5
   bb494:	bdf8      	pop	{r3, r4, r5, r6, r7, pc}

000bb496 <_ZN7TwoWire5writeEh>:
  return hal_i2c_write(_i2c, data, NULL);
   bb496:	7c00      	ldrb	r0, [r0, #16]
   bb498:	2200      	movs	r2, #0
   bb49a:	f7fe bec3 	b.w	ba224 <hal_i2c_write>

000bb49e <_ZN7TwoWire9availableEv>:
// must be called in:
// slave rx event callback
// or after requestFrom(address, numBytes)
int TwoWire::available(void)
{
  return hal_i2c_available(_i2c, NULL);
   bb49e:	7c00      	ldrb	r0, [r0, #16]
   bb4a0:	2100      	movs	r1, #0
   bb4a2:	f7fe bec7 	b.w	ba234 <hal_i2c_available>

000bb4a6 <_ZN7TwoWire4readEv>:
// must be called in:
// slave rx event callback
// or after requestFrom(address, numBytes)
int TwoWire::read(void)
{
  return hal_i2c_read(_i2c, NULL);
   bb4a6:	7c00      	ldrb	r0, [r0, #16]
   bb4a8:	2100      	movs	r1, #0
   bb4aa:	f7fe becb 	b.w	ba244 <hal_i2c_read>

000bb4ae <_ZN7TwoWire4peekEv>:
// must be called in:
// slave rx event callback
// or after requestFrom(address, numBytes)
int TwoWire::peek(void)
{
  return hal_i2c_peek(_i2c, NULL);
   bb4ae:	7c00      	ldrb	r0, [r0, #16]
   bb4b0:	2100      	movs	r1, #0
   bb4b2:	f7fe becf 	b.w	ba254 <hal_i2c_peek>

000bb4b6 <_ZN7TwoWire5flushEv>:
}

void TwoWire::flush(void)
{
  hal_i2c_flush(_i2c, NULL);
   bb4b6:	7c00      	ldrb	r0, [r0, #16]
   bb4b8:	2100      	movs	r1, #0
   bb4ba:	f7fe bed3 	b.w	ba264 <hal_i2c_flush>

000bb4be <_ZN7TwoWireD0Ev>:
   bb4be:	b510      	push	{r4, lr}
   bb4c0:	2114      	movs	r1, #20
   bb4c2:	4604      	mov	r4, r0
   bb4c4:	f7f9 faa5 	bl	b4a12 <_ZdlPvj>
   bb4c8:	4620      	mov	r0, r4
   bb4ca:	bd10      	pop	{r4, pc}

000bb4cc <_ZN7TwoWireC1E19hal_i2c_interface_tRK16hal_i2c_config_t>:
TwoWire::TwoWire(hal_i2c_interface_t i2c, const hal_i2c_config_t& conf)
   bb4cc:	b538      	push	{r3, r4, r5, lr}
   bb4ce:	4604      	mov	r4, r0
   bb4d0:	4615      	mov	r5, r2
   bb4d2:	f44f 737a 	mov.w	r3, #1000	; 0x3e8
   bb4d6:	2200      	movs	r2, #0
   bb4d8:	e9c4 2301 	strd	r2, r3, [r4, #4]
   bb4dc:	4b09      	ldr	r3, [pc, #36]	; (bb504 <_ZN7TwoWireC1E19hal_i2c_interface_tRK16hal_i2c_config_t+0x38>)
  _i2c = i2c;
   bb4de:	7421      	strb	r1, [r4, #16]
TwoWire::TwoWire(hal_i2c_interface_t i2c, const hal_i2c_config_t& conf)
   bb4e0:	4608      	mov	r0, r1
   bb4e2:	6023      	str	r3, [r4, #0]
  int result = hal_i2c_init(_i2c, &conf);
   bb4e4:	4629      	mov	r1, r5
   bb4e6:	f7fe fecd 	bl	ba284 <hal_i2c_init>
  if (result == SYSTEM_ERROR_NOT_ENOUGH_DATA && 
   bb4ea:	30bf      	adds	r0, #191	; 0xbf
   bb4ec:	d108      	bne.n	bb500 <_ZN7TwoWireC1E19hal_i2c_interface_tRK16hal_i2c_config_t+0x34>
      (conf.flags & HAL_I2C_CONFIG_FLAG_FREEABLE)) {
   bb4ee:	696b      	ldr	r3, [r5, #20]
  if (result == SYSTEM_ERROR_NOT_ENOUGH_DATA && 
   bb4f0:	07db      	lsls	r3, r3, #31
   bb4f2:	d505      	bpl.n	bb500 <_ZN7TwoWireC1E19hal_i2c_interface_tRK16hal_i2c_config_t+0x34>
    free(conf.rx_buffer);
   bb4f4:	6868      	ldr	r0, [r5, #4]
   bb4f6:	f7ff f821 	bl	ba53c <free>
    free(conf.tx_buffer);
   bb4fa:	68e8      	ldr	r0, [r5, #12]
   bb4fc:	f7ff f81e 	bl	ba53c <free>
}
   bb500:	4620      	mov	r0, r4
   bb502:	bd38      	pop	{r3, r4, r5, pc}
   bb504:	000bc144 	.word	0x000bc144

000bb508 <_ZN7TwoWire5beginEv>:
	hal_i2c_begin(_i2c, I2C_MODE_MASTER, 0x00, NULL);
   bb508:	2300      	movs	r3, #0
   bb50a:	7c00      	ldrb	r0, [r0, #16]
   bb50c:	461a      	mov	r2, r3
   bb50e:	4619      	mov	r1, r3
   bb510:	f7fe be70 	b.w	ba1f4 <hal_i2c_begin>

000bb514 <_ZN7TwoWire11requestFromERK16WireTransmission>:
size_t TwoWire::requestFrom(const WireTransmission& transfer) {
   bb514:	b57f      	push	{r0, r1, r2, r3, r4, r5, r6, lr}
    hal_i2c_transmission_config_t conf = {
   bb516:	2200      	movs	r2, #0
   bb518:	2318      	movs	r3, #24
   bb51a:	e9cd 2200 	strd	r2, r2, [sp]
   bb51e:	f8ad 3000 	strh.w	r3, [sp]
    };
   bb522:	780b      	ldrb	r3, [r1, #0]
   bb524:	f88d 3004 	strb.w	r3, [sp, #4]
   bb528:	684b      	ldr	r3, [r1, #4]
   bb52a:	9302      	str	r3, [sp, #8]
   bb52c:	68cb      	ldr	r3, [r1, #12]
   bb52e:	9303      	str	r3, [sp, #12]
      .flags = (uint32_t)(stop_ ? HAL_I2C_TRANSMISSION_FLAG_STOP : 0),
   bb530:	7a0b      	ldrb	r3, [r1, #8]
   bb532:	9304      	str	r3, [sp, #16]
  return hal_i2c_request_ex(_i2c, &conf, nullptr);
   bb534:	7c00      	ldrb	r0, [r0, #16]
    };
   bb536:	690b      	ldr	r3, [r1, #16]
   bb538:	9305      	str	r3, [sp, #20]
   bb53a:	4669      	mov	r1, sp
   bb53c:	f7fe feaa 	bl	ba294 <hal_i2c_request_ex>
}
   bb540:	b007      	add	sp, #28
   bb542:	f85d fb04 	ldr.w	pc, [sp], #4

000bb546 <_ZN7TwoWire11requestFromEhjh>:
{
   bb546:	b57f      	push	{r0, r1, r2, r3, r4, r5, r6, lr}
        buffer_(nullptr) {
   bb548:	f88d 1004 	strb.w	r1, [sp, #4]
   bb54c:	2100      	movs	r1, #0
  return requestFrom(WireTransmission(address).quantity(quantity).stop(sendStop));
   bb54e:	1a5b      	subs	r3, r3, r1
   bb550:	f04f 0c64 	mov.w	ip, #100	; 0x64
   bb554:	e9cd c104 	strd	ip, r1, [sp, #16]
   bb558:	bf18      	it	ne
   bb55a:	2301      	movne	r3, #1
   bb55c:	a901      	add	r1, sp, #4
    size_ = size;
   bb55e:	9202      	str	r2, [sp, #8]
   bb560:	f88d 300c 	strb.w	r3, [sp, #12]
   bb564:	f7ff ffd6 	bl	bb514 <_ZN7TwoWire11requestFromERK16WireTransmission>
}
   bb568:	b007      	add	sp, #28
   bb56a:	f85d fb04 	ldr.w	pc, [sp], #4

000bb56e <_ZN7TwoWire17beginTransmissionEh>:
	hal_i2c_begin_transmission(_i2c, address, NULL);
   bb56e:	7c00      	ldrb	r0, [r0, #16]
   bb570:	2200      	movs	r2, #0
   bb572:	f7fe be47 	b.w	ba204 <hal_i2c_begin_transmission>

000bb576 <_ZN7TwoWire15endTransmissionEh>:
	return hal_i2c_end_transmission(_i2c, sendStop, NULL);
   bb576:	7c00      	ldrb	r0, [r0, #16]
   bb578:	2200      	movs	r2, #0
   bb57a:	f7fe be4b 	b.w	ba214 <hal_i2c_end_transmission>

000bb57e <_ZN7TwoWire15endTransmissionEv>:
  return endTransmission(true);
   bb57e:	2101      	movs	r1, #1
   bb580:	f7ff bff9 	b.w	bb576 <_ZN7TwoWire15endTransmissionEh>

000bb584 <_GLOBAL__sub_I__ZN7TwoWireC2E19hal_i2c_interface_tRK16hal_i2c_config_t>:
      : address_{address},
   bb584:	4b05      	ldr	r3, [pc, #20]	; (bb59c <_GLOBAL__sub_I__ZN7TwoWireC2E19hal_i2c_interface_tRK16hal_i2c_config_t+0x18>)
        buffer_(nullptr) {
   bb586:	21ff      	movs	r1, #255	; 0xff
   bb588:	2200      	movs	r2, #0
   bb58a:	e9c3 1200 	strd	r1, r2, [r3]
   bb58e:	2001      	movs	r0, #1
   bb590:	2164      	movs	r1, #100	; 0x64
   bb592:	e9c3 0102 	strd	r0, r1, [r3, #8]
   bb596:	611a      	str	r2, [r3, #16]

namespace particle {
namespace detail {
const WireTransmission WIRE_INVALID_TRANSMISSION(0xff);
} // detail
} // particle
   bb598:	4770      	bx	lr
   bb59a:	bf00      	nop
   bb59c:	2003e718 	.word	0x2003e718

000bb5a0 <_ZN5spark12NetworkClass7connectEj>:
        return Network;
    }
}

void NetworkClass::connect(unsigned flags) {
    network_connect(*this, flags, 0, nullptr);
   bb5a0:	2300      	movs	r3, #0
   bb5a2:	6840      	ldr	r0, [r0, #4]
   bb5a4:	461a      	mov	r2, r3
   bb5a6:	f7fe bf39 	b.w	ba41c <network_connect>

000bb5aa <_ZN5spark12NetworkClass10disconnectEv>:
}

void NetworkClass::disconnect() {
    network_disconnect(*this, NETWORK_DISCONNECT_REASON_USER, nullptr);
   bb5aa:	6840      	ldr	r0, [r0, #4]
   bb5ac:	2200      	movs	r2, #0
   bb5ae:	2102      	movs	r1, #2
   bb5b0:	f7fe bf44 	b.w	ba43c <network_disconnect>

000bb5b4 <_ZN5spark12NetworkClass10connectingEv>:
}

bool NetworkClass::connecting() {
    return network_connecting(*this, 0, nullptr);
   bb5b4:	2200      	movs	r2, #0
   bb5b6:	6840      	ldr	r0, [r0, #4]
   bb5b8:	4611      	mov	r1, r2
   bb5ba:	f7fe bf37 	b.w	ba42c <network_connecting>

000bb5be <_ZN5spark12NetworkClass5readyEv>:
}

bool NetworkClass::ready() {
    return network_ready(*this, 0, nullptr);
   bb5be:	2200      	movs	r2, #0
   bb5c0:	6840      	ldr	r0, [r0, #4]
   bb5c2:	4611      	mov	r1, r2
   bb5c4:	f7fe bf42 	b.w	ba44c <network_ready>

000bb5c8 <_ZN5spark12NetworkClass2onEv>:
}

void NetworkClass::on() {
    network_on(*this, 0, 0, nullptr);
   bb5c8:	2300      	movs	r3, #0
   bb5ca:	6840      	ldr	r0, [r0, #4]
   bb5cc:	461a      	mov	r2, r3
   bb5ce:	4619      	mov	r1, r3
   bb5d0:	f7fe bf44 	b.w	ba45c <network_on>

000bb5d4 <_ZN5spark12NetworkClass3offEv>:
}

void NetworkClass::off() {
    network_off(*this, 0, 0, nullptr);
   bb5d4:	2300      	movs	r3, #0
   bb5d6:	6840      	ldr	r0, [r0, #4]
   bb5d8:	461a      	mov	r2, r3
   bb5da:	4619      	mov	r1, r3
   bb5dc:	f7fe bf46 	b.w	ba46c <network_off>

000bb5e0 <_ZN5spark12NetworkClass4isOnEv>:
}

bool NetworkClass::isOn() {
    return network_is_on(*this, nullptr);
   bb5e0:	6840      	ldr	r0, [r0, #4]
   bb5e2:	2100      	movs	r1, #0
   bb5e4:	f7fe bf6a 	b.w	ba4bc <network_is_on>

000bb5e8 <_ZN5spark12NetworkClass5isOffEv>:
}

bool NetworkClass::isOff() {
    return network_is_off(*this, nullptr);
   bb5e8:	6840      	ldr	r0, [r0, #4]
   bb5ea:	2100      	movs	r1, #0
   bb5ec:	f7fe bf6e 	b.w	ba4cc <network_is_off>

000bb5f0 <_ZN5spark12NetworkClass6listenEb>:
}

void NetworkClass::listen(bool begin) {
    network_listen(*this, begin ? 0 : 1, nullptr);
   bb5f0:	6840      	ldr	r0, [r0, #4]
   bb5f2:	2200      	movs	r2, #0
   bb5f4:	f081 0101 	eor.w	r1, r1, #1
   bb5f8:	f7fe bf40 	b.w	ba47c <network_listen>

000bb5fc <_ZN5spark12NetworkClass16setListenTimeoutEt>:
}

void NetworkClass::setListenTimeout(uint16_t timeout) {
    network_set_listen_timeout(*this, timeout, nullptr);
   bb5fc:	6840      	ldr	r0, [r0, #4]
   bb5fe:	2200      	movs	r2, #0
   bb600:	f7fe bf4c 	b.w	ba49c <network_set_listen_timeout>

000bb604 <_ZN5spark12NetworkClass16getListenTimeoutEv>:
}

uint16_t NetworkClass::getListenTimeout() {
    return network_get_listen_timeout(*this, 0, nullptr);
   bb604:	2200      	movs	r2, #0
   bb606:	6840      	ldr	r0, [r0, #4]
   bb608:	4611      	mov	r1, r2
   bb60a:	f7fe bf4f 	b.w	ba4ac <network_get_listen_timeout>

000bb60e <_ZN5spark12NetworkClass9listeningEv>:
}

bool NetworkClass::listening() {
    return network_listening(*this, 0, nullptr);
   bb60e:	2200      	movs	r2, #0
   bb610:	6840      	ldr	r0, [r0, #4]
   bb612:	4611      	mov	r1, r2
   bb614:	f7fe bf3a 	b.w	ba48c <network_listening>

000bb618 <_ZN5spark12NetworkClass11isPreferredEv>:
    network_handle_t network = network_prefer(*this, prefer, nullptr);
    return Network.from(network);
}

bool NetworkClass::isPreferred() {
    return network_is_preferred(*this, nullptr);
   bb618:	6840      	ldr	r0, [r0, #4]
   bb61a:	2100      	movs	r1, #0
   bb61c:	f7fe bf66 	b.w	ba4ec <network_is_preferred>

000bb620 <_ZN5spark12NetworkClass7resolveEPKc>:
}

IPAddress NetworkClass::resolve(const char* name) {
   bb620:	e92d 43f0 	stmdb	sp!, {r4, r5, r6, r7, r8, r9, lr}
   bb624:	b095      	sub	sp, #84	; 0x54
   bb626:	4614      	mov	r4, r2
   bb628:	460d      	mov	r5, r1
   bb62a:	4607      	mov	r7, r0
    IPAddress addr;
   bb62c:	f7ff fdae 	bl	bb18c <_ZN9IPAddressC1Ev>
#if HAL_USE_INET_HAL_POSIX
    struct addrinfo *ai = nullptr;
   bb630:	2100      	movs	r1, #0
    struct addrinfo hints = {};
   bb632:	221c      	movs	r2, #28
   bb634:	a80d      	add	r0, sp, #52	; 0x34
    struct addrinfo *ai = nullptr;
   bb636:	9100      	str	r1, [sp, #0]
    struct addrinfo hints = {};
   bb638:	f000 f98f 	bl	bb95a <memset>
    hints.ai_flags = AI_ADDRCONFIG;
   bb63c:	2340      	movs	r3, #64	; 0x40
   bb63e:	930c      	str	r3, [sp, #48]	; 0x30
    hints.ai_family = AF_UNSPEC;
    const int r = getaddrinfo(name, nullptr, &hints, &ai);
   bb640:	4620      	mov	r0, r4
   bb642:	466b      	mov	r3, sp
   bb644:	aa0c      	add	r2, sp, #48	; 0x30
   bb646:	2100      	movs	r1, #0
   bb648:	f7fe fd44 	bl	ba0d4 <netdb_getaddrinfo>
    if (!r) {
   bb64c:	4604      	mov	r4, r0
   bb64e:	2800      	cmp	r0, #0
   bb650:	d14b      	bne.n	bb6ea <_ZN5spark12NetworkClass7resolveEPKc+0xca>
        bool ok = false;
        // This is not really needed if AI_ADDRCONFIG is properly supported
        bool ipv4 = network_ready(*this, NETWORK_READY_TYPE_IPV4, nullptr);
   bb652:	4602      	mov	r2, r0
   bb654:	2101      	movs	r1, #1
   bb656:	6868      	ldr	r0, [r5, #4]
   bb658:	f7fe fef8 	bl	ba44c <network_ready>
        bool ipv6 = network_ready(*this, NETWORK_READY_TYPE_IPV6, nullptr);
   bb65c:	2102      	movs	r1, #2
        bool ipv4 = network_ready(*this, NETWORK_READY_TYPE_IPV4, nullptr);
   bb65e:	4680      	mov	r8, r0
        bool ipv6 = network_ready(*this, NETWORK_READY_TYPE_IPV6, nullptr);
   bb660:	4622      	mov	r2, r4
   bb662:	6868      	ldr	r0, [r5, #4]
   bb664:	f7fe fef2 	bl	ba44c <network_ready>
        for (auto cur = ai; cur != nullptr && !ok; cur = cur->ai_next) {
   bb668:	9e00      	ldr	r6, [sp, #0]
        bool ipv6 = network_ready(*this, NETWORK_READY_TYPE_IPV6, nullptr);
   bb66a:	4681      	mov	r9, r0
        bool ok = false;
   bb66c:	4621      	mov	r1, r4
        for (auto cur = ai; cur != nullptr && !ok; cur = cur->ai_next) {
   bb66e:	2e00      	cmp	r6, #0
   bb670:	d03b      	beq.n	bb6ea <_ZN5spark12NetworkClass7resolveEPKc+0xca>
   bb672:	2900      	cmp	r1, #0
   bb674:	d139      	bne.n	bb6ea <_ZN5spark12NetworkClass7resolveEPKc+0xca>
            // NOTE: using only the first entry that matches the current state of IPv4/IPv6 connectivity
            switch (cur->ai_family) {
   bb676:	6873      	ldr	r3, [r6, #4]
   bb678:	2b02      	cmp	r3, #2
   bb67a:	d003      	beq.n	bb684 <_ZN5spark12NetworkClass7resolveEPKc+0x64>
   bb67c:	2b0a      	cmp	r3, #10
   bb67e:	d011      	beq.n	bb6a4 <_ZN5spark12NetworkClass7resolveEPKc+0x84>
        for (auto cur = ai; cur != nullptr && !ok; cur = cur->ai_next) {
   bb680:	69f6      	ldr	r6, [r6, #28]
   bb682:	e7f4      	b.n	bb66e <_ZN5spark12NetworkClass7resolveEPKc+0x4e>
                case AF_INET: {
                    if (!ipv4) {
   bb684:	f1b8 0f00 	cmp.w	r8, #0
   bb688:	d0fa      	beq.n	bb680 <_ZN5spark12NetworkClass7resolveEPKc+0x60>
                        continue;
                    }
                    // NOTE: HAL_IPAddress is little-endian
                    auto in = (struct sockaddr_in*)cur->ai_addr;
                    addr = (const uint8_t*)(&in->sin_addr.s_addr);
   bb68a:	6971      	ldr	r1, [r6, #20]
        return *this = IPAddress(address);
   bb68c:	a806      	add	r0, sp, #24
   bb68e:	3104      	adds	r1, #4
class IPAddress : public Printable {
   bb690:	ad07      	add	r5, sp, #28
        return *this = IPAddress(address);
   bb692:	f7ff fda9 	bl	bb1e8 <_ZN9IPAddressC1EPKh>
class IPAddress : public Printable {
   bb696:	cd0f      	ldmia	r5!, {r0, r1, r2, r3}
   bb698:	1d3c      	adds	r4, r7, #4
   bb69a:	c40f      	stmia	r4!, {r0, r1, r2, r3}
   bb69c:	682b      	ldr	r3, [r5, #0]
   bb69e:	7023      	strb	r3, [r4, #0]
                    ok = true;
   bb6a0:	4641      	mov	r1, r8
        return *this = IPAddress(address);
   bb6a2:	e7ed      	b.n	bb680 <_ZN5spark12NetworkClass7resolveEPKc+0x60>
                    break;
                }
                case AF_INET6: {
                    if (!ipv6) {
   bb6a4:	f1b9 0f00 	cmp.w	r9, #0
   bb6a8:	d0ea      	beq.n	bb680 <_ZN5spark12NetworkClass7resolveEPKc+0x60>
                        continue;
                    }
                    auto in6 = (struct sockaddr_in6*)cur->ai_addr;
   bb6aa:	6974      	ldr	r4, [r6, #20]
                    HAL_IPAddress a = {};
   bb6ac:	2210      	movs	r2, #16
   bb6ae:	a801      	add	r0, sp, #4
   bb6b0:	f000 f953 	bl	bb95a <memset>
                    a.v = 6;
   bb6b4:	2306      	movs	r3, #6
   bb6b6:	f88d 3014 	strb.w	r3, [sp, #20]
                    memcpy(a.ipv6, in6->sin6_addr.s6_addr, sizeof(a.ipv6));
   bb6ba:	ad01      	add	r5, sp, #4
   bb6bc:	f104 0308 	add.w	r3, r4, #8
   bb6c0:	3418      	adds	r4, #24
   bb6c2:	6818      	ldr	r0, [r3, #0]
   bb6c4:	6859      	ldr	r1, [r3, #4]
   bb6c6:	462a      	mov	r2, r5
   bb6c8:	c203      	stmia	r2!, {r0, r1}
   bb6ca:	3308      	adds	r3, #8
   bb6cc:	42a3      	cmp	r3, r4
   bb6ce:	4615      	mov	r5, r2
   bb6d0:	d1f7      	bne.n	bb6c2 <_ZN5spark12NetworkClass7resolveEPKc+0xa2>
                    addr = IPAddress(a);
   bb6d2:	a901      	add	r1, sp, #4
   bb6d4:	a806      	add	r0, sp, #24
class IPAddress : public Printable {
   bb6d6:	ad07      	add	r5, sp, #28
   bb6d8:	f7ff fd66 	bl	bb1a8 <_ZN9IPAddressC1ERK16_HAL_IPAddress_t>
   bb6dc:	cd0f      	ldmia	r5!, {r0, r1, r2, r3}
   bb6de:	1d3c      	adds	r4, r7, #4
   bb6e0:	c40f      	stmia	r4!, {r0, r1, r2, r3}
   bb6e2:	682b      	ldr	r3, [r5, #0]
   bb6e4:	7023      	strb	r3, [r4, #0]
                    ok = true;
   bb6e6:	4649      	mov	r1, r9
   bb6e8:	e7ca      	b.n	bb680 <_ZN5spark12NetworkClass7resolveEPKc+0x60>
                    break;
                }
            }
        }
    }
    freeaddrinfo(ai);
   bb6ea:	9800      	ldr	r0, [sp, #0]
   bb6ec:	f7fe fcea 	bl	ba0c4 <netdb_freeaddrinfo>
    return Cellular.resolve(name);
#endif // Wiring_Cellular

#endif // HAL_USE_INET_HAL_POSIX
    return addr;
}
   bb6f0:	4638      	mov	r0, r7
   bb6f2:	b015      	add	sp, #84	; 0x54
   bb6f4:	e8bd 83f0 	ldmia.w	sp!, {r4, r5, r6, r7, r8, r9, pc}

000bb6f8 <_ZN5spark12NetworkClass4fromEm>:
    switch (nif) {
   bb6f8:	3803      	subs	r0, #3
   bb6fa:	2803      	cmp	r0, #3
   bb6fc:	bf9a      	itte	ls
   bb6fe:	4b02      	ldrls	r3, [pc, #8]	; (bb708 <_ZN5spark12NetworkClass4fromEm+0x10>)
   bb700:	f853 0020 	ldrls.w	r0, [r3, r0, lsl #2]
NetworkClass& NetworkClass::from(network_interface_t nif) {
   bb704:	4801      	ldrhi	r0, [pc, #4]	; (bb70c <_ZN5spark12NetworkClass4fromEm+0x14>)
}
   bb706:	4770      	bx	lr
   bb708:	000bc168 	.word	0x000bc168
   bb70c:	2003e72c 	.word	0x2003e72c

000bb710 <_ZN5spark12NetworkClass6preferEb>:
NetworkClass& NetworkClass::prefer(bool prefer) {
   bb710:	b508      	push	{r3, lr}
    network_handle_t network = network_prefer(*this, prefer, nullptr);
   bb712:	2200      	movs	r2, #0
   bb714:	6840      	ldr	r0, [r0, #4]
   bb716:	f7fe fee1 	bl	ba4dc <network_prefer>
}
   bb71a:	e8bd 4008 	ldmia.w	sp!, {r3, lr}
    return Network.from(network);
   bb71e:	f7ff bfeb 	b.w	bb6f8 <_ZN5spark12NetworkClass4fromEm>
	...

000bb724 <_GLOBAL__sub_I__ZN5spark7NetworkE>:
   bb724:	4b02      	ldr	r3, [pc, #8]	; (bb730 <_GLOBAL__sub_I__ZN5spark7NetworkE+0xc>)
   bb726:	4a03      	ldr	r2, [pc, #12]	; (bb734 <_GLOBAL__sub_I__ZN5spark7NetworkE+0x10>)
   bb728:	601a      	str	r2, [r3, #0]
   bb72a:	2200      	movs	r2, #0
   bb72c:	605a      	str	r2, [r3, #4]
    network_free_configuration(c, count, nullptr);
    return res;
}
#endif // HAL_USE_SOCKET_HAL_POSIX

} // spark
   bb72e:	4770      	bx	lr
   bb730:	2003e72c 	.word	0x2003e72c
   bb734:	000bc180 	.word	0x000bc180

000bb738 <pinAvailable>:
/*
 * @brief Perform safety check on desired pin to see if it's already
 * being used.  Return 0 if used, otherwise return 1 if available.
 */
bool pinAvailable(uint16_t pin) {
  if (pin >= TOTAL_PINS) {
   bb738:	2823      	cmp	r0, #35	; 0x23
bool pinAvailable(uint16_t pin) {
   bb73a:	b513      	push	{r0, r1, r4, lr}
  if (pin >= TOTAL_PINS) {
   bb73c:	d902      	bls.n	bb744 <pinAvailable+0xc>
    return false;
   bb73e:	2000      	movs	r0, #0
    return false; // 'pin' is used
  }
#endif

  return true; // 'pin' is available
}
   bb740:	b002      	add	sp, #8
   bb742:	bd10      	pop	{r4, pc}
  if((pin == SCK || pin == MOSI || pin == MISO) && hal_spi_is_enabled(SPI.interface()) == true)
   bb744:	f1a0 030b 	sub.w	r3, r0, #11
   bb748:	2b02      	cmp	r3, #2
   bb74a:	d81a      	bhi.n	bb782 <pinAvailable+0x4a>

template <hal_spi_interface_t Interface>
class SpiProxy {
public:
    static SPIClass& instance() {
        static SPIClass instance(Interface);
   bb74c:	4c17      	ldr	r4, [pc, #92]	; (bb7ac <pinAvailable+0x74>)
   bb74e:	7821      	ldrb	r1, [r4, #0]
   bb750:	f3bf 8f5b 	dmb	ish
   bb754:	f011 0101 	ands.w	r1, r1, #1
   bb758:	d10b      	bne.n	bb772 <pinAvailable+0x3a>
   bb75a:	4620      	mov	r0, r4
   bb75c:	9101      	str	r1, [sp, #4]
   bb75e:	f7f9 f95a 	bl	b4a16 <__cxa_guard_acquire>
   bb762:	9901      	ldr	r1, [sp, #4]
   bb764:	b128      	cbz	r0, bb772 <pinAvailable+0x3a>
   bb766:	4812      	ldr	r0, [pc, #72]	; (bb7b0 <pinAvailable+0x78>)
   bb768:	f7fe ff82 	bl	ba670 <_ZN8SPIClassC1E19hal_spi_interface_t>
   bb76c:	4620      	mov	r0, r4
   bb76e:	f7f9 f957 	bl	b4a20 <__cxa_guard_release>
   bb772:	4b0f      	ldr	r3, [pc, #60]	; (bb7b0 <pinAvailable+0x78>)
   bb774:	7818      	ldrb	r0, [r3, #0]
   bb776:	f7fe fdad 	bl	ba2d4 <hal_spi_is_enabled>
   bb77a:	2800      	cmp	r0, #0
   bb77c:	d1df      	bne.n	bb73e <pinAvailable+0x6>
  return true; // 'pin' is available
   bb77e:	2001      	movs	r0, #1
   bb780:	e7de      	b.n	bb740 <pinAvailable+0x8>
  if((pin == SCL || pin == SDA) && hal_i2c_is_enabled(Wire.interface(), nullptr) == true)
   bb782:	2801      	cmp	r0, #1
   bb784:	d809      	bhi.n	bb79a <pinAvailable+0x62>
   bb786:	f000 f89b 	bl	bb8c0 <_Z19__fetch_global_Wirev>
   bb78a:	2100      	movs	r1, #0
   bb78c:	7c00      	ldrb	r0, [r0, #16]
   bb78e:	f7fe fd71 	bl	ba274 <hal_i2c_is_enabled>
  if((pin == RX || pin == TX) && hal_usart_is_enabled(Serial1.interface()) == true)
   bb792:	f080 0001 	eor.w	r0, r0, #1
   bb796:	b2c0      	uxtb	r0, r0
   bb798:	e7d2      	b.n	bb740 <pinAvailable+0x8>
   bb79a:	3809      	subs	r0, #9
   bb79c:	2801      	cmp	r0, #1
   bb79e:	d8ee      	bhi.n	bb77e <pinAvailable+0x46>
   bb7a0:	f000 f84e 	bl	bb840 <_Z22__fetch_global_Serial1v>
   bb7a4:	7c00      	ldrb	r0, [r0, #16]
   bb7a6:	f7fe fd0d 	bl	ba1c4 <hal_usart_is_enabled>
   bb7aa:	e7f2      	b.n	bb792 <pinAvailable+0x5a>
   bb7ac:	2003e67c 	.word	0x2003e67c
   bb7b0:	2003e680 	.word	0x2003e680

000bb7b4 <pinMode>:
  if(pin >= TOTAL_PINS || setMode == PIN_MODE_NONE )
   bb7b4:	2823      	cmp	r0, #35	; 0x23
{
   bb7b6:	b538      	push	{r3, r4, r5, lr}
   bb7b8:	4604      	mov	r4, r0
   bb7ba:	460d      	mov	r5, r1
  if(pin >= TOTAL_PINS || setMode == PIN_MODE_NONE )
   bb7bc:	d80a      	bhi.n	bb7d4 <pinMode+0x20>
   bb7be:	29ff      	cmp	r1, #255	; 0xff
   bb7c0:	d008      	beq.n	bb7d4 <pinMode+0x20>
  if( !pinAvailable(pin) ) {
   bb7c2:	f7ff ffb9 	bl	bb738 <pinAvailable>
   bb7c6:	b128      	cbz	r0, bb7d4 <pinMode+0x20>
  hal_gpio_mode(pin, setMode);
   bb7c8:	4629      	mov	r1, r5
   bb7ca:	4620      	mov	r0, r4
}
   bb7cc:	e8bd 4038 	ldmia.w	sp!, {r3, r4, r5, lr}
  hal_gpio_mode(pin, setMode);
   bb7d0:	f7fe bc88 	b.w	ba0e4 <hal_gpio_mode>
}
   bb7d4:	bd38      	pop	{r3, r4, r5, pc}

000bb7d6 <digitalWrite>:

/*
 * @brief Sets a GPIO pin to HIGH or LOW.
 */
void digitalWrite(hal_pin_t pin, uint8_t value)
{
   bb7d6:	b538      	push	{r3, r4, r5, lr}
   bb7d8:	4604      	mov	r4, r0
   bb7da:	460d      	mov	r5, r1
    PinMode mode = hal_gpio_get_mode(pin);
   bb7dc:	f7fe fc8a 	bl	ba0f4 <hal_gpio_get_mode>
    if (mode==PIN_MODE_NONE || is_input_mode(mode))
   bb7e0:	28ff      	cmp	r0, #255	; 0xff
   bb7e2:	d010      	beq.n	bb806 <digitalWrite+0x30>
            mode == INPUT_PULLDOWN ||
   bb7e4:	2806      	cmp	r0, #6
   bb7e6:	d804      	bhi.n	bb7f2 <digitalWrite+0x1c>
   bb7e8:	234d      	movs	r3, #77	; 0x4d
   bb7ea:	fa23 f000 	lsr.w	r0, r3, r0
   bb7ee:	07c3      	lsls	r3, r0, #31
   bb7f0:	d409      	bmi.n	bb806 <digitalWrite+0x30>
        return;
  // Safety check
  if( !pinAvailable(pin) ) {
   bb7f2:	4620      	mov	r0, r4
   bb7f4:	f7ff ffa0 	bl	bb738 <pinAvailable>
   bb7f8:	b128      	cbz	r0, bb806 <digitalWrite+0x30>
    return;
  }

  hal_gpio_write(pin, value);
   bb7fa:	4629      	mov	r1, r5
   bb7fc:	4620      	mov	r0, r4
}
   bb7fe:	e8bd 4038 	ldmia.w	sp!, {r3, r4, r5, lr}
  hal_gpio_write(pin, value);
   bb802:	f7fe bc7f 	b.w	ba104 <hal_gpio_write>
}
   bb806:	bd38      	pop	{r3, r4, r5, pc}

000bb808 <__tcf_0>:
}
#endif

USARTSerial& __fetch_global_Serial1()
{
    static USARTSerial serial1(HAL_USART_SERIAL1, acquireSerial1Buffer());
   bb808:	4770      	bx	lr
	...

000bb80c <_Z20acquireSerial1Bufferv>:
{
   bb80c:	b538      	push	{r3, r4, r5, lr}
   bb80e:	4604      	mov	r4, r0
    hal_usart_buffer_config_t config = {
   bb810:	2514      	movs	r5, #20
   bb812:	462a      	mov	r2, r5
   bb814:	2100      	movs	r1, #0
   bb816:	f000 f8a0 	bl	bb95a <memset>
   bb81a:	8025      	strh	r5, [r4, #0]
   bb81c:	2540      	movs	r5, #64	; 0x40
        .rx_buffer = new (std::nothrow) uint8_t[bufferSize],
   bb81e:	4907      	ldr	r1, [pc, #28]	; (bb83c <_Z20acquireSerial1Bufferv+0x30>)
    hal_usart_buffer_config_t config = {
   bb820:	8125      	strh	r5, [r4, #8]
        .rx_buffer = new (std::nothrow) uint8_t[bufferSize],
   bb822:	4628      	mov	r0, r5
    hal_usart_buffer_config_t config = {
   bb824:	8225      	strh	r5, [r4, #16]
        .rx_buffer = new (std::nothrow) uint8_t[bufferSize],
   bb826:	f000 f86f 	bl	bb908 <_ZnajRKSt9nothrow_t>
        .tx_buffer = new (std::nothrow) uint8_t[bufferSize],
   bb82a:	4904      	ldr	r1, [pc, #16]	; (bb83c <_Z20acquireSerial1Bufferv+0x30>)
    };
   bb82c:	6060      	str	r0, [r4, #4]
        .tx_buffer = new (std::nothrow) uint8_t[bufferSize],
   bb82e:	4628      	mov	r0, r5
   bb830:	f000 f86a 	bl	bb908 <_ZnajRKSt9nothrow_t>
    };
   bb834:	60e0      	str	r0, [r4, #12]
}
   bb836:	4620      	mov	r0, r4
   bb838:	bd38      	pop	{r3, r4, r5, pc}
   bb83a:	bf00      	nop
   bb83c:	000bc1bc 	.word	0x000bc1bc

000bb840 <_Z22__fetch_global_Serial1v>:
{
   bb840:	b530      	push	{r4, r5, lr}
    static USARTSerial serial1(HAL_USART_SERIAL1, acquireSerial1Buffer());
   bb842:	4d0e      	ldr	r5, [pc, #56]	; (bb87c <_Z22__fetch_global_Serial1v+0x3c>)
   bb844:	7829      	ldrb	r1, [r5, #0]
   bb846:	f3bf 8f5b 	dmb	ish
   bb84a:	f011 0401 	ands.w	r4, r1, #1
{
   bb84e:	b087      	sub	sp, #28
    static USARTSerial serial1(HAL_USART_SERIAL1, acquireSerial1Buffer());
   bb850:	d111      	bne.n	bb876 <_Z22__fetch_global_Serial1v+0x36>
   bb852:	4628      	mov	r0, r5
   bb854:	f7f9 f8df 	bl	b4a16 <__cxa_guard_acquire>
   bb858:	b168      	cbz	r0, bb876 <_Z22__fetch_global_Serial1v+0x36>
   bb85a:	a801      	add	r0, sp, #4
   bb85c:	f7ff ffd6 	bl	bb80c <_Z20acquireSerial1Bufferv>
   bb860:	aa01      	add	r2, sp, #4
   bb862:	4621      	mov	r1, r4
   bb864:	4806      	ldr	r0, [pc, #24]	; (bb880 <_Z22__fetch_global_Serial1v+0x40>)
   bb866:	f7ff fddd 	bl	bb424 <_ZN11USARTSerialC1E21hal_usart_interface_tRK25hal_usart_buffer_config_t>
   bb86a:	4628      	mov	r0, r5
   bb86c:	f7f9 f8d8 	bl	b4a20 <__cxa_guard_release>
   bb870:	4804      	ldr	r0, [pc, #16]	; (bb884 <_Z22__fetch_global_Serial1v+0x44>)
   bb872:	f000 f84e 	bl	bb912 <atexit>
    return serial1;
}
   bb876:	4802      	ldr	r0, [pc, #8]	; (bb880 <_Z22__fetch_global_Serial1v+0x40>)
   bb878:	b007      	add	sp, #28
   bb87a:	bd30      	pop	{r4, r5, pc}
   bb87c:	2003e734 	.word	0x2003e734
   bb880:	2003e738 	.word	0x2003e738
   bb884:	000bb809 	.word	0x000bb809

000bb888 <__tcf_0>:
}
#endif

TwoWire& __fetch_global_Wire()
{
	static TwoWire wire(HAL_I2C_INTERFACE1, acquireWireBuffer());
   bb888:	4770      	bx	lr
	...

000bb88c <_Z17acquireWireBufferv>:
{
   bb88c:	b538      	push	{r3, r4, r5, lr}
	hal_i2c_config_t config = {
   bb88e:	4b0a      	ldr	r3, [pc, #40]	; (bb8b8 <_Z17acquireWireBufferv+0x2c>)
   bb890:	6003      	str	r3, [r0, #0]
   bb892:	2301      	movs	r3, #1
{
   bb894:	4604      	mov	r4, r0
	hal_i2c_config_t config = {
   bb896:	6143      	str	r3, [r0, #20]
		.rx_buffer = new (std::nothrow) uint8_t[i2c_buffer_size],
   bb898:	4908      	ldr	r1, [pc, #32]	; (bb8bc <_Z17acquireWireBufferv+0x30>)
   bb89a:	2020      	movs	r0, #32
   bb89c:	f000 f834 	bl	bb908 <_ZnajRKSt9nothrow_t>
	};
   bb8a0:	2520      	movs	r5, #32
   bb8a2:	6060      	str	r0, [r4, #4]
		.tx_buffer = new (std::nothrow) uint8_t[i2c_buffer_size],
   bb8a4:	4905      	ldr	r1, [pc, #20]	; (bb8bc <_Z17acquireWireBufferv+0x30>)
	};
   bb8a6:	60a5      	str	r5, [r4, #8]
		.tx_buffer = new (std::nothrow) uint8_t[i2c_buffer_size],
   bb8a8:	4628      	mov	r0, r5
   bb8aa:	f000 f82d 	bl	bb908 <_ZnajRKSt9nothrow_t>
	};
   bb8ae:	e9c4 0503 	strd	r0, r5, [r4, #12]
}
   bb8b2:	4620      	mov	r0, r4
   bb8b4:	bd38      	pop	{r3, r4, r5, pc}
   bb8b6:	bf00      	nop
   bb8b8:	00010018 	.word	0x00010018
   bb8bc:	000bc1bc 	.word	0x000bc1bc

000bb8c0 <_Z19__fetch_global_Wirev>:
{
   bb8c0:	b530      	push	{r4, r5, lr}
	static TwoWire wire(HAL_I2C_INTERFACE1, acquireWireBuffer());
   bb8c2:	4d0e      	ldr	r5, [pc, #56]	; (bb8fc <_Z19__fetch_global_Wirev+0x3c>)
   bb8c4:	7829      	ldrb	r1, [r5, #0]
   bb8c6:	f3bf 8f5b 	dmb	ish
   bb8ca:	f011 0401 	ands.w	r4, r1, #1
{
   bb8ce:	b087      	sub	sp, #28
	static TwoWire wire(HAL_I2C_INTERFACE1, acquireWireBuffer());
   bb8d0:	d111      	bne.n	bb8f6 <_Z19__fetch_global_Wirev+0x36>
   bb8d2:	4628      	mov	r0, r5
   bb8d4:	f7f9 f89f 	bl	b4a16 <__cxa_guard_acquire>
   bb8d8:	b168      	cbz	r0, bb8f6 <_Z19__fetch_global_Wirev+0x36>
   bb8da:	4668      	mov	r0, sp
   bb8dc:	f7ff ffd6 	bl	bb88c <_Z17acquireWireBufferv>
   bb8e0:	466a      	mov	r2, sp
   bb8e2:	4621      	mov	r1, r4
   bb8e4:	4806      	ldr	r0, [pc, #24]	; (bb900 <_Z19__fetch_global_Wirev+0x40>)
   bb8e6:	f7ff fdf1 	bl	bb4cc <_ZN7TwoWireC1E19hal_i2c_interface_tRK16hal_i2c_config_t>
   bb8ea:	4628      	mov	r0, r5
   bb8ec:	f7f9 f898 	bl	b4a20 <__cxa_guard_release>
   bb8f0:	4804      	ldr	r0, [pc, #16]	; (bb904 <_Z19__fetch_global_Wirev+0x44>)
   bb8f2:	f000 f80e 	bl	bb912 <atexit>
	return wire;
}
   bb8f6:	4802      	ldr	r0, [pc, #8]	; (bb900 <_Z19__fetch_global_Wirev+0x40>)
   bb8f8:	b007      	add	sp, #28
   bb8fa:	bd30      	pop	{r4, r5, pc}
   bb8fc:	2003e750 	.word	0x2003e750
   bb900:	2003e754 	.word	0x2003e754
   bb904:	000bb889 	.word	0x000bb889

000bb908 <_ZnajRKSt9nothrow_t>:
   bb908:	f7f9 b881 	b.w	b4a0e <_Znaj>

000bb90c <_ZSt25__throw_bad_function_callv>:
   bb90c:	b508      	push	{r3, lr}
   bb90e:	f7fe fe35 	bl	ba57c <abort>

000bb912 <atexit>:
   bb912:	2300      	movs	r3, #0
   bb914:	4601      	mov	r1, r0
   bb916:	461a      	mov	r2, r3
   bb918:	4618      	mov	r0, r3
   bb91a:	f000 b887 	b.w	bba2c <__register_exitproc>

000bb91e <memcmp>:
   bb91e:	b510      	push	{r4, lr}
   bb920:	3901      	subs	r1, #1
   bb922:	4402      	add	r2, r0
   bb924:	4290      	cmp	r0, r2
   bb926:	d101      	bne.n	bb92c <memcmp+0xe>
   bb928:	2000      	movs	r0, #0
   bb92a:	e005      	b.n	bb938 <memcmp+0x1a>
   bb92c:	7803      	ldrb	r3, [r0, #0]
   bb92e:	f811 4f01 	ldrb.w	r4, [r1, #1]!
   bb932:	42a3      	cmp	r3, r4
   bb934:	d001      	beq.n	bb93a <memcmp+0x1c>
   bb936:	1b18      	subs	r0, r3, r4
   bb938:	bd10      	pop	{r4, pc}
   bb93a:	3001      	adds	r0, #1
   bb93c:	e7f2      	b.n	bb924 <memcmp+0x6>

000bb93e <memcpy>:
   bb93e:	440a      	add	r2, r1
   bb940:	4291      	cmp	r1, r2
   bb942:	f100 33ff 	add.w	r3, r0, #4294967295
   bb946:	d100      	bne.n	bb94a <memcpy+0xc>
   bb948:	4770      	bx	lr
   bb94a:	b510      	push	{r4, lr}
   bb94c:	f811 4b01 	ldrb.w	r4, [r1], #1
   bb950:	f803 4f01 	strb.w	r4, [r3, #1]!
   bb954:	4291      	cmp	r1, r2
   bb956:	d1f9      	bne.n	bb94c <memcpy+0xe>
   bb958:	bd10      	pop	{r4, pc}

000bb95a <memset>:
   bb95a:	4402      	add	r2, r0
   bb95c:	4603      	mov	r3, r0
   bb95e:	4293      	cmp	r3, r2
   bb960:	d100      	bne.n	bb964 <memset+0xa>
   bb962:	4770      	bx	lr
   bb964:	f803 1b01 	strb.w	r1, [r3], #1
   bb968:	e7f9      	b.n	bb95e <memset+0x4>
	...

000bb96c <srand>:
   bb96c:	b538      	push	{r3, r4, r5, lr}
   bb96e:	4b10      	ldr	r3, [pc, #64]	; (bb9b0 <srand+0x44>)
   bb970:	681d      	ldr	r5, [r3, #0]
   bb972:	6bab      	ldr	r3, [r5, #56]	; 0x38
   bb974:	4604      	mov	r4, r0
   bb976:	b9b3      	cbnz	r3, bb9a6 <srand+0x3a>
   bb978:	2018      	movs	r0, #24
   bb97a:	f7fe fdd7 	bl	ba52c <malloc>
   bb97e:	4602      	mov	r2, r0
   bb980:	63a8      	str	r0, [r5, #56]	; 0x38
   bb982:	b920      	cbnz	r0, bb98e <srand+0x22>
   bb984:	4b0b      	ldr	r3, [pc, #44]	; (bb9b4 <srand+0x48>)
   bb986:	480c      	ldr	r0, [pc, #48]	; (bb9b8 <srand+0x4c>)
   bb988:	2142      	movs	r1, #66	; 0x42
   bb98a:	f7fe fe07 	bl	ba59c <__assert_func>
   bb98e:	490b      	ldr	r1, [pc, #44]	; (bb9bc <srand+0x50>)
   bb990:	4b0b      	ldr	r3, [pc, #44]	; (bb9c0 <srand+0x54>)
   bb992:	e9c0 1300 	strd	r1, r3, [r0]
   bb996:	4b0b      	ldr	r3, [pc, #44]	; (bb9c4 <srand+0x58>)
   bb998:	6083      	str	r3, [r0, #8]
   bb99a:	230b      	movs	r3, #11
   bb99c:	8183      	strh	r3, [r0, #12]
   bb99e:	2100      	movs	r1, #0
   bb9a0:	2001      	movs	r0, #1
   bb9a2:	e9c2 0104 	strd	r0, r1, [r2, #16]
   bb9a6:	6bab      	ldr	r3, [r5, #56]	; 0x38
   bb9a8:	2200      	movs	r2, #0
   bb9aa:	611c      	str	r4, [r3, #16]
   bb9ac:	615a      	str	r2, [r3, #20]
   bb9ae:	bd38      	pop	{r3, r4, r5, pc}
   bb9b0:	2003dad8 	.word	0x2003dad8
   bb9b4:	000bc1bd 	.word	0x000bc1bd
   bb9b8:	000bc1d4 	.word	0x000bc1d4
   bb9bc:	abcd330e 	.word	0xabcd330e
   bb9c0:	e66d1234 	.word	0xe66d1234
   bb9c4:	0005deec 	.word	0x0005deec

000bb9c8 <strdup>:
   bb9c8:	4b02      	ldr	r3, [pc, #8]	; (bb9d4 <strdup+0xc>)
   bb9ca:	4601      	mov	r1, r0
   bb9cc:	6818      	ldr	r0, [r3, #0]
   bb9ce:	f000 b803 	b.w	bb9d8 <_strdup_r>
   bb9d2:	bf00      	nop
   bb9d4:	2003dad8 	.word	0x2003dad8

000bb9d8 <_strdup_r>:
   bb9d8:	b537      	push	{r0, r1, r2, r4, r5, lr}
   bb9da:	4604      	mov	r4, r0
   bb9dc:	4608      	mov	r0, r1
   bb9de:	460d      	mov	r5, r1
   bb9e0:	f7f8 ffd0 	bl	b4984 <strlen>
   bb9e4:	1c42      	adds	r2, r0, #1
   bb9e6:	4611      	mov	r1, r2
   bb9e8:	4620      	mov	r0, r4
   bb9ea:	9201      	str	r2, [sp, #4]
   bb9ec:	f7fe fdce 	bl	ba58c <_malloc_r>
   bb9f0:	4604      	mov	r4, r0
   bb9f2:	b118      	cbz	r0, bb9fc <_strdup_r+0x24>
   bb9f4:	9a01      	ldr	r2, [sp, #4]
   bb9f6:	4629      	mov	r1, r5
   bb9f8:	f7ff ffa1 	bl	bb93e <memcpy>
   bb9fc:	4620      	mov	r0, r4
   bb9fe:	b003      	add	sp, #12
   bba00:	bd30      	pop	{r4, r5, pc}

000bba02 <strncmp>:
   bba02:	b510      	push	{r4, lr}
   bba04:	b17a      	cbz	r2, bba26 <strncmp+0x24>
   bba06:	4603      	mov	r3, r0
   bba08:	3901      	subs	r1, #1
   bba0a:	1884      	adds	r4, r0, r2
   bba0c:	f813 0b01 	ldrb.w	r0, [r3], #1
   bba10:	f811 2f01 	ldrb.w	r2, [r1, #1]!
   bba14:	4290      	cmp	r0, r2
   bba16:	d101      	bne.n	bba1c <strncmp+0x1a>
   bba18:	42a3      	cmp	r3, r4
   bba1a:	d101      	bne.n	bba20 <strncmp+0x1e>
   bba1c:	1a80      	subs	r0, r0, r2
   bba1e:	bd10      	pop	{r4, pc}
   bba20:	2800      	cmp	r0, #0
   bba22:	d1f3      	bne.n	bba0c <strncmp+0xa>
   bba24:	e7fa      	b.n	bba1c <strncmp+0x1a>
   bba26:	4610      	mov	r0, r2
   bba28:	e7f9      	b.n	bba1e <strncmp+0x1c>
	...

000bba2c <__register_exitproc>:
   bba2c:	e92d 43f8 	stmdb	sp!, {r3, r4, r5, r6, r7, r8, r9, lr}
   bba30:	f8df 80b8 	ldr.w	r8, [pc, #184]	; bbaec <__register_exitproc+0xc0>
   bba34:	4606      	mov	r6, r0
   bba36:	f8d8 0000 	ldr.w	r0, [r8]
   bba3a:	461f      	mov	r7, r3
   bba3c:	460d      	mov	r5, r1
   bba3e:	4691      	mov	r9, r2
   bba40:	f000 f856 	bl	bbaf0 <__retarget_lock_acquire_recursive>
   bba44:	4b25      	ldr	r3, [pc, #148]	; (bbadc <__register_exitproc+0xb0>)
   bba46:	681c      	ldr	r4, [r3, #0]
   bba48:	b934      	cbnz	r4, bba58 <__register_exitproc+0x2c>
   bba4a:	4c25      	ldr	r4, [pc, #148]	; (bbae0 <__register_exitproc+0xb4>)
   bba4c:	601c      	str	r4, [r3, #0]
   bba4e:	4b25      	ldr	r3, [pc, #148]	; (bbae4 <__register_exitproc+0xb8>)
   bba50:	b113      	cbz	r3, bba58 <__register_exitproc+0x2c>
   bba52:	681b      	ldr	r3, [r3, #0]
   bba54:	f8c4 3088 	str.w	r3, [r4, #136]	; 0x88
   bba58:	6863      	ldr	r3, [r4, #4]
   bba5a:	2b1f      	cmp	r3, #31
   bba5c:	dd07      	ble.n	bba6e <__register_exitproc+0x42>
   bba5e:	f8d8 0000 	ldr.w	r0, [r8]
   bba62:	f000 f847 	bl	bbaf4 <__retarget_lock_release_recursive>
   bba66:	f04f 30ff 	mov.w	r0, #4294967295
   bba6a:	e8bd 83f8 	ldmia.w	sp!, {r3, r4, r5, r6, r7, r8, r9, pc}
   bba6e:	b34e      	cbz	r6, bbac4 <__register_exitproc+0x98>
   bba70:	f8d4 0088 	ldr.w	r0, [r4, #136]	; 0x88
   bba74:	b988      	cbnz	r0, bba9a <__register_exitproc+0x6e>
   bba76:	4b1c      	ldr	r3, [pc, #112]	; (bbae8 <__register_exitproc+0xbc>)
   bba78:	b923      	cbnz	r3, bba84 <__register_exitproc+0x58>
   bba7a:	f8d8 0000 	ldr.w	r0, [r8]
   bba7e:	f000 f838 	bl	bbaf2 <__retarget_lock_release>
   bba82:	e7f0      	b.n	bba66 <__register_exitproc+0x3a>
   bba84:	f44f 7084 	mov.w	r0, #264	; 0x108
   bba88:	f7fe fd50 	bl	ba52c <malloc>
   bba8c:	2800      	cmp	r0, #0
   bba8e:	d0f4      	beq.n	bba7a <__register_exitproc+0x4e>
   bba90:	2300      	movs	r3, #0
   bba92:	e9c0 3340 	strd	r3, r3, [r0, #256]	; 0x100
   bba96:	f8c4 0088 	str.w	r0, [r4, #136]	; 0x88
   bba9a:	6863      	ldr	r3, [r4, #4]
   bba9c:	f840 9023 	str.w	r9, [r0, r3, lsl #2]
   bbaa0:	2201      	movs	r2, #1
   bbaa2:	409a      	lsls	r2, r3
   bbaa4:	eb00 0183 	add.w	r1, r0, r3, lsl #2
   bbaa8:	f8d0 3100 	ldr.w	r3, [r0, #256]	; 0x100
   bbaac:	4313      	orrs	r3, r2
   bbaae:	f8c0 3100 	str.w	r3, [r0, #256]	; 0x100
   bbab2:	2e02      	cmp	r6, #2
   bbab4:	f8c1 7080 	str.w	r7, [r1, #128]	; 0x80
   bbab8:	bf02      	ittt	eq
   bbaba:	f8d0 3104 	ldreq.w	r3, [r0, #260]	; 0x104
   bbabe:	4313      	orreq	r3, r2
   bbac0:	f8c0 3104 	streq.w	r3, [r0, #260]	; 0x104
   bbac4:	6863      	ldr	r3, [r4, #4]
   bbac6:	f8d8 0000 	ldr.w	r0, [r8]
   bbaca:	1c5a      	adds	r2, r3, #1
   bbacc:	3302      	adds	r3, #2
   bbace:	6062      	str	r2, [r4, #4]
   bbad0:	f844 5023 	str.w	r5, [r4, r3, lsl #2]
   bbad4:	f000 f80e 	bl	bbaf4 <__retarget_lock_release_recursive>
   bbad8:	2000      	movs	r0, #0
   bbada:	e7c6      	b.n	bba6a <__register_exitproc+0x3e>
   bbadc:	2003e7f4 	.word	0x2003e7f4
   bbae0:	2003e768 	.word	0x2003e768
   bbae4:	00000000 	.word	0x00000000
   bbae8:	000ba52d 	.word	0x000ba52d
   bbaec:	2003db3c 	.word	0x2003db3c

000bbaf0 <__retarget_lock_acquire_recursive>:
   bbaf0:	4770      	bx	lr

000bbaf2 <__retarget_lock_release>:
   bbaf2:	4770      	bx	lr

000bbaf4 <__retarget_lock_release_recursive>:
   bbaf4:	4770      	bx	lr

000bbaf6 <link_code_end>:
	...

000bbaf8 <link_const_data_start>:
	...
   bbb0c:	bf800000 	.word	0xbf800000
   bbb10:	00000000 	.word	0x00000000
   bbb14:	bf4ccccd 	.word	0xbf4ccccd
	...
   bbb20:	be4ccccd 	.word	0xbe4ccccd
   bbb24:	bf000000 	.word	0xbf000000
   bbb28:	00000000 	.word	0x00000000
   bbb2c:	bf800000 	.word	0xbf800000
	...
   bbb48:	3dcccccd 	.word	0x3dcccccd
   bbb4c:	3f333333 	.word	0x3f333333
   bbb50:	00000000 	.word	0x00000000
   bbb54:	bf4ccccd 	.word	0xbf4ccccd
   bbb58:	bdcccccd 	.word	0xbdcccccd
	...
   bbb78:	04020100 	.word	0x04020100
   bbb7c:	00001008 	.word	0x00001008
	...

000bbb88 <dynalib_user>:
   bbb88:	000b4995 000b49d1 000b49f9 000b49fd     .I...I...I...I..
   bbb98:	00000000 74737271                        ....qrstu.

000bbba2 <_ZL14MUX_BY_CHANNEL>:
   bbba2:	50004000 70006000 006e616e 00666e69     .@.P.`.pnan.inf.
   bbbb2:	0066766f 6564002e 6c756166 4d002074     ovf...default .M
   bbbc2:	4c004253 3c004253 53495053 69747465     SB.LSB.<SPISetti
   bbbd2:	2073676e 61666564 3e746c75 50533c00     ngs default>.<SP
   bbbe2:	74655349 676e6974 73252073 25207525     ISettings %s%u %
   bbbf2:	4f4d2073 75254544 3132003e 3a31323a     s MODE%u>.21:21:
   bbc02:	4d003431 32207961 30322031 43003532     14.May 21 2025.C
   bbc12:	646c756f 746f6e20 6e696620 20612064     ould not find a 
   bbc22:	696c6176 4d422064 30383645 6e657320     valid BME680 sen
   bbc32:	2c726f73 65686320 77206b63 6e697269     sor, check wirin
   bbc42:	49002167 7265736e 44532074 72614320     g!.Insert SD Car
   bbc52:	6f742064 67656220 00216e69 255f7325     d to begin!.%s_%
   bbc62:	5f753430 75323025 3230255f 53432e75     04u_%02u_%02u.CS
   bbc72:	30250056 252d7534 2d753230 75323025     V.%04u-%02u-%02u
   bbc82:	32302554 30253a75 253a7532 00753230     T%02u:%02u:%02u.
   bbc92:	6c696146 74206465 6570206f 726f6672     Failed to perfor
   bbca2:	6572206d 6e696461 283a2067 6e614300     m reading :(.Can
   bbcb2:	20746f6e 646e6966 20445320 64726143     not find SD Card
   bbcc2:	002c0021 35255b5b 252c752e 2c752e35     !.,.[[%5.u,%5.u,
   bbcd2:	752e3525 2e35252c 32252c75 2c66322e     %5.u,%5.u,%2.2f,
   bbce2:	322e3225 5b2c5d66 752e3525 2e35252c     %2.2f],[%5.u,%5.
   bbcf2:	35252c75 252c752e 2c752e35 322e3225     u,%5.u,%5.u,%2.2
   bbd02:	32252c66 5d66322e 35255b2c 252c752e     f,%2.2f],[%5.u,%
   bbd12:	2c752e35 752e3525 2e35252c 32252c75     5.u,%5.u,%5.u,%2
   bbd22:	2c66322e 322e3225 5b2c5d66 752e3525     .2f,%2.2f],[%5.u
   bbd32:	2e35252c 35252c75 252c752e 2c752e35     ,%5.u,%5.u,%5.u,
   bbd42:	322e3225 32252c66 5d66322e 35255b2c     %2.2f,%2.2f],[%5
   bbd52:	252c752e 2c752e35 752e3525 2e35252c     .u,%5.u,%5.u,%5.
   bbd62:	32252c75 2c66322e 322e3225 5b2c5d66     u,%2.2f,%2.2f],[
   bbd72:	752e3525 2e35252c 35252c75 252c752e     %5.u,%5.u,%5.u,%
   bbd82:	2c752e35 322e3225 32252c66 5d66322e     5.u,%2.2f,%2.2f]
   bbd92:	35255b2c 252c752e 2c752e35 752e3525     ,[%5.u,%5.u,%5.u
   bbda2:	2e35252c 32252c75 2c66322e 322e3225     ,%5.u,%2.2f,%2.2
   bbdb2:	5b2c5d66 752e3525 2e35252c 35252c75     f],[%5.u,%5.u,%5
   bbdc2:	252c752e 2c752e35 322e3225 32252c66     .u,%5.u,%2.2f,%2
   bbdd2:	5d66322e 35255b2c 252c752e 2c752e35     .2f],[%5.u,%5.u,
   bbde2:	752e3525 2e35252c 32252c75 2c66322e     %5.u,%5.u,%2.2f,
   bbdf2:	322e3225 5b2c5d66 752e3525 2e35252c     %2.2f],[%5.u,%5.
   bbe02:	35252c75 252c752e 2c752e35 322e3225     u,%5.u,%5.u,%2.2
   bbe12:	32252c66 5d66322e 35255b2c 252c752e     f,%2.2f],[%5.u,%
   bbe22:	2c752e35 752e3525 2e35252c 32252c75     5.u,%5.u,%5.u,%2
   bbe32:	2c66322e 322e3225 5b2c5d66 752e3525     .2f,%2.2f],[%5.u
   bbe42:	2e35252c 35252c75 252c752e 2c752e35     ,%5.u,%5.u,%5.u,
   bbe52:	322e3225 32252c66 5d66322e 35255b2c     %2.2f,%2.2f],[%5
   bbe62:	252c752e 2c752e35 752e3525 2e35252c     .u,%5.u,%5.u,%5.
   bbe72:	32252c75 2c66322e 322e3225 5b2c5d66     u,%2.2f,%2.2f],[
   bbe82:	752e3525 2e35252c 35252c75 252c752e     %5.u,%5.u,%5.u,%
   bbe92:	2c752e35 322e3225 32252c66 5d66322e     5.u,%2.2f,%2.2f]
   bbea2:	35255b2c 252c752e 2c752e35 752e3525     ,[%5.u,%5.u,%5.u
   bbeb2:	2e35252c 32252c75 2c66322e 322e3225     ,%5.u,%2.2f,%2.2
   bbec2:	5b2c5d66 752e3525 2e35252c 35252c75     f],[%5.u,%5.u,%5
   bbed2:	252c752e 2c752e35 322e3225 32252c66     .u,%5.u,%2.2f,%2
   bbee2:	5d66322e 35255b2c 252c752e 2c752e35     .2f],[%5.u,%5.u,
   bbef2:	752e3525 2e35252c 32252c75 2c66322e     %5.u,%5.u,%2.2f,
   bbf02:	322e3225 5b2c5d66 752e3525 2e35252c     %2.2f],[%5.u,%5.
   bbf12:	35252c75 252c752e 2c752e35 322e3225     u,%5.u,%5.u,%2.2
   bbf22:	32252c66 5d66322e 35255b2c 252c752e     f,%2.2f],[%5.u,%
   bbf32:	2c752e35 752e3525 2e35252c 32252c75     5.u,%5.u,%5.u,%2
   bbf42:	2c66322e 322e3225 005d5d66 6c6c6543     .2f,%2.2f]].Cell
   bbf52:	72616c75 62755020 6873696c 00006465     ular Published..
	...

000bbf64 <_ZTVN8particle11SPISettingsE>:
	...
   bbf6c:	000b5ead 000b5cbb 000b5cbf              .^...\...\..

000bbf78 <_ZTV6SdFile>:
	...
   bbf80:	000b5cbd 000b5ccd 000b5cdb 000ba8d9     .\...\...\......
   bbf90:	444f504c                                 LPODB2.

000bbf97 <_ZL6lpodID>:
   bbf97:	444f504c                                 LPODB2.

000bbf9e <_ZL11daysInMonth>:
   bbf9e:	1e1f1c1f 1f1f1e1f 451e1f1e 54414658     ...........EXFAT
	...

000bbfb0 <_ZTVN5spark13EthernetClassE>:
	...
   bbfb8:	000ba61b 000ba611 000ba607 000ba5fd     ................
   bbfc8:	000ba5f1 000ba5e5 000bb5e1 000bb5e9     ................
   bbfd8:	000ba5d9 000ba5d1 000ba5c7 000ba5bd     ................
   bbfe8:	000bb711 000bb619 000bb621              ........!...

000bbff4 <_ZN12_GLOBAL__N_1L14clock_divisorsE>:
   bbff4:	18100800 38302820                       .... (08

000bbffc <_ZTVN8particle11TetherClassE>:
	...
   bc004:	000ba84d 000ba843 000ba839 000ba82f     M...C...9.../...
   bc014:	000ba823 000ba817 000bb5e1 000bb5e9     #...............
   bc024:	000ba80b 000ba803 000ba7f9 000ba7ef     ................
   bc034:	000bb711 000bb619 000bb621 00707061     ........!...app.
   bc044:	252d5925 64252d6d 3a482554 253a4d25     %Y-%m-%dT%H:%M:%
   bc054:	007a2553 74637361 00656d69              S%z.asctime.

000bc060 <_ZTVSt15_Sp_counted_ptrIPN8particle6detail10FutureImplIbNS1_13FutureContextEEELN9__gnu_cxx12_Lock_policyE0EE>:
	...
   bc068:	000babd1 000babd7 000bac15 000babe5     ................
   bc078:	000babd3                                ....

000bc07c <_ZTV9IPAddress>:
	...
   bc084:	000bb129 000bb119 000bb11b              )...........

000bc090 <_ZTV9USBSerial>:
	...
   bc098:	000bb20f 000bb277 000bb24d 000ba8d9     ....w...M.......
   bc0a8:	000bb23f 000bb211 000bb221 000bb271     ?.......!...q...
   bc0b8:	000baa37 000bb231 000bb209              7...1.......

000bc0c4 <_ZTVN5spark13CellularClassE>:
	...
   bc0cc:	000bb36f 000bb365 000bb35b 000bb311     o...e...[.......
   bc0dc:	000bb34f 000bb343 000bb5e1 000bb5e9     O...C...........
   bc0ec:	000bb337 000bb32f 000bb325 000bb31b     7.../...%.......
   bc0fc:	000bb711 000bb619 000bb621              ........!...

000bc108 <_ZTV11USARTSerial>:
	...
   bc110:	000bb3a9 000bb415 000bb3ed 000ba8d9     ................
   bc120:	000bb3bd 000bb3d9 000bb3cb 000bb3e7     ................
   bc130:	000baa37 000bb3ab 000bb3af              7...........

000bc13c <_ZTV7TwoWire>:
	...
   bc144:	000bb475 000bb4bf 000bb497 000bb477     u...........w...
   bc154:	000bb49f 000bb4a7 000bb4af 000bb4b7     ................
   bc164:	000baa37                                7...

000bc168 <CSWTCH.109>:
   bc168:	2003e68c 2003e6e8 2003e72c 2003e694     ... ... ,.. ... 

000bc178 <_ZTVN5spark12NetworkClassE>:
	...
   bc180:	000bb5a1 000bb5ab 000bb5b5 000bb5bf     ................
   bc190:	000bb5c9 000bb5d5 000bb5e1 000bb5e9     ................
   bc1a0:	000bb5f1 000bb5fd 000bb605 000bb60f     ................
   bc1b0:	000bb711 000bb619 000bb621              ........!...

000bc1bc <_ZSt7nothrow>:
   bc1bc:	45455200 6d20544e 6f6c6c61 75732063     .REENT malloc su
   bc1cc:	65656363 00646564 746e6d2f 726f772f     cceeded./mnt/wor
   bc1dc:	6170736b 772f6563 736b726f 65636170     kspace/workspace
   bc1ec:	4343472f 2d30312d 65706970 656e696c     /GCC-10-pipeline
   bc1fc:	6e656a2f 736e696b 4343472d 2d30312d     /jenkins-GCC-10-
   bc20c:	65706970 656e696c 5f38342d 30323032     pipeline-48_2020
   bc21c:	34323131 3036315f 30383136 2f313436     1124_1606180641/
   bc22c:	2f637273 6c77656e 6e2f6269 696c7765     src/newlib/newli
   bc23c:	696c2f62 732f6362 696c6474 61722f62     b/libc/stdlib/ra
   bc24c:	632e646e                                 nd.c.

000bc251 <link_const_data_end>:
   bc251:	00          	.byte	0x00
	...

000bc254 <link_constructors_location>:
   bc254:	000b6989 	.word	0x000b6989
   bc258:	000ba625 	.word	0x000ba625
   bc25c:	000ba859 	.word	0x000ba859
   bc260:	000ba881 	.word	0x000ba881
   bc264:	000ba8c9 	.word	0x000ba8c9
   bc268:	000baa61 	.word	0x000baa61
   bc26c:	000baa71 	.word	0x000baa71
   bc270:	000baa8d 	.word	0x000baa8d
   bc274:	000bb379 	.word	0x000bb379
   bc278:	000bb585 	.word	0x000bb585
   bc27c:	000bb725 	.word	0x000bb725
