
c:/Users/percy/Documents/Github/OZ-POD/OzPOD_V3/target/6.2.1/boron/OzPOD_V3.elf:     file format elf32-littlearm

Sections:
Idx Name          Size      VMA       LMA       File off  Algn
  0 .module_info  00000018  000b4000  000b4000  00004000  2**0
                  CONTENTS, ALLOC, LOAD, READONLY, DATA
  1 .dynalib      00000004  000b4018  000b4018  00004018  2**2
                  CONTENTS, ALLOC, LOAD, READONLY, DATA
  2 .text         00008268  000b401c  000b401c  0000401c  2**2
                  CONTENTS, ALLOC, LOAD, READONLY, CODE
  3 .note.gnu.build-id 00000024  000bc284  000bc284  0000c284  2**2
                  CONTENTS, ALLOC, LOAD, READONLY, DATA
  4 .data         00000070  2003dad0  000bc2a8  0000dad0  2**2
                  CONTENTS, ALLOC, LOAD, DATA
  5 .bss          00000cbc  2003db40  2003db40  0001db40  2**2
                  ALLOC
  6 .backup       00000004  2003f400  000bc318  0000f400  2**2
                  CONTENTS, ALLOC, LOAD, DATA
  7 .module_info_product 00000006  000bc31c  000bc31c  0001c31c  2**0
                  ALLOC
  8 .module_info_suffix 00000024  000bc322  000bc322  0001c322  2**0
                  CONTENTS, ALLOC, LOAD, READONLY, DATA
  9 .module_info_crc 00000004  000bc346  000bc346  0001c346  2**0
                  CONTENTS, ALLOC, LOAD, READONLY, DATA
 10 .debug_info   0034167e  00000000  00000000  0001c34a  2**0
                  CONTENTS, READONLY, DEBUGGING, OCTETS
 11 .debug_abbrev 0002d1ed  00000000  00000000  0035d9c8  2**0
                  CONTENTS, READONLY, DEBUGGING, OCTETS
 12 .debug_loc    0008dc74  00000000  00000000  0038abb5  2**0
                  CONTENTS, READONLY, DEBUGGING, OCTETS
 13 .debug_aranges 000041a0  00000000  00000000  00418829  2**0
                  CONTENTS, READONLY, DEBUGGING, OCTETS
 14 .debug_ranges 00015298  00000000  00000000  0041c9c9  2**0
                  CONTENTS, READONLY, DEBUGGING, OCTETS
 15 .debug_macro  0006a82c  00000000  00000000  00431c61  2**0
                  CONTENTS, READONLY, DEBUGGING, OCTETS
 16 .debug_line   000aaafc  00000000  00000000  0049c48d  2**0
                  CONTENTS, READONLY, DEBUGGING, OCTETS
 17 .debug_str    00201c48  00000000  00000000  00546f89  2**0
                  CONTENTS, READONLY, DEBUGGING, OCTETS
 18 .debug_frame  0000c354  00000000  00000000  00748bd4  2**2
                  CONTENTS, READONLY, DEBUGGING, OCTETS

Disassembly of section .text:

000b401c <__aeabi_drsub>:
   b401c:	f081 4100 	eor.w	r1, r1, #2147483648	; 0x80000000
   b4020:	e002      	b.n	b4028 <__adddf3>
   b4022:	bf00      	nop

000b4024 <__aeabi_dsub>:
   b4024:	f083 4300 	eor.w	r3, r3, #2147483648	; 0x80000000

000b4028 <__adddf3>:
   b4028:	b530      	push	{r4, r5, lr}
   b402a:	ea4f 0441 	mov.w	r4, r1, lsl #1
   b402e:	ea4f 0543 	mov.w	r5, r3, lsl #1
   b4032:	ea94 0f05 	teq	r4, r5
   b4036:	bf08      	it	eq
   b4038:	ea90 0f02 	teqeq	r0, r2
   b403c:	bf1f      	itttt	ne
   b403e:	ea54 0c00 	orrsne.w	ip, r4, r0
   b4042:	ea55 0c02 	orrsne.w	ip, r5, r2
   b4046:	ea7f 5c64 	mvnsne.w	ip, r4, asr #21
   b404a:	ea7f 5c65 	mvnsne.w	ip, r5, asr #21
   b404e:	f000 80e2 	beq.w	b4216 <__adddf3+0x1ee>
   b4052:	ea4f 5454 	mov.w	r4, r4, lsr #21
   b4056:	ebd4 5555 	rsbs	r5, r4, r5, lsr #21
   b405a:	bfb8      	it	lt
   b405c:	426d      	neglt	r5, r5
   b405e:	dd0c      	ble.n	b407a <__adddf3+0x52>
   b4060:	442c      	add	r4, r5
   b4062:	ea80 0202 	eor.w	r2, r0, r2
   b4066:	ea81 0303 	eor.w	r3, r1, r3
   b406a:	ea82 0000 	eor.w	r0, r2, r0
   b406e:	ea83 0101 	eor.w	r1, r3, r1
   b4072:	ea80 0202 	eor.w	r2, r0, r2
   b4076:	ea81 0303 	eor.w	r3, r1, r3
   b407a:	2d36      	cmp	r5, #54	; 0x36
   b407c:	bf88      	it	hi
   b407e:	bd30      	pophi	{r4, r5, pc}
   b4080:	f011 4f00 	tst.w	r1, #2147483648	; 0x80000000
   b4084:	ea4f 3101 	mov.w	r1, r1, lsl #12
   b4088:	f44f 1c80 	mov.w	ip, #1048576	; 0x100000
   b408c:	ea4c 3111 	orr.w	r1, ip, r1, lsr #12
   b4090:	d002      	beq.n	b4098 <__adddf3+0x70>
   b4092:	4240      	negs	r0, r0
   b4094:	eb61 0141 	sbc.w	r1, r1, r1, lsl #1
   b4098:	f013 4f00 	tst.w	r3, #2147483648	; 0x80000000
   b409c:	ea4f 3303 	mov.w	r3, r3, lsl #12
   b40a0:	ea4c 3313 	orr.w	r3, ip, r3, lsr #12
   b40a4:	d002      	beq.n	b40ac <__adddf3+0x84>
   b40a6:	4252      	negs	r2, r2
   b40a8:	eb63 0343 	sbc.w	r3, r3, r3, lsl #1
   b40ac:	ea94 0f05 	teq	r4, r5
   b40b0:	f000 80a7 	beq.w	b4202 <__adddf3+0x1da>
   b40b4:	f1a4 0401 	sub.w	r4, r4, #1
   b40b8:	f1d5 0e20 	rsbs	lr, r5, #32
   b40bc:	db0d      	blt.n	b40da <__adddf3+0xb2>
   b40be:	fa02 fc0e 	lsl.w	ip, r2, lr
   b40c2:	fa22 f205 	lsr.w	r2, r2, r5
   b40c6:	1880      	adds	r0, r0, r2
   b40c8:	f141 0100 	adc.w	r1, r1, #0
   b40cc:	fa03 f20e 	lsl.w	r2, r3, lr
   b40d0:	1880      	adds	r0, r0, r2
   b40d2:	fa43 f305 	asr.w	r3, r3, r5
   b40d6:	4159      	adcs	r1, r3
   b40d8:	e00e      	b.n	b40f8 <__adddf3+0xd0>
   b40da:	f1a5 0520 	sub.w	r5, r5, #32
   b40de:	f10e 0e20 	add.w	lr, lr, #32
   b40e2:	2a01      	cmp	r2, #1
   b40e4:	fa03 fc0e 	lsl.w	ip, r3, lr
   b40e8:	bf28      	it	cs
   b40ea:	f04c 0c02 	orrcs.w	ip, ip, #2
   b40ee:	fa43 f305 	asr.w	r3, r3, r5
   b40f2:	18c0      	adds	r0, r0, r3
   b40f4:	eb51 71e3 	adcs.w	r1, r1, r3, asr #31
   b40f8:	f001 4500 	and.w	r5, r1, #2147483648	; 0x80000000
   b40fc:	d507      	bpl.n	b410e <__adddf3+0xe6>
   b40fe:	f04f 0e00 	mov.w	lr, #0
   b4102:	f1dc 0c00 	rsbs	ip, ip, #0
   b4106:	eb7e 0000 	sbcs.w	r0, lr, r0
   b410a:	eb6e 0101 	sbc.w	r1, lr, r1
   b410e:	f5b1 1f80 	cmp.w	r1, #1048576	; 0x100000
   b4112:	d31b      	bcc.n	b414c <__adddf3+0x124>
   b4114:	f5b1 1f00 	cmp.w	r1, #2097152	; 0x200000
   b4118:	d30c      	bcc.n	b4134 <__adddf3+0x10c>
   b411a:	0849      	lsrs	r1, r1, #1
   b411c:	ea5f 0030 	movs.w	r0, r0, rrx
   b4120:	ea4f 0c3c 	mov.w	ip, ip, rrx
   b4124:	f104 0401 	add.w	r4, r4, #1
   b4128:	ea4f 5244 	mov.w	r2, r4, lsl #21
   b412c:	f512 0f80 	cmn.w	r2, #4194304	; 0x400000
   b4130:	f080 809a 	bcs.w	b4268 <__adddf3+0x240>
   b4134:	f1bc 4f00 	cmp.w	ip, #2147483648	; 0x80000000
   b4138:	bf08      	it	eq
   b413a:	ea5f 0c50 	movseq.w	ip, r0, lsr #1
   b413e:	f150 0000 	adcs.w	r0, r0, #0
   b4142:	eb41 5104 	adc.w	r1, r1, r4, lsl #20
   b4146:	ea41 0105 	orr.w	r1, r1, r5
   b414a:	bd30      	pop	{r4, r5, pc}
   b414c:	ea5f 0c4c 	movs.w	ip, ip, lsl #1
   b4150:	4140      	adcs	r0, r0
   b4152:	eb41 0101 	adc.w	r1, r1, r1
   b4156:	3c01      	subs	r4, #1
   b4158:	bf28      	it	cs
   b415a:	f5b1 1f80 	cmpcs.w	r1, #1048576	; 0x100000
   b415e:	d2e9      	bcs.n	b4134 <__adddf3+0x10c>
   b4160:	f091 0f00 	teq	r1, #0
   b4164:	bf04      	itt	eq
   b4166:	4601      	moveq	r1, r0
   b4168:	2000      	moveq	r0, #0
   b416a:	fab1 f381 	clz	r3, r1
   b416e:	bf08      	it	eq
   b4170:	3320      	addeq	r3, #32
   b4172:	f1a3 030b 	sub.w	r3, r3, #11
   b4176:	f1b3 0220 	subs.w	r2, r3, #32
   b417a:	da0c      	bge.n	b4196 <__adddf3+0x16e>
   b417c:	320c      	adds	r2, #12
   b417e:	dd08      	ble.n	b4192 <__adddf3+0x16a>
   b4180:	f102 0c14 	add.w	ip, r2, #20
   b4184:	f1c2 020c 	rsb	r2, r2, #12
   b4188:	fa01 f00c 	lsl.w	r0, r1, ip
   b418c:	fa21 f102 	lsr.w	r1, r1, r2
   b4190:	e00c      	b.n	b41ac <__adddf3+0x184>
   b4192:	f102 0214 	add.w	r2, r2, #20
   b4196:	bfd8      	it	le
   b4198:	f1c2 0c20 	rsble	ip, r2, #32
   b419c:	fa01 f102 	lsl.w	r1, r1, r2
   b41a0:	fa20 fc0c 	lsr.w	ip, r0, ip
   b41a4:	bfdc      	itt	le
   b41a6:	ea41 010c 	orrle.w	r1, r1, ip
   b41aa:	4090      	lslle	r0, r2
   b41ac:	1ae4      	subs	r4, r4, r3
   b41ae:	bfa2      	ittt	ge
   b41b0:	eb01 5104 	addge.w	r1, r1, r4, lsl #20
   b41b4:	4329      	orrge	r1, r5
   b41b6:	bd30      	popge	{r4, r5, pc}
   b41b8:	ea6f 0404 	mvn.w	r4, r4
   b41bc:	3c1f      	subs	r4, #31
   b41be:	da1c      	bge.n	b41fa <__adddf3+0x1d2>
   b41c0:	340c      	adds	r4, #12
   b41c2:	dc0e      	bgt.n	b41e2 <__adddf3+0x1ba>
   b41c4:	f104 0414 	add.w	r4, r4, #20
   b41c8:	f1c4 0220 	rsb	r2, r4, #32
   b41cc:	fa20 f004 	lsr.w	r0, r0, r4
   b41d0:	fa01 f302 	lsl.w	r3, r1, r2
   b41d4:	ea40 0003 	orr.w	r0, r0, r3
   b41d8:	fa21 f304 	lsr.w	r3, r1, r4
   b41dc:	ea45 0103 	orr.w	r1, r5, r3
   b41e0:	bd30      	pop	{r4, r5, pc}
   b41e2:	f1c4 040c 	rsb	r4, r4, #12
   b41e6:	f1c4 0220 	rsb	r2, r4, #32
   b41ea:	fa20 f002 	lsr.w	r0, r0, r2
   b41ee:	fa01 f304 	lsl.w	r3, r1, r4
   b41f2:	ea40 0003 	orr.w	r0, r0, r3
   b41f6:	4629      	mov	r1, r5
   b41f8:	bd30      	pop	{r4, r5, pc}
   b41fa:	fa21 f004 	lsr.w	r0, r1, r4
   b41fe:	4629      	mov	r1, r5
   b4200:	bd30      	pop	{r4, r5, pc}
   b4202:	f094 0f00 	teq	r4, #0
   b4206:	f483 1380 	eor.w	r3, r3, #1048576	; 0x100000
   b420a:	bf06      	itte	eq
   b420c:	f481 1180 	eoreq.w	r1, r1, #1048576	; 0x100000
   b4210:	3401      	addeq	r4, #1
   b4212:	3d01      	subne	r5, #1
   b4214:	e74e      	b.n	b40b4 <__adddf3+0x8c>
   b4216:	ea7f 5c64 	mvns.w	ip, r4, asr #21
   b421a:	bf18      	it	ne
   b421c:	ea7f 5c65 	mvnsne.w	ip, r5, asr #21
   b4220:	d029      	beq.n	b4276 <__adddf3+0x24e>
   b4222:	ea94 0f05 	teq	r4, r5
   b4226:	bf08      	it	eq
   b4228:	ea90 0f02 	teqeq	r0, r2
   b422c:	d005      	beq.n	b423a <__adddf3+0x212>
   b422e:	ea54 0c00 	orrs.w	ip, r4, r0
   b4232:	bf04      	itt	eq
   b4234:	4619      	moveq	r1, r3
   b4236:	4610      	moveq	r0, r2
   b4238:	bd30      	pop	{r4, r5, pc}
   b423a:	ea91 0f03 	teq	r1, r3
   b423e:	bf1e      	ittt	ne
   b4240:	2100      	movne	r1, #0
   b4242:	2000      	movne	r0, #0
   b4244:	bd30      	popne	{r4, r5, pc}
   b4246:	ea5f 5c54 	movs.w	ip, r4, lsr #21
   b424a:	d105      	bne.n	b4258 <__adddf3+0x230>
   b424c:	0040      	lsls	r0, r0, #1
   b424e:	4149      	adcs	r1, r1
   b4250:	bf28      	it	cs
   b4252:	f041 4100 	orrcs.w	r1, r1, #2147483648	; 0x80000000
   b4256:	bd30      	pop	{r4, r5, pc}
   b4258:	f514 0480 	adds.w	r4, r4, #4194304	; 0x400000
   b425c:	bf3c      	itt	cc
   b425e:	f501 1180 	addcc.w	r1, r1, #1048576	; 0x100000
   b4262:	bd30      	popcc	{r4, r5, pc}
   b4264:	f001 4500 	and.w	r5, r1, #2147483648	; 0x80000000
   b4268:	f045 41fe 	orr.w	r1, r5, #2130706432	; 0x7f000000
   b426c:	f441 0170 	orr.w	r1, r1, #15728640	; 0xf00000
   b4270:	f04f 0000 	mov.w	r0, #0
   b4274:	bd30      	pop	{r4, r5, pc}
   b4276:	ea7f 5c64 	mvns.w	ip, r4, asr #21
   b427a:	bf1a      	itte	ne
   b427c:	4619      	movne	r1, r3
   b427e:	4610      	movne	r0, r2
   b4280:	ea7f 5c65 	mvnseq.w	ip, r5, asr #21
   b4284:	bf1c      	itt	ne
   b4286:	460b      	movne	r3, r1
   b4288:	4602      	movne	r2, r0
   b428a:	ea50 3401 	orrs.w	r4, r0, r1, lsl #12
   b428e:	bf06      	itte	eq
   b4290:	ea52 3503 	orrseq.w	r5, r2, r3, lsl #12
   b4294:	ea91 0f03 	teqeq	r1, r3
   b4298:	f441 2100 	orrne.w	r1, r1, #524288	; 0x80000
   b429c:	bd30      	pop	{r4, r5, pc}
   b429e:	bf00      	nop

000b42a0 <__aeabi_ui2d>:
   b42a0:	f090 0f00 	teq	r0, #0
   b42a4:	bf04      	itt	eq
   b42a6:	2100      	moveq	r1, #0
   b42a8:	4770      	bxeq	lr
   b42aa:	b530      	push	{r4, r5, lr}
   b42ac:	f44f 6480 	mov.w	r4, #1024	; 0x400
   b42b0:	f104 0432 	add.w	r4, r4, #50	; 0x32
   b42b4:	f04f 0500 	mov.w	r5, #0
   b42b8:	f04f 0100 	mov.w	r1, #0
   b42bc:	e750      	b.n	b4160 <__adddf3+0x138>
   b42be:	bf00      	nop

000b42c0 <__aeabi_i2d>:
   b42c0:	f090 0f00 	teq	r0, #0
   b42c4:	bf04      	itt	eq
   b42c6:	2100      	moveq	r1, #0
   b42c8:	4770      	bxeq	lr
   b42ca:	b530      	push	{r4, r5, lr}
   b42cc:	f44f 6480 	mov.w	r4, #1024	; 0x400
   b42d0:	f104 0432 	add.w	r4, r4, #50	; 0x32
   b42d4:	f010 4500 	ands.w	r5, r0, #2147483648	; 0x80000000
   b42d8:	bf48      	it	mi
   b42da:	4240      	negmi	r0, r0
   b42dc:	f04f 0100 	mov.w	r1, #0
   b42e0:	e73e      	b.n	b4160 <__adddf3+0x138>
   b42e2:	bf00      	nop

000b42e4 <__aeabi_f2d>:
   b42e4:	0042      	lsls	r2, r0, #1
   b42e6:	ea4f 01e2 	mov.w	r1, r2, asr #3
   b42ea:	ea4f 0131 	mov.w	r1, r1, rrx
   b42ee:	ea4f 7002 	mov.w	r0, r2, lsl #28
   b42f2:	bf1f      	itttt	ne
   b42f4:	f012 437f 	andsne.w	r3, r2, #4278190080	; 0xff000000
   b42f8:	f093 4f7f 	teqne	r3, #4278190080	; 0xff000000
   b42fc:	f081 5160 	eorne.w	r1, r1, #939524096	; 0x38000000
   b4300:	4770      	bxne	lr
   b4302:	f032 427f 	bics.w	r2, r2, #4278190080	; 0xff000000
   b4306:	bf08      	it	eq
   b4308:	4770      	bxeq	lr
   b430a:	f093 4f7f 	teq	r3, #4278190080	; 0xff000000
   b430e:	bf04      	itt	eq
   b4310:	f441 2100 	orreq.w	r1, r1, #524288	; 0x80000
   b4314:	4770      	bxeq	lr
   b4316:	b530      	push	{r4, r5, lr}
   b4318:	f44f 7460 	mov.w	r4, #896	; 0x380
   b431c:	f001 4500 	and.w	r5, r1, #2147483648	; 0x80000000
   b4320:	f021 4100 	bic.w	r1, r1, #2147483648	; 0x80000000
   b4324:	e71c      	b.n	b4160 <__adddf3+0x138>
   b4326:	bf00      	nop

000b4328 <__aeabi_ul2d>:
   b4328:	ea50 0201 	orrs.w	r2, r0, r1
   b432c:	bf08      	it	eq
   b432e:	4770      	bxeq	lr
   b4330:	b530      	push	{r4, r5, lr}
   b4332:	f04f 0500 	mov.w	r5, #0
   b4336:	e00a      	b.n	b434e <__aeabi_l2d+0x16>

000b4338 <__aeabi_l2d>:
   b4338:	ea50 0201 	orrs.w	r2, r0, r1
   b433c:	bf08      	it	eq
   b433e:	4770      	bxeq	lr
   b4340:	b530      	push	{r4, r5, lr}
   b4342:	f011 4500 	ands.w	r5, r1, #2147483648	; 0x80000000
   b4346:	d502      	bpl.n	b434e <__aeabi_l2d+0x16>
   b4348:	4240      	negs	r0, r0
   b434a:	eb61 0141 	sbc.w	r1, r1, r1, lsl #1
   b434e:	f44f 6480 	mov.w	r4, #1024	; 0x400
   b4352:	f104 0432 	add.w	r4, r4, #50	; 0x32
   b4356:	ea5f 5c91 	movs.w	ip, r1, lsr #22
   b435a:	f43f aed8 	beq.w	b410e <__adddf3+0xe6>
   b435e:	f04f 0203 	mov.w	r2, #3
   b4362:	ea5f 0cdc 	movs.w	ip, ip, lsr #3
   b4366:	bf18      	it	ne
   b4368:	3203      	addne	r2, #3
   b436a:	ea5f 0cdc 	movs.w	ip, ip, lsr #3
   b436e:	bf18      	it	ne
   b4370:	3203      	addne	r2, #3
   b4372:	eb02 02dc 	add.w	r2, r2, ip, lsr #3
   b4376:	f1c2 0320 	rsb	r3, r2, #32
   b437a:	fa00 fc03 	lsl.w	ip, r0, r3
   b437e:	fa20 f002 	lsr.w	r0, r0, r2
   b4382:	fa01 fe03 	lsl.w	lr, r1, r3
   b4386:	ea40 000e 	orr.w	r0, r0, lr
   b438a:	fa21 f102 	lsr.w	r1, r1, r2
   b438e:	4414      	add	r4, r2
   b4390:	e6bd      	b.n	b410e <__adddf3+0xe6>
   b4392:	bf00      	nop

000b4394 <__aeabi_dmul>:
   b4394:	b570      	push	{r4, r5, r6, lr}
   b4396:	f04f 0cff 	mov.w	ip, #255	; 0xff
   b439a:	f44c 6ce0 	orr.w	ip, ip, #1792	; 0x700
   b439e:	ea1c 5411 	ands.w	r4, ip, r1, lsr #20
   b43a2:	bf1d      	ittte	ne
   b43a4:	ea1c 5513 	andsne.w	r5, ip, r3, lsr #20
   b43a8:	ea94 0f0c 	teqne	r4, ip
   b43ac:	ea95 0f0c 	teqne	r5, ip
   b43b0:	f000 f8de 	bleq	b4570 <__aeabi_dmul+0x1dc>
   b43b4:	442c      	add	r4, r5
   b43b6:	ea81 0603 	eor.w	r6, r1, r3
   b43ba:	ea21 514c 	bic.w	r1, r1, ip, lsl #21
   b43be:	ea23 534c 	bic.w	r3, r3, ip, lsl #21
   b43c2:	ea50 3501 	orrs.w	r5, r0, r1, lsl #12
   b43c6:	bf18      	it	ne
   b43c8:	ea52 3503 	orrsne.w	r5, r2, r3, lsl #12
   b43cc:	f441 1180 	orr.w	r1, r1, #1048576	; 0x100000
   b43d0:	f443 1380 	orr.w	r3, r3, #1048576	; 0x100000
   b43d4:	d038      	beq.n	b4448 <__aeabi_dmul+0xb4>
   b43d6:	fba0 ce02 	umull	ip, lr, r0, r2
   b43da:	f04f 0500 	mov.w	r5, #0
   b43de:	fbe1 e502 	umlal	lr, r5, r1, r2
   b43e2:	f006 4200 	and.w	r2, r6, #2147483648	; 0x80000000
   b43e6:	fbe0 e503 	umlal	lr, r5, r0, r3
   b43ea:	f04f 0600 	mov.w	r6, #0
   b43ee:	fbe1 5603 	umlal	r5, r6, r1, r3
   b43f2:	f09c 0f00 	teq	ip, #0
   b43f6:	bf18      	it	ne
   b43f8:	f04e 0e01 	orrne.w	lr, lr, #1
   b43fc:	f1a4 04ff 	sub.w	r4, r4, #255	; 0xff
   b4400:	f5b6 7f00 	cmp.w	r6, #512	; 0x200
   b4404:	f564 7440 	sbc.w	r4, r4, #768	; 0x300
   b4408:	d204      	bcs.n	b4414 <__aeabi_dmul+0x80>
   b440a:	ea5f 0e4e 	movs.w	lr, lr, lsl #1
   b440e:	416d      	adcs	r5, r5
   b4410:	eb46 0606 	adc.w	r6, r6, r6
   b4414:	ea42 21c6 	orr.w	r1, r2, r6, lsl #11
   b4418:	ea41 5155 	orr.w	r1, r1, r5, lsr #21
   b441c:	ea4f 20c5 	mov.w	r0, r5, lsl #11
   b4420:	ea40 505e 	orr.w	r0, r0, lr, lsr #21
   b4424:	ea4f 2ece 	mov.w	lr, lr, lsl #11
   b4428:	f1b4 0cfd 	subs.w	ip, r4, #253	; 0xfd
   b442c:	bf88      	it	hi
   b442e:	f5bc 6fe0 	cmphi.w	ip, #1792	; 0x700
   b4432:	d81e      	bhi.n	b4472 <__aeabi_dmul+0xde>
   b4434:	f1be 4f00 	cmp.w	lr, #2147483648	; 0x80000000
   b4438:	bf08      	it	eq
   b443a:	ea5f 0e50 	movseq.w	lr, r0, lsr #1
   b443e:	f150 0000 	adcs.w	r0, r0, #0
   b4442:	eb41 5104 	adc.w	r1, r1, r4, lsl #20
   b4446:	bd70      	pop	{r4, r5, r6, pc}
   b4448:	f006 4600 	and.w	r6, r6, #2147483648	; 0x80000000
   b444c:	ea46 0101 	orr.w	r1, r6, r1
   b4450:	ea40 0002 	orr.w	r0, r0, r2
   b4454:	ea81 0103 	eor.w	r1, r1, r3
   b4458:	ebb4 045c 	subs.w	r4, r4, ip, lsr #1
   b445c:	bfc2      	ittt	gt
   b445e:	ebd4 050c 	rsbsgt	r5, r4, ip
   b4462:	ea41 5104 	orrgt.w	r1, r1, r4, lsl #20
   b4466:	bd70      	popgt	{r4, r5, r6, pc}
   b4468:	f441 1180 	orr.w	r1, r1, #1048576	; 0x100000
   b446c:	f04f 0e00 	mov.w	lr, #0
   b4470:	3c01      	subs	r4, #1
   b4472:	f300 80ab 	bgt.w	b45cc <__aeabi_dmul+0x238>
   b4476:	f114 0f36 	cmn.w	r4, #54	; 0x36
   b447a:	bfde      	ittt	le
   b447c:	2000      	movle	r0, #0
   b447e:	f001 4100 	andle.w	r1, r1, #2147483648	; 0x80000000
   b4482:	bd70      	pople	{r4, r5, r6, pc}
   b4484:	f1c4 0400 	rsb	r4, r4, #0
   b4488:	3c20      	subs	r4, #32
   b448a:	da35      	bge.n	b44f8 <__aeabi_dmul+0x164>
   b448c:	340c      	adds	r4, #12
   b448e:	dc1b      	bgt.n	b44c8 <__aeabi_dmul+0x134>
   b4490:	f104 0414 	add.w	r4, r4, #20
   b4494:	f1c4 0520 	rsb	r5, r4, #32
   b4498:	fa00 f305 	lsl.w	r3, r0, r5
   b449c:	fa20 f004 	lsr.w	r0, r0, r4
   b44a0:	fa01 f205 	lsl.w	r2, r1, r5
   b44a4:	ea40 0002 	orr.w	r0, r0, r2
   b44a8:	f001 4200 	and.w	r2, r1, #2147483648	; 0x80000000
   b44ac:	f021 4100 	bic.w	r1, r1, #2147483648	; 0x80000000
   b44b0:	eb10 70d3 	adds.w	r0, r0, r3, lsr #31
   b44b4:	fa21 f604 	lsr.w	r6, r1, r4
   b44b8:	eb42 0106 	adc.w	r1, r2, r6
   b44bc:	ea5e 0e43 	orrs.w	lr, lr, r3, lsl #1
   b44c0:	bf08      	it	eq
   b44c2:	ea20 70d3 	biceq.w	r0, r0, r3, lsr #31
   b44c6:	bd70      	pop	{r4, r5, r6, pc}
   b44c8:	f1c4 040c 	rsb	r4, r4, #12
   b44cc:	f1c4 0520 	rsb	r5, r4, #32
   b44d0:	fa00 f304 	lsl.w	r3, r0, r4
   b44d4:	fa20 f005 	lsr.w	r0, r0, r5
   b44d8:	fa01 f204 	lsl.w	r2, r1, r4
   b44dc:	ea40 0002 	orr.w	r0, r0, r2
   b44e0:	f001 4100 	and.w	r1, r1, #2147483648	; 0x80000000
   b44e4:	eb10 70d3 	adds.w	r0, r0, r3, lsr #31
   b44e8:	f141 0100 	adc.w	r1, r1, #0
   b44ec:	ea5e 0e43 	orrs.w	lr, lr, r3, lsl #1
   b44f0:	bf08      	it	eq
   b44f2:	ea20 70d3 	biceq.w	r0, r0, r3, lsr #31
   b44f6:	bd70      	pop	{r4, r5, r6, pc}
   b44f8:	f1c4 0520 	rsb	r5, r4, #32
   b44fc:	fa00 f205 	lsl.w	r2, r0, r5
   b4500:	ea4e 0e02 	orr.w	lr, lr, r2
   b4504:	fa20 f304 	lsr.w	r3, r0, r4
   b4508:	fa01 f205 	lsl.w	r2, r1, r5
   b450c:	ea43 0302 	orr.w	r3, r3, r2
   b4510:	fa21 f004 	lsr.w	r0, r1, r4
   b4514:	f001 4100 	and.w	r1, r1, #2147483648	; 0x80000000
   b4518:	fa21 f204 	lsr.w	r2, r1, r4
   b451c:	ea20 0002 	bic.w	r0, r0, r2
   b4520:	eb00 70d3 	add.w	r0, r0, r3, lsr #31
   b4524:	ea5e 0e43 	orrs.w	lr, lr, r3, lsl #1
   b4528:	bf08      	it	eq
   b452a:	ea20 70d3 	biceq.w	r0, r0, r3, lsr #31
   b452e:	bd70      	pop	{r4, r5, r6, pc}
   b4530:	f094 0f00 	teq	r4, #0
   b4534:	d10f      	bne.n	b4556 <__aeabi_dmul+0x1c2>
   b4536:	f001 4600 	and.w	r6, r1, #2147483648	; 0x80000000
   b453a:	0040      	lsls	r0, r0, #1
   b453c:	eb41 0101 	adc.w	r1, r1, r1
   b4540:	f411 1f80 	tst.w	r1, #1048576	; 0x100000
   b4544:	bf08      	it	eq
   b4546:	3c01      	subeq	r4, #1
   b4548:	d0f7      	beq.n	b453a <__aeabi_dmul+0x1a6>
   b454a:	ea41 0106 	orr.w	r1, r1, r6
   b454e:	f095 0f00 	teq	r5, #0
   b4552:	bf18      	it	ne
   b4554:	4770      	bxne	lr
   b4556:	f003 4600 	and.w	r6, r3, #2147483648	; 0x80000000
   b455a:	0052      	lsls	r2, r2, #1
   b455c:	eb43 0303 	adc.w	r3, r3, r3
   b4560:	f413 1f80 	tst.w	r3, #1048576	; 0x100000
   b4564:	bf08      	it	eq
   b4566:	3d01      	subeq	r5, #1
   b4568:	d0f7      	beq.n	b455a <__aeabi_dmul+0x1c6>
   b456a:	ea43 0306 	orr.w	r3, r3, r6
   b456e:	4770      	bx	lr
   b4570:	ea94 0f0c 	teq	r4, ip
   b4574:	ea0c 5513 	and.w	r5, ip, r3, lsr #20
   b4578:	bf18      	it	ne
   b457a:	ea95 0f0c 	teqne	r5, ip
   b457e:	d00c      	beq.n	b459a <__aeabi_dmul+0x206>
   b4580:	ea50 0641 	orrs.w	r6, r0, r1, lsl #1
   b4584:	bf18      	it	ne
   b4586:	ea52 0643 	orrsne.w	r6, r2, r3, lsl #1
   b458a:	d1d1      	bne.n	b4530 <__aeabi_dmul+0x19c>
   b458c:	ea81 0103 	eor.w	r1, r1, r3
   b4590:	f001 4100 	and.w	r1, r1, #2147483648	; 0x80000000
   b4594:	f04f 0000 	mov.w	r0, #0
   b4598:	bd70      	pop	{r4, r5, r6, pc}
   b459a:	ea50 0641 	orrs.w	r6, r0, r1, lsl #1
   b459e:	bf06      	itte	eq
   b45a0:	4610      	moveq	r0, r2
   b45a2:	4619      	moveq	r1, r3
   b45a4:	ea52 0643 	orrsne.w	r6, r2, r3, lsl #1
   b45a8:	d019      	beq.n	b45de <__aeabi_dmul+0x24a>
   b45aa:	ea94 0f0c 	teq	r4, ip
   b45ae:	d102      	bne.n	b45b6 <__aeabi_dmul+0x222>
   b45b0:	ea50 3601 	orrs.w	r6, r0, r1, lsl #12
   b45b4:	d113      	bne.n	b45de <__aeabi_dmul+0x24a>
   b45b6:	ea95 0f0c 	teq	r5, ip
   b45ba:	d105      	bne.n	b45c8 <__aeabi_dmul+0x234>
   b45bc:	ea52 3603 	orrs.w	r6, r2, r3, lsl #12
   b45c0:	bf1c      	itt	ne
   b45c2:	4610      	movne	r0, r2
   b45c4:	4619      	movne	r1, r3
   b45c6:	d10a      	bne.n	b45de <__aeabi_dmul+0x24a>
   b45c8:	ea81 0103 	eor.w	r1, r1, r3
   b45cc:	f001 4100 	and.w	r1, r1, #2147483648	; 0x80000000
   b45d0:	f041 41fe 	orr.w	r1, r1, #2130706432	; 0x7f000000
   b45d4:	f441 0170 	orr.w	r1, r1, #15728640	; 0xf00000
   b45d8:	f04f 0000 	mov.w	r0, #0
   b45dc:	bd70      	pop	{r4, r5, r6, pc}
   b45de:	f041 41fe 	orr.w	r1, r1, #2130706432	; 0x7f000000
   b45e2:	f441 0178 	orr.w	r1, r1, #16252928	; 0xf80000
   b45e6:	bd70      	pop	{r4, r5, r6, pc}

000b45e8 <__aeabi_ddiv>:
   b45e8:	b570      	push	{r4, r5, r6, lr}
   b45ea:	f04f 0cff 	mov.w	ip, #255	; 0xff
   b45ee:	f44c 6ce0 	orr.w	ip, ip, #1792	; 0x700
   b45f2:	ea1c 5411 	ands.w	r4, ip, r1, lsr #20
   b45f6:	bf1d      	ittte	ne
   b45f8:	ea1c 5513 	andsne.w	r5, ip, r3, lsr #20
   b45fc:	ea94 0f0c 	teqne	r4, ip
   b4600:	ea95 0f0c 	teqne	r5, ip
   b4604:	f000 f8a7 	bleq	b4756 <__aeabi_ddiv+0x16e>
   b4608:	eba4 0405 	sub.w	r4, r4, r5
   b460c:	ea81 0e03 	eor.w	lr, r1, r3
   b4610:	ea52 3503 	orrs.w	r5, r2, r3, lsl #12
   b4614:	ea4f 3101 	mov.w	r1, r1, lsl #12
   b4618:	f000 8088 	beq.w	b472c <__aeabi_ddiv+0x144>
   b461c:	ea4f 3303 	mov.w	r3, r3, lsl #12
   b4620:	f04f 5580 	mov.w	r5, #268435456	; 0x10000000
   b4624:	ea45 1313 	orr.w	r3, r5, r3, lsr #4
   b4628:	ea43 6312 	orr.w	r3, r3, r2, lsr #24
   b462c:	ea4f 2202 	mov.w	r2, r2, lsl #8
   b4630:	ea45 1511 	orr.w	r5, r5, r1, lsr #4
   b4634:	ea45 6510 	orr.w	r5, r5, r0, lsr #24
   b4638:	ea4f 2600 	mov.w	r6, r0, lsl #8
   b463c:	f00e 4100 	and.w	r1, lr, #2147483648	; 0x80000000
   b4640:	429d      	cmp	r5, r3
   b4642:	bf08      	it	eq
   b4644:	4296      	cmpeq	r6, r2
   b4646:	f144 04fd 	adc.w	r4, r4, #253	; 0xfd
   b464a:	f504 7440 	add.w	r4, r4, #768	; 0x300
   b464e:	d202      	bcs.n	b4656 <__aeabi_ddiv+0x6e>
   b4650:	085b      	lsrs	r3, r3, #1
   b4652:	ea4f 0232 	mov.w	r2, r2, rrx
   b4656:	1ab6      	subs	r6, r6, r2
   b4658:	eb65 0503 	sbc.w	r5, r5, r3
   b465c:	085b      	lsrs	r3, r3, #1
   b465e:	ea4f 0232 	mov.w	r2, r2, rrx
   b4662:	f44f 1080 	mov.w	r0, #1048576	; 0x100000
   b4666:	f44f 2c00 	mov.w	ip, #524288	; 0x80000
   b466a:	ebb6 0e02 	subs.w	lr, r6, r2
   b466e:	eb75 0e03 	sbcs.w	lr, r5, r3
   b4672:	bf22      	ittt	cs
   b4674:	1ab6      	subcs	r6, r6, r2
   b4676:	4675      	movcs	r5, lr
   b4678:	ea40 000c 	orrcs.w	r0, r0, ip
   b467c:	085b      	lsrs	r3, r3, #1
   b467e:	ea4f 0232 	mov.w	r2, r2, rrx
   b4682:	ebb6 0e02 	subs.w	lr, r6, r2
   b4686:	eb75 0e03 	sbcs.w	lr, r5, r3
   b468a:	bf22      	ittt	cs
   b468c:	1ab6      	subcs	r6, r6, r2
   b468e:	4675      	movcs	r5, lr
   b4690:	ea40 005c 	orrcs.w	r0, r0, ip, lsr #1
   b4694:	085b      	lsrs	r3, r3, #1
   b4696:	ea4f 0232 	mov.w	r2, r2, rrx
   b469a:	ebb6 0e02 	subs.w	lr, r6, r2
   b469e:	eb75 0e03 	sbcs.w	lr, r5, r3
   b46a2:	bf22      	ittt	cs
   b46a4:	1ab6      	subcs	r6, r6, r2
   b46a6:	4675      	movcs	r5, lr
   b46a8:	ea40 009c 	orrcs.w	r0, r0, ip, lsr #2
   b46ac:	085b      	lsrs	r3, r3, #1
   b46ae:	ea4f 0232 	mov.w	r2, r2, rrx
   b46b2:	ebb6 0e02 	subs.w	lr, r6, r2
   b46b6:	eb75 0e03 	sbcs.w	lr, r5, r3
   b46ba:	bf22      	ittt	cs
   b46bc:	1ab6      	subcs	r6, r6, r2
   b46be:	4675      	movcs	r5, lr
   b46c0:	ea40 00dc 	orrcs.w	r0, r0, ip, lsr #3
   b46c4:	ea55 0e06 	orrs.w	lr, r5, r6
   b46c8:	d018      	beq.n	b46fc <__aeabi_ddiv+0x114>
   b46ca:	ea4f 1505 	mov.w	r5, r5, lsl #4
   b46ce:	ea45 7516 	orr.w	r5, r5, r6, lsr #28
   b46d2:	ea4f 1606 	mov.w	r6, r6, lsl #4
   b46d6:	ea4f 03c3 	mov.w	r3, r3, lsl #3
   b46da:	ea43 7352 	orr.w	r3, r3, r2, lsr #29
   b46de:	ea4f 02c2 	mov.w	r2, r2, lsl #3
   b46e2:	ea5f 1c1c 	movs.w	ip, ip, lsr #4
   b46e6:	d1c0      	bne.n	b466a <__aeabi_ddiv+0x82>
   b46e8:	f411 1f80 	tst.w	r1, #1048576	; 0x100000
   b46ec:	d10b      	bne.n	b4706 <__aeabi_ddiv+0x11e>
   b46ee:	ea41 0100 	orr.w	r1, r1, r0
   b46f2:	f04f 0000 	mov.w	r0, #0
   b46f6:	f04f 4c00 	mov.w	ip, #2147483648	; 0x80000000
   b46fa:	e7b6      	b.n	b466a <__aeabi_ddiv+0x82>
   b46fc:	f411 1f80 	tst.w	r1, #1048576	; 0x100000
   b4700:	bf04      	itt	eq
   b4702:	4301      	orreq	r1, r0
   b4704:	2000      	moveq	r0, #0
   b4706:	f1b4 0cfd 	subs.w	ip, r4, #253	; 0xfd
   b470a:	bf88      	it	hi
   b470c:	f5bc 6fe0 	cmphi.w	ip, #1792	; 0x700
   b4710:	f63f aeaf 	bhi.w	b4472 <__aeabi_dmul+0xde>
   b4714:	ebb5 0c03 	subs.w	ip, r5, r3
   b4718:	bf04      	itt	eq
   b471a:	ebb6 0c02 	subseq.w	ip, r6, r2
   b471e:	ea5f 0c50 	movseq.w	ip, r0, lsr #1
   b4722:	f150 0000 	adcs.w	r0, r0, #0
   b4726:	eb41 5104 	adc.w	r1, r1, r4, lsl #20
   b472a:	bd70      	pop	{r4, r5, r6, pc}
   b472c:	f00e 4e00 	and.w	lr, lr, #2147483648	; 0x80000000
   b4730:	ea4e 3111 	orr.w	r1, lr, r1, lsr #12
   b4734:	eb14 045c 	adds.w	r4, r4, ip, lsr #1
   b4738:	bfc2      	ittt	gt
   b473a:	ebd4 050c 	rsbsgt	r5, r4, ip
   b473e:	ea41 5104 	orrgt.w	r1, r1, r4, lsl #20
   b4742:	bd70      	popgt	{r4, r5, r6, pc}
   b4744:	f441 1180 	orr.w	r1, r1, #1048576	; 0x100000
   b4748:	f04f 0e00 	mov.w	lr, #0
   b474c:	3c01      	subs	r4, #1
   b474e:	e690      	b.n	b4472 <__aeabi_dmul+0xde>
   b4750:	ea45 0e06 	orr.w	lr, r5, r6
   b4754:	e68d      	b.n	b4472 <__aeabi_dmul+0xde>
   b4756:	ea0c 5513 	and.w	r5, ip, r3, lsr #20
   b475a:	ea94 0f0c 	teq	r4, ip
   b475e:	bf08      	it	eq
   b4760:	ea95 0f0c 	teqeq	r5, ip
   b4764:	f43f af3b 	beq.w	b45de <__aeabi_dmul+0x24a>
   b4768:	ea94 0f0c 	teq	r4, ip
   b476c:	d10a      	bne.n	b4784 <__aeabi_ddiv+0x19c>
   b476e:	ea50 3401 	orrs.w	r4, r0, r1, lsl #12
   b4772:	f47f af34 	bne.w	b45de <__aeabi_dmul+0x24a>
   b4776:	ea95 0f0c 	teq	r5, ip
   b477a:	f47f af25 	bne.w	b45c8 <__aeabi_dmul+0x234>
   b477e:	4610      	mov	r0, r2
   b4780:	4619      	mov	r1, r3
   b4782:	e72c      	b.n	b45de <__aeabi_dmul+0x24a>
   b4784:	ea95 0f0c 	teq	r5, ip
   b4788:	d106      	bne.n	b4798 <__aeabi_ddiv+0x1b0>
   b478a:	ea52 3503 	orrs.w	r5, r2, r3, lsl #12
   b478e:	f43f aefd 	beq.w	b458c <__aeabi_dmul+0x1f8>
   b4792:	4610      	mov	r0, r2
   b4794:	4619      	mov	r1, r3
   b4796:	e722      	b.n	b45de <__aeabi_dmul+0x24a>
   b4798:	ea50 0641 	orrs.w	r6, r0, r1, lsl #1
   b479c:	bf18      	it	ne
   b479e:	ea52 0643 	orrsne.w	r6, r2, r3, lsl #1
   b47a2:	f47f aec5 	bne.w	b4530 <__aeabi_dmul+0x19c>
   b47a6:	ea50 0441 	orrs.w	r4, r0, r1, lsl #1
   b47aa:	f47f af0d 	bne.w	b45c8 <__aeabi_dmul+0x234>
   b47ae:	ea52 0543 	orrs.w	r5, r2, r3, lsl #1
   b47b2:	f47f aeeb 	bne.w	b458c <__aeabi_dmul+0x1f8>
   b47b6:	e712      	b.n	b45de <__aeabi_dmul+0x24a>

000b47b8 <__gedf2>:
   b47b8:	f04f 3cff 	mov.w	ip, #4294967295
   b47bc:	e006      	b.n	b47cc <__cmpdf2+0x4>
   b47be:	bf00      	nop

000b47c0 <__ledf2>:
   b47c0:	f04f 0c01 	mov.w	ip, #1
   b47c4:	e002      	b.n	b47cc <__cmpdf2+0x4>
   b47c6:	bf00      	nop

000b47c8 <__cmpdf2>:
   b47c8:	f04f 0c01 	mov.w	ip, #1
   b47cc:	f84d cd04 	str.w	ip, [sp, #-4]!
   b47d0:	ea4f 0c41 	mov.w	ip, r1, lsl #1
   b47d4:	ea7f 5c6c 	mvns.w	ip, ip, asr #21
   b47d8:	ea4f 0c43 	mov.w	ip, r3, lsl #1
   b47dc:	bf18      	it	ne
   b47de:	ea7f 5c6c 	mvnsne.w	ip, ip, asr #21
   b47e2:	d01b      	beq.n	b481c <__cmpdf2+0x54>
   b47e4:	b001      	add	sp, #4
   b47e6:	ea50 0c41 	orrs.w	ip, r0, r1, lsl #1
   b47ea:	bf0c      	ite	eq
   b47ec:	ea52 0c43 	orrseq.w	ip, r2, r3, lsl #1
   b47f0:	ea91 0f03 	teqne	r1, r3
   b47f4:	bf02      	ittt	eq
   b47f6:	ea90 0f02 	teqeq	r0, r2
   b47fa:	2000      	moveq	r0, #0
   b47fc:	4770      	bxeq	lr
   b47fe:	f110 0f00 	cmn.w	r0, #0
   b4802:	ea91 0f03 	teq	r1, r3
   b4806:	bf58      	it	pl
   b4808:	4299      	cmppl	r1, r3
   b480a:	bf08      	it	eq
   b480c:	4290      	cmpeq	r0, r2
   b480e:	bf2c      	ite	cs
   b4810:	17d8      	asrcs	r0, r3, #31
   b4812:	ea6f 70e3 	mvncc.w	r0, r3, asr #31
   b4816:	f040 0001 	orr.w	r0, r0, #1
   b481a:	4770      	bx	lr
   b481c:	ea4f 0c41 	mov.w	ip, r1, lsl #1
   b4820:	ea7f 5c6c 	mvns.w	ip, ip, asr #21
   b4824:	d102      	bne.n	b482c <__cmpdf2+0x64>
   b4826:	ea50 3c01 	orrs.w	ip, r0, r1, lsl #12
   b482a:	d107      	bne.n	b483c <__cmpdf2+0x74>
   b482c:	ea4f 0c43 	mov.w	ip, r3, lsl #1
   b4830:	ea7f 5c6c 	mvns.w	ip, ip, asr #21
   b4834:	d1d6      	bne.n	b47e4 <__cmpdf2+0x1c>
   b4836:	ea52 3c03 	orrs.w	ip, r2, r3, lsl #12
   b483a:	d0d3      	beq.n	b47e4 <__cmpdf2+0x1c>
   b483c:	f85d 0b04 	ldr.w	r0, [sp], #4
   b4840:	4770      	bx	lr
   b4842:	bf00      	nop

000b4844 <__aeabi_cdrcmple>:
   b4844:	4684      	mov	ip, r0
   b4846:	4610      	mov	r0, r2
   b4848:	4662      	mov	r2, ip
   b484a:	468c      	mov	ip, r1
   b484c:	4619      	mov	r1, r3
   b484e:	4663      	mov	r3, ip
   b4850:	e000      	b.n	b4854 <__aeabi_cdcmpeq>
   b4852:	bf00      	nop

000b4854 <__aeabi_cdcmpeq>:
   b4854:	b501      	push	{r0, lr}
   b4856:	f7ff ffb7 	bl	b47c8 <__cmpdf2>
   b485a:	2800      	cmp	r0, #0
   b485c:	bf48      	it	mi
   b485e:	f110 0f00 	cmnmi.w	r0, #0
   b4862:	bd01      	pop	{r0, pc}

000b4864 <__aeabi_dcmpeq>:
   b4864:	f84d ed08 	str.w	lr, [sp, #-8]!
   b4868:	f7ff fff4 	bl	b4854 <__aeabi_cdcmpeq>
   b486c:	bf0c      	ite	eq
   b486e:	2001      	moveq	r0, #1
   b4870:	2000      	movne	r0, #0
   b4872:	f85d fb08 	ldr.w	pc, [sp], #8
   b4876:	bf00      	nop

000b4878 <__aeabi_dcmplt>:
   b4878:	f84d ed08 	str.w	lr, [sp, #-8]!
   b487c:	f7ff ffea 	bl	b4854 <__aeabi_cdcmpeq>
   b4880:	bf34      	ite	cc
   b4882:	2001      	movcc	r0, #1
   b4884:	2000      	movcs	r0, #0
   b4886:	f85d fb08 	ldr.w	pc, [sp], #8
   b488a:	bf00      	nop

000b488c <__aeabi_dcmple>:
   b488c:	f84d ed08 	str.w	lr, [sp, #-8]!
   b4890:	f7ff ffe0 	bl	b4854 <__aeabi_cdcmpeq>
   b4894:	bf94      	ite	ls
   b4896:	2001      	movls	r0, #1
   b4898:	2000      	movhi	r0, #0
   b489a:	f85d fb08 	ldr.w	pc, [sp], #8
   b489e:	bf00      	nop

000b48a0 <__aeabi_dcmpge>:
   b48a0:	f84d ed08 	str.w	lr, [sp, #-8]!
   b48a4:	f7ff ffce 	bl	b4844 <__aeabi_cdrcmple>
   b48a8:	bf94      	ite	ls
   b48aa:	2001      	movls	r0, #1
   b48ac:	2000      	movhi	r0, #0
   b48ae:	f85d fb08 	ldr.w	pc, [sp], #8
   b48b2:	bf00      	nop

000b48b4 <__aeabi_dcmpgt>:
   b48b4:	f84d ed08 	str.w	lr, [sp, #-8]!
   b48b8:	f7ff ffc4 	bl	b4844 <__aeabi_cdrcmple>
   b48bc:	bf34      	ite	cc
   b48be:	2001      	movcc	r0, #1
   b48c0:	2000      	movcs	r0, #0
   b48c2:	f85d fb08 	ldr.w	pc, [sp], #8
   b48c6:	bf00      	nop

000b48c8 <__aeabi_dcmpun>:
   b48c8:	ea4f 0c41 	mov.w	ip, r1, lsl #1
   b48cc:	ea7f 5c6c 	mvns.w	ip, ip, asr #21
   b48d0:	d102      	bne.n	b48d8 <__aeabi_dcmpun+0x10>
   b48d2:	ea50 3c01 	orrs.w	ip, r0, r1, lsl #12
   b48d6:	d10a      	bne.n	b48ee <__aeabi_dcmpun+0x26>
   b48d8:	ea4f 0c43 	mov.w	ip, r3, lsl #1
   b48dc:	ea7f 5c6c 	mvns.w	ip, ip, asr #21
   b48e0:	d102      	bne.n	b48e8 <__aeabi_dcmpun+0x20>
   b48e2:	ea52 3c03 	orrs.w	ip, r2, r3, lsl #12
   b48e6:	d102      	bne.n	b48ee <__aeabi_dcmpun+0x26>
   b48e8:	f04f 0000 	mov.w	r0, #0
   b48ec:	4770      	bx	lr
   b48ee:	f04f 0001 	mov.w	r0, #1
   b48f2:	4770      	bx	lr

000b48f4 <__aeabi_d2iz>:
   b48f4:	ea4f 0241 	mov.w	r2, r1, lsl #1
   b48f8:	f512 1200 	adds.w	r2, r2, #2097152	; 0x200000
   b48fc:	d215      	bcs.n	b492a <__aeabi_d2iz+0x36>
   b48fe:	d511      	bpl.n	b4924 <__aeabi_d2iz+0x30>
   b4900:	f46f 7378 	mvn.w	r3, #992	; 0x3e0
   b4904:	ebb3 5262 	subs.w	r2, r3, r2, asr #21
   b4908:	d912      	bls.n	b4930 <__aeabi_d2iz+0x3c>
   b490a:	ea4f 23c1 	mov.w	r3, r1, lsl #11
   b490e:	f043 4300 	orr.w	r3, r3, #2147483648	; 0x80000000
   b4912:	ea43 5350 	orr.w	r3, r3, r0, lsr #21
   b4916:	f011 4f00 	tst.w	r1, #2147483648	; 0x80000000
   b491a:	fa23 f002 	lsr.w	r0, r3, r2
   b491e:	bf18      	it	ne
   b4920:	4240      	negne	r0, r0
   b4922:	4770      	bx	lr
   b4924:	f04f 0000 	mov.w	r0, #0
   b4928:	4770      	bx	lr
   b492a:	ea50 3001 	orrs.w	r0, r0, r1, lsl #12
   b492e:	d105      	bne.n	b493c <__aeabi_d2iz+0x48>
   b4930:	f011 4000 	ands.w	r0, r1, #2147483648	; 0x80000000
   b4934:	bf08      	it	eq
   b4936:	f06f 4000 	mvneq.w	r0, #2147483648	; 0x80000000
   b493a:	4770      	bx	lr
   b493c:	f04f 0000 	mov.w	r0, #0
   b4940:	4770      	bx	lr
   b4942:	bf00      	nop

000b4944 <__aeabi_d2uiz>:
   b4944:	004a      	lsls	r2, r1, #1
   b4946:	d211      	bcs.n	b496c <__aeabi_d2uiz+0x28>
   b4948:	f512 1200 	adds.w	r2, r2, #2097152	; 0x200000
   b494c:	d211      	bcs.n	b4972 <__aeabi_d2uiz+0x2e>
   b494e:	d50d      	bpl.n	b496c <__aeabi_d2uiz+0x28>
   b4950:	f46f 7378 	mvn.w	r3, #992	; 0x3e0
   b4954:	ebb3 5262 	subs.w	r2, r3, r2, asr #21
   b4958:	d40e      	bmi.n	b4978 <__aeabi_d2uiz+0x34>
   b495a:	ea4f 23c1 	mov.w	r3, r1, lsl #11
   b495e:	f043 4300 	orr.w	r3, r3, #2147483648	; 0x80000000
   b4962:	ea43 5350 	orr.w	r3, r3, r0, lsr #21
   b4966:	fa23 f002 	lsr.w	r0, r3, r2
   b496a:	4770      	bx	lr
   b496c:	f04f 0000 	mov.w	r0, #0
   b4970:	4770      	bx	lr
   b4972:	ea50 3001 	orrs.w	r0, r0, r1, lsl #12
   b4976:	d102      	bne.n	b497e <__aeabi_d2uiz+0x3a>
   b4978:	f04f 30ff 	mov.w	r0, #4294967295
   b497c:	4770      	bx	lr
   b497e:	f04f 0000 	mov.w	r0, #0
   b4982:	4770      	bx	lr

000b4984 <strlen>:
   b4984:	4603      	mov	r3, r0
   b4986:	f813 2b01 	ldrb.w	r2, [r3], #1
   b498a:	2a00      	cmp	r2, #0
   b498c:	d1fb      	bne.n	b4986 <strlen+0x2>
   b498e:	1a18      	subs	r0, r3, r0
   b4990:	3801      	subs	r0, #1
   b4992:	4770      	bx	lr

000b4994 <module_user_pre_init>:
/**
 * Initializes this user module. Returns the start of the heap.
 */
void* module_user_pre_init() {

    if ( (&link_global_data_start!=&link_global_data_initial_values) && (link_global_data_size != 0))
   b4994:	4809      	ldr	r0, [pc, #36]	; (b49bc <module_user_pre_init+0x28>)
   b4996:	490a      	ldr	r1, [pc, #40]	; (b49c0 <module_user_pre_init+0x2c>)
   b4998:	4288      	cmp	r0, r1
void* module_user_pre_init() {
   b499a:	b508      	push	{r3, lr}
    if ( (&link_global_data_start!=&link_global_data_initial_values) && (link_global_data_size != 0))
   b499c:	d005      	beq.n	b49aa <module_user_pre_init+0x16>
   b499e:	4a09      	ldr	r2, [pc, #36]	; (b49c4 <module_user_pre_init+0x30>)
   b49a0:	4282      	cmp	r2, r0
   b49a2:	d002      	beq.n	b49aa <module_user_pre_init+0x16>
    {
        memcpy(&link_global_data_start, &link_global_data_initial_values, link_global_data_size);
   b49a4:	1a12      	subs	r2, r2, r0
   b49a6:	f006 ffcc 	bl	bb942 <memcpy>
    }

    memset(&link_bss_location, 0, link_bss_size );
   b49aa:	4807      	ldr	r0, [pc, #28]	; (b49c8 <module_user_pre_init+0x34>)
   b49ac:	4a07      	ldr	r2, [pc, #28]	; (b49cc <module_user_pre_init+0x38>)
   b49ae:	2100      	movs	r1, #0
   b49b0:	1a12      	subs	r2, r2, r0
   b49b2:	f006 ffd4 	bl	bb95e <memset>
    return &link_global_data_start;
}
   b49b6:	4801      	ldr	r0, [pc, #4]	; (b49bc <module_user_pre_init+0x28>)
   b49b8:	bd08      	pop	{r3, pc}
   b49ba:	bf00      	nop
   b49bc:	2003dad0 	.word	0x2003dad0
   b49c0:	000bc2a8 	.word	0x000bc2a8
   b49c4:	2003db40 	.word	0x2003db40
   b49c8:	2003db40 	.word	0x2003db40
   b49cc:	2003e7fc 	.word	0x2003e7fc

000b49d0 <module_user_init>:
extern constructor_ptr_t link_constructors_location[];
extern constructor_ptr_t link_constructors_end;
#define link_constructors_size   ((unsigned long)&link_constructors_end  -  (unsigned long)&link_constructors_location )

void module_user_init()
{
   b49d0:	b570      	push	{r4, r5, r6, lr}
    module_user_init_hook();

    // invoke constructors
    for (size_t ctor_num=0; ctor_num < link_constructors_size/sizeof(constructor_ptr_t); ctor_num++ )
   b49d2:	4e07      	ldr	r6, [pc, #28]	; (b49f0 <module_user_init+0x20>)
   b49d4:	4c07      	ldr	r4, [pc, #28]	; (b49f4 <module_user_init+0x24>)
    module_user_init_hook();
   b49d6:	f006 f8cb 	bl	bab70 <module_user_init_hook>
    for (size_t ctor_num=0; ctor_num < link_constructors_size/sizeof(constructor_ptr_t); ctor_num++ )
   b49da:	1ba4      	subs	r4, r4, r6
   b49dc:	08a4      	lsrs	r4, r4, #2
   b49de:	2500      	movs	r5, #0
   b49e0:	42ac      	cmp	r4, r5
   b49e2:	d100      	bne.n	b49e6 <module_user_init+0x16>
    {
        link_constructors_location[ctor_num]();
    }
}
   b49e4:	bd70      	pop	{r4, r5, r6, pc}
        link_constructors_location[ctor_num]();
   b49e6:	f856 3b04 	ldr.w	r3, [r6], #4
   b49ea:	4798      	blx	r3
    for (size_t ctor_num=0; ctor_num < link_constructors_size/sizeof(constructor_ptr_t); ctor_num++ )
   b49ec:	3501      	adds	r5, #1
   b49ee:	e7f7      	b.n	b49e0 <module_user_init+0x10>
   b49f0:	000bc258 	.word	0x000bc258
   b49f4:	000bc284 	.word	0x000bc284

000b49f8 <module_user_setup>:

/**
 * Export these functions with a fuller name so they don't clash with the setup/loop wrappers in the system module.
 */
void module_user_setup() {
    setup();
   b49f8:	f001 b9fc 	b.w	b5df4 <setup>

000b49fc <module_user_loop>:
}

void module_user_loop() {
   b49fc:	b508      	push	{r3, lr}
    loop();
   b49fe:	f001 fad9 	bl	b5fb4 <loop>
    _post_loop();
}
   b4a02:	e8bd 4008 	ldmia.w	sp!, {r3, lr}
    _post_loop();
   b4a06:	f006 b86b 	b.w	baae0 <_post_loop>

000b4a0a <_Znwj>:
 * Implement C++ new/delete operators using the heap
 */

void *operator new(size_t size)
{
	return malloc(size);
   b4a0a:	f005 bd91 	b.w	ba530 <malloc>

000b4a0e <_Znaj>:
   b4a0e:	f005 bd8f 	b.w	ba530 <malloc>

000b4a12 <_ZdlPvj>:
	free(p);
}

void operator delete(void *p, size_t size)
{
	free(p);
   b4a12:	f005 bd95 	b.w	ba540 <free>

000b4a16 <__cxa_guard_acquire>:

/* Provide default implemenation for __cxa_guard_acquire() and
 * __cxa_guard_release(). Note: these must be revisited if a multitasking
 * OS is ported to this platform. */
__extension__ typedef int __guard __attribute__((mode (__DI__)));
int __cxa_guard_acquire(__guard *g) {return !*(char *)(g);};
   b4a16:	7800      	ldrb	r0, [r0, #0]
   b4a18:	fab0 f080 	clz	r0, r0
   b4a1c:	0940      	lsrs	r0, r0, #5
   b4a1e:	4770      	bx	lr

000b4a20 <__cxa_guard_release>:
void __cxa_guard_release (__guard *g) {*(char *)g = 1;};
   b4a20:	2301      	movs	r3, #1
   b4a22:	7003      	strb	r3, [r0, #0]
   b4a24:	4770      	bx	lr
	...

000b4a28 <calc_temperature>:
    float var1;
    float var2;
    float calc_temp;

    /* calculate var1 data */
    var1 = ((((float)temp_adc / 16384.0f) - ((float)dev->calib.par_t1 / 1024.0f)) * ((float)dev->calib.par_t2));
   b4a28:	8bcb      	ldrh	r3, [r1, #30]
   b4a2a:	ed9f 7a1a 	vldr	s14, [pc, #104]	; b4a94 <calc_temperature+0x6c>
   b4a2e:	ed9f 6a1a 	vldr	s12, [pc, #104]	; b4a98 <calc_temperature+0x70>
   b4a32:	ee07 0a90 	vmov	s15, r0
   b4a36:	ee00 3a10 	vmov	s0, r3
   b4a3a:	eef8 6a67 	vcvt.f32.u32	s13, s15
   b4a3e:	eef8 7a40 	vcvt.f32.u32	s15, s0

    /* calculate var2 data */
    var2 =
        (((((float)temp_adc / 131072.0f) - ((float)dev->calib.par_t1 / 8192.0f)) *
   b4a42:	ed9f 0a16 	vldr	s0, [pc, #88]	; b4a9c <calc_temperature+0x74>
    var1 = ((((float)temp_adc / 16384.0f) - ((float)dev->calib.par_t1 / 1024.0f)) * ((float)dev->calib.par_t2));
   b4a46:	f9b1 3020 	ldrsh.w	r3, [r1, #32]
   b4a4a:	ee27 7a67 	vnmul.f32	s14, s14, s15
        (((((float)temp_adc / 131072.0f) - ((float)dev->calib.par_t1 / 8192.0f)) *
   b4a4e:	ee20 0a67 	vnmul.f32	s0, s0, s15
   b4a52:	eddf 7a13 	vldr	s15, [pc, #76]	; b4aa0 <calc_temperature+0x78>
    var1 = ((((float)temp_adc / 16384.0f) - ((float)dev->calib.par_t1 / 1024.0f)) * ((float)dev->calib.par_t2));
   b4a56:	eea6 7a86 	vfma.f32	s14, s13, s12
        (((((float)temp_adc / 131072.0f) - ((float)dev->calib.par_t1 / 8192.0f)) *
   b4a5a:	eea6 0aa7 	vfma.f32	s0, s13, s15
    var1 = ((((float)temp_adc / 16384.0f) - ((float)dev->calib.par_t1 / 1024.0f)) * ((float)dev->calib.par_t2));
   b4a5e:	ee06 3a90 	vmov	s13, r3
          (((float)temp_adc / 131072.0f) - ((float)dev->calib.par_t1 / 8192.0f))) * ((float)dev->calib.par_t3 * 16.0f));
   b4a62:	f991 3022 	ldrsb.w	r3, [r1, #34]	; 0x22
   b4a66:	ee07 3a90 	vmov	s15, r3
   b4a6a:	eef8 7ae7 	vcvt.f32.s32	s15, s15
   b4a6e:	eeb3 6a00 	vmov.f32	s12, #48	; 0x41800000  16.0
   b4a72:	ee67 7a86 	vmul.f32	s15, s15, s12
        (((((float)temp_adc / 131072.0f) - ((float)dev->calib.par_t1 / 8192.0f)) *
   b4a76:	ee20 0a00 	vmul.f32	s0, s0, s0
    var1 = ((((float)temp_adc / 16384.0f) - ((float)dev->calib.par_t1 / 1024.0f)) * ((float)dev->calib.par_t2));
   b4a7a:	eef8 6ae6 	vcvt.f32.s32	s13, s13
    var2 =
   b4a7e:	ee67 7a80 	vmul.f32	s15, s15, s0

    /* compensated temperature data*/
    calc_temp = ((dev->calib.t_fine) / 5120.0f);

    return calc_temp;
}
   b4a82:	ed9f 0a08 	vldr	s0, [pc, #32]	; b4aa4 <calc_temperature+0x7c>
    dev->calib.t_fine = (var1 + var2);
   b4a86:	eee7 7a26 	vfma.f32	s15, s14, s13
}
   b4a8a:	ee87 0a80 	vdiv.f32	s0, s15, s0
    dev->calib.t_fine = (var1 + var2);
   b4a8e:	edc1 7a0e 	vstr	s15, [r1, #56]	; 0x38
}
   b4a92:	4770      	bx	lr
   b4a94:	3a800000 	.word	0x3a800000
   b4a98:	38800000 	.word	0x38800000
   b4a9c:	39000000 	.word	0x39000000
   b4aa0:	37000000 	.word	0x37000000
   b4aa4:	45a00000 	.word	0x45a00000

000b4aa8 <calc_pressure>:
    float var1;
    float var2;
    float var3;
    float calc_pres;

    var1 = (((float)dev->calib.t_fine / 2.0f) - 64000.0f);
   b4aa8:	ed91 7a0e 	vldr	s14, [r1, #56]	; 0x38
    var2 = var1 * var1 * (((float)dev->calib.par_p6) / (131072.0f));
    var2 = var2 + (var1 * ((float)dev->calib.par_p5) * 2.0f);
    var2 = (var2 / 4.0f) + (((float)dev->calib.par_p4) * 65536.0f);
    var1 = (((((float)dev->calib.par_p3 * var1 * var1) / 16384.0f) + ((float)dev->calib.par_p2 * var1)) / 524288.0f);
   b4aac:	f991 3028 	ldrsb.w	r3, [r1, #40]	; 0x28
    var1 = (((float)dev->calib.t_fine / 2.0f) - 64000.0f);
   b4ab0:	eddf 6a54 	vldr	s13, [pc, #336]	; b4c04 <calc_pressure+0x15c>
    var1 = (((((float)dev->calib.par_p3 * var1 * var1) / 16384.0f) + ((float)dev->calib.par_p2 * var1)) / 524288.0f);
   b4ab4:	ed9f 6a54 	vldr	s12, [pc, #336]	; b4c08 <calc_pressure+0x160>
    var1 = ((1.0f + (var1 / 32768.0f)) * ((float)dev->calib.par_p1));
   b4ab8:	eddf 4a54 	vldr	s9, [pc, #336]	; b4c0c <calc_pressure+0x164>
    var1 = (((float)dev->calib.t_fine / 2.0f) - 64000.0f);
   b4abc:	eef6 7a00 	vmov.f32	s15, #96	; 0x3f000000  0.5
   b4ac0:	eee7 6a27 	vfma.f32	s13, s14, s15
    var1 = (((((float)dev->calib.par_p3 * var1 * var1) / 16384.0f) + ((float)dev->calib.par_p2 * var1)) / 524288.0f);
   b4ac4:	ee07 3a90 	vmov	s15, r3
   b4ac8:	f9b1 3026 	ldrsh.w	r3, [r1, #38]	; 0x26
   b4acc:	eef8 7ae7 	vcvt.f32.s32	s15, s15
   b4ad0:	ee07 3a10 	vmov	s14, r3
   b4ad4:	ee67 7aa6 	vmul.f32	s15, s15, s13
   b4ad8:	eeb8 7ac7 	vcvt.f32.s32	s14, s14
   b4adc:	ee67 7aa6 	vmul.f32	s15, s15, s13
   b4ae0:	ee27 7a26 	vmul.f32	s14, s14, s13
    var1 = ((1.0f + (var1 / 32768.0f)) * ((float)dev->calib.par_p1));
   b4ae4:	8c8b      	ldrh	r3, [r1, #36]	; 0x24
    var1 = (((((float)dev->calib.par_p3 * var1 * var1) / 16384.0f) + ((float)dev->calib.par_p2 * var1)) / 524288.0f);
   b4ae6:	eea7 7a86 	vfma.f32	s14, s15, s12
   b4aea:	eddf 7a49 	vldr	s15, [pc, #292]	; b4c10 <calc_pressure+0x168>
    var1 = ((1.0f + (var1 / 32768.0f)) * ((float)dev->calib.par_p1));
   b4aee:	eeb7 6a00 	vmov.f32	s12, #112	; 0x3f800000  1.0
    var1 = (((((float)dev->calib.par_p3 * var1 * var1) / 16384.0f) + ((float)dev->calib.par_p2 * var1)) / 524288.0f);
   b4af2:	ee27 7a27 	vmul.f32	s14, s14, s15
    var1 = ((1.0f + (var1 / 32768.0f)) * ((float)dev->calib.par_p1));
   b4af6:	eef0 7a46 	vmov.f32	s15, s12
   b4afa:	eee7 7a24 	vfma.f32	s15, s14, s9
   b4afe:	ee06 3a10 	vmov	s12, r3
   b4b02:	eeb8 6a46 	vcvt.f32.u32	s12, s12
{
   b4b06:	ee04 0a10 	vmov	s8, r0
    var1 = ((1.0f + (var1 / 32768.0f)) * ((float)dev->calib.par_p1));
   b4b0a:	ee26 6a27 	vmul.f32	s12, s12, s15
    calc_pres = (1048576.0f - ((float)pres_adc));

    /* Avoid exception caused by division by zero */
    if ((int)var1 != 0)
   b4b0e:	eefd 7ac6 	vcvt.s32.f32	s15, s12
   b4b12:	ee17 3a90 	vmov	r3, s15
   b4b16:	2b00      	cmp	r3, #0
   b4b18:	d070      	beq.n	b4bfc <calc_pressure+0x154>
    var2 = var1 * var1 * (((float)dev->calib.par_p6) / (131072.0f));
   b4b1a:	f991 302e 	ldrsb.w	r3, [r1, #46]	; 0x2e
   b4b1e:	ed9f 5a3d 	vldr	s10, [pc, #244]	; b4c14 <calc_pressure+0x16c>
   b4b22:	ee07 3a10 	vmov	s14, r3
    var2 = var2 + (var1 * ((float)dev->calib.par_p5) * 2.0f);
   b4b26:	f9b1 302c 	ldrsh.w	r3, [r1, #44]	; 0x2c
    var2 = var1 * var1 * (((float)dev->calib.par_p6) / (131072.0f));
   b4b2a:	eeb8 7ac7 	vcvt.f32.s32	s14, s14
    var2 = var2 + (var1 * ((float)dev->calib.par_p5) * 2.0f);
   b4b2e:	ee05 3a90 	vmov	s11, r3
    var2 = var1 * var1 * (((float)dev->calib.par_p6) / (131072.0f));
   b4b32:	ee66 7aa6 	vmul.f32	s15, s13, s13
   b4b36:	ee27 7a05 	vmul.f32	s14, s14, s10
    var2 = var2 + (var1 * ((float)dev->calib.par_p5) * 2.0f);
   b4b3a:	eef8 5ae5 	vcvt.f32.s32	s11, s11
    var2 = var1 * var1 * (((float)dev->calib.par_p6) / (131072.0f));
   b4b3e:	ee27 7a27 	vmul.f32	s14, s14, s15
    var2 = var2 + (var1 * ((float)dev->calib.par_p5) * 2.0f);
   b4b42:	ee65 5aa6 	vmul.f32	s11, s11, s13
   b4b46:	eef0 7a00 	vmov.f32	s15, #0	; 0x40000000  2.0
   b4b4a:	eea5 7aa7 	vfma.f32	s14, s11, s15
    var2 = (var2 / 4.0f) + (((float)dev->calib.par_p4) * 65536.0f);
   b4b4e:	f9b1 302a 	ldrsh.w	r3, [r1, #42]	; 0x2a
   b4b52:	eef5 7a00 	vmov.f32	s15, #80	; 0x3e800000  0.250
   b4b56:	ee27 7a27 	vmul.f32	s14, s14, s15
   b4b5a:	ee07 3a90 	vmov	s15, r3
   b4b5e:	eddf 6a2e 	vldr	s13, [pc, #184]	; b4c18 <calc_pressure+0x170>
    {
        calc_pres = (((calc_pres - (var2 / 4096.0f)) * 6250.0f) / var1);
        var1 = (((float)dev->calib.par_p9) * calc_pres * calc_pres) / 2147483648.0f;
   b4b62:	f9b1 3032 	ldrsh.w	r3, [r1, #50]	; 0x32
    var2 = (var2 / 4.0f) + (((float)dev->calib.par_p4) * 65536.0f);
   b4b66:	eef8 7ae7 	vcvt.f32.s32	s15, s15
   b4b6a:	eea7 7aa6 	vfma.f32	s14, s15, s13
    calc_pres = (1048576.0f - ((float)pres_adc));
   b4b6e:	eef8 7a44 	vcvt.f32.u32	s15, s8
   b4b72:	eddf 6a2a 	vldr	s13, [pc, #168]	; b4c1c <calc_pressure+0x174>
   b4b76:	ee76 6ae7 	vsub.f32	s13, s13, s15
        calc_pres = (((calc_pres - (var2 / 4096.0f)) * 6250.0f) / var1);
   b4b7a:	eddf 7a29 	vldr	s15, [pc, #164]	; b4c20 <calc_pressure+0x178>
   b4b7e:	eee7 6a67 	vfms.f32	s13, s14, s15
   b4b82:	ed9f 7a28 	vldr	s14, [pc, #160]	; b4c24 <calc_pressure+0x17c>
   b4b86:	ee26 7a87 	vmul.f32	s14, s13, s14
        var2 = calc_pres * (((float)dev->calib.par_p8) / 32768.0f);
        var3 = ((calc_pres / 256.0f) * (calc_pres / 256.0f) * (calc_pres / 256.0f) * (dev->calib.par_p10 / 131072.0f));
   b4b8a:	eddf 6a27 	vldr	s13, [pc, #156]	; b4c28 <calc_pressure+0x180>
        calc_pres = (((calc_pres - (var2 / 4096.0f)) * 6250.0f) / var1);
   b4b8e:	ee87 0a06 	vdiv.f32	s0, s14, s12
        var1 = (((float)dev->calib.par_p9) * calc_pres * calc_pres) / 2147483648.0f;
   b4b92:	ee07 3a10 	vmov	s14, r3
        var2 = calc_pres * (((float)dev->calib.par_p8) / 32768.0f);
   b4b96:	f9b1 3030 	ldrsh.w	r3, [r1, #48]	; 0x30
   b4b9a:	ee07 3a90 	vmov	s15, r3
        var3 = ((calc_pres / 256.0f) * (calc_pres / 256.0f) * (calc_pres / 256.0f) * (dev->calib.par_p10 / 131072.0f));
   b4b9e:	ee60 6a26 	vmul.f32	s13, s0, s13
        var1 = (((float)dev->calib.par_p9) * calc_pres * calc_pres) / 2147483648.0f;
   b4ba2:	eeb8 7ac7 	vcvt.f32.s32	s14, s14
        var2 = calc_pres * (((float)dev->calib.par_p8) / 32768.0f);
   b4ba6:	eef8 7ae7 	vcvt.f32.s32	s15, s15
        var3 = ((calc_pres / 256.0f) * (calc_pres / 256.0f) * (calc_pres / 256.0f) * (dev->calib.par_p10 / 131072.0f));
   b4baa:	ee26 6aa6 	vmul.f32	s12, s13, s13
        var1 = (((float)dev->calib.par_p9) * calc_pres * calc_pres) / 2147483648.0f;
   b4bae:	ee27 7a00 	vmul.f32	s14, s14, s0
        var2 = calc_pres * (((float)dev->calib.par_p8) / 32768.0f);
   b4bb2:	ee67 7aa4 	vmul.f32	s15, s15, s9
        var3 = ((calc_pres / 256.0f) * (calc_pres / 256.0f) * (calc_pres / 256.0f) * (dev->calib.par_p10 / 131072.0f));
   b4bb6:	ee66 6a26 	vmul.f32	s13, s12, s13
        var1 = (((float)dev->calib.par_p9) * calc_pres * calc_pres) / 2147483648.0f;
   b4bba:	ee27 7a00 	vmul.f32	s14, s14, s0
        var3 = ((calc_pres / 256.0f) * (calc_pres / 256.0f) * (calc_pres / 256.0f) * (dev->calib.par_p10 / 131072.0f));
   b4bbe:	f891 3034 	ldrb.w	r3, [r1, #52]	; 0x34
        calc_pres = (calc_pres + (var1 + var2 + var3 + ((float)dev->calib.par_p7 * 128.0f)) / 16.0f);
   b4bc2:	ed9f 6a1a 	vldr	s12, [pc, #104]	; b4c2c <calc_pressure+0x184>
        var2 = calc_pres * (((float)dev->calib.par_p8) / 32768.0f);
   b4bc6:	ee67 7a80 	vmul.f32	s15, s15, s0
        calc_pres = (calc_pres + (var1 + var2 + var3 + ((float)dev->calib.par_p7 * 128.0f)) / 16.0f);
   b4bca:	eee7 7a06 	vfma.f32	s15, s14, s12
        var3 = ((calc_pres / 256.0f) * (calc_pres / 256.0f) * (calc_pres / 256.0f) * (dev->calib.par_p10 / 131072.0f));
   b4bce:	ee07 3a10 	vmov	s14, r3
   b4bd2:	eeb8 7ac7 	vcvt.f32.s32	s14, s14
        calc_pres = (calc_pres + (var1 + var2 + var3 + ((float)dev->calib.par_p7 * 128.0f)) / 16.0f);
   b4bd6:	f991 302f 	ldrsb.w	r3, [r1, #47]	; 0x2f
        var3 = ((calc_pres / 256.0f) * (calc_pres / 256.0f) * (calc_pres / 256.0f) * (dev->calib.par_p10 / 131072.0f));
   b4bda:	ee27 7a05 	vmul.f32	s14, s14, s10
        calc_pres = (calc_pres + (var1 + var2 + var3 + ((float)dev->calib.par_p7 * 128.0f)) / 16.0f);
   b4bde:	eee6 7a87 	vfma.f32	s15, s13, s14
   b4be2:	ee07 3a10 	vmov	s14, r3
   b4be6:	eddf 6a12 	vldr	s13, [pc, #72]	; b4c30 <calc_pressure+0x188>
   b4bea:	eeb8 7ac7 	vcvt.f32.s32	s14, s14
   b4bee:	eee7 7a26 	vfma.f32	s15, s14, s13
   b4bf2:	ed9f 7a10 	vldr	s14, [pc, #64]	; b4c34 <calc_pressure+0x18c>
   b4bf6:	eea7 0a87 	vfma.f32	s0, s15, s14
   b4bfa:	4770      	bx	lr
    }
    else
    {
        calc_pres = 0;
   b4bfc:	ed9f 0a0e 	vldr	s0, [pc, #56]	; b4c38 <calc_pressure+0x190>
    }

    return calc_pres;
}
   b4c00:	4770      	bx	lr
   b4c02:	bf00      	nop
   b4c04:	c77a0000 	.word	0xc77a0000
   b4c08:	38800000 	.word	0x38800000
   b4c0c:	38000000 	.word	0x38000000
   b4c10:	36000000 	.word	0x36000000
   b4c14:	37000000 	.word	0x37000000
   b4c18:	47800000 	.word	0x47800000
   b4c1c:	49800000 	.word	0x49800000
   b4c20:	39800000 	.word	0x39800000
   b4c24:	45c35000 	.word	0x45c35000
   b4c28:	3b800000 	.word	0x3b800000
   b4c2c:	30000000 	.word	0x30000000
   b4c30:	43000000 	.word	0x43000000
   b4c34:	3d800000 	.word	0x3d800000
   b4c38:	00000000 	.word	0x00000000

000b4c3c <calc_humidity>:
    float var3;
    float var4;
    float temp_comp;

    /* compensated temperature data*/
    temp_comp = ((dev->calib.t_fine) / 5120.0f);
   b4c3c:	ed91 7a0e 	vldr	s14, [r1, #56]	; 0x38
   b4c40:	eddf 7a31 	vldr	s15, [pc, #196]	; b4d08 <calc_humidity+0xcc>
    var1 = (float)((float)hum_adc) -
           (((float)dev->calib.par_h1 * 16.0f) + (((float)dev->calib.par_h3 / 2.0f) * temp_comp));
   b4c44:	8a0b      	ldrh	r3, [r1, #16]
    var2 = var1 *
           ((float)(((float)dev->calib.par_h2 / 262144.0f) *
                    (1.0f + (((float)dev->calib.par_h4 / 16384.0f) * temp_comp) +
   b4c46:	eddf 5a31 	vldr	s11, [pc, #196]	; b4d0c <calc_humidity+0xd0>
    temp_comp = ((dev->calib.t_fine) / 5120.0f);
   b4c4a:	eec7 6a27 	vdiv.f32	s13, s14, s15
           (((float)dev->calib.par_h1 * 16.0f) + (((float)dev->calib.par_h3 / 2.0f) * temp_comp));
   b4c4e:	ee07 3a90 	vmov	s15, r3
   b4c52:	f991 3014 	ldrsb.w	r3, [r1, #20]
   b4c56:	ee07 3a10 	vmov	s14, r3
   b4c5a:	eeba 7aef 	vcvt.f32.s32	s14, s14, #1
   b4c5e:	eef8 7a67 	vcvt.f32.u32	s15, s15
   b4c62:	ee27 7a26 	vmul.f32	s14, s14, s13
   b4c66:	eeb3 6a00 	vmov.f32	s12, #48	; 0x41800000  16.0
   b4c6a:	eea7 7a86 	vfma.f32	s14, s15, s12
                    (1.0f + (((float)dev->calib.par_h4 / 16384.0f) * temp_comp) +
   b4c6e:	f991 3015 	ldrsb.w	r3, [r1, #21]
    var1 = (float)((float)hum_adc) -
   b4c72:	ee07 0a90 	vmov	s15, r0
   b4c76:	eeb8 0a67 	vcvt.f32.u32	s0, s15
                    (1.0f + (((float)dev->calib.par_h4 / 16384.0f) * temp_comp) +
   b4c7a:	ee07 3a90 	vmov	s15, r3
   b4c7e:	eef8 7ae7 	vcvt.f32.s32	s15, s15
                     (((float)dev->calib.par_h5 / 1048576.0f) * temp_comp * temp_comp))));
   b4c82:	f991 3016 	ldrsb.w	r3, [r1, #22]
                    (1.0f + (((float)dev->calib.par_h4 / 16384.0f) * temp_comp) +
   b4c86:	ee67 7aa5 	vmul.f32	s15, s15, s11
    var1 = (float)((float)hum_adc) -
   b4c8a:	ee30 7a47 	vsub.f32	s14, s0, s14
                     (((float)dev->calib.par_h5 / 1048576.0f) * temp_comp * temp_comp))));
   b4c8e:	ee06 3a10 	vmov	s12, r3
                    (1.0f + (((float)dev->calib.par_h4 / 16384.0f) * temp_comp) +
   b4c92:	eeb7 0a00 	vmov.f32	s0, #112	; 0x3f800000  1.0
   b4c96:	eea7 0aa6 	vfma.f32	s0, s15, s13
           ((float)(((float)dev->calib.par_h2 / 262144.0f) *
   b4c9a:	8a4b      	ldrh	r3, [r1, #18]
                     (((float)dev->calib.par_h5 / 1048576.0f) * temp_comp * temp_comp))));
   b4c9c:	eeba 6ac6 	vcvt.f32.s32	s12, s12, #20
                    (1.0f + (((float)dev->calib.par_h4 / 16384.0f) * temp_comp) +
   b4ca0:	eef0 7a40 	vmov.f32	s15, s0
                     (((float)dev->calib.par_h5 / 1048576.0f) * temp_comp * temp_comp))));
   b4ca4:	ee26 6a26 	vmul.f32	s12, s12, s13
           ((float)(((float)dev->calib.par_h2 / 262144.0f) *
   b4ca8:	ee00 3a10 	vmov	s0, r3
                    (1.0f + (((float)dev->calib.par_h4 / 16384.0f) * temp_comp) +
   b4cac:	eee6 7a26 	vfma.f32	s15, s12, s13
    var3 = (float)dev->calib.par_h6 / 16384.0f;
   b4cb0:	7dcb      	ldrb	r3, [r1, #23]
           ((float)(((float)dev->calib.par_h2 / 262144.0f) *
   b4cb2:	eebb 0ac7 	vcvt.f32.u32	s0, s0, #18
   b4cb6:	ee20 0a27 	vmul.f32	s0, s0, s15
    var2 = var1 *
   b4cba:	ee20 0a07 	vmul.f32	s0, s0, s14
    var3 = (float)dev->calib.par_h6 / 16384.0f;
   b4cbe:	ee07 3a10 	vmov	s14, r3
    var4 = (float)dev->calib.par_h7 / 2097152.0f;
   b4cc2:	f991 3018 	ldrsb.w	r3, [r1, #24]
   b4cc6:	ee07 3a90 	vmov	s15, r3
   b4cca:	eefa 7ae5 	vcvt.f32.s32	s15, s15, #21
    var3 = (float)dev->calib.par_h6 / 16384.0f;
   b4cce:	eeb8 7a47 	vcvt.f32.u32	s14, s14
    calc_hum = var2 + ((var3 + (var4 * temp_comp)) * var2 * var2);
   b4cd2:	ee67 7aa6 	vmul.f32	s15, s15, s13
   b4cd6:	eee7 7a25 	vfma.f32	s15, s14, s11
   b4cda:	ee67 7a80 	vmul.f32	s15, s15, s0
   b4cde:	eea7 0a80 	vfma.f32	s0, s15, s0
    if (calc_hum > 100.0f)
   b4ce2:	eddf 7a0b 	vldr	s15, [pc, #44]	; b4d10 <calc_humidity+0xd4>
   b4ce6:	eeb4 0ae7 	vcmpe.f32	s0, s15
   b4cea:	eef1 fa10 	vmrs	APSR_nzcv, fpscr
   b4cee:	dc07      	bgt.n	b4d00 <calc_humidity+0xc4>
    {
        calc_hum = 100.0f;
    }
    else if (calc_hum < 0.0f)
   b4cf0:	eeb5 0ac0 	vcmpe.f32	s0, #0.0
   b4cf4:	eef1 fa10 	vmrs	APSR_nzcv, fpscr
   b4cf8:	d504      	bpl.n	b4d04 <calc_humidity+0xc8>
    {
        calc_hum = 0.0f;
   b4cfa:	ed9f 0a06 	vldr	s0, [pc, #24]	; b4d14 <calc_humidity+0xd8>
   b4cfe:	4770      	bx	lr
        calc_hum = 100.0f;
   b4d00:	eeb0 0a67 	vmov.f32	s0, s15
    }

    return calc_hum;
}
   b4d04:	4770      	bx	lr
   b4d06:	bf00      	nop
   b4d08:	45a00000 	.word	0x45a00000
   b4d0c:	38800000 	.word	0x38800000
   b4d10:	42c80000 	.word	0x42c80000
   b4d14:	00000000 	.word	0x00000000

000b4d18 <calc_res_heat>:
    if (temp > 400) /* Cap temperature */
    {
        temp = 400;
    }

    var1 = (((float)dev->calib.par_gh1 / (16.0f)) + 49.0f);
   b4d18:	f991 3019 	ldrsb.w	r3, [r1, #25]
   b4d1c:	eddf 6a30 	vldr	s13, [pc, #192]	; b4de0 <calc_res_heat+0xc8>
   b4d20:	ed9f 7a30 	vldr	s14, [pc, #192]	; b4de4 <calc_res_heat+0xcc>
    var2 = ((((float)dev->calib.par_gh2 / (32768.0f)) * (0.0005f)) + 0.00235f);
   b4d24:	ed9f 6a30 	vldr	s12, [pc, #192]	; b4de8 <calc_res_heat+0xd0>
    var1 = (((float)dev->calib.par_gh1 / (16.0f)) + 49.0f);
   b4d28:	ee07 3a90 	vmov	s15, r3
    var2 = ((((float)dev->calib.par_gh2 / (32768.0f)) * (0.0005f)) + 0.00235f);
   b4d2c:	f9b1 301a 	ldrsh.w	r3, [r1, #26]
    var1 = (((float)dev->calib.par_gh1 / (16.0f)) + 49.0f);
   b4d30:	eef8 7ae7 	vcvt.f32.s32	s15, s15
    var3 = ((float)dev->calib.par_gh3 / (1024.0f));
    var4 = (var1 * (1.0f + (var2 * (float)temp)));
   b4d34:	f5b0 7fc8 	cmp.w	r0, #400	; 0x190
    var1 = (((float)dev->calib.par_gh1 / (16.0f)) + 49.0f);
   b4d38:	eea7 7aa6 	vfma.f32	s14, s15, s13
    var4 = (var1 * (1.0f + (var2 * (float)temp)));
   b4d3c:	bf28      	it	cs
   b4d3e:	f44f 70c8 	movcs.w	r0, #400	; 0x190
{
   b4d42:	b082      	sub	sp, #8
    var2 = ((((float)dev->calib.par_gh2 / (32768.0f)) * (0.0005f)) + 0.00235f);
   b4d44:	ee07 3a90 	vmov	s15, r3
   b4d48:	eddf 6a28 	vldr	s13, [pc, #160]	; b4dec <calc_res_heat+0xd4>
    var3 = ((float)dev->calib.par_gh3 / (1024.0f));
   b4d4c:	f991 301c 	ldrsb.w	r3, [r1, #28]
    var2 = ((((float)dev->calib.par_gh2 / (32768.0f)) * (0.0005f)) + 0.00235f);
   b4d50:	eefa 7ae8 	vcvt.f32.s32	s15, s15, #15
   b4d54:	eee7 6a86 	vfma.f32	s13, s15, s12
    var4 = (var1 * (1.0f + (var2 * (float)temp)));
   b4d58:	ee07 0a90 	vmov	s15, r0
   b4d5c:	eeb7 6a00 	vmov.f32	s12, #112	; 0x3f800000  1.0
   b4d60:	eef8 7a67 	vcvt.f32.u32	s15, s15
   b4d64:	eef0 5a46 	vmov.f32	s11, s12
   b4d68:	eee7 5aa6 	vfma.f32	s11, s15, s13
    var3 = ((float)dev->calib.par_gh3 / (1024.0f));
   b4d6c:	ee07 3a90 	vmov	s15, r3
    var5 = (var4 + (var3 * (float)dev->amb_temp));
   b4d70:	f991 300e 	ldrsb.w	r3, [r1, #14]
   b4d74:	ee06 3a90 	vmov	s13, r3
    var3 = ((float)dev->calib.par_gh3 / (1024.0f));
   b4d78:	eefa 7acb 	vcvt.f32.s32	s15, s15, #10
    var5 = (var4 + (var3 * (float)dev->amb_temp));
   b4d7c:	eef8 6ae6 	vcvt.f32.s32	s13, s13
    res_heat =
        (uint8_t)(3.4f *
                  ((var5 * (4 / (4 + (float)dev->calib.res_heat_range)) *
   b4d80:	f891 303c 	ldrb.w	r3, [r1, #60]	; 0x3c
    var5 = (var4 + (var3 * (float)dev->amb_temp));
   b4d84:	ee67 7aa6 	vmul.f32	s15, s15, s13
   b4d88:	eee5 7a87 	vfma.f32	s15, s11, s14
                  ((var5 * (4 / (4 + (float)dev->calib.res_heat_range)) *
   b4d8c:	ee07 3a10 	vmov	s14, r3
   b4d90:	eeb8 7a47 	vcvt.f32.u32	s14, s14
   b4d94:	eef1 5a00 	vmov.f32	s11, #16	; 0x40800000  4.0
   b4d98:	ee37 7a25 	vadd.f32	s14, s14, s11
                    (1 / (1 + ((float)dev->calib.res_heat_val * 0.002f)))) -
   b4d9c:	f991 303d 	ldrsb.w	r3, [r1, #61]	; 0x3d
                  ((var5 * (4 / (4 + (float)dev->calib.res_heat_range)) *
   b4da0:	eec5 6a87 	vdiv.f32	s13, s11, s14
                    (1 / (1 + ((float)dev->calib.res_heat_val * 0.002f)))) -
   b4da4:	eef0 5a46 	vmov.f32	s11, s12
                  ((var5 * (4 / (4 + (float)dev->calib.res_heat_range)) *
   b4da8:	ee26 7aa7 	vmul.f32	s14, s13, s15
                    (1 / (1 + ((float)dev->calib.res_heat_val * 0.002f)))) -
   b4dac:	ee07 3a90 	vmov	s15, r3
   b4db0:	eddf 6a0f 	vldr	s13, [pc, #60]	; b4df0 <calc_res_heat+0xd8>
   b4db4:	eef8 7ae7 	vcvt.f32.s32	s15, s15
   b4db8:	eee7 5aa6 	vfma.f32	s11, s15, s13
   b4dbc:	eefb 7a09 	vmov.f32	s15, #185	; 0xc1c80000 -25.0
   b4dc0:	eec6 6a25 	vdiv.f32	s13, s12, s11
   b4dc4:	eee7 7a26 	vfma.f32	s15, s14, s13
        (uint8_t)(3.4f *
   b4dc8:	ed9f 7a0a 	vldr	s14, [pc, #40]	; b4df4 <calc_res_heat+0xdc>
   b4dcc:	ee67 7a87 	vmul.f32	s15, s15, s14
    res_heat =
   b4dd0:	eefc 7ae7 	vcvt.u32.f32	s15, s15
   b4dd4:	edcd 7a01 	vstr	s15, [sp, #4]
                   25));

    return res_heat;
}
   b4dd8:	f89d 0004 	ldrb.w	r0, [sp, #4]
   b4ddc:	b002      	add	sp, #8
   b4dde:	4770      	bx	lr
   b4de0:	3d800000 	.word	0x3d800000
   b4de4:	42440000 	.word	0x42440000
   b4de8:	3a03126f 	.word	0x3a03126f
   b4dec:	3b1a0275 	.word	0x3b1a0275
   b4df0:	3b03126f 	.word	0x3b03126f
   b4df4:	4059999a 	.word	0x4059999a

000b4df8 <null_ptr_check>:
/* This internal API is used to check the bme68x_dev for null pointers */
static int8_t null_ptr_check(const struct bme68x_dev *dev)
{
    int8_t rslt = BME68X_OK;

    if ((dev == NULL) || (dev->read == NULL) || (dev->write == NULL) || (dev->delay_us == NULL))
   b4df8:	b148      	cbz	r0, b4e0e <null_ptr_check+0x16>
   b4dfa:	6c03      	ldr	r3, [r0, #64]	; 0x40
   b4dfc:	b13b      	cbz	r3, b4e0e <null_ptr_check+0x16>
   b4dfe:	6c43      	ldr	r3, [r0, #68]	; 0x44
   b4e00:	b12b      	cbz	r3, b4e0e <null_ptr_check+0x16>
   b4e02:	6c80      	ldr	r0, [r0, #72]	; 0x48
   b4e04:	fab0 f080 	clz	r0, r0
   b4e08:	0940      	lsrs	r0, r0, #5
   b4e0a:	4240      	negs	r0, r0
   b4e0c:	4770      	bx	lr
    {
        /* Device structure pointer is not valid */
        rslt = BME68X_E_NULL_PTR;
   b4e0e:	f04f 30ff 	mov.w	r0, #4294967295
    }

    return rslt;
}
   b4e12:	4770      	bx	lr

000b4e14 <boundary_check>:
{
   b4e14:	b510      	push	{r4, lr}
   b4e16:	4604      	mov	r4, r0
    rslt = null_ptr_check(dev);
   b4e18:	4610      	mov	r0, r2
   b4e1a:	f7ff ffed 	bl	b4df8 <null_ptr_check>
    if ((value != NULL) && (rslt == BME68X_OK))
   b4e1e:	b950      	cbnz	r0, b4e36 <boundary_check+0x22>
        if (*value > max)
   b4e20:	7823      	ldrb	r3, [r4, #0]
   b4e22:	428b      	cmp	r3, r1
   b4e24:	d906      	bls.n	b4e34 <boundary_check+0x20>
            *value = max;
   b4e26:	7021      	strb	r1, [r4, #0]
            dev->info_msg |= BME68X_I_PARAM_CORR;
   b4e28:	f892 304d 	ldrb.w	r3, [r2, #77]	; 0x4d
   b4e2c:	f043 0301 	orr.w	r3, r3, #1
   b4e30:	f882 304d 	strb.w	r3, [r2, #77]	; 0x4d
}
   b4e34:	bd10      	pop	{r4, pc}
        rslt = BME68X_E_NULL_PTR;
   b4e36:	f04f 30ff 	mov.w	r0, #4294967295
   b4e3a:	e7fb      	b.n	b4e34 <boundary_check+0x20>

000b4e3c <set_mem_page>:
{
   b4e3c:	b573      	push	{r0, r1, r4, r5, r6, lr}
   b4e3e:	4602      	mov	r2, r0
    rslt = null_ptr_check(dev);
   b4e40:	4608      	mov	r0, r1
   b4e42:	f7ff ffd9 	bl	b4df8 <null_ptr_check>
{
   b4e46:	460c      	mov	r4, r1
    if (rslt == BME68X_OK)
   b4e48:	4605      	mov	r5, r0
   b4e4a:	bb40      	cbnz	r0, b4e9e <set_mem_page+0x62>
            mem_page = BME68X_MEM_PAGE0;
   b4e4c:	f012 0f80 	tst.w	r2, #128	; 0x80
        if (mem_page != dev->mem_page)
   b4e50:	7b4a      	ldrb	r2, [r1, #13]
            mem_page = BME68X_MEM_PAGE0;
   b4e52:	bf14      	ite	ne
   b4e54:	2300      	movne	r3, #0
   b4e56:	2310      	moveq	r3, #16
        if (mem_page != dev->mem_page)
   b4e58:	429a      	cmp	r2, r3
   b4e5a:	d020      	beq.n	b4e9e <set_mem_page+0x62>
            dev->mem_page = mem_page;
   b4e5c:	734b      	strb	r3, [r1, #13]
            dev->intf_rslt = dev->read(BME68X_REG_MEM_PAGE | BME68X_SPI_RD_MSK, &reg, 1, dev->intf_ptr);
   b4e5e:	6c0e      	ldr	r6, [r1, #64]	; 0x40
   b4e60:	684b      	ldr	r3, [r1, #4]
   b4e62:	2201      	movs	r2, #1
   b4e64:	f10d 0107 	add.w	r1, sp, #7
   b4e68:	20f3      	movs	r0, #243	; 0xf3
   b4e6a:	47b0      	blx	r6
   b4e6c:	f884 004c 	strb.w	r0, [r4, #76]	; 0x4c
            if (dev->intf_rslt != 0)
   b4e70:	b998      	cbnz	r0, b4e9a <set_mem_page+0x5e>
                reg = reg & (~BME68X_MEM_PAGE_MSK);
   b4e72:	f89d 2007 	ldrb.w	r2, [sp, #7]
                reg = reg | (dev->mem_page & BME68X_MEM_PAGE_MSK);
   b4e76:	7b63      	ldrb	r3, [r4, #13]
                dev->intf_rslt = dev->write(BME68X_REG_MEM_PAGE & BME68X_SPI_WR_MSK, &reg, 1, dev->intf_ptr);
   b4e78:	6c66      	ldr	r6, [r4, #68]	; 0x44
                reg = reg & (~BME68X_MEM_PAGE_MSK);
   b4e7a:	f022 0210 	bic.w	r2, r2, #16
                reg = reg | (dev->mem_page & BME68X_MEM_PAGE_MSK);
   b4e7e:	f003 0310 	and.w	r3, r3, #16
   b4e82:	4313      	orrs	r3, r2
   b4e84:	f88d 3007 	strb.w	r3, [sp, #7]
                dev->intf_rslt = dev->write(BME68X_REG_MEM_PAGE & BME68X_SPI_WR_MSK, &reg, 1, dev->intf_ptr);
   b4e88:	2201      	movs	r2, #1
   b4e8a:	6863      	ldr	r3, [r4, #4]
   b4e8c:	f10d 0107 	add.w	r1, sp, #7
   b4e90:	2073      	movs	r0, #115	; 0x73
   b4e92:	47b0      	blx	r6
   b4e94:	f884 004c 	strb.w	r0, [r4, #76]	; 0x4c
                if (dev->intf_rslt != 0)
   b4e98:	b108      	cbz	r0, b4e9e <set_mem_page+0x62>
                    rslt = BME68X_E_COM_FAIL;
   b4e9a:	f06f 0501 	mvn.w	r5, #1
}
   b4e9e:	4628      	mov	r0, r5
   b4ea0:	b002      	add	sp, #8
   b4ea2:	bd70      	pop	{r4, r5, r6, pc}

000b4ea4 <get_mem_page>:
{
   b4ea4:	b537      	push	{r0, r1, r2, r4, r5, lr}
   b4ea6:	4604      	mov	r4, r0
    rslt = null_ptr_check(dev);
   b4ea8:	f7ff ffa6 	bl	b4df8 <null_ptr_check>
    if (rslt == BME68X_OK)
   b4eac:	b970      	cbnz	r0, b4ecc <get_mem_page+0x28>
        dev->intf_rslt = dev->read(BME68X_REG_MEM_PAGE | BME68X_SPI_RD_MSK, &reg, 1, dev->intf_ptr);
   b4eae:	6c25      	ldr	r5, [r4, #64]	; 0x40
   b4eb0:	6863      	ldr	r3, [r4, #4]
   b4eb2:	2201      	movs	r2, #1
   b4eb4:	f10d 0107 	add.w	r1, sp, #7
   b4eb8:	20f3      	movs	r0, #243	; 0xf3
   b4eba:	47a8      	blx	r5
   b4ebc:	f884 004c 	strb.w	r0, [r4, #76]	; 0x4c
        if (dev->intf_rslt != 0)
   b4ec0:	b930      	cbnz	r0, b4ed0 <get_mem_page+0x2c>
            dev->mem_page = reg & BME68X_MEM_PAGE_MSK;
   b4ec2:	f89d 3007 	ldrb.w	r3, [sp, #7]
   b4ec6:	f003 0310 	and.w	r3, r3, #16
   b4eca:	7363      	strb	r3, [r4, #13]
}
   b4ecc:	b003      	add	sp, #12
   b4ece:	bd30      	pop	{r4, r5, pc}
            rslt = BME68X_E_COM_FAIL;
   b4ed0:	f06f 0001 	mvn.w	r0, #1
    return rslt;
   b4ed4:	e7fa      	b.n	b4ecc <get_mem_page+0x28>
	...

000b4ed8 <calc_gas_resistance_low.isra.0>:
static float calc_gas_resistance_low(uint16_t gas_res_adc, uint8_t gas_range, const struct bme68x_dev *dev)
   b4ed8:	b5f0      	push	{r4, r5, r6, r7, lr}
    const float lookup_k1_range[16] = {
   b4eda:	4c2d      	ldr	r4, [pc, #180]	; (b4f90 <calc_gas_resistance_low.isra.0+0xb8>)
    var1 = (1340.0f + (5.0f * dev->calib.range_sw_err));
   b4edc:	ed9f 7a2d 	vldr	s14, [pc, #180]	; b4f94 <calc_gas_resistance_low.isra.0+0xbc>
    const float lookup_k1_range[16] = {
   b4ee0:	4626      	mov	r6, r4
static float calc_gas_resistance_low(uint16_t gas_res_adc, uint8_t gas_range, const struct bme68x_dev *dev)
   b4ee2:	460f      	mov	r7, r1
   b4ee4:	ee06 0a90 	vmov	s13, r0
   b4ee8:	ee06 2a10 	vmov	s12, r2
    const float lookup_k1_range[16] = {
   b4eec:	ce0f      	ldmia	r6!, {r0, r1, r2, r3}
static float calc_gas_resistance_low(uint16_t gas_res_adc, uint8_t gas_range, const struct bme68x_dev *dev)
   b4eee:	b0a1      	sub	sp, #132	; 0x84
    const float lookup_k1_range[16] = {
   b4ef0:	466d      	mov	r5, sp
   b4ef2:	c50f      	stmia	r5!, {r0, r1, r2, r3}
   b4ef4:	ce0f      	ldmia	r6!, {r0, r1, r2, r3}
   b4ef6:	c50f      	stmia	r5!, {r0, r1, r2, r3}
   b4ef8:	ce0f      	ldmia	r6!, {r0, r1, r2, r3}
   b4efa:	c50f      	stmia	r5!, {r0, r1, r2, r3}
   b4efc:	e896 000f 	ldmia.w	r6, {r0, r1, r2, r3}
    const float lookup_k2_range[16] = {
   b4f00:	3440      	adds	r4, #64	; 0x40
    const float lookup_k1_range[16] = {
   b4f02:	e885 000f 	stmia.w	r5, {r0, r1, r2, r3}
    const float lookup_k2_range[16] = {
   b4f06:	cc0f      	ldmia	r4!, {r0, r1, r2, r3}
   b4f08:	ad10      	add	r5, sp, #64	; 0x40
   b4f0a:	c50f      	stmia	r5!, {r0, r1, r2, r3}
   b4f0c:	cc0f      	ldmia	r4!, {r0, r1, r2, r3}
   b4f0e:	c50f      	stmia	r5!, {r0, r1, r2, r3}
   b4f10:	cc0f      	ldmia	r4!, {r0, r1, r2, r3}
   b4f12:	c50f      	stmia	r5!, {r0, r1, r2, r3}
   b4f14:	e894 000f 	ldmia.w	r4, {r0, r1, r2, r3}
    var1 = (1340.0f + (5.0f * dev->calib.range_sw_err));
   b4f18:	eeb8 6ac6 	vcvt.f32.s32	s12, s12
    const float lookup_k2_range[16] = {
   b4f1c:	e885 000f 	stmia.w	r5, {r0, r1, r2, r3}
    var2 = (var1) * (1.0f + lookup_k1_range[gas_range] / 100.0f);
   b4f20:	ab20      	add	r3, sp, #128	; 0x80
   b4f22:	eb03 0387 	add.w	r3, r3, r7, lsl #2
    var1 = (1340.0f + (5.0f * dev->calib.range_sw_err));
   b4f26:	eef1 5a04 	vmov.f32	s11, #20	; 0x40a00000  5.0
   b4f2a:	eef0 7a47 	vmov.f32	s15, s14
   b4f2e:	eee6 7a25 	vfma.f32	s15, s12, s11
    calc_gas_res = 1.0f / (float)(var3 * (0.000000125f) * gas_range_f * (((gas_res_f - 512.0f) / var2) + 1.0f));
   b4f32:	ed9f 7a19 	vldr	s14, [pc, #100]	; b4f98 <calc_gas_resistance_low.isra.0+0xc0>
    var2 = (var1) * (1.0f + lookup_k1_range[gas_range] / 100.0f);
   b4f36:	ed53 5a20 	vldr	s11, [r3, #-128]	; 0xffffff80
   b4f3a:	ed9f 6a18 	vldr	s12, [pc, #96]	; b4f9c <calc_gas_resistance_low.isra.0+0xc4>
    float gas_res_f = gas_res_adc;
   b4f3e:	eef8 6a66 	vcvt.f32.u32	s13, s13
    var2 = (var1) * (1.0f + lookup_k1_range[gas_range] / 100.0f);
   b4f42:	eeb7 0a00 	vmov.f32	s0, #112	; 0x3f800000  1.0
    calc_gas_res = 1.0f / (float)(var3 * (0.000000125f) * gas_range_f * (((gas_res_f - 512.0f) / var2) + 1.0f));
   b4f46:	ee76 6ac7 	vsub.f32	s13, s13, s14
    var2 = (var1) * (1.0f + lookup_k1_range[gas_range] / 100.0f);
   b4f4a:	ee85 7a86 	vdiv.f32	s14, s11, s12
   b4f4e:	ee37 7a00 	vadd.f32	s14, s14, s0
   b4f52:	ee27 7a27 	vmul.f32	s14, s14, s15
    calc_gas_res = 1.0f / (float)(var3 * (0.000000125f) * gas_range_f * (((gas_res_f - 512.0f) / var2) + 1.0f));
   b4f56:	eec6 7a87 	vdiv.f32	s15, s13, s14
    var3 = 1.0f + (lookup_k2_range[gas_range] / 100.0f);
   b4f5a:	ed13 7a10 	vldr	s14, [r3, #-64]	; 0xffffffc0
    calc_gas_res = 1.0f / (float)(var3 * (0.000000125f) * gas_range_f * (((gas_res_f - 512.0f) / var2) + 1.0f));
   b4f5e:	ee77 6a80 	vadd.f32	s13, s15, s0
    var3 = 1.0f + (lookup_k2_range[gas_range] / 100.0f);
   b4f62:	eec7 7a06 	vdiv.f32	s15, s14, s12
    float gas_range_f = (1U << gas_range); /*lint !e790 / Suspicious truncation, integral to float */
   b4f66:	2301      	movs	r3, #1
   b4f68:	40bb      	lsls	r3, r7
    calc_gas_res = 1.0f / (float)(var3 * (0.000000125f) * gas_range_f * (((gas_res_f - 512.0f) / var2) + 1.0f));
   b4f6a:	ed9f 7a0d 	vldr	s14, [pc, #52]	; b4fa0 <calc_gas_resistance_low.isra.0+0xc8>
    var3 = 1.0f + (lookup_k2_range[gas_range] / 100.0f);
   b4f6e:	ee77 7a80 	vadd.f32	s15, s15, s0
    calc_gas_res = 1.0f / (float)(var3 * (0.000000125f) * gas_range_f * (((gas_res_f - 512.0f) / var2) + 1.0f));
   b4f72:	ee27 7a87 	vmul.f32	s14, s15, s14
    float gas_range_f = (1U << gas_range); /*lint !e790 / Suspicious truncation, integral to float */
   b4f76:	ee07 3a90 	vmov	s15, r3
   b4f7a:	eef8 7ae7 	vcvt.f32.s32	s15, s15
    calc_gas_res = 1.0f / (float)(var3 * (0.000000125f) * gas_range_f * (((gas_res_f - 512.0f) / var2) + 1.0f));
   b4f7e:	ee67 7a27 	vmul.f32	s15, s14, s15
   b4f82:	ee66 7aa7 	vmul.f32	s15, s13, s15
}
   b4f86:	ee80 0a27 	vdiv.f32	s0, s0, s15
   b4f8a:	b021      	add	sp, #132	; 0x84
   b4f8c:	bdf0      	pop	{r4, r5, r6, r7, pc}
   b4f8e:	bf00      	nop
   b4f90:	000bbafc 	.word	0x000bbafc
   b4f94:	44a78000 	.word	0x44a78000
   b4f98:	44000000 	.word	0x44000000
   b4f9c:	42c80000 	.word	0x42c80000
   b4fa0:	340637bd 	.word	0x340637bd

000b4fa4 <bme68x_set_regs>:
{
   b4fa4:	e92d 43f0 	stmdb	sp!, {r4, r5, r6, r7, r8, r9, lr}
   b4fa8:	b087      	sub	sp, #28
   b4faa:	461c      	mov	r4, r3
   b4fac:	4607      	mov	r7, r0
   b4fae:	460d      	mov	r5, r1
   b4fb0:	4616      	mov	r6, r2
    uint8_t tmp_buff[BME68X_LEN_INTERLEAVE_BUFF] = { 0 };
   b4fb2:	2100      	movs	r1, #0
   b4fb4:	2210      	movs	r2, #16
   b4fb6:	a802      	add	r0, sp, #8
   b4fb8:	9101      	str	r1, [sp, #4]
   b4fba:	f006 fcd0 	bl	bb95e <memset>
    rslt = null_ptr_check(dev);
   b4fbe:	4620      	mov	r0, r4
   b4fc0:	f7ff ff1a 	bl	b4df8 <null_ptr_check>
    if ((rslt == BME68X_OK) && reg_addr && reg_data)
   b4fc4:	bb90      	cbnz	r0, b502c <bme68x_set_regs+0x88>
   b4fc6:	b38f      	cbz	r7, b502c <bme68x_set_regs+0x88>
   b4fc8:	b385      	cbz	r5, b502c <bme68x_set_regs+0x88>
        if ((len > 0) && (len <= (BME68X_LEN_INTERLEAVE_BUFF / 2)))
   b4fca:	1e73      	subs	r3, r6, #1
   b4fcc:	2b09      	cmp	r3, #9
   b4fce:	d830      	bhi.n	b5032 <bme68x_set_regs+0x8e>
   b4fd0:	3d01      	subs	r5, #1
   b4fd2:	f10d 0804 	add.w	r8, sp, #4
   b4fd6:	eb07 0906 	add.w	r9, r7, r6
            for (index = 0; index < len; index++)
   b4fda:	454f      	cmp	r7, r9
   b4fdc:	d112      	bne.n	b5004 <bme68x_set_regs+0x60>
            if (rslt == BME68X_OK)
   b4fde:	b970      	cbnz	r0, b4ffe <bme68x_set_regs+0x5a>
                dev->intf_rslt = dev->write(tmp_buff[0], &tmp_buff[1], (2 * len) - 1, dev->intf_ptr);
   b4fe0:	0072      	lsls	r2, r6, #1
   b4fe2:	6c65      	ldr	r5, [r4, #68]	; 0x44
   b4fe4:	6863      	ldr	r3, [r4, #4]
   b4fe6:	f89d 0004 	ldrb.w	r0, [sp, #4]
   b4fea:	3a01      	subs	r2, #1
   b4fec:	f10d 0105 	add.w	r1, sp, #5
   b4ff0:	47a8      	blx	r5
                    rslt = BME68X_E_COM_FAIL;
   b4ff2:	2800      	cmp	r0, #0
                dev->intf_rslt = dev->write(tmp_buff[0], &tmp_buff[1], (2 * len) - 1, dev->intf_ptr);
   b4ff4:	f884 004c 	strb.w	r0, [r4, #76]	; 0x4c
                    rslt = BME68X_E_COM_FAIL;
   b4ff8:	bf18      	it	ne
   b4ffa:	f06f 0001 	mvnne.w	r0, #1
}
   b4ffe:	b007      	add	sp, #28
   b5000:	e8bd 83f0 	ldmia.w	sp!, {r4, r5, r6, r7, r8, r9, pc}
                if (dev->intf == BME68X_SPI_INTF)
   b5004:	7b22      	ldrb	r2, [r4, #12]
                    rslt = set_mem_page(reg_addr[index], dev);
   b5006:	783b      	ldrb	r3, [r7, #0]
                if (dev->intf == BME68X_SPI_INTF)
   b5008:	b932      	cbnz	r2, b5018 <bme68x_set_regs+0x74>
                    rslt = set_mem_page(reg_addr[index], dev);
   b500a:	4618      	mov	r0, r3
   b500c:	4621      	mov	r1, r4
   b500e:	f7ff ff15 	bl	b4e3c <set_mem_page>
                    tmp_buff[(2 * index)] = reg_addr[index] & BME68X_SPI_WR_MSK;
   b5012:	783b      	ldrb	r3, [r7, #0]
   b5014:	f003 037f 	and.w	r3, r3, #127	; 0x7f
                    tmp_buff[(2 * index)] = reg_addr[index];
   b5018:	f888 3000 	strb.w	r3, [r8]
                tmp_buff[(2 * index) + 1] = reg_data[index];
   b501c:	f815 3f01 	ldrb.w	r3, [r5, #1]!
   b5020:	f888 3001 	strb.w	r3, [r8, #1]
            for (index = 0; index < len; index++)
   b5024:	3701      	adds	r7, #1
   b5026:	f108 0802 	add.w	r8, r8, #2
   b502a:	e7d6      	b.n	b4fda <bme68x_set_regs+0x36>
        rslt = BME68X_E_NULL_PTR;
   b502c:	f04f 30ff 	mov.w	r0, #4294967295
   b5030:	e7e5      	b.n	b4ffe <bme68x_set_regs+0x5a>
            rslt = BME68X_E_INVALID_LENGTH;
   b5032:	f06f 0003 	mvn.w	r0, #3
   b5036:	e7e2      	b.n	b4ffe <bme68x_set_regs+0x5a>

000b5038 <bme68x_get_regs>:
{
   b5038:	e92d 42f0 	stmdb	sp!, {r4, r5, r6, r7, r9, lr}
   b503c:	4606      	mov	r6, r0
    rslt = null_ptr_check(dev);
   b503e:	4618      	mov	r0, r3
{
   b5040:	461d      	mov	r5, r3
    rslt = null_ptr_check(dev);
   b5042:	f7ff fed9 	bl	b4df8 <null_ptr_check>
{
   b5046:	460f      	mov	r7, r1
   b5048:	4691      	mov	r9, r2
    if ((rslt == BME68X_OK) && reg_data)
   b504a:	4604      	mov	r4, r0
   b504c:	b9c8      	cbnz	r0, b5082 <bme68x_get_regs+0x4a>
   b504e:	b1c1      	cbz	r1, b5082 <bme68x_get_regs+0x4a>
        if (dev->intf == BME68X_SPI_INTF)
   b5050:	7b2b      	ldrb	r3, [r5, #12]
   b5052:	b93b      	cbnz	r3, b5064 <bme68x_get_regs+0x2c>
            rslt = set_mem_page(reg_addr, dev);
   b5054:	4629      	mov	r1, r5
   b5056:	4630      	mov	r0, r6
   b5058:	f7ff fef0 	bl	b4e3c <set_mem_page>
            if (rslt == BME68X_OK)
   b505c:	4604      	mov	r4, r0
   b505e:	b908      	cbnz	r0, b5064 <bme68x_get_regs+0x2c>
                reg_addr = reg_addr | BME68X_SPI_RD_MSK;
   b5060:	f046 0680 	orr.w	r6, r6, #128	; 0x80
        dev->intf_rslt = dev->read(reg_addr, reg_data, len, dev->intf_ptr);
   b5064:	4630      	mov	r0, r6
   b5066:	686b      	ldr	r3, [r5, #4]
   b5068:	6c2e      	ldr	r6, [r5, #64]	; 0x40
   b506a:	464a      	mov	r2, r9
   b506c:	4639      	mov	r1, r7
   b506e:	47b0      	blx	r6
            rslt = BME68X_E_COM_FAIL;
   b5070:	2800      	cmp	r0, #0
        dev->intf_rslt = dev->read(reg_addr, reg_data, len, dev->intf_ptr);
   b5072:	f885 004c 	strb.w	r0, [r5, #76]	; 0x4c
            rslt = BME68X_E_COM_FAIL;
   b5076:	bf18      	it	ne
   b5078:	f06f 0401 	mvnne.w	r4, #1
}
   b507c:	4620      	mov	r0, r4
   b507e:	e8bd 82f0 	ldmia.w	sp!, {r4, r5, r6, r7, r9, pc}
        rslt = BME68X_E_NULL_PTR;
   b5082:	f04f 34ff 	mov.w	r4, #4294967295
   b5086:	e7f9      	b.n	b507c <bme68x_get_regs+0x44>

000b5088 <bme68x_soft_reset>:
{
   b5088:	b537      	push	{r0, r1, r2, r4, r5, lr}
    uint8_t reg_addr = BME68X_REG_SOFT_RESET;
   b508a:	23e0      	movs	r3, #224	; 0xe0
   b508c:	f88d 3006 	strb.w	r3, [sp, #6]
    uint8_t soft_rst_cmd = BME68X_SOFT_RESET_CMD;
   b5090:	23b6      	movs	r3, #182	; 0xb6
{
   b5092:	4605      	mov	r5, r0
    uint8_t soft_rst_cmd = BME68X_SOFT_RESET_CMD;
   b5094:	f88d 3007 	strb.w	r3, [sp, #7]
    rslt = null_ptr_check(dev);
   b5098:	f7ff feae 	bl	b4df8 <null_ptr_check>
    if (rslt == BME68X_OK)
   b509c:	4604      	mov	r4, r0
   b509e:	b980      	cbnz	r0, b50c2 <bme68x_soft_reset+0x3a>
        if (dev->intf == BME68X_SPI_INTF)
   b50a0:	7b2b      	ldrb	r3, [r5, #12]
   b50a2:	b18b      	cbz	r3, b50c8 <bme68x_soft_reset+0x40>
            rslt = bme68x_set_regs(&reg_addr, &soft_rst_cmd, 1, dev);
   b50a4:	462b      	mov	r3, r5
   b50a6:	f10d 0107 	add.w	r1, sp, #7
   b50aa:	2201      	movs	r2, #1
   b50ac:	f10d 0006 	add.w	r0, sp, #6
   b50b0:	f7ff ff78 	bl	b4fa4 <bme68x_set_regs>
            dev->delay_us(BME68X_PERIOD_RESET, dev->intf_ptr);
   b50b4:	6cab      	ldr	r3, [r5, #72]	; 0x48
   b50b6:	6869      	ldr	r1, [r5, #4]
            rslt = bme68x_set_regs(&reg_addr, &soft_rst_cmd, 1, dev);
   b50b8:	4604      	mov	r4, r0
            dev->delay_us(BME68X_PERIOD_RESET, dev->intf_ptr);
   b50ba:	f242 7010 	movw	r0, #10000	; 0x2710
   b50be:	4798      	blx	r3
            if (rslt == BME68X_OK)
   b50c0:	b14c      	cbz	r4, b50d6 <bme68x_soft_reset+0x4e>
}
   b50c2:	4620      	mov	r0, r4
   b50c4:	b003      	add	sp, #12
   b50c6:	bd30      	pop	{r4, r5, pc}
            rslt = get_mem_page(dev);
   b50c8:	4628      	mov	r0, r5
   b50ca:	f7ff feeb 	bl	b4ea4 <get_mem_page>
        if (rslt == BME68X_OK)
   b50ce:	4604      	mov	r4, r0
   b50d0:	2800      	cmp	r0, #0
   b50d2:	d1f6      	bne.n	b50c2 <bme68x_soft_reset+0x3a>
   b50d4:	e7e6      	b.n	b50a4 <bme68x_soft_reset+0x1c>
                if (dev->intf == BME68X_SPI_INTF)
   b50d6:	7b2b      	ldrb	r3, [r5, #12]
   b50d8:	2b00      	cmp	r3, #0
   b50da:	d1f2      	bne.n	b50c2 <bme68x_soft_reset+0x3a>
                    rslt = get_mem_page(dev);
   b50dc:	4628      	mov	r0, r5
   b50de:	f7ff fee1 	bl	b4ea4 <get_mem_page>
   b50e2:	4604      	mov	r4, r0
   b50e4:	e7ed      	b.n	b50c2 <bme68x_soft_reset+0x3a>

000b50e6 <bme68x_init>:
{
   b50e6:	b510      	push	{r4, lr}
   b50e8:	b08c      	sub	sp, #48	; 0x30
   b50ea:	4604      	mov	r4, r0
    rslt = bme68x_soft_reset(dev);
   b50ec:	f7ff ffcc 	bl	b5088 <bme68x_soft_reset>
    if (rslt == BME68X_OK)
   b50f0:	4603      	mov	r3, r0
   b50f2:	2800      	cmp	r0, #0
   b50f4:	f040 809b 	bne.w	b522e <bme68x_init+0x148>
        rslt = bme68x_get_regs(BME68X_REG_CHIP_ID, &dev->chip_id, 1, dev);
   b50f8:	4623      	mov	r3, r4
   b50fa:	2201      	movs	r2, #1
   b50fc:	4621      	mov	r1, r4
   b50fe:	20d0      	movs	r0, #208	; 0xd0
   b5100:	f7ff ff9a 	bl	b5038 <bme68x_get_regs>
        if (rslt == BME68X_OK)
   b5104:	4603      	mov	r3, r0
   b5106:	2800      	cmp	r0, #0
   b5108:	f040 8091 	bne.w	b522e <bme68x_init+0x148>
            if (dev->chip_id == BME68X_CHIP_ID)
   b510c:	7822      	ldrb	r2, [r4, #0]
   b510e:	2a61      	cmp	r2, #97	; 0x61
   b5110:	f040 8090 	bne.w	b5234 <bme68x_init+0x14e>

/* This internal API is used to read variant ID information from the register */
static int8_t read_variant_id(struct bme68x_dev *dev)
{
    int8_t rslt;
    uint8_t reg_data = 0;
   b5114:	f88d 0004 	strb.w	r0, [sp, #4]

    /* Read variant ID information register */
    rslt = bme68x_get_regs(BME68X_REG_VARIANT_ID, &reg_data, 1, dev);
   b5118:	4623      	mov	r3, r4
   b511a:	2201      	movs	r2, #1
   b511c:	a901      	add	r1, sp, #4
   b511e:	20f0      	movs	r0, #240	; 0xf0
   b5120:	f7ff ff8a 	bl	b5038 <bme68x_get_regs>

    if (rslt == BME68X_OK)
   b5124:	4603      	mov	r3, r0
   b5126:	2800      	cmp	r0, #0
   b5128:	f040 8081 	bne.w	b522e <bme68x_init+0x148>
    {
        dev->variant_id = reg_data;
   b512c:	f89d 3004 	ldrb.w	r3, [sp, #4]
   b5130:	60a3      	str	r3, [r4, #8]
    rslt = bme68x_get_regs(BME68X_REG_COEFF1, coeff_array, BME68X_LEN_COEFF1, dev);
   b5132:	2217      	movs	r2, #23
   b5134:	4623      	mov	r3, r4
   b5136:	a901      	add	r1, sp, #4
   b5138:	208a      	movs	r0, #138	; 0x8a
   b513a:	f7ff ff7d 	bl	b5038 <bme68x_get_regs>
    if (rslt == BME68X_OK)
   b513e:	4603      	mov	r3, r0
   b5140:	2800      	cmp	r0, #0
   b5142:	d174      	bne.n	b522e <bme68x_init+0x148>
        rslt = bme68x_get_regs(BME68X_REG_COEFF2, &coeff_array[BME68X_LEN_COEFF1], BME68X_LEN_COEFF2, dev);
   b5144:	4623      	mov	r3, r4
   b5146:	220e      	movs	r2, #14
   b5148:	f10d 011b 	add.w	r1, sp, #27
   b514c:	20e1      	movs	r0, #225	; 0xe1
   b514e:	f7ff ff73 	bl	b5038 <bme68x_get_regs>
    if (rslt == BME68X_OK)
   b5152:	4603      	mov	r3, r0
   b5154:	2800      	cmp	r0, #0
   b5156:	d16a      	bne.n	b522e <bme68x_init+0x148>
        rslt = bme68x_get_regs(BME68X_REG_COEFF3,
   b5158:	4623      	mov	r3, r4
   b515a:	2205      	movs	r2, #5
   b515c:	f10d 0129 	add.w	r1, sp, #41	; 0x29
   b5160:	f7ff ff6a 	bl	b5038 <bme68x_get_regs>
    if (rslt == BME68X_OK)
   b5164:	4603      	mov	r3, r0
   b5166:	2800      	cmp	r0, #0
   b5168:	d161      	bne.n	b522e <bme68x_init+0x148>
        dev->calib.par_t1 =
   b516a:	f8bd 2023 	ldrh.w	r2, [sp, #35]	; 0x23
   b516e:	83e2      	strh	r2, [r4, #30]
        dev->calib.par_t2 =
   b5170:	f8bd 2004 	ldrh.w	r2, [sp, #4]
   b5174:	8422      	strh	r2, [r4, #32]
        dev->calib.par_t3 = (int8_t)(coeff_array[BME68X_IDX_T3]);
   b5176:	f89d 2006 	ldrb.w	r2, [sp, #6]
   b517a:	f884 2022 	strb.w	r2, [r4, #34]	; 0x22
        dev->calib.par_p1 =
   b517e:	f8bd 2008 	ldrh.w	r2, [sp, #8]
   b5182:	84a2      	strh	r2, [r4, #36]	; 0x24
        dev->calib.par_p2 =
   b5184:	f8bd 200a 	ldrh.w	r2, [sp, #10]
   b5188:	84e2      	strh	r2, [r4, #38]	; 0x26
        dev->calib.par_p3 = (int8_t)coeff_array[BME68X_IDX_P3];
   b518a:	f89d 200c 	ldrb.w	r2, [sp, #12]
   b518e:	f884 2028 	strb.w	r2, [r4, #40]	; 0x28
        dev->calib.par_p4 =
   b5192:	f8bd 200e 	ldrh.w	r2, [sp, #14]
   b5196:	8562      	strh	r2, [r4, #42]	; 0x2a
        dev->calib.par_p5 =
   b5198:	f8bd 2010 	ldrh.w	r2, [sp, #16]
   b519c:	85a2      	strh	r2, [r4, #44]	; 0x2c
        dev->calib.par_p6 = (int8_t)(coeff_array[BME68X_IDX_P6]);
   b519e:	f89d 2013 	ldrb.w	r2, [sp, #19]
   b51a2:	f884 202e 	strb.w	r2, [r4, #46]	; 0x2e
        dev->calib.par_p7 = (int8_t)(coeff_array[BME68X_IDX_P7]);
   b51a6:	f89d 2012 	ldrb.w	r2, [sp, #18]
   b51aa:	f884 202f 	strb.w	r2, [r4, #47]	; 0x2f
        dev->calib.par_p8 =
   b51ae:	f8bd 2016 	ldrh.w	r2, [sp, #22]
   b51b2:	8622      	strh	r2, [r4, #48]	; 0x30
        dev->calib.par_p9 =
   b51b4:	f8bd 2018 	ldrh.w	r2, [sp, #24]
   b51b8:	8662      	strh	r2, [r4, #50]	; 0x32
        dev->calib.par_p10 = (uint8_t)(coeff_array[BME68X_IDX_P10]);
   b51ba:	f89d 201a 	ldrb.w	r2, [sp, #26]
   b51be:	f884 2034 	strb.w	r2, [r4, #52]	; 0x34
                       (coeff_array[BME68X_IDX_H1_LSB] & BME68X_BIT_H1_DATA_MSK));
   b51c2:	f89d 201c 	ldrb.w	r2, [sp, #28]
            (uint16_t)(((uint16_t)coeff_array[BME68X_IDX_H1_MSB] << 4) |
   b51c6:	f89d 001d 	ldrb.w	r0, [sp, #29]
                       (coeff_array[BME68X_IDX_H1_LSB] & BME68X_BIT_H1_DATA_MSK));
   b51ca:	f002 010f 	and.w	r1, r2, #15
            (uint16_t)(((uint16_t)coeff_array[BME68X_IDX_H1_MSB] << 4) |
   b51ce:	ea41 1100 	orr.w	r1, r1, r0, lsl #4
        dev->calib.par_h1 =
   b51d2:	8221      	strh	r1, [r4, #16]
            (uint16_t)(((uint16_t)coeff_array[BME68X_IDX_H2_MSB] << 4) | ((coeff_array[BME68X_IDX_H2_LSB]) >> 4));
   b51d4:	f89d 101b 	ldrb.w	r1, [sp, #27]
   b51d8:	0912      	lsrs	r2, r2, #4
   b51da:	ea42 1201 	orr.w	r2, r2, r1, lsl #4
        dev->calib.par_h2 =
   b51de:	8262      	strh	r2, [r4, #18]
        dev->calib.par_h3 = (int8_t)coeff_array[BME68X_IDX_H3];
   b51e0:	f89d 201e 	ldrb.w	r2, [sp, #30]
   b51e4:	7522      	strb	r2, [r4, #20]
        dev->calib.par_h4 = (int8_t)coeff_array[BME68X_IDX_H4];
   b51e6:	f89d 201f 	ldrb.w	r2, [sp, #31]
   b51ea:	7562      	strb	r2, [r4, #21]
        dev->calib.par_h5 = (int8_t)coeff_array[BME68X_IDX_H5];
   b51ec:	f89d 2020 	ldrb.w	r2, [sp, #32]
   b51f0:	75a2      	strb	r2, [r4, #22]
        dev->calib.par_h6 = (uint8_t)coeff_array[BME68X_IDX_H6];
   b51f2:	f89d 2021 	ldrb.w	r2, [sp, #33]	; 0x21
   b51f6:	75e2      	strb	r2, [r4, #23]
        dev->calib.par_h7 = (int8_t)coeff_array[BME68X_IDX_H7];
   b51f8:	f89d 2022 	ldrb.w	r2, [sp, #34]	; 0x22
   b51fc:	7622      	strb	r2, [r4, #24]
        dev->calib.par_gh1 = (int8_t)coeff_array[BME68X_IDX_GH1];
   b51fe:	f89d 2027 	ldrb.w	r2, [sp, #39]	; 0x27
   b5202:	7662      	strb	r2, [r4, #25]
            (int16_t)(BME68X_CONCAT_BYTES(coeff_array[BME68X_IDX_GH2_MSB], coeff_array[BME68X_IDX_GH2_LSB]));
   b5204:	f8bd 2025 	ldrh.w	r2, [sp, #37]	; 0x25
        dev->calib.par_gh2 =
   b5208:	8362      	strh	r2, [r4, #26]
        dev->calib.par_gh3 = (int8_t)coeff_array[BME68X_IDX_GH3];
   b520a:	f89d 2028 	ldrb.w	r2, [sp, #40]	; 0x28
   b520e:	7722      	strb	r2, [r4, #28]
        dev->calib.res_heat_range = ((coeff_array[BME68X_IDX_RES_HEAT_RANGE] & BME68X_RHRANGE_MSK) / 16);
   b5210:	f89d 202b 	ldrb.w	r2, [sp, #43]	; 0x2b
   b5214:	f3c2 1201 	ubfx	r2, r2, #4, #2
   b5218:	f884 203c 	strb.w	r2, [r4, #60]	; 0x3c
        dev->calib.res_heat_val = (int8_t)coeff_array[BME68X_IDX_RES_HEAT_VAL];
   b521c:	f89d 2029 	ldrb.w	r2, [sp, #41]	; 0x29
   b5220:	f884 203d 	strb.w	r2, [r4, #61]	; 0x3d
        dev->calib.range_sw_err = ((int8_t)(coeff_array[BME68X_IDX_RANGE_SW_ERR] & BME68X_RSERROR_MSK)) / 16;
   b5224:	f99d 202d 	ldrsb.w	r2, [sp, #45]	; 0x2d
   b5228:	1112      	asrs	r2, r2, #4
   b522a:	f884 203e 	strb.w	r2, [r4, #62]	; 0x3e
}
   b522e:	4618      	mov	r0, r3
   b5230:	b00c      	add	sp, #48	; 0x30
   b5232:	bd10      	pop	{r4, pc}
                rslt = BME68X_E_DEV_NOT_FOUND;
   b5234:	f06f 0302 	mvn.w	r3, #2
   b5238:	e7f9      	b.n	b522e <bme68x_init+0x148>

000b523a <bme68x_set_op_mode>:
{
   b523a:	b573      	push	{r0, r1, r4, r5, r6, lr}
    uint8_t reg_addr = BME68X_REG_CTRL_MEAS;
   b523c:	2374      	movs	r3, #116	; 0x74
{
   b523e:	4606      	mov	r6, r0
   b5240:	460d      	mov	r5, r1
    uint8_t reg_addr = BME68X_REG_CTRL_MEAS;
   b5242:	f88d 3007 	strb.w	r3, [sp, #7]
        rslt = bme68x_get_regs(BME68X_REG_CTRL_MEAS, &tmp_pow_mode, 1, dev);
   b5246:	462b      	mov	r3, r5
   b5248:	2201      	movs	r2, #1
   b524a:	f10d 0106 	add.w	r1, sp, #6
   b524e:	2074      	movs	r0, #116	; 0x74
   b5250:	f7ff fef2 	bl	b5038 <bme68x_get_regs>
        if (rslt == BME68X_OK)
   b5254:	4604      	mov	r4, r0
   b5256:	b9b8      	cbnz	r0, b5288 <bme68x_set_op_mode+0x4e>
            pow_mode = (tmp_pow_mode & BME68X_MODE_MSK);
   b5258:	f89d 2006 	ldrb.w	r2, [sp, #6]
            if (pow_mode != BME68X_SLEEP_MODE)
   b525c:	0793      	lsls	r3, r2, #30
   b525e:	d016      	beq.n	b528e <bme68x_set_op_mode+0x54>
                tmp_pow_mode &= ~BME68X_MODE_MSK; /* Set to sleep */
   b5260:	f022 0203 	bic.w	r2, r2, #3
   b5264:	f88d 2006 	strb.w	r2, [sp, #6]
                rslt = bme68x_set_regs(&reg_addr, &tmp_pow_mode, 1, dev);
   b5268:	462b      	mov	r3, r5
   b526a:	f10d 0106 	add.w	r1, sp, #6
   b526e:	2201      	movs	r2, #1
   b5270:	f10d 0007 	add.w	r0, sp, #7
   b5274:	f7ff fe96 	bl	b4fa4 <bme68x_set_regs>
                dev->delay_us(BME68X_PERIOD_POLL, dev->intf_ptr);
   b5278:	6cab      	ldr	r3, [r5, #72]	; 0x48
   b527a:	6869      	ldr	r1, [r5, #4]
                rslt = bme68x_set_regs(&reg_addr, &tmp_pow_mode, 1, dev);
   b527c:	4604      	mov	r4, r0
                dev->delay_us(BME68X_PERIOD_POLL, dev->intf_ptr);
   b527e:	f242 7010 	movw	r0, #10000	; 0x2710
   b5282:	4798      	blx	r3
    } while ((pow_mode != BME68X_SLEEP_MODE) && (rslt == BME68X_OK));
   b5284:	2c00      	cmp	r4, #0
   b5286:	d0de      	beq.n	b5246 <bme68x_set_op_mode+0xc>
}
   b5288:	4620      	mov	r0, r4
   b528a:	b002      	add	sp, #8
   b528c:	bd70      	pop	{r4, r5, r6, pc}
    if ((op_mode != BME68X_SLEEP_MODE) && (rslt == BME68X_OK))
   b528e:	2e00      	cmp	r6, #0
   b5290:	d0fa      	beq.n	b5288 <bme68x_set_op_mode+0x4e>
        tmp_pow_mode = (tmp_pow_mode & ~BME68X_MODE_MSK) | (op_mode & BME68X_MODE_MSK);
   b5292:	f022 0203 	bic.w	r2, r2, #3
   b5296:	f006 0603 	and.w	r6, r6, #3
   b529a:	4332      	orrs	r2, r6
   b529c:	f88d 2006 	strb.w	r2, [sp, #6]
        rslt = bme68x_set_regs(&reg_addr, &tmp_pow_mode, 1, dev);
   b52a0:	462b      	mov	r3, r5
   b52a2:	2201      	movs	r2, #1
   b52a4:	f10d 0106 	add.w	r1, sp, #6
   b52a8:	f10d 0007 	add.w	r0, sp, #7
   b52ac:	f7ff fe7a 	bl	b4fa4 <bme68x_set_regs>
   b52b0:	4604      	mov	r4, r0
   b52b2:	e7e9      	b.n	b5288 <bme68x_set_op_mode+0x4e>

000b52b4 <bme68x_get_op_mode>:
{
   b52b4:	b513      	push	{r0, r1, r4, lr}
   b52b6:	460b      	mov	r3, r1
    if (op_mode)
   b52b8:	4604      	mov	r4, r0
   b52ba:	b160      	cbz	r0, b52d6 <bme68x_get_op_mode+0x22>
        rslt = bme68x_get_regs(BME68X_REG_CTRL_MEAS, &mode, 1, dev);
   b52bc:	2201      	movs	r2, #1
   b52be:	f10d 0107 	add.w	r1, sp, #7
   b52c2:	2074      	movs	r0, #116	; 0x74
   b52c4:	f7ff feb8 	bl	b5038 <bme68x_get_regs>
        *op_mode = mode & BME68X_MODE_MSK;
   b52c8:	f89d 3007 	ldrb.w	r3, [sp, #7]
   b52cc:	f003 0303 	and.w	r3, r3, #3
   b52d0:	7023      	strb	r3, [r4, #0]
}
   b52d2:	b002      	add	sp, #8
   b52d4:	bd10      	pop	{r4, pc}
        rslt = BME68X_E_NULL_PTR;
   b52d6:	f04f 30ff 	mov.w	r0, #4294967295
   b52da:	e7fa      	b.n	b52d2 <bme68x_get_op_mode+0x1e>

000b52dc <bme68x_set_conf>:
{
   b52dc:	b5f0      	push	{r4, r5, r6, r7, lr}
    uint8_t reg_array[BME68X_LEN_CONFIG] = { 0x71, 0x72, 0x73, 0x74, 0x75 };
   b52de:	4b4d      	ldr	r3, [pc, #308]	; (b5414 <bme68x_set_conf+0x138>)
{
   b52e0:	b087      	sub	sp, #28
   b52e2:	4606      	mov	r6, r0
    uint8_t reg_array[BME68X_LEN_CONFIG] = { 0x71, 0x72, 0x73, 0x74, 0x75 };
   b52e4:	6818      	ldr	r0, [r3, #0]
   b52e6:	791b      	ldrb	r3, [r3, #4]
   b52e8:	9002      	str	r0, [sp, #8]
   b52ea:	f88d 300c 	strb.w	r3, [sp, #12]
    rslt = bme68x_get_op_mode(&current_op_mode, dev);
   b52ee:	f10d 0007 	add.w	r0, sp, #7
    uint8_t data_array[BME68X_LEN_CONFIG] = { 0 };
   b52f2:	2300      	movs	r3, #0
{
   b52f4:	460d      	mov	r5, r1
    uint8_t data_array[BME68X_LEN_CONFIG] = { 0 };
   b52f6:	9304      	str	r3, [sp, #16]
   b52f8:	f88d 3014 	strb.w	r3, [sp, #20]
    rslt = bme68x_get_op_mode(&current_op_mode, dev);
   b52fc:	f7ff ffda 	bl	b52b4 <bme68x_get_op_mode>
    if (rslt == BME68X_OK)
   b5300:	4604      	mov	r4, r0
   b5302:	2800      	cmp	r0, #0
   b5304:	f040 8083 	bne.w	b540e <bme68x_set_conf+0x132>
        rslt = bme68x_set_op_mode(BME68X_SLEEP_MODE, dev);
   b5308:	4629      	mov	r1, r5
   b530a:	f7ff ff96 	bl	b523a <bme68x_set_op_mode>
   b530e:	4607      	mov	r7, r0
   b5310:	4604      	mov	r4, r0
    if (conf == NULL)
   b5312:	b966      	cbnz	r6, b532e <bme68x_set_conf+0x52>
        rslt = BME68X_E_NULL_PTR;
   b5314:	f04f 34ff 	mov.w	r4, #4294967295
    if ((current_op_mode != BME68X_SLEEP_MODE) && (rslt == BME68X_OK))
   b5318:	f89d 0007 	ldrb.w	r0, [sp, #7]
   b531c:	b120      	cbz	r0, b5328 <bme68x_set_conf+0x4c>
   b531e:	b91c      	cbnz	r4, b5328 <bme68x_set_conf+0x4c>
        rslt = bme68x_set_op_mode(current_op_mode, dev);
   b5320:	4629      	mov	r1, r5
   b5322:	f7ff ff8a 	bl	b523a <bme68x_set_op_mode>
   b5326:	4604      	mov	r4, r0
}
   b5328:	4620      	mov	r0, r4
   b532a:	b007      	add	sp, #28
   b532c:	bdf0      	pop	{r4, r5, r6, r7, pc}
    else if (rslt == BME68X_OK)
   b532e:	2800      	cmp	r0, #0
   b5330:	d1f2      	bne.n	b5318 <bme68x_set_conf+0x3c>
        rslt = bme68x_get_regs(reg_array[0], data_array, BME68X_LEN_CONFIG, dev);
   b5332:	f89d 0008 	ldrb.w	r0, [sp, #8]
   b5336:	462b      	mov	r3, r5
   b5338:	2205      	movs	r2, #5
   b533a:	a904      	add	r1, sp, #16
   b533c:	f7ff fe7c 	bl	b5038 <bme68x_get_regs>
        dev->info_msg = BME68X_OK;
   b5340:	f885 704d 	strb.w	r7, [r5, #77]	; 0x4d
        if (rslt == BME68X_OK)
   b5344:	4604      	mov	r4, r0
   b5346:	2800      	cmp	r0, #0
   b5348:	d1e6      	bne.n	b5318 <bme68x_set_conf+0x3c>
            rslt = boundary_check(&conf->filter, BME68X_FILTER_SIZE_127, dev);
   b534a:	462a      	mov	r2, r5
   b534c:	2107      	movs	r1, #7
   b534e:	1cf0      	adds	r0, r6, #3
   b5350:	f7ff fd60 	bl	b4e14 <boundary_check>
        if (rslt == BME68X_OK)
   b5354:	4604      	mov	r4, r0
   b5356:	2800      	cmp	r0, #0
   b5358:	d1de      	bne.n	b5318 <bme68x_set_conf+0x3c>
            rslt = boundary_check(&conf->os_temp, BME68X_OS_16X, dev);
   b535a:	2105      	movs	r1, #5
   b535c:	1c70      	adds	r0, r6, #1
   b535e:	f7ff fd59 	bl	b4e14 <boundary_check>
        if (rslt == BME68X_OK)
   b5362:	4604      	mov	r4, r0
   b5364:	2800      	cmp	r0, #0
   b5366:	d1d7      	bne.n	b5318 <bme68x_set_conf+0x3c>
            rslt = boundary_check(&conf->os_pres, BME68X_OS_16X, dev);
   b5368:	1cb0      	adds	r0, r6, #2
   b536a:	f7ff fd53 	bl	b4e14 <boundary_check>
        if (rslt == BME68X_OK)
   b536e:	4604      	mov	r4, r0
   b5370:	2800      	cmp	r0, #0
   b5372:	d1d1      	bne.n	b5318 <bme68x_set_conf+0x3c>
            rslt = boundary_check(&conf->os_hum, BME68X_OS_16X, dev);
   b5374:	4630      	mov	r0, r6
   b5376:	f7ff fd4d 	bl	b4e14 <boundary_check>
        if (rslt == BME68X_OK)
   b537a:	4604      	mov	r4, r0
   b537c:	2800      	cmp	r0, #0
   b537e:	d1cb      	bne.n	b5318 <bme68x_set_conf+0x3c>
            rslt = boundary_check(&conf->odr, BME68X_ODR_NONE, dev);
   b5380:	2108      	movs	r1, #8
   b5382:	1d30      	adds	r0, r6, #4
   b5384:	f7ff fd46 	bl	b4e14 <boundary_check>
        if (rslt == BME68X_OK)
   b5388:	4604      	mov	r4, r0
   b538a:	2800      	cmp	r0, #0
   b538c:	d1c4      	bne.n	b5318 <bme68x_set_conf+0x3c>
            data_array[4] = BME68X_SET_BITS(data_array[4], BME68X_FILTER, conf->filter);
   b538e:	78f3      	ldrb	r3, [r6, #3]
   b5390:	f89d 2014 	ldrb.w	r2, [sp, #20]
            data_array[3] = BME68X_SET_BITS(data_array[3], BME68X_OST, conf->os_temp);
   b5394:	7871      	ldrb	r1, [r6, #1]
            data_array[4] = BME68X_SET_BITS(data_array[4], BME68X_FILTER, conf->filter);
   b5396:	009b      	lsls	r3, r3, #2
   b5398:	f022 021c 	bic.w	r2, r2, #28
   b539c:	f003 031c 	and.w	r3, r3, #28
   b53a0:	4313      	orrs	r3, r2
   b53a2:	b25a      	sxtb	r2, r3
            data_array[3] = BME68X_SET_BITS(data_array[3], BME68X_OST, conf->os_temp);
   b53a4:	f89d 3013 	ldrb.w	r3, [sp, #19]
   b53a8:	f003 031f 	and.w	r3, r3, #31
   b53ac:	ea43 1341 	orr.w	r3, r3, r1, lsl #5
            data_array[3] = BME68X_SET_BITS(data_array[3], BME68X_OSP, conf->os_pres);
   b53b0:	78b1      	ldrb	r1, [r6, #2]
   b53b2:	0089      	lsls	r1, r1, #2
   b53b4:	f001 011c 	and.w	r1, r1, #28
   b53b8:	f023 031c 	bic.w	r3, r3, #28
   b53bc:	430b      	orrs	r3, r1
   b53be:	f88d 3013 	strb.w	r3, [sp, #19]
            data_array[1] = BME68X_SET_BITS_POS_0(data_array[1], BME68X_OSH, conf->os_hum);
   b53c2:	7831      	ldrb	r1, [r6, #0]
   b53c4:	f89d 3011 	ldrb.w	r3, [sp, #17]
   b53c8:	f001 0107 	and.w	r1, r1, #7
   b53cc:	f023 0307 	bic.w	r3, r3, #7
   b53d0:	430b      	orrs	r3, r1
            if (conf->odr != BME68X_ODR_NONE)
   b53d2:	7931      	ldrb	r1, [r6, #4]
            data_array[1] = BME68X_SET_BITS_POS_0(data_array[1], BME68X_OSH, conf->os_hum);
   b53d4:	f88d 3011 	strb.w	r3, [sp, #17]
            data_array[0] = BME68X_SET_BITS(data_array[0], BME68X_ODR3, odr3);
   b53d8:	f89d 3010 	ldrb.w	r3, [sp, #16]
            if (conf->odr != BME68X_ODR_NONE)
   b53dc:	2908      	cmp	r1, #8
                odr3 = 0;
   b53de:	bf12      	itee	ne
   b53e0:	2000      	movne	r0, #0
    uint8_t odr20 = 0, odr3 = 1;
   b53e2:	2001      	moveq	r0, #1
   b53e4:	2100      	moveq	r1, #0
            data_array[4] = BME68X_SET_BITS(data_array[4], BME68X_ODR20, odr20);
   b53e6:	f002 021f 	and.w	r2, r2, #31
            data_array[0] = BME68X_SET_BITS(data_array[0], BME68X_ODR3, odr3);
   b53ea:	f003 037f 	and.w	r3, r3, #127	; 0x7f
            data_array[4] = BME68X_SET_BITS(data_array[4], BME68X_ODR20, odr20);
   b53ee:	ea42 1241 	orr.w	r2, r2, r1, lsl #5
            data_array[0] = BME68X_SET_BITS(data_array[0], BME68X_ODR3, odr3);
   b53f2:	ea43 13c0 	orr.w	r3, r3, r0, lsl #7
            data_array[4] = BME68X_SET_BITS(data_array[4], BME68X_ODR20, odr20);
   b53f6:	f88d 2014 	strb.w	r2, [sp, #20]
            data_array[0] = BME68X_SET_BITS(data_array[0], BME68X_ODR3, odr3);
   b53fa:	f88d 3010 	strb.w	r3, [sp, #16]
        rslt = bme68x_set_regs(reg_array, data_array, BME68X_LEN_CONFIG, dev);
   b53fe:	2205      	movs	r2, #5
   b5400:	462b      	mov	r3, r5
   b5402:	a904      	add	r1, sp, #16
   b5404:	a802      	add	r0, sp, #8
   b5406:	f7ff fdcd 	bl	b4fa4 <bme68x_set_regs>
   b540a:	4604      	mov	r4, r0
   b540c:	e784      	b.n	b5318 <bme68x_set_conf+0x3c>
    if (conf == NULL)
   b540e:	2e00      	cmp	r6, #0
   b5410:	d182      	bne.n	b5318 <bme68x_set_conf+0x3c>
   b5412:	e77f      	b.n	b5314 <bme68x_set_conf+0x38>
   b5414:	000bbba0 	.word	0x000bbba0

000b5418 <bme68x_get_meas_dur>:
{
   b5418:	b537      	push	{r0, r1, r2, r4, r5, lr}
    uint8_t os_to_meas_cycles[6] = { 0, 1, 2, 4, 8, 16 };
   b541a:	4b1e      	ldr	r3, [pc, #120]	; (b5494 <bme68x_get_meas_dur+0x7c>)
{
   b541c:	4605      	mov	r5, r0
    uint8_t os_to_meas_cycles[6] = { 0, 1, 2, 4, 8, 16 };
   b541e:	f8d3 0080 	ldr.w	r0, [r3, #128]	; 0x80
   b5422:	f8b3 3084 	ldrh.w	r3, [r3, #132]	; 0x84
   b5426:	9000      	str	r0, [sp, #0]
   b5428:	f8ad 3004 	strh.w	r3, [sp, #4]
    if (conf != NULL)
   b542c:	460c      	mov	r4, r1
   b542e:	b911      	cbnz	r1, b5436 <bme68x_get_meas_dur+0x1e>
    uint32_t meas_dur = 0; /* Calculate in us */
   b5430:	2000      	movs	r0, #0
}
   b5432:	b003      	add	sp, #12
   b5434:	bd30      	pop	{r4, r5, pc}
        rslt = boundary_check(&conf->os_temp, BME68X_OS_16X, dev);
   b5436:	2105      	movs	r1, #5
   b5438:	1c60      	adds	r0, r4, #1
   b543a:	f7ff fceb 	bl	b4e14 <boundary_check>
        if (rslt == BME68X_OK)
   b543e:	2800      	cmp	r0, #0
   b5440:	d1f6      	bne.n	b5430 <bme68x_get_meas_dur+0x18>
            rslt = boundary_check(&conf->os_pres, BME68X_OS_16X, dev);
   b5442:	1ca0      	adds	r0, r4, #2
   b5444:	f7ff fce6 	bl	b4e14 <boundary_check>
        if (rslt == BME68X_OK)
   b5448:	2800      	cmp	r0, #0
   b544a:	d1f1      	bne.n	b5430 <bme68x_get_meas_dur+0x18>
            rslt = boundary_check(&conf->os_hum, BME68X_OS_16X, dev);
   b544c:	4620      	mov	r0, r4
   b544e:	f7ff fce1 	bl	b4e14 <boundary_check>
        if (rslt == BME68X_OK)
   b5452:	2800      	cmp	r0, #0
   b5454:	d1ec      	bne.n	b5430 <bme68x_get_meas_dur+0x18>
            meas_cycles = os_to_meas_cycles[conf->os_temp];
   b5456:	7863      	ldrb	r3, [r4, #1]
   b5458:	aa02      	add	r2, sp, #8
   b545a:	4413      	add	r3, r2
            meas_cycles += os_to_meas_cycles[conf->os_pres];
   b545c:	78a2      	ldrb	r2, [r4, #2]
            meas_cycles = os_to_meas_cycles[conf->os_temp];
   b545e:	f813 0c08 	ldrb.w	r0, [r3, #-8]
            meas_cycles += os_to_meas_cycles[conf->os_pres];
   b5462:	ab02      	add	r3, sp, #8
   b5464:	441a      	add	r2, r3
            if (op_mode != BME68X_PARALLEL_MODE)
   b5466:	2d02      	cmp	r5, #2
            meas_cycles += os_to_meas_cycles[conf->os_pres];
   b5468:	f812 3c08 	ldrb.w	r3, [r2, #-8]
   b546c:	4418      	add	r0, r3
            meas_cycles += os_to_meas_cycles[conf->os_hum];
   b546e:	7823      	ldrb	r3, [r4, #0]
   b5470:	aa02      	add	r2, sp, #8
   b5472:	4413      	add	r3, r2
   b5474:	f813 3c08 	ldrb.w	r3, [r3, #-8]
   b5478:	4403      	add	r3, r0
            meas_dur = meas_cycles * UINT32_C(1963);
   b547a:	f240 70ab 	movw	r0, #1963	; 0x7ab
   b547e:	fb00 f303 	mul.w	r3, r0, r3
            meas_dur += UINT32_C(477 * 5); /* Gas measurement duration */
   b5482:	bf0b      	itete	eq
   b5484:	f503 5086 	addeq.w	r0, r3, #4288	; 0x10c0
                meas_dur += UINT32_C(1000); /* Wake up duration of 1ms */
   b5488:	f503 50a5 	addne.w	r0, r3, #5280	; 0x14a0
            meas_dur += UINT32_C(477 * 5); /* Gas measurement duration */
   b548c:	1840      	addeq	r0, r0, r1
                meas_dur += UINT32_C(1000); /* Wake up duration of 1ms */
   b548e:	300d      	addne	r0, #13
    return meas_dur;
   b5490:	e7cf      	b.n	b5432 <bme68x_get_meas_dur+0x1a>
   b5492:	bf00      	nop
   b5494:	000bbafc 	.word	0x000bbafc

000b5498 <bme68x_get_data>:
{
   b5498:	e92d 4ff0 	stmdb	sp!, {r4, r5, r6, r7, r8, r9, sl, fp, lr}
   b549c:	b0b5      	sub	sp, #212	; 0xd4
   b549e:	461f      	mov	r7, r3
    struct bme68x_data field_data[3] = { { 0 } };
   b54a0:	ab22      	add	r3, sp, #136	; 0x88
{
   b54a2:	9201      	str	r2, [sp, #4]
   b54a4:	4604      	mov	r4, r0
   b54a6:	460d      	mov	r5, r1
    struct bme68x_data field_data[3] = { { 0 } };
   b54a8:	4618      	mov	r0, r3
   b54aa:	2248      	movs	r2, #72	; 0x48
   b54ac:	2100      	movs	r1, #0
   b54ae:	f006 fa56 	bl	bb95e <memset>
    field_ptr[1] = &field_data[1];
   b54b2:	ab28      	add	r3, sp, #160	; 0xa0
    field_ptr[0] = &field_data[0];
   b54b4:	900a      	str	r0, [sp, #40]	; 0x28
    field_ptr[1] = &field_data[1];
   b54b6:	930b      	str	r3, [sp, #44]	; 0x2c
    rslt = null_ptr_check(dev);
   b54b8:	4638      	mov	r0, r7
    field_ptr[2] = &field_data[2];
   b54ba:	ab2e      	add	r3, sp, #184	; 0xb8
   b54bc:	930c      	str	r3, [sp, #48]	; 0x30
    rslt = null_ptr_check(dev);
   b54be:	f7ff fc9b 	bl	b4df8 <null_ptr_check>
    if ((rslt == BME68X_OK) && (data != NULL))
   b54c2:	4606      	mov	r6, r0
   b54c4:	b128      	cbz	r0, b54d2 <bme68x_get_data+0x3a>
        rslt = BME68X_E_NULL_PTR;
   b54c6:	f04f 34ff 	mov.w	r4, #4294967295
}
   b54ca:	4620      	mov	r0, r4
   b54cc:	b035      	add	sp, #212	; 0xd4
   b54ce:	e8bd 8ff0 	ldmia.w	sp!, {r4, r5, r6, r7, r8, r9, sl, fp, pc}
    if ((rslt == BME68X_OK) && (data != NULL))
   b54d2:	2d00      	cmp	r5, #0
   b54d4:	d0f7      	beq.n	b54c6 <bme68x_get_data+0x2e>
        if (op_mode == BME68X_FORCED_MODE)
   b54d6:	2c01      	cmp	r4, #1
   b54d8:	f040 80dc 	bne.w	b5694 <bme68x_get_data+0x1fc>
    uint8_t buff[BME68X_LEN_FIELD] = { 0 };
   b54dc:	9015      	str	r0, [sp, #84]	; 0x54
   b54de:	4601      	mov	r1, r0
   b54e0:	220d      	movs	r2, #13
   b54e2:	a816      	add	r0, sp, #88	; 0x58
   b54e4:	f006 fa3b 	bl	bb95e <memset>
   b54e8:	2605      	movs	r6, #5
        rslt = bme68x_get_regs(((uint8_t)(BME68X_REG_FIELD0 + (index * BME68X_LEN_FIELD_OFFSET))),
   b54ea:	463b      	mov	r3, r7
   b54ec:	2211      	movs	r2, #17
   b54ee:	a915      	add	r1, sp, #84	; 0x54
   b54f0:	201d      	movs	r0, #29
   b54f2:	f7ff fda1 	bl	b5038 <bme68x_get_regs>
        data->meas_index = buff[1];
   b54f6:	f89d 2055 	ldrb.w	r2, [sp, #85]	; 0x55
   b54fa:	70aa      	strb	r2, [r5, #2]
        adc_pres = (uint32_t)(((uint32_t)buff[2] * 4096) | ((uint32_t)buff[3] * 16) | ((uint32_t)buff[4] / 16));
   b54fc:	f89d 2056 	ldrb.w	r2, [sp, #86]	; 0x56
   b5500:	9202      	str	r2, [sp, #8]
   b5502:	f89d 2057 	ldrb.w	r2, [sp, #87]	; 0x57
   b5506:	9203      	str	r2, [sp, #12]
   b5508:	f89d 2058 	ldrb.w	r2, [sp, #88]	; 0x58
   b550c:	9204      	str	r2, [sp, #16]
        adc_temp = (uint32_t)(((uint32_t)buff[5] * 4096) | ((uint32_t)buff[6] * 16) | ((uint32_t)buff[7] / 16));
   b550e:	f89d 2059 	ldrb.w	r2, [sp, #89]	; 0x59
   b5512:	9205      	str	r2, [sp, #20]
        rslt = bme68x_get_regs(((uint8_t)(BME68X_REG_FIELD0 + (index * BME68X_LEN_FIELD_OFFSET))),
   b5514:	4604      	mov	r4, r0
        adc_temp = (uint32_t)(((uint32_t)buff[5] * 4096) | ((uint32_t)buff[6] * 16) | ((uint32_t)buff[7] / 16));
   b5516:	f89d 205a 	ldrb.w	r2, [sp, #90]	; 0x5a
        data->status = buff[0] & BME68X_NEW_DATA_MSK;
   b551a:	f89d 0054 	ldrb.w	r0, [sp, #84]	; 0x54
        adc_temp = (uint32_t)(((uint32_t)buff[5] * 4096) | ((uint32_t)buff[6] * 16) | ((uint32_t)buff[7] / 16));
   b551e:	9206      	str	r2, [sp, #24]
        adc_hum = (uint16_t)(((uint32_t)buff[8] * 256) | (uint32_t)buff[9]);
   b5520:	f89d 205c 	ldrb.w	r2, [sp, #92]	; 0x5c
   b5524:	9207      	str	r2, [sp, #28]
        data->status = buff[0] & BME68X_NEW_DATA_MSK;
   b5526:	f000 0380 	and.w	r3, r0, #128	; 0x80
        adc_hum = (uint16_t)(((uint32_t)buff[8] * 256) | (uint32_t)buff[9]);
   b552a:	f89d 205d 	ldrb.w	r2, [sp, #93]	; 0x5d
        data->status = buff[0] & BME68X_NEW_DATA_MSK;
   b552e:	702b      	strb	r3, [r5, #0]
        data->gas_index = buff[0] & BME68X_GAS_INDEX_MSK;
   b5530:	f000 000f 	and.w	r0, r0, #15
   b5534:	7068      	strb	r0, [r5, #1]
        adc_hum = (uint16_t)(((uint32_t)buff[8] * 256) | (uint32_t)buff[9]);
   b5536:	9208      	str	r2, [sp, #32]
        adc_gas_res_low = (uint16_t)((uint32_t)buff[13] * 4 | (((uint32_t)buff[14]) / 64));
   b5538:	f89d 2061 	ldrb.w	r2, [sp, #97]	; 0x61
   b553c:	9209      	str	r2, [sp, #36]	; 0x24
        if (dev->variant_id == BME68X_VARIANT_GAS_HIGH)
   b553e:	68ba      	ldr	r2, [r7, #8]
        adc_gas_res_low = (uint16_t)((uint32_t)buff[13] * 4 | (((uint32_t)buff[14]) / 64));
   b5540:	f89d a062 	ldrb.w	sl, [sp, #98]	; 0x62
        adc_gas_res_high = (uint16_t)((uint32_t)buff[15] * 4 | (((uint32_t)buff[16]) / 64));
   b5544:	f89d 8064 	ldrb.w	r8, [sp, #100]	; 0x64
        adc_temp = (uint32_t)(((uint32_t)buff[5] * 4096) | ((uint32_t)buff[6] * 16) | ((uint32_t)buff[7] / 16));
   b5548:	f89d 905b 	ldrb.w	r9, [sp, #91]	; 0x5b
        adc_gas_res_high = (uint16_t)((uint32_t)buff[15] * 4 | (((uint32_t)buff[16]) / 64));
   b554c:	f89d b063 	ldrb.w	fp, [sp, #99]	; 0x63
        if (dev->variant_id == BME68X_VARIANT_GAS_HIGH)
   b5550:	2a01      	cmp	r2, #1
            data->status |= buff[14] & BME68X_GASM_VALID_MSK;
   b5552:	bf13      	iteet	ne
   b5554:	f00a 0220 	andne.w	r2, sl, #32
            data->status |= buff[16] & BME68X_GASM_VALID_MSK;
   b5558:	f008 0220 	andeq.w	r2, r8, #32
   b555c:	431a      	orreq	r2, r3
            data->status |= buff[14] & BME68X_GASM_VALID_MSK;
   b555e:	4313      	orrne	r3, r2
            data->status |= buff[16] & BME68X_HEAT_STAB_MSK;
   b5560:	bf0c      	ite	eq
   b5562:	f008 0310 	andeq.w	r3, r8, #16
            data->status |= buff[14] & BME68X_HEAT_STAB_MSK;
   b5566:	f00a 0210 	andne.w	r2, sl, #16
   b556a:	4313      	orrs	r3, r2
   b556c:	702b      	strb	r3, [r5, #0]
        if ((data->status & BME68X_NEW_DATA_MSK) && (rslt == BME68X_OK))
   b556e:	061b      	lsls	r3, r3, #24
   b5570:	d579      	bpl.n	b5666 <bme68x_get_data+0x1ce>
   b5572:	2c00      	cmp	r4, #0
   b5574:	d17d      	bne.n	b5672 <bme68x_get_data+0x1da>
            rslt = bme68x_get_regs(BME68X_REG_RES_HEAT0 + data->gas_index, &data->res_heat, 1, dev);
   b5576:	463b      	mov	r3, r7
   b5578:	2201      	movs	r2, #1
   b557a:	1ce9      	adds	r1, r5, #3
   b557c:	305a      	adds	r0, #90	; 0x5a
   b557e:	f7ff fd5b 	bl	b5038 <bme68x_get_regs>
            if (rslt == BME68X_OK)
   b5582:	4604      	mov	r4, r0
   b5584:	2800      	cmp	r0, #0
   b5586:	d174      	bne.n	b5672 <bme68x_get_data+0x1da>
                rslt = bme68x_get_regs(BME68X_REG_IDAC_HEAT0 + data->gas_index, &data->idac, 1, dev);
   b5588:	7868      	ldrb	r0, [r5, #1]
   b558a:	3050      	adds	r0, #80	; 0x50
   b558c:	463b      	mov	r3, r7
   b558e:	2201      	movs	r2, #1
   b5590:	1d29      	adds	r1, r5, #4
   b5592:	b2c0      	uxtb	r0, r0
   b5594:	f7ff fd50 	bl	b5038 <bme68x_get_regs>
            if (rslt == BME68X_OK)
   b5598:	4604      	mov	r4, r0
   b559a:	2800      	cmp	r0, #0
   b559c:	d169      	bne.n	b5672 <bme68x_get_data+0x1da>
                rslt = bme68x_get_regs(BME68X_REG_GAS_WAIT0 + data->gas_index, &data->gas_wait, 1, dev);
   b559e:	7868      	ldrb	r0, [r5, #1]
   b55a0:	3064      	adds	r0, #100	; 0x64
   b55a2:	463b      	mov	r3, r7
   b55a4:	2201      	movs	r2, #1
   b55a6:	1d69      	adds	r1, r5, #5
   b55a8:	b2c0      	uxtb	r0, r0
   b55aa:	f7ff fd45 	bl	b5038 <bme68x_get_regs>
            if (rslt == BME68X_OK)
   b55ae:	4604      	mov	r4, r0
   b55b0:	2800      	cmp	r0, #0
   b55b2:	d15e      	bne.n	b5672 <bme68x_get_data+0x1da>
        adc_temp = (uint32_t)(((uint32_t)buff[5] * 4096) | ((uint32_t)buff[6] * 16) | ((uint32_t)buff[7] / 16));
   b55b4:	9b06      	ldr	r3, [sp, #24]
   b55b6:	ea4f 1019 	mov.w	r0, r9, lsr #4
   b55ba:	ea40 1003 	orr.w	r0, r0, r3, lsl #4
                data->temperature = calc_temperature(adc_temp, dev);
   b55be:	9b05      	ldr	r3, [sp, #20]
   b55c0:	4639      	mov	r1, r7
   b55c2:	ea40 3003 	orr.w	r0, r0, r3, lsl #12
   b55c6:	f7ff fa2f 	bl	b4a28 <calc_temperature>
        adc_pres = (uint32_t)(((uint32_t)buff[2] * 4096) | ((uint32_t)buff[3] * 16) | ((uint32_t)buff[4] / 16));
   b55ca:	9b04      	ldr	r3, [sp, #16]
                data->temperature = calc_temperature(adc_temp, dev);
   b55cc:	ed85 0a02 	vstr	s0, [r5, #8]
        adc_pres = (uint32_t)(((uint32_t)buff[2] * 4096) | ((uint32_t)buff[3] * 16) | ((uint32_t)buff[4] / 16));
   b55d0:	0918      	lsrs	r0, r3, #4
   b55d2:	9b03      	ldr	r3, [sp, #12]
   b55d4:	ea40 1003 	orr.w	r0, r0, r3, lsl #4
                data->pressure = calc_pressure(adc_pres, dev);
   b55d8:	9b02      	ldr	r3, [sp, #8]
   b55da:	ea40 3003 	orr.w	r0, r0, r3, lsl #12
   b55de:	f7ff fa63 	bl	b4aa8 <calc_pressure>
                data->humidity = calc_humidity(adc_hum, dev);
   b55e2:	e9dd 2307 	ldrd	r2, r3, [sp, #28]
                data->pressure = calc_pressure(adc_pres, dev);
   b55e6:	ed85 0a03 	vstr	s0, [r5, #12]
                data->humidity = calc_humidity(adc_hum, dev);
   b55ea:	ea43 2002 	orr.w	r0, r3, r2, lsl #8
   b55ee:	f7ff fb25 	bl	b4c3c <calc_humidity>
   b55f2:	ed85 0a04 	vstr	s0, [r5, #16]
                if (dev->variant_id == BME68X_VARIANT_GAS_HIGH)
   b55f6:	68bb      	ldr	r3, [r7, #8]
   b55f8:	2b01      	cmp	r3, #1
   b55fa:	d126      	bne.n	b564a <bme68x_get_data+0x1b2>
        adc_gas_res_high = (uint16_t)((uint32_t)buff[15] * 4 | (((uint32_t)buff[16]) / 64));
   b55fc:	ea4f 1398 	mov.w	r3, r8, lsr #6
    int32_t var2 = (int32_t)gas_res_adc - INT32_C(512);
   b5600:	ea43 0b8b 	orr.w	fp, r3, fp, lsl #2
    uint32_t var1 = UINT32_C(262144) >> gas_range;
   b5604:	f008 080f 	and.w	r8, r8, #15
   b5608:	f44f 2380 	mov.w	r3, #262144	; 0x40000
   b560c:	fa23 f308 	lsr.w	r3, r3, r8
   b5610:	ee07 3a10 	vmov	s14, r3
    calc_gas_res = 1000000.0f * (float)var1 / (float)var2;
   b5614:	eddf 7ab4 	vldr	s15, [pc, #720]	; b58e8 <bme68x_get_data+0x450>
   b5618:	eeb8 7ac7 	vcvt.f32.s32	s14, s14
    var2 *= INT32_C(3);
   b561c:	eb0b 0b4b 	add.w	fp, fp, fp, lsl #1
    var2 = INT32_C(4096) + var2;
   b5620:	f50b 6b20 	add.w	fp, fp, #2560	; 0xa00
    calc_gas_res = 1000000.0f * (float)var1 / (float)var2;
   b5624:	ee27 7a27 	vmul.f32	s14, s14, s15
   b5628:	ee07 ba90 	vmov	s15, fp
   b562c:	eef8 7ae7 	vcvt.f32.s32	s15, s15
   b5630:	eec7 6a27 	vdiv.f32	s13, s14, s15
                    data->gas_resistance = calc_gas_resistance_high(adc_gas_res_high, gas_range_h);
   b5634:	edc5 6a05 	vstr	s13, [r5, #20]
                if (data->status & BME68X_NEW_DATA_MSK)
   b5638:	f995 3000 	ldrsb.w	r3, [r5]
                    new_fields = 0;
   b563c:	2b00      	cmp	r3, #0
   b563e:	bfb5      	itete	lt
   b5640:	2601      	movlt	r6, #1
   b5642:	2600      	movge	r6, #0
   b5644:	2400      	movlt	r4, #0
   b5646:	2402      	movge	r4, #2
   b5648:	e01e      	b.n	b5688 <bme68x_get_data+0x1f0>
                    data->gas_resistance = calc_gas_resistance_low(adc_gas_res_low, gas_range_l, dev);
   b564a:	9b09      	ldr	r3, [sp, #36]	; 0x24
   b564c:	f997 203e 	ldrsb.w	r2, [r7, #62]	; 0x3e
        adc_gas_res_low = (uint16_t)((uint32_t)buff[13] * 4 | (((uint32_t)buff[14]) / 64));
   b5650:	ea4f 109a 	mov.w	r0, sl, lsr #6
                    data->gas_resistance = calc_gas_resistance_low(adc_gas_res_low, gas_range_l, dev);
   b5654:	f00a 010f 	and.w	r1, sl, #15
   b5658:	ea40 0083 	orr.w	r0, r0, r3, lsl #2
   b565c:	f7ff fc3c 	bl	b4ed8 <calc_gas_resistance_low.isra.0>
   b5660:	ed85 0a05 	vstr	s0, [r5, #20]
            if (rslt == BME68X_OK)
   b5664:	e7e8      	b.n	b5638 <bme68x_get_data+0x1a0>
        if (rslt == BME68X_OK)
   b5666:	b924      	cbnz	r4, b5672 <bme68x_get_data+0x1da>
            dev->delay_us(BME68X_PERIOD_POLL, dev->intf_ptr);
   b5668:	6cbb      	ldr	r3, [r7, #72]	; 0x48
   b566a:	6879      	ldr	r1, [r7, #4]
   b566c:	f242 7010 	movw	r0, #10000	; 0x2710
   b5670:	4798      	blx	r3
    while ((tries) && (rslt == BME68X_OK))
   b5672:	3e01      	subs	r6, #1
   b5674:	f016 06ff 	ands.w	r6, r6, #255	; 0xff
   b5678:	d004      	beq.n	b5684 <bme68x_get_data+0x1ec>
   b567a:	2c00      	cmp	r4, #0
   b567c:	f43f af35 	beq.w	b54ea <bme68x_get_data+0x52>
    uint8_t i = 0, j = 0, new_fields = 0;
   b5680:	2600      	movs	r6, #0
   b5682:	e001      	b.n	b5688 <bme68x_get_data+0x1f0>
            if (rslt == BME68X_OK)
   b5684:	2c00      	cmp	r4, #0
   b5686:	d0d7      	beq.n	b5638 <bme68x_get_data+0x1a0>
        if (n_data == NULL)
   b5688:	9b01      	ldr	r3, [sp, #4]
   b568a:	2b00      	cmp	r3, #0
   b568c:	f43f af1b 	beq.w	b54c6 <bme68x_get_data+0x2e>
            *n_data = new_fields;
   b5690:	701e      	strb	r6, [r3, #0]
    return rslt;
   b5692:	e71a      	b.n	b54ca <bme68x_get_data+0x32>
        else if ((op_mode == BME68X_PARALLEL_MODE) || (op_mode == BME68X_SEQUENTIAL_MODE))
   b5694:	3c02      	subs	r4, #2
   b5696:	2c01      	cmp	r4, #1
   b5698:	f200 8123 	bhi.w	b58e2 <bme68x_get_data+0x44a>
    uint8_t buff[BME68X_LEN_FIELD * 3] = { 0 };
   b569c:	4601      	mov	r1, r0
   b569e:	9015      	str	r0, [sp, #84]	; 0x54
   b56a0:	222f      	movs	r2, #47	; 0x2f
   b56a2:	a816      	add	r0, sp, #88	; 0x58
   b56a4:	f006 f95b 	bl	bb95e <memset>
    uint8_t set_val[30] = { 0 }; /* idac, res_heat, gas_wait */
   b56a8:	221a      	movs	r2, #26
   b56aa:	4631      	mov	r1, r6
   b56ac:	a80e      	add	r0, sp, #56	; 0x38
   b56ae:	960d      	str	r6, [sp, #52]	; 0x34
   b56b0:	f006 f955 	bl	bb95e <memset>
        rslt = bme68x_get_regs(BME68X_REG_FIELD0, buff, (uint32_t) BME68X_LEN_FIELD * 3, dev);
   b56b4:	463b      	mov	r3, r7
   b56b6:	2233      	movs	r2, #51	; 0x33
   b56b8:	a915      	add	r1, sp, #84	; 0x54
   b56ba:	201d      	movs	r0, #29
   b56bc:	f7ff fcbc 	bl	b5038 <bme68x_get_regs>
   b56c0:	4604      	mov	r4, r0
   b56c2:	4682      	mov	sl, r0
    if (rslt == BME68X_OK)
   b56c4:	2800      	cmp	r0, #0
   b56c6:	f040 809a 	bne.w	b57fe <bme68x_get_data+0x366>
        rslt = bme68x_get_regs(BME68X_REG_IDAC_HEAT0, set_val, 30, dev);
   b56ca:	463b      	mov	r3, r7
   b56cc:	221e      	movs	r2, #30
   b56ce:	a90d      	add	r1, sp, #52	; 0x34
   b56d0:	2050      	movs	r0, #80	; 0x50
   b56d2:	f7ff fcb1 	bl	b5038 <bme68x_get_regs>
    for (i = 0; ((i < 3) && (rslt == BME68X_OK)); i++)
   b56d6:	ae15      	add	r6, sp, #84	; 0x54
    calc_gas_res = 1000000.0f * (float)var1 / (float)var2;
   b56d8:	eddf 3a83 	vldr	s7, [pc, #524]	; b58e8 <bme68x_get_data+0x450>
    for (i = 0; ((i < 3) && (rslt == BME68X_OK)); i++)
   b56dc:	4604      	mov	r4, r0
   b56de:	2800      	cmp	r0, #0
   b56e0:	f040 808d 	bne.w	b57fe <bme68x_get_data+0x366>
        data[i]->status = buff[off] & BME68X_NEW_DATA_MSK;
   b56e4:	ab0a      	add	r3, sp, #40	; 0x28
            (uint32_t) (((uint32_t) buff[off + 2] * 4096) | ((uint32_t) buff[off + 3] * 16) |
   b56e6:	f896 9003 	ldrb.w	r9, [r6, #3]
        data[i]->status = buff[off] & BME68X_NEW_DATA_MSK;
   b56ea:	f853 802a 	ldr.w	r8, [r3, sl, lsl #2]
        data[i]->meas_index = buff[off + 1];
   b56ee:	7873      	ldrb	r3, [r6, #1]
   b56f0:	f888 3002 	strb.w	r3, [r8, #2]
            (uint32_t) (((uint32_t) buff[off + 2] * 4096) | ((uint32_t) buff[off + 3] * 16) |
   b56f4:	78b3      	ldrb	r3, [r6, #2]
            (uint32_t) (((uint32_t) buff[off + 5] * 4096) | ((uint32_t) buff[off + 6] * 16) |
   b56f6:	79b0      	ldrb	r0, [r6, #6]
        adc_hum = (uint16_t) (((uint32_t) buff[off + 8] * 256) | (uint32_t) buff[off + 9]);
   b56f8:	7a32      	ldrb	r2, [r6, #8]
        data[i]->status = buff[off] & BME68X_NEW_DATA_MSK;
   b56fa:	7831      	ldrb	r1, [r6, #0]
        adc_gas_res_low = (uint16_t) ((uint32_t) buff[off + 13] * 4 | (((uint32_t) buff[off + 14]) / 64));
   b56fc:	f896 b00e 	ldrb.w	fp, [r6, #14]
            (uint32_t) (((uint32_t) buff[off + 2] * 4096) | ((uint32_t) buff[off + 3] * 16) |
   b5700:	ea4f 1909 	mov.w	r9, r9, lsl #4
   b5704:	ea49 3903 	orr.w	r9, r9, r3, lsl #12
                        ((uint32_t) buff[off + 4] / 16));
   b5708:	7933      	ldrb	r3, [r6, #4]
        adc_pres =
   b570a:	ea49 1913 	orr.w	r9, r9, r3, lsr #4
            (uint32_t) (((uint32_t) buff[off + 5] * 4096) | ((uint32_t) buff[off + 6] * 16) |
   b570e:	7973      	ldrb	r3, [r6, #5]
   b5710:	0100      	lsls	r0, r0, #4
   b5712:	ea40 3003 	orr.w	r0, r0, r3, lsl #12
                        ((uint32_t) buff[off + 7] / 16));
   b5716:	79f3      	ldrb	r3, [r6, #7]
        adc_temp =
   b5718:	ea40 1313 	orr.w	r3, r0, r3, lsr #4
   b571c:	ee07 3a90 	vmov	s15, r3
        adc_hum = (uint16_t) (((uint32_t) buff[off + 8] * 256) | (uint32_t) buff[off + 9]);
   b5720:	7a73      	ldrb	r3, [r6, #9]
        if (dev->variant_id == BME68X_VARIANT_GAS_HIGH)
   b5722:	68b8      	ldr	r0, [r7, #8]
        adc_hum = (uint16_t) (((uint32_t) buff[off + 8] * 256) | (uint32_t) buff[off + 9]);
   b5724:	ea43 2302 	orr.w	r3, r3, r2, lsl #8
        adc_gas_res_low = (uint16_t) ((uint32_t) buff[off + 13] * 4 | (((uint32_t) buff[off + 14]) / 64));
   b5728:	7b72      	ldrb	r2, [r6, #13]
   b572a:	9202      	str	r2, [sp, #8]
        adc_gas_res_high = (uint16_t) ((uint32_t) buff[off + 15] * 4 | (((uint32_t) buff[off + 16]) / 64));
   b572c:	7bf2      	ldrb	r2, [r6, #15]
   b572e:	9203      	str	r2, [sp, #12]
   b5730:	7c32      	ldrb	r2, [r6, #16]
   b5732:	9304      	str	r3, [sp, #16]
        if (dev->variant_id == BME68X_VARIANT_GAS_HIGH)
   b5734:	2801      	cmp	r0, #1
        data[i]->gas_index = buff[off] & BME68X_GAS_INDEX_MSK;
   b5736:	f001 0c0f 	and.w	ip, r1, #15
        data[i]->status = buff[off] & BME68X_NEW_DATA_MSK;
   b573a:	f021 017f 	bic.w	r1, r1, #127	; 0x7f
            data[i]->status |= buff[off + 16] & BME68X_GASM_VALID_MSK;
   b573e:	bf0c      	ite	eq
   b5740:	f002 0e20 	andeq.w	lr, r2, #32
            data[i]->status |= buff[off + 14] & BME68X_GASM_VALID_MSK;
   b5744:	f00b 0e20 	andne.w	lr, fp, #32
            data[i]->status |= buff[off + 16] & BME68X_GASM_VALID_MSK;
   b5748:	b249      	sxtb	r1, r1
   b574a:	bf0b      	itete	eq
   b574c:	ea41 010e 	orreq.w	r1, r1, lr
            data[i]->status |= buff[off + 14] & BME68X_GASM_VALID_MSK;
   b5750:	ea41 010e 	orrne.w	r1, r1, lr
            data[i]->status |= buff[off + 16] & BME68X_HEAT_STAB_MSK;
   b5754:	f002 0e10 	andeq.w	lr, r2, #16
            data[i]->status |= buff[off + 14] & BME68X_HEAT_STAB_MSK;
   b5758:	f00b 0e10 	andne.w	lr, fp, #16
        data[i]->idac = set_val[data[i]->gas_index];
   b575c:	ab34      	add	r3, sp, #208	; 0xd0
            data[i]->status |= buff[off + 14] & BME68X_HEAT_STAB_MSK;
   b575e:	ea41 010e 	orr.w	r1, r1, lr
   b5762:	f888 1000 	strb.w	r1, [r8]
        data[i]->idac = set_val[data[i]->gas_index];
   b5766:	eb03 010c 	add.w	r1, r3, ip
        data[i]->gas_index = buff[off] & BME68X_GAS_INDEX_MSK;
   b576a:	f888 c001 	strb.w	ip, [r8, #1]
        data[i]->idac = set_val[data[i]->gas_index];
   b576e:	f811 1c9c 	ldrb.w	r1, [r1, #-156]
   b5772:	f888 1004 	strb.w	r1, [r8, #4]
        data[i]->res_heat = set_val[10 + data[i]->gas_index];
   b5776:	eb03 010c 	add.w	r1, r3, ip
        data[i]->gas_wait = set_val[20 + data[i]->gas_index];
   b577a:	449c      	add	ip, r3
        data[i]->res_heat = set_val[10 + data[i]->gas_index];
   b577c:	f811 1c92 	ldrb.w	r1, [r1, #-146]
   b5780:	f888 1003 	strb.w	r1, [r8, #3]
        data[i]->gas_wait = set_val[20 + data[i]->gas_index];
   b5784:	f81c 1c88 	ldrb.w	r1, [ip, #-136]
   b5788:	f888 1005 	strb.w	r1, [r8, #5]
        data[i]->temperature = calc_temperature(adc_temp, dev);
   b578c:	ee17 0a90 	vmov	r0, s15
   b5790:	4639      	mov	r1, r7
   b5792:	f7ff f949 	bl	b4a28 <calc_temperature>
        data[i]->pressure = calc_pressure(adc_pres, dev);
   b5796:	4648      	mov	r0, r9
        data[i]->temperature = calc_temperature(adc_temp, dev);
   b5798:	ed88 0a02 	vstr	s0, [r8, #8]
        data[i]->pressure = calc_pressure(adc_pres, dev);
   b579c:	f7ff f984 	bl	b4aa8 <calc_pressure>
        data[i]->humidity = calc_humidity(adc_hum, dev);
   b57a0:	9b04      	ldr	r3, [sp, #16]
        data[i]->pressure = calc_pressure(adc_pres, dev);
   b57a2:	ed88 0a03 	vstr	s0, [r8, #12]
        data[i]->humidity = calc_humidity(adc_hum, dev);
   b57a6:	4618      	mov	r0, r3
   b57a8:	f7ff fa48 	bl	b4c3c <calc_humidity>
        if (dev->variant_id == BME68X_VARIANT_GAS_HIGH)
   b57ac:	68bb      	ldr	r3, [r7, #8]
        data[i]->humidity = calc_humidity(adc_hum, dev);
   b57ae:	ed88 0a04 	vstr	s0, [r8, #16]
        if (dev->variant_id == BME68X_VARIANT_GAS_HIGH)
   b57b2:	2b01      	cmp	r3, #1
   b57b4:	d13a      	bne.n	b582c <bme68x_get_data+0x394>
    int32_t var2 = (int32_t)gas_res_adc - INT32_C(512);
   b57b6:	9903      	ldr	r1, [sp, #12]
        adc_gas_res_high = (uint16_t) ((uint32_t) buff[off + 15] * 4 | (((uint32_t) buff[off + 16]) / 64));
   b57b8:	0993      	lsrs	r3, r2, #6
    int32_t var2 = (int32_t)gas_res_adc - INT32_C(512);
   b57ba:	ea43 0381 	orr.w	r3, r3, r1, lsl #2
    uint32_t var1 = UINT32_C(262144) >> gas_range;
   b57be:	f002 020f 	and.w	r2, r2, #15
   b57c2:	f44f 2180 	mov.w	r1, #262144	; 0x40000
   b57c6:	fa21 f202 	lsr.w	r2, r1, r2
    calc_gas_res = 1000000.0f * (float)var1 / (float)var2;
   b57ca:	ee07 2a90 	vmov	s15, r2
    var2 *= INT32_C(3);
   b57ce:	eb03 0343 	add.w	r3, r3, r3, lsl #1
    var2 = INT32_C(4096) + var2;
   b57d2:	f503 6320 	add.w	r3, r3, #2560	; 0xa00
    calc_gas_res = 1000000.0f * (float)var1 / (float)var2;
   b57d6:	eef8 7ae7 	vcvt.f32.s32	s15, s15
   b57da:	ee07 3a10 	vmov	s14, r3
   b57de:	ee67 7aa3 	vmul.f32	s15, s15, s7
   b57e2:	eeb8 7ac7 	vcvt.f32.s32	s14, s14
   b57e6:	ee87 0a87 	vdiv.f32	s0, s15, s14
    for (i = 0; ((i < 3) && (rslt == BME68X_OK)); i++)
   b57ea:	f10a 0a01 	add.w	sl, sl, #1
   b57ee:	f1ba 0f03 	cmp.w	sl, #3
   b57f2:	f106 0611 	add.w	r6, r6, #17
   b57f6:	ed88 0a05 	vstr	s0, [r8, #20]
   b57fa:	f47f af73 	bne.w	b56e4 <bme68x_get_data+0x24c>
            for (i = 0; (i < 3) && (rslt == BME68X_OK); i++)
   b57fe:	f10d 0e28 	add.w	lr, sp, #40	; 0x28
   b5802:	4672      	mov	r2, lr
   b5804:	2303      	movs	r3, #3
            new_fields = 0;
   b5806:	2600      	movs	r6, #0
            for (i = 0; (i < 3) && (rslt == BME68X_OK); i++)
   b5808:	2c00      	cmp	r4, #0
   b580a:	d151      	bne.n	b58b0 <bme68x_get_data+0x418>
                if (field_ptr[i]->status & BME68X_NEW_DATA_MSK)
   b580c:	f852 1b04 	ldr.w	r1, [r2], #4
   b5810:	f991 1000 	ldrsb.w	r1, [r1]
   b5814:	2900      	cmp	r1, #0
                    new_fields++;
   b5816:	bfb8      	it	lt
   b5818:	3601      	addlt	r6, #1
            for (i = 0; (i < 3) && (rslt == BME68X_OK); i++)
   b581a:	f103 33ff 	add.w	r3, r3, #4294967295
                    new_fields++;
   b581e:	bfb8      	it	lt
   b5820:	b2f6      	uxtblt	r6, r6
            for (i = 0; (i < 3) && (rslt == BME68X_OK); i++)
   b5822:	f013 03ff 	ands.w	r3, r3, #255	; 0xff
   b5826:	d1f1      	bne.n	b580c <bme68x_get_data+0x374>
   b5828:	4670      	mov	r0, lr
   b582a:	e039      	b.n	b58a0 <bme68x_get_data+0x408>
            data[i]->gas_resistance = calc_gas_resistance_low(adc_gas_res_low, gas_range_l, dev);
   b582c:	9b02      	ldr	r3, [sp, #8]
   b582e:	f997 203e 	ldrsb.w	r2, [r7, #62]	; 0x3e
        adc_gas_res_low = (uint16_t) ((uint32_t) buff[off + 13] * 4 | (((uint32_t) buff[off + 14]) / 64));
   b5832:	ea4f 109b 	mov.w	r0, fp, lsr #6
            data[i]->gas_resistance = calc_gas_resistance_low(adc_gas_res_low, gas_range_l, dev);
   b5836:	f00b 010f 	and.w	r1, fp, #15
   b583a:	ea40 0083 	orr.w	r0, r0, r3, lsl #2
   b583e:	f7ff fb4b 	bl	b4ed8 <calc_gas_resistance_low.isra.0>
   b5842:	e7d2      	b.n	b57ea <bme68x_get_data+0x352>
   b5844:	f04f 0902 	mov.w	r9, #2
    meas_index1 = (int16_t)field[low_index]->meas_index;
   b5848:	f8dc 7000 	ldr.w	r7, [ip]
    meas_index2 = (int16_t)field[high_index]->meas_index;
   b584c:	f851 3b04 	ldr.w	r3, [r1], #4
    if ((field[low_index]->status & BME68X_NEW_DATA_MSK) && (field[high_index]->status & BME68X_NEW_DATA_MSK))
   b5850:	f997 a000 	ldrsb.w	sl, [r7]
   b5854:	f993 2000 	ldrsb.w	r2, [r3]
   b5858:	f1ba 0f00 	cmp.w	sl, #0
   b585c:	da16      	bge.n	b588c <bme68x_get_data+0x3f4>
   b585e:	2a00      	cmp	r2, #0
   b5860:	da16      	bge.n	b5890 <bme68x_get_data+0x3f8>
        int16_t diff = meas_index2 - meas_index1;
   b5862:	f897 a002 	ldrb.w	sl, [r7, #2]
   b5866:	789a      	ldrb	r2, [r3, #2]
   b5868:	eba2 020a 	sub.w	r2, r2, sl
   b586c:	b292      	uxth	r2, r2
        if (((diff > -3) && (diff < 0)) || (diff > 2))
   b586e:	f102 0a02 	add.w	sl, r2, #2
   b5872:	fa1f fa8a 	uxth.w	sl, sl
   b5876:	f1ba 0f01 	cmp.w	sl, #1
   b587a:	d902      	bls.n	b5882 <bme68x_get_data+0x3ea>
   b587c:	b212      	sxth	r2, r2
   b587e:	2a02      	cmp	r2, #2
   b5880:	dd06      	ble.n	b5890 <bme68x_get_data+0x3f8>
    field[index1] = field[index2];
   b5882:	f8cc 3000 	str.w	r3, [ip]
    field[index2] = temp;
   b5886:	f841 7c04 	str.w	r7, [r1, #-4]
}
   b588a:	e001      	b.n	b5890 <bme68x_get_data+0x3f8>
    else if (field[high_index]->status & BME68X_NEW_DATA_MSK)
   b588c:	2a00      	cmp	r2, #0
   b588e:	dbf8      	blt.n	b5882 <bme68x_get_data+0x3ea>
                for (j = i + 1; j < 3; j++)
   b5890:	f1b9 0f02 	cmp.w	r9, #2
   b5894:	d1d6      	bne.n	b5844 <bme68x_get_data+0x3ac>
            for (i = 0; (i < 2) && (rslt == BME68X_OK); i++)
   b5896:	f1b8 0f02 	cmp.w	r8, #2
   b589a:	f04f 0301 	mov.w	r3, #1
   b589e:	d007      	beq.n	b58b0 <bme68x_get_data+0x418>
                for (j = i + 1; j < 3; j++)
   b58a0:	3301      	adds	r3, #1
   b58a2:	fa5f f883 	uxtb.w	r8, r3
   b58a6:	4684      	mov	ip, r0
   b58a8:	3004      	adds	r0, #4
   b58aa:	4601      	mov	r1, r0
   b58ac:	46c1      	mov	r9, r8
   b58ae:	e7cb      	b.n	b5848 <bme68x_get_data+0x3b0>
   b58b0:	f04f 0800 	mov.w	r8, #0
                data[i] = *field_ptr[i];
   b58b4:	f04f 0918 	mov.w	r9, #24
            for (i = 0; ((i < 3) && (rslt == BME68X_OK)); i++)
   b58b8:	b97c      	cbnz	r4, b58da <bme68x_get_data+0x442>
                data[i] = *field_ptr[i];
   b58ba:	f85e cb04 	ldr.w	ip, [lr], #4
   b58be:	e8bc 000f 	ldmia.w	ip!, {r0, r1, r2, r3}
   b58c2:	fb09 5708 	mla	r7, r9, r8, r5
   b58c6:	c70f      	stmia	r7!, {r0, r1, r2, r3}
   b58c8:	e89c 0003 	ldmia.w	ip, {r0, r1}
            for (i = 0; ((i < 3) && (rslt == BME68X_OK)); i++)
   b58cc:	f108 0801 	add.w	r8, r8, #1
   b58d0:	f1b8 0f03 	cmp.w	r8, #3
                data[i] = *field_ptr[i];
   b58d4:	e887 0003 	stmia.w	r7, {r0, r1}
            for (i = 0; ((i < 3) && (rslt == BME68X_OK)); i++)
   b58d8:	d1ef      	bne.n	b58ba <bme68x_get_data+0x422>
                rslt = BME68X_W_NO_NEW_DATA;
   b58da:	2e00      	cmp	r6, #0
   b58dc:	bf08      	it	eq
   b58de:	2402      	moveq	r4, #2
   b58e0:	e6d2      	b.n	b5688 <bme68x_get_data+0x1f0>
            rslt = BME68X_W_DEFINE_OP_MODE;
   b58e2:	2401      	movs	r4, #1
   b58e4:	e6d0      	b.n	b5688 <bme68x_get_data+0x1f0>
   b58e6:	bf00      	nop
   b58e8:	49742400 	.word	0x49742400

000b58ec <bme68x_set_heatr_conf>:
{
   b58ec:	e92d 4ff0 	stmdb	sp!, {r4, r5, r6, r7, r8, r9, sl, fp, lr}
   b58f0:	b093      	sub	sp, #76	; 0x4c
    uint8_t ctrl_gas_addr[2] = { BME68X_REG_CTRL_GAS_0, BME68X_REG_CTRL_GAS_1 };
   b58f2:	f247 1370 	movw	r3, #29040	; 0x7170
{
   b58f6:	4606      	mov	r6, r0
   b58f8:	4617      	mov	r7, r2
    uint8_t ctrl_gas_addr[2] = { BME68X_REG_CTRL_GAS_0, BME68X_REG_CTRL_GAS_1 };
   b58fa:	f8ad 3014 	strh.w	r3, [sp, #20]
    if (conf != NULL)
   b58fe:	460d      	mov	r5, r1
   b5900:	2900      	cmp	r1, #0
   b5902:	f000 8093 	beq.w	b5a2c <bme68x_set_heatr_conf+0x140>
        rslt = bme68x_set_op_mode(BME68X_SLEEP_MODE, dev);
   b5906:	4611      	mov	r1, r2
   b5908:	2000      	movs	r0, #0
   b590a:	f7ff fc96 	bl	b523a <bme68x_set_op_mode>
        if (rslt == BME68X_OK)
   b590e:	4604      	mov	r4, r0
   b5910:	2800      	cmp	r0, #0
   b5912:	f040 80f5 	bne.w	b5b00 <bme68x_set_heatr_conf+0x214>
    uint8_t rh_reg_addr[10] = { 0, 0, 0, 0, 0, 0, 0, 0, 0, 0 };
   b5916:	4a8d      	ldr	r2, [pc, #564]	; (b5b4c <bme68x_set_heatr_conf+0x260>)
    uint8_t heater_dur_shared_addr = BME68X_REG_SHD_HEATR_DUR;
   b5918:	236e      	movs	r3, #110	; 0x6e
    uint8_t rh_reg_addr[10] = { 0, 0, 0, 0, 0, 0, 0, 0, 0, 0 };
   b591a:	f8d2 0086 	ldr.w	r0, [r2, #134]	; 0x86
   b591e:	f8d2 108a 	ldr.w	r1, [r2, #138]	; 0x8a
    uint8_t heater_dur_shared_addr = BME68X_REG_SHD_HEATR_DUR;
   b5922:	f88d 3013 	strb.w	r3, [sp, #19]
    uint8_t rh_reg_addr[10] = { 0, 0, 0, 0, 0, 0, 0, 0, 0, 0 };
   b5926:	ab06      	add	r3, sp, #24
   b5928:	c303      	stmia	r3!, {r0, r1}
   b592a:	f8b2 208e 	ldrh.w	r2, [r2, #142]	; 0x8e
   b592e:	801a      	strh	r2, [r3, #0]
    uint8_t rh_reg_data[10] = { 0, 0, 0, 0, 0, 0, 0, 0, 0, 0 };
   b5930:	ab09      	add	r3, sp, #36	; 0x24
   b5932:	c303      	stmia	r3!, {r0, r1}
   b5934:	801a      	strh	r2, [r3, #0]
    uint8_t gw_reg_addr[10] = { 0, 0, 0, 0, 0, 0, 0, 0, 0, 0 };
   b5936:	ab0c      	add	r3, sp, #48	; 0x30
   b5938:	c303      	stmia	r3!, {r0, r1}
   b593a:	801a      	strh	r2, [r3, #0]
    uint8_t gw_reg_data[10] = { 0, 0, 0, 0, 0, 0, 0, 0, 0, 0 };
   b593c:	ab0f      	add	r3, sp, #60	; 0x3c
   b593e:	c303      	stmia	r3!, {r0, r1}
    switch (op_mode)
   b5940:	2e02      	cmp	r6, #2
    uint8_t gw_reg_data[10] = { 0, 0, 0, 0, 0, 0, 0, 0, 0, 0 };
   b5942:	801a      	strh	r2, [r3, #0]
    switch (op_mode)
   b5944:	f10d 0818 	add.w	r8, sp, #24
   b5948:	f10d 0924 	add.w	r9, sp, #36	; 0x24
   b594c:	f10d 0a3c 	add.w	sl, sp, #60	; 0x3c
   b5950:	f000 809e 	beq.w	b5a90 <bme68x_set_heatr_conf+0x1a4>
   b5954:	2e03      	cmp	r6, #3
   b5956:	d064      	beq.n	b5a22 <bme68x_set_heatr_conf+0x136>
   b5958:	2e01      	cmp	r6, #1
   b595a:	f040 80f5 	bne.w	b5b48 <bme68x_set_heatr_conf+0x25c>
            rh_reg_addr[0] = BME68X_REG_RES_HEAT0;
   b595e:	235a      	movs	r3, #90	; 0x5a
            rh_reg_data[0] = calc_res_heat(conf->heatr_temp, dev);
   b5960:	8868      	ldrh	r0, [r5, #2]
            rh_reg_addr[0] = BME68X_REG_RES_HEAT0;
   b5962:	f88d 3018 	strb.w	r3, [sp, #24]
            rh_reg_data[0] = calc_res_heat(conf->heatr_temp, dev);
   b5966:	4639      	mov	r1, r7
   b5968:	f7ff f9d6 	bl	b4d18 <calc_res_heat>
            gw_reg_addr[0] = BME68X_REG_GAS_WAIT0;
   b596c:	2364      	movs	r3, #100	; 0x64
   b596e:	f88d 3030 	strb.w	r3, [sp, #48]	; 0x30
            gw_reg_data[0] = calc_gas_wait(conf->heatr_dur);
   b5972:	88ab      	ldrh	r3, [r5, #4]
            rh_reg_data[0] = calc_res_heat(conf->heatr_temp, dev);
   b5974:	f88d 0024 	strb.w	r0, [sp, #36]	; 0x24
    if (dur >= 0xfc0)
   b5978:	f5b3 6f7c 	cmp.w	r3, #4032	; 0xfc0
   b597c:	d24f      	bcs.n	b5a1e <bme68x_set_heatr_conf+0x132>
        while (dur > 0x3F)
   b597e:	2b3f      	cmp	r3, #63	; 0x3f
   b5980:	b2e2      	uxtb	r2, r4
   b5982:	f104 0401 	add.w	r4, r4, #1
   b5986:	d848      	bhi.n	b5a1a <bme68x_set_heatr_conf+0x12e>
        durval = (uint8_t)(dur + (factor * 64));
   b5988:	eb03 1382 	add.w	r3, r3, r2, lsl #6
   b598c:	b2db      	uxtb	r3, r3
            gw_reg_data[0] = calc_gas_wait(conf->heatr_dur);
   b598e:	f88d 303c 	strb.w	r3, [sp, #60]	; 0x3c
            (*nb_conv) = 0;
   b5992:	f04f 0a00 	mov.w	sl, #0
        rslt = bme68x_set_regs(rh_reg_addr, rh_reg_data, write_len, dev);
   b5996:	463b      	mov	r3, r7
   b5998:	4632      	mov	r2, r6
   b599a:	4649      	mov	r1, r9
   b599c:	4640      	mov	r0, r8
   b599e:	f7ff fb01 	bl	b4fa4 <bme68x_set_regs>
    if (rslt == BME68X_OK)
   b59a2:	4604      	mov	r4, r0
   b59a4:	2800      	cmp	r0, #0
   b59a6:	f040 80ab 	bne.w	b5b00 <bme68x_set_heatr_conf+0x214>
        rslt = bme68x_set_regs(gw_reg_addr, gw_reg_data, write_len, dev);
   b59aa:	463b      	mov	r3, r7
   b59ac:	4632      	mov	r2, r6
   b59ae:	a90f      	add	r1, sp, #60	; 0x3c
   b59b0:	a80c      	add	r0, sp, #48	; 0x30
   b59b2:	f7ff faf7 	bl	b4fa4 <bme68x_set_regs>
        if (rslt == BME68X_OK)
   b59b6:	4604      	mov	r4, r0
   b59b8:	2800      	cmp	r0, #0
   b59ba:	f040 80a1 	bne.w	b5b00 <bme68x_set_heatr_conf+0x214>
            rslt = bme68x_get_regs(BME68X_REG_CTRL_GAS_0, ctrl_gas_data, 2, dev);
   b59be:	463b      	mov	r3, r7
   b59c0:	2202      	movs	r2, #2
   b59c2:	a90f      	add	r1, sp, #60	; 0x3c
   b59c4:	2070      	movs	r0, #112	; 0x70
   b59c6:	f7ff fb37 	bl	b5038 <bme68x_get_regs>
            if (rslt == BME68X_OK)
   b59ca:	4604      	mov	r4, r0
   b59cc:	2800      	cmp	r0, #0
   b59ce:	f040 8097 	bne.w	b5b00 <bme68x_set_heatr_conf+0x214>
                if (conf->enable == BME68X_ENABLE)
   b59d2:	782a      	ldrb	r2, [r5, #0]
   b59d4:	2a01      	cmp	r2, #1
   b59d6:	f040 80b4 	bne.w	b5b42 <bme68x_set_heatr_conf+0x256>
                    if (dev->variant_id == BME68X_VARIANT_GAS_HIGH)
   b59da:	68bb      	ldr	r3, [r7, #8]
                    hctrl = BME68X_ENABLE_HEATER;
   b59dc:	2b01      	cmp	r3, #1
   b59de:	bf08      	it	eq
   b59e0:	2202      	moveq	r2, #2
                ctrl_gas_data[0] = BME68X_SET_BITS(ctrl_gas_data[0], BME68X_HCTRL, hctrl);
   b59e2:	f89d 303c 	ldrb.w	r3, [sp, #60]	; 0x3c
   b59e6:	f023 0308 	bic.w	r3, r3, #8
   b59ea:	ea43 04c4 	orr.w	r4, r3, r4, lsl #3
                ctrl_gas_data[1] = BME68X_SET_BITS_POS_0(ctrl_gas_data[1], BME68X_NBCONV, nb_conv);
   b59ee:	f89d 303d 	ldrb.w	r3, [sp, #61]	; 0x3d
                ctrl_gas_data[0] = BME68X_SET_BITS(ctrl_gas_data[0], BME68X_HCTRL, hctrl);
   b59f2:	f88d 403c 	strb.w	r4, [sp, #60]	; 0x3c
                ctrl_gas_data[1] = BME68X_SET_BITS_POS_0(ctrl_gas_data[1], BME68X_NBCONV, nb_conv);
   b59f6:	f023 030f 	bic.w	r3, r3, #15
   b59fa:	ea43 030a 	orr.w	r3, r3, sl
                ctrl_gas_data[1] = BME68X_SET_BITS(ctrl_gas_data[1], BME68X_RUN_GAS, run_gas);
   b59fe:	f023 0330 	bic.w	r3, r3, #48	; 0x30
   b5a02:	ea43 1302 	orr.w	r3, r3, r2, lsl #4
   b5a06:	f88d 303d 	strb.w	r3, [sp, #61]	; 0x3d
                rslt = bme68x_set_regs(ctrl_gas_addr, ctrl_gas_data, 2, dev);
   b5a0a:	2202      	movs	r2, #2
   b5a0c:	463b      	mov	r3, r7
   b5a0e:	a90f      	add	r1, sp, #60	; 0x3c
   b5a10:	a805      	add	r0, sp, #20
   b5a12:	f7ff fac7 	bl	b4fa4 <bme68x_set_regs>
   b5a16:	4604      	mov	r4, r0
   b5a18:	e072      	b.n	b5b00 <bme68x_set_heatr_conf+0x214>
            dur = dur / 4;
   b5a1a:	089b      	lsrs	r3, r3, #2
            factor += 1;
   b5a1c:	e7af      	b.n	b597e <bme68x_set_heatr_conf+0x92>
        durval = 0xff; /* Max duration*/
   b5a1e:	23ff      	movs	r3, #255	; 0xff
   b5a20:	e7b5      	b.n	b598e <bme68x_set_heatr_conf+0xa2>
            if ((!conf->heatr_dur_prof) || (!conf->heatr_temp_prof))
   b5a22:	f8d5 b00c 	ldr.w	fp, [r5, #12]
   b5a26:	f1bb 0f00 	cmp.w	fp, #0
   b5a2a:	d102      	bne.n	b5a32 <bme68x_set_heatr_conf+0x146>
        rslt = BME68X_E_NULL_PTR;
   b5a2c:	f04f 34ff 	mov.w	r4, #4294967295
   b5a30:	e066      	b.n	b5b00 <bme68x_set_heatr_conf+0x214>
            if ((!conf->heatr_dur_prof) || (!conf->heatr_temp_prof))
   b5a32:	68ab      	ldr	r3, [r5, #8]
   b5a34:	2b00      	cmp	r3, #0
   b5a36:	d0f9      	beq.n	b5a2c <bme68x_set_heatr_conf+0x140>
            for (i = 0; i < conf->profile_len; i++)
   b5a38:	7c2e      	ldrb	r6, [r5, #16]
   b5a3a:	b2e2      	uxtb	r2, r4
   b5a3c:	4296      	cmp	r6, r2
   b5a3e:	d801      	bhi.n	b5a44 <bme68x_set_heatr_conf+0x158>
   b5a40:	46b2      	mov	sl, r6
   b5a42:	e7a8      	b.n	b5996 <bme68x_set_heatr_conf+0xaa>
                rh_reg_addr[i] = BME68X_REG_RES_HEAT0 + i;
   b5a44:	f102 015a 	add.w	r1, r2, #90	; 0x5a
   b5a48:	f808 1004 	strb.w	r1, [r8, r4]
                rh_reg_data[i] = calc_res_heat(conf->heatr_temp_prof[i], dev);
   b5a4c:	4639      	mov	r1, r7
   b5a4e:	f833 0014 	ldrh.w	r0, [r3, r4, lsl #1]
   b5a52:	9301      	str	r3, [sp, #4]
   b5a54:	f7ff f960 	bl	b4d18 <calc_res_heat>
                gw_reg_addr[i] = BME68X_REG_GAS_WAIT0 + i;
   b5a58:	ab0c      	add	r3, sp, #48	; 0x30
   b5a5a:	3264      	adds	r2, #100	; 0x64
   b5a5c:	551a      	strb	r2, [r3, r4]
                rh_reg_data[i] = calc_res_heat(conf->heatr_temp_prof[i], dev);
   b5a5e:	f809 0004 	strb.w	r0, [r9, r4]
                gw_reg_data[i] = calc_gas_wait(conf->heatr_dur_prof[i]);
   b5a62:	f83b 2014 	ldrh.w	r2, [fp, r4, lsl #1]
    if (dur >= 0xfc0)
   b5a66:	9b01      	ldr	r3, [sp, #4]
   b5a68:	f5b2 6f7c 	cmp.w	r2, #4032	; 0xfc0
   b5a6c:	d20e      	bcs.n	b5a8c <bme68x_set_heatr_conf+0x1a0>
   b5a6e:	2100      	movs	r1, #0
        while (dur > 0x3F)
   b5a70:	2a3f      	cmp	r2, #63	; 0x3f
   b5a72:	b2c8      	uxtb	r0, r1
   b5a74:	f101 0101 	add.w	r1, r1, #1
   b5a78:	d806      	bhi.n	b5a88 <bme68x_set_heatr_conf+0x19c>
        durval = (uint8_t)(dur + (factor * 64));
   b5a7a:	eb02 1280 	add.w	r2, r2, r0, lsl #6
   b5a7e:	b2d2      	uxtb	r2, r2
                gw_reg_data[i] = calc_gas_wait(conf->heatr_dur_prof[i]);
   b5a80:	f80a 2004 	strb.w	r2, [sl, r4]
            for (i = 0; i < conf->profile_len; i++)
   b5a84:	3401      	adds	r4, #1
   b5a86:	e7d8      	b.n	b5a3a <bme68x_set_heatr_conf+0x14e>
            dur = dur / 4;
   b5a88:	0892      	lsrs	r2, r2, #2
            factor += 1;
   b5a8a:	e7f1      	b.n	b5a70 <bme68x_set_heatr_conf+0x184>
        durval = 0xff; /* Max duration*/
   b5a8c:	22ff      	movs	r2, #255	; 0xff
   b5a8e:	e7f7      	b.n	b5a80 <bme68x_set_heatr_conf+0x194>
            if ((!conf->heatr_dur_prof) || (!conf->heatr_temp_prof))
   b5a90:	f8d5 b00c 	ldr.w	fp, [r5, #12]
   b5a94:	f1bb 0f00 	cmp.w	fp, #0
   b5a98:	d0c8      	beq.n	b5a2c <bme68x_set_heatr_conf+0x140>
   b5a9a:	68ab      	ldr	r3, [r5, #8]
   b5a9c:	9301      	str	r3, [sp, #4]
   b5a9e:	2b00      	cmp	r3, #0
   b5aa0:	d0c4      	beq.n	b5a2c <bme68x_set_heatr_conf+0x140>
            if (conf->shared_heatr_dur == 0)
   b5aa2:	8a6b      	ldrh	r3, [r5, #18]
            for (i = 0; i < conf->profile_len; i++)
   b5aa4:	7c2e      	ldrb	r6, [r5, #16]
                gw_reg_data[i] = (uint8_t) conf->heatr_dur_prof[i];
   b5aa6:	f8cd a008 	str.w	sl, [sp, #8]
                rslt = BME68X_W_DEFINE_SHD_HEATR_DUR;
   b5aaa:	2b00      	cmp	r3, #0
   b5aac:	bf08      	it	eq
   b5aae:	2403      	moveq	r4, #3
            for (i = 0; i < conf->profile_len; i++)
   b5ab0:	2200      	movs	r2, #0
   b5ab2:	fa5f fa82 	uxtb.w	sl, r2
   b5ab6:	4556      	cmp	r6, sl
   b5ab8:	d826      	bhi.n	b5b08 <bme68x_set_heatr_conf+0x21c>
    if (dur >= 0x783)
   b5aba:	f240 7282 	movw	r2, #1922	; 0x782
   b5abe:	4293      	cmp	r3, r2
   b5ac0:	d83d      	bhi.n	b5b3e <bme68x_set_heatr_conf+0x252>
        dur = (uint16_t)(((uint32_t)dur * 1000) / 477);
   b5ac2:	f44f 727a 	mov.w	r2, #1000	; 0x3e8
   b5ac6:	4353      	muls	r3, r2
   b5ac8:	f240 12dd 	movw	r2, #477	; 0x1dd
   b5acc:	fbb3 f3f2 	udiv	r3, r3, r2
        while (dur > 0x3F)
   b5ad0:	2200      	movs	r2, #0
        dur = (uint16_t)(((uint32_t)dur * 1000) / 477);
   b5ad2:	b29b      	uxth	r3, r3
        while (dur > 0x3F)
   b5ad4:	2b3f      	cmp	r3, #63	; 0x3f
   b5ad6:	b2d1      	uxtb	r1, r2
   b5ad8:	f102 0201 	add.w	r2, r2, #1
   b5adc:	d82d      	bhi.n	b5b3a <bme68x_set_heatr_conf+0x24e>
        heatdurval = (uint8_t)(dur + (factor * 64));
   b5ade:	eb03 1381 	add.w	r3, r3, r1, lsl #6
   b5ae2:	b2db      	uxtb	r3, r3
            shared_dur = calc_heatr_dur_shared(conf->shared_heatr_dur);
   b5ae4:	f88d 3012 	strb.w	r3, [sp, #18]
            if (rslt == BME68X_OK)
   b5ae8:	b954      	cbnz	r4, b5b00 <bme68x_set_heatr_conf+0x214>
                rslt = bme68x_set_regs(&heater_dur_shared_addr, &shared_dur, 1, dev);
   b5aea:	463b      	mov	r3, r7
   b5aec:	2201      	movs	r2, #1
   b5aee:	f10d 0112 	add.w	r1, sp, #18
   b5af2:	f10d 0013 	add.w	r0, sp, #19
   b5af6:	f7ff fa55 	bl	b4fa4 <bme68x_set_regs>
    if (rslt == BME68X_OK)
   b5afa:	4604      	mov	r4, r0
   b5afc:	2800      	cmp	r0, #0
   b5afe:	d09f      	beq.n	b5a40 <bme68x_set_heatr_conf+0x154>
}
   b5b00:	4620      	mov	r0, r4
   b5b02:	b013      	add	sp, #76	; 0x4c
   b5b04:	e8bd 8ff0 	ldmia.w	sp!, {r4, r5, r6, r7, r8, r9, sl, fp, pc}
                rh_reg_addr[i] = BME68X_REG_RES_HEAT0 + i;
   b5b08:	f10a 015a 	add.w	r1, sl, #90	; 0x5a
   b5b0c:	f808 1002 	strb.w	r1, [r8, r2]
   b5b10:	9303      	str	r3, [sp, #12]
                rh_reg_data[i] = calc_res_heat(conf->heatr_temp_prof[i], dev);
   b5b12:	9b01      	ldr	r3, [sp, #4]
   b5b14:	4639      	mov	r1, r7
   b5b16:	f833 0012 	ldrh.w	r0, [r3, r2, lsl #1]
   b5b1a:	f7ff f8fd 	bl	b4d18 <calc_res_heat>
                gw_reg_addr[i] = BME68X_REG_GAS_WAIT0 + i;
   b5b1e:	ab0c      	add	r3, sp, #48	; 0x30
   b5b20:	f10a 0a64 	add.w	sl, sl, #100	; 0x64
   b5b24:	f803 a002 	strb.w	sl, [r3, r2]
                rh_reg_data[i] = calc_res_heat(conf->heatr_temp_prof[i], dev);
   b5b28:	f809 0002 	strb.w	r0, [r9, r2]
                gw_reg_data[i] = (uint8_t) conf->heatr_dur_prof[i];
   b5b2c:	9b02      	ldr	r3, [sp, #8]
   b5b2e:	f83b 1012 	ldrh.w	r1, [fp, r2, lsl #1]
   b5b32:	54d1      	strb	r1, [r2, r3]
            for (i = 0; i < conf->profile_len; i++)
   b5b34:	9b03      	ldr	r3, [sp, #12]
   b5b36:	3201      	adds	r2, #1
   b5b38:	e7bb      	b.n	b5ab2 <bme68x_set_heatr_conf+0x1c6>
            dur = dur >> 2;
   b5b3a:	089b      	lsrs	r3, r3, #2
            factor += 1;
   b5b3c:	e7ca      	b.n	b5ad4 <bme68x_set_heatr_conf+0x1e8>
        heatdurval = 0xff; /* Max duration */
   b5b3e:	23ff      	movs	r3, #255	; 0xff
   b5b40:	e7d0      	b.n	b5ae4 <bme68x_set_heatr_conf+0x1f8>
                    run_gas = BME68X_DISABLE_GAS_MEAS;
   b5b42:	4602      	mov	r2, r0
                    hctrl = BME68X_DISABLE_HEATER;
   b5b44:	2401      	movs	r4, #1
   b5b46:	e74c      	b.n	b59e2 <bme68x_set_heatr_conf+0xf6>
    switch (op_mode)
   b5b48:	2401      	movs	r4, #1
    return rslt;
   b5b4a:	e7d9      	b.n	b5b00 <bme68x_set_heatr_conf+0x214>
   b5b4c:	000bbafc 	.word	0x000bbafc

000b5b50 <_ZN8particle11SPISettingsD1Ev>:
  SPISettings()
  {
  }

  virtual ~SPISettings() {
  }
   b5b50:	4770      	bx	lr

000b5b52 <_ZN6SdFileD1Ev>:
#endif  // HAS_INCLUDE_FS_H
/**
 * \class SdFile
 * \brief FAT16/FAT32 file with Print.
 */
class SdFile : public PrintFile<SdBaseFile> {
   b5b52:	4770      	bx	lr

000b5b54 <_ZN8particle11SPISettingsD0Ev>:
  virtual ~SPISettings() {
   b5b54:	b510      	push	{r4, lr}
  }
   b5b56:	2110      	movs	r1, #16
  virtual ~SPISettings() {
   b5b58:	4604      	mov	r4, r0
  }
   b5b5a:	f7fe ff5a 	bl	b4a12 <_ZdlPvj>
   b5b5e:	4620      	mov	r0, r4
   b5b60:	bd10      	pop	{r4, pc}

000b5b62 <_ZN6SdFileD0Ev>:
   b5b62:	b510      	push	{r4, lr}
   b5b64:	2148      	movs	r1, #72	; 0x48
   b5b66:	4604      	mov	r4, r0
   b5b68:	f7fe ff53 	bl	b4a12 <_ZdlPvj>
   b5b6c:	4620      	mov	r0, r4
   b5b6e:	bd10      	pop	{r4, pc}

000b5b70 <_ZN9PrintFileI10FsBaseFileE5writeEh>:
  using BaseFile::write;
  /** Write a single byte.
   * \param[in] b byte to write.
   * \return one for success.
   */
  size_t write(uint8_t b) { return BaseFile::write(&b, 1); }
   b5b70:	b507      	push	{r0, r1, r2, lr}
   *
   * \return For success write() returns the number of bytes written, always
   * \a nbyte.  If an error occurs, write() returns zero and writeError is set.
   */
  size_t write(const void* buf, size_t count) {
    return m_fFile   ? m_fFile->write(buf, count)
   b5b72:	6c03      	ldr	r3, [r0, #64]	; 0x40
   b5b74:	f88d 1007 	strb.w	r1, [sp, #7]
   b5b78:	b143      	cbz	r3, b5b8c <_ZN9PrintFileI10FsBaseFileE5writeEh+0x1c>
   b5b7a:	2201      	movs	r2, #1
   b5b7c:	f10d 0107 	add.w	r1, sp, #7
   b5b80:	4618      	mov	r0, r3
   b5b82:	f002 fce1 	bl	b8548 <_ZN7FatFile5writeEPKvj>
   b5b86:	b003      	add	sp, #12
   b5b88:	f85d fb04 	ldr.w	pc, [sp], #4
   b5b8c:	6c40      	ldr	r0, [r0, #68]	; 0x44
           : m_xFile ? m_xFile->write(buf, count)
   b5b8e:	2800      	cmp	r0, #0
   b5b90:	d0f9      	beq.n	b5b86 <_ZN9PrintFileI10FsBaseFileE5writeEh+0x16>
   b5b92:	2201      	movs	r2, #1
   b5b94:	f10d 0107 	add.w	r1, sp, #7
   b5b98:	f003 f986 	bl	b8ea8 <_ZN9ExFatFile5writeEPKvj>
   b5b9c:	e7f3      	b.n	b5b86 <_ZN9PrintFileI10FsBaseFileE5writeEh+0x16>
	...

000b5ba0 <_ZN5Print5printEfi.isra.0>:
    template <typename T, std::enable_if_t<!std::is_base_of<Printable, T>::value && (std::is_integral<T>::value || std::is_convertible<T, unsigned long long>::value ||
        std::is_convertible<T, long long>::value), int> = 0>
    size_t print(T, int = DEC);

#ifndef PARTICLE_WIRING_PRINT_NO_FLOAT
    size_t print(float n, int digits = FLOAT_DEFAULT_FRACTIONAL_DIGITS) {
   b5ba0:	e92d 4ff8 	stmdb	sp!, {r3, r4, r5, r6, r7, r8, r9, sl, fp, lr}
   b5ba4:	4682      	mov	sl, r0
   b5ba6:	ed2d 8b02 	vpush	{d8}
        return printFloat((double)n, digits);
   b5baa:	ee10 0a10 	vmov	r0, s0
    size_t print(float n, int digits = FLOAT_DEFAULT_FRACTIONAL_DIGITS) {
   b5bae:	eeb0 8a40 	vmov.f32	s16, s0
   b5bb2:	468b      	mov	fp, r1
        return printFloat((double)n, digits);
   b5bb4:	f7fe fb96 	bl	b42e4 <__aeabi_f2d>
        if (std::isnan(number)) {
   b5bb8:	4602      	mov	r2, r0
   b5bba:	460b      	mov	r3, r1
        return printFloat((double)n, digits);
   b5bbc:	4604      	mov	r4, r0
   b5bbe:	460d      	mov	r5, r1
   b5bc0:	4606      	mov	r6, r0
   b5bc2:	460f      	mov	r7, r1
        if (std::isnan(number)) {
   b5bc4:	f7fe fe80 	bl	b48c8 <__aeabi_dcmpun>
   b5bc8:	b138      	cbz	r0, b5bda <_ZN5Print5printEfi.isra.0+0x3a>
            return print("nan");
   b5bca:	494e      	ldr	r1, [pc, #312]	; (b5d04 <_ZN5Print5printEfi.isra.0+0x164>)
    }
   b5bcc:	ecbd 8b02 	vpop	{d8}
            return print ("ovf"); // constant determined empirically
   b5bd0:	4650      	mov	r0, sl
    }
   b5bd2:	e8bd 4ff8 	ldmia.w	sp!, {r3, r4, r5, r6, r7, r8, r9, sl, fp, lr}
            return print ("ovf"); // constant determined empirically
   b5bd6:	f004 bea9 	b.w	ba92c <_ZN5Print5printEPKc>
  && !_GLIBCXX_NO_OBSOLETE_ISINF_ISNAN_DYNAMIC
  using ::isinf;
#else
  constexpr bool
  isinf(double __x)
  { return __builtin_isinf(__x); }
   b5bda:	f025 4900 	bic.w	r9, r5, #2147483648	; 0x80000000
        if (std::isinf(number)) {
   b5bde:	4b4a      	ldr	r3, [pc, #296]	; (b5d08 <_ZN5Print5printEfi.isra.0+0x168>)
   b5be0:	f04f 32ff 	mov.w	r2, #4294967295
   b5be4:	4620      	mov	r0, r4
   b5be6:	4649      	mov	r1, r9
   b5be8:	f7fe fe6e 	bl	b48c8 <__aeabi_dcmpun>
   b5bec:	b948      	cbnz	r0, b5c02 <_ZN5Print5printEfi.isra.0+0x62>
   b5bee:	4b46      	ldr	r3, [pc, #280]	; (b5d08 <_ZN5Print5printEfi.isra.0+0x168>)
   b5bf0:	f04f 32ff 	mov.w	r2, #4294967295
   b5bf4:	4620      	mov	r0, r4
   b5bf6:	4649      	mov	r1, r9
   b5bf8:	f7fe fe48 	bl	b488c <__aeabi_dcmple>
   b5bfc:	b908      	cbnz	r0, b5c02 <_ZN5Print5printEfi.isra.0+0x62>
            return print("inf");
   b5bfe:	4943      	ldr	r1, [pc, #268]	; (b5d0c <_ZN5Print5printEfi.isra.0+0x16c>)
   b5c00:	e7e4      	b.n	b5bcc <_ZN5Print5printEfi.isra.0+0x2c>
        if (number > 4294967040.0) {
   b5c02:	eddf 7a43 	vldr	s15, [pc, #268]	; b5d10 <_ZN5Print5printEfi.isra.0+0x170>
   b5c06:	eeb4 8ae7 	vcmpe.f32	s16, s15
   b5c0a:	eef1 fa10 	vmrs	APSR_nzcv, fpscr
   b5c0e:	dd01      	ble.n	b5c14 <_ZN5Print5printEfi.isra.0+0x74>
            return print ("ovf"); // constant determined empirically
   b5c10:	4940      	ldr	r1, [pc, #256]	; (b5d14 <_ZN5Print5printEfi.isra.0+0x174>)
   b5c12:	e7db      	b.n	b5bcc <_ZN5Print5printEfi.isra.0+0x2c>
        if (number <-4294967040.0) {
   b5c14:	eddf 7a40 	vldr	s15, [pc, #256]	; b5d18 <_ZN5Print5printEfi.isra.0+0x178>
   b5c18:	eeb4 8ae7 	vcmpe.f32	s16, s15
   b5c1c:	eef1 fa10 	vmrs	APSR_nzcv, fpscr
   b5c20:	d4f6      	bmi.n	b5c10 <_ZN5Print5printEfi.isra.0+0x70>
        if (number < 0.0) {
   b5c22:	eeb5 8ac0 	vcmpe.f32	s16, #0.0
   b5c26:	eef1 fa10 	vmrs	APSR_nzcv, fpscr
   b5c2a:	d506      	bpl.n	b5c3a <_ZN5Print5printEfi.isra.0+0x9a>
            n += print('-');
   b5c2c:	212d      	movs	r1, #45	; 0x2d
   b5c2e:	4650      	mov	r0, sl
   b5c30:	f004 fe80 	bl	ba934 <_ZN5Print5printEc>
            number = -number;
   b5c34:	4626      	mov	r6, r4
   b5c36:	f105 4700 	add.w	r7, r5, #2147483648	; 0x80000000
        double rounding = 0.5;
   b5c3a:	4938      	ldr	r1, [pc, #224]	; (b5d1c <_ZN5Print5printEfi.isra.0+0x17c>)
            rounding /= 10.0;
   b5c3c:	4d38      	ldr	r5, [pc, #224]	; (b5d20 <_ZN5Print5printEfi.isra.0+0x180>)
        return printFloat((double)n, digits);
   b5c3e:	fa5f f88b 	uxtb.w	r8, fp
   b5c42:	f04f 0900 	mov.w	r9, #0
        double rounding = 0.5;
   b5c46:	2000      	movs	r0, #0
            rounding /= 10.0;
   b5c48:	2400      	movs	r4, #0
        for (uint8_t i = 0; i < digits; ++i) {
   b5c4a:	fa5f f389 	uxtb.w	r3, r9
   b5c4e:	4598      	cmp	r8, r3
   b5c50:	d906      	bls.n	b5c60 <_ZN5Print5printEfi.isra.0+0xc0>
            rounding /= 10.0;
   b5c52:	4622      	mov	r2, r4
   b5c54:	462b      	mov	r3, r5
   b5c56:	f7fe fcc7 	bl	b45e8 <__aeabi_ddiv>
        for (uint8_t i = 0; i < digits; ++i) {
   b5c5a:	f109 0901 	add.w	r9, r9, #1
   b5c5e:	e7f4      	b.n	b5c4a <_ZN5Print5printEfi.isra.0+0xaa>
        number += rounding;
   b5c60:	4632      	mov	r2, r6
   b5c62:	463b      	mov	r3, r7
   b5c64:	f7fe f9e0 	bl	b4028 <__adddf3>
   b5c68:	460d      	mov	r5, r1
   b5c6a:	4604      	mov	r4, r0
        unsigned long int_part = (unsigned long)number;
   b5c6c:	f7fe fe6a 	bl	b4944 <__aeabi_d2uiz>
   b5c70:	4606      	mov	r6, r0
        double remainder = number - (double)int_part;
   b5c72:	f7fe fb15 	bl	b42a0 <__aeabi_ui2d>
   b5c76:	4602      	mov	r2, r0
   b5c78:	460b      	mov	r3, r1
   b5c7a:	4620      	mov	r0, r4
   b5c7c:	4629      	mov	r1, r5
   b5c7e:	f7fe f9d1 	bl	b4024 <__aeabi_dsub>
            val = n;
        }
#if __GNUC__ >= 9
#pragma GCC diagnostic pop
#endif // __GNUC__ >= 9
        return printNumber(val, base) + t;
   b5c82:	220a      	movs	r2, #10
        double remainder = number - (double)int_part;
   b5c84:	4604      	mov	r4, r0
   b5c86:	460d      	mov	r5, r1
        return printNumber(val, base) + t;
   b5c88:	4650      	mov	r0, sl
   b5c8a:	4631      	mov	r1, r6
   b5c8c:	f004 fe71 	bl	ba972 <_ZN5Print11printNumberEmh>
        if (digits > 0) {
   b5c90:	f1b8 0f00 	cmp.w	r8, #0
   b5c94:	d031      	beq.n	b5cfa <_ZN5Print5printEfi.isra.0+0x15a>
            n += print(".");
   b5c96:	4923      	ldr	r1, [pc, #140]	; (b5d24 <_ZN5Print5printEfi.isra.0+0x184>)
            remainder *= 10.0;
   b5c98:	4f21      	ldr	r7, [pc, #132]	; (b5d20 <_ZN5Print5printEfi.isra.0+0x180>)
            n += print(".");
   b5c9a:	4650      	mov	r0, sl
   b5c9c:	f004 fe46 	bl	ba92c <_ZN5Print5printEPKc>
            remainder *= 10.0;
   b5ca0:	2600      	movs	r6, #0
        while (digits-- > 0) {
   b5ca2:	f1b8 0f00 	cmp.w	r8, #0
   b5ca6:	d028      	beq.n	b5cfa <_ZN5Print5printEfi.isra.0+0x15a>
            remainder *= 10.0;
   b5ca8:	4632      	mov	r2, r6
   b5caa:	463b      	mov	r3, r7
   b5cac:	4620      	mov	r0, r4
   b5cae:	4629      	mov	r1, r5
   b5cb0:	f7fe fb70 	bl	b4394 <__aeabi_dmul>
   b5cb4:	4604      	mov	r4, r0
   b5cb6:	460d      	mov	r5, r1
            int toPrint = int(remainder);
   b5cb8:	f7fe fe1c 	bl	b48f4 <__aeabi_d2iz>
        if (n < 0 && base == 10) {
   b5cbc:	f1b0 0900 	subs.w	r9, r0, #0
   b5cc0:	da19      	bge.n	b5cf6 <_ZN5Print5printEfi.isra.0+0x156>
            t = print('-');
   b5cc2:	212d      	movs	r1, #45	; 0x2d
   b5cc4:	4650      	mov	r0, sl
   b5cc6:	f004 fe35 	bl	ba934 <_ZN5Print5printEc>
            val = -n;
   b5cca:	f1c9 0100 	rsb	r1, r9, #0
        return printNumber(val, base) + t;
   b5cce:	220a      	movs	r2, #10
   b5cd0:	4650      	mov	r0, sl
   b5cd2:	f004 fe4e 	bl	ba972 <_ZN5Print11printNumberEmh>
            remainder -= toPrint;
   b5cd6:	4648      	mov	r0, r9
   b5cd8:	f7fe faf2 	bl	b42c0 <__aeabi_i2d>
   b5cdc:	4602      	mov	r2, r0
   b5cde:	460b      	mov	r3, r1
   b5ce0:	4620      	mov	r0, r4
   b5ce2:	4629      	mov	r1, r5
   b5ce4:	f7fe f99e 	bl	b4024 <__aeabi_dsub>
   b5ce8:	f108 38ff 	add.w	r8, r8, #4294967295
   b5cec:	4604      	mov	r4, r0
   b5cee:	460d      	mov	r5, r1
   b5cf0:	fa5f f888 	uxtb.w	r8, r8
        while (digits-- > 0) {
   b5cf4:	e7d5      	b.n	b5ca2 <_ZN5Print5printEfi.isra.0+0x102>
            val = n;
   b5cf6:	4649      	mov	r1, r9
   b5cf8:	e7e9      	b.n	b5cce <_ZN5Print5printEfi.isra.0+0x12e>
    }
   b5cfa:	ecbd 8b02 	vpop	{d8}
   b5cfe:	e8bd 8ff8 	ldmia.w	sp!, {r3, r4, r5, r6, r7, r8, r9, sl, fp, pc}
   b5d02:	bf00      	nop
   b5d04:	000bbba6 	.word	0x000bbba6
   b5d08:	7fefffff 	.word	0x7fefffff
   b5d0c:	000bbbaa 	.word	0x000bbbaa
   b5d10:	4f7fffff 	.word	0x4f7fffff
   b5d14:	000bbbae 	.word	0x000bbbae
   b5d18:	cf7fffff 	.word	0xcf7fffff
   b5d1c:	3fe00000 	.word	0x3fe00000
   b5d20:	40240000 	.word	0x40240000
   b5d24:	000bbbb2 	.word	0x000bbbb2

000b5d28 <_ZN5Print6printfEPKcz>:
    size_t printf(const char* format, ...) __attribute__ ((format(printf, 2, 3)))
   b5d28:	b40e      	push	{r1, r2, r3}
   b5d2a:	b503      	push	{r0, r1, lr}
   b5d2c:	ab03      	add	r3, sp, #12
        auto r = this->vprintf(false, format, args);
   b5d2e:	2100      	movs	r1, #0
    size_t printf(const char* format, ...) __attribute__ ((format(printf, 2, 3)))
   b5d30:	f853 2b04 	ldr.w	r2, [r3], #4
        va_start(args, format);
   b5d34:	9301      	str	r3, [sp, #4]
        auto r = this->vprintf(false, format, args);
   b5d36:	f004 fe3a 	bl	ba9ae <_ZN5Print7vprintfEbPKcSt9__va_list>
    }
   b5d3a:	b002      	add	sp, #8
   b5d3c:	f85d eb04 	ldr.w	lr, [sp], #4
   b5d40:	b003      	add	sp, #12
   b5d42:	4770      	bx	lr

000b5d44 <_ZNK8particle11SPISettings7printToER5Print>:
  bool operator!=(const SPISettings& other) const
  {
    return !(other == *this);
  }

  virtual size_t printTo(Print& p) const
   b5d44:	b573      	push	{r0, r1, r4, r5, r6, lr}
   b5d46:	4604      	mov	r4, r0
   b5d48:	4608      	mov	r0, r1
  {
    if (default_ && clock_ == 0)
   b5d4a:	7922      	ldrb	r2, [r4, #4]
   b5d4c:	68a3      	ldr	r3, [r4, #8]
   b5d4e:	b132      	cbz	r2, b5d5e <_ZNK8particle11SPISettings7printToER5Print+0x1a>
   b5d50:	b9a3      	cbnz	r3, b5d7c <_ZNK8particle11SPISettings7printToER5Print+0x38>
      return p.print("<SPISettings default>");
   b5d52:	490b      	ldr	r1, [pc, #44]	; (b5d80 <_ZNK8particle11SPISettings7printToER5Print+0x3c>)
    else
      return p.printf("<SPISettings %s%u %s MODE%u>", default_ ? "default " : "", (unsigned int)clock_,
          bitOrder_ == MSBFIRST ? "MSB" : "LSB", (unsigned int)dataMode_);
  }
   b5d54:	b002      	add	sp, #8
   b5d56:	e8bd 4070 	ldmia.w	sp!, {r4, r5, r6, lr}
      return p.print("<SPISettings default>");
   b5d5a:	f004 bde7 	b.w	ba92c <_ZN5Print5printEPKc>
      return p.printf("<SPISettings %s%u %s MODE%u>", default_ ? "default " : "", (unsigned int)clock_,
   b5d5e:	4a09      	ldr	r2, [pc, #36]	; (b5d84 <_ZNK8particle11SPISettings7printToER5Print+0x40>)
   b5d60:	7b26      	ldrb	r6, [r4, #12]
   b5d62:	4d09      	ldr	r5, [pc, #36]	; (b5d88 <_ZNK8particle11SPISettings7printToER5Print+0x44>)
   b5d64:	4909      	ldr	r1, [pc, #36]	; (b5d8c <_ZNK8particle11SPISettings7printToER5Print+0x48>)
   b5d66:	7b64      	ldrb	r4, [r4, #13]
   b5d68:	2e01      	cmp	r6, #1
   b5d6a:	bf18      	it	ne
   b5d6c:	4629      	movne	r1, r5
   b5d6e:	e9cd 1400 	strd	r1, r4, [sp]
   b5d72:	4907      	ldr	r1, [pc, #28]	; (b5d90 <_ZNK8particle11SPISettings7printToER5Print+0x4c>)
   b5d74:	f7ff ffd8 	bl	b5d28 <_ZN5Print6printfEPKcz>
  }
   b5d78:	b002      	add	sp, #8
   b5d7a:	bd70      	pop	{r4, r5, r6, pc}
      return p.printf("<SPISettings %s%u %s MODE%u>", default_ ? "default " : "", (unsigned int)clock_,
   b5d7c:	4a05      	ldr	r2, [pc, #20]	; (b5d94 <_ZNK8particle11SPISettings7printToER5Print+0x50>)
   b5d7e:	e7ef      	b.n	b5d60 <_ZNK8particle11SPISettings7printToER5Print+0x1c>
   b5d80:	000bbbc5 	.word	0x000bbbc5
   b5d84:	000bbbbc 	.word	0x000bbbbc
   b5d88:	000bbbc1 	.word	0x000bbbc1
   b5d8c:	000bbbbd 	.word	0x000bbbbd
   b5d90:	000bbbdb 	.word	0x000bbbdb
   b5d94:	000bbbb4 	.word	0x000bbbb4

000b5d98 <_ZN6SdBaseI8FsVolume11FsFormatterE5beginEh>:
  bool begin(SdCsPin_t csPin = SS) {
   b5d98:	b570      	push	{r4, r5, r6, lr}
   b5d9a:	4b15      	ldr	r3, [pc, #84]	; (b5df0 <_ZN6SdBaseI8FsVolume11FsFormatterE5beginEh+0x58>)
   b5d9c:	b086      	sub	sp, #24
   b5d9e:	2400      	movs	r4, #0
   b5da0:	e9cd 3404 	strd	r3, r4, [sp, #16]
   b5da4:	4605      	mov	r5, r0
   b5da6:	f88d 100c 	strb.w	r1, [sp, #12]
   b5daa:	f88d 400d 	strb.w	r4, [sp, #13]
   *
   * \param[in] config SPI configuration.
   * \return generic card pointer or nullptr if failure.
   */
  SdCard* newCard(SdSpiConfig config) {
    m_spiCard.begin(config);
   b5dae:	f200 468c 	addw	r6, r0, #1164	; 0x48c
   b5db2:	ab06      	add	r3, sp, #24
   b5db4:	e913 000e 	ldmdb	r3, {r1, r2, r3}
   b5db8:	4630      	mov	r0, r6
   b5dba:	f004 f855 	bl	b9e68 <_ZN16DedicatedSpiCard5beginE11SdSpiConfig>
    return m_card && !m_card->errorCode();
   b5dbe:	f895 34a2 	ldrb.w	r3, [r5, #1186]	; 0x4a2
    m_card = m_cardFactory.newCard(spiConfig);
   b5dc2:	f8c5 6488 	str.w	r6, [r5, #1160]	; 0x488
    return m_card && !m_card->errorCode();
   b5dc6:	b983      	cbnz	r3, b5dea <_ZN6SdBaseI8FsVolume11FsFormatterE5beginEh+0x52>
    return Vol::begin(m_card) || Vol::begin(m_card, true, 0);
   b5dc8:	9300      	str	r3, [sp, #0]
   b5dca:	2301      	movs	r3, #1
   b5dcc:	461a      	mov	r2, r3
   b5dce:	4631      	mov	r1, r6
   b5dd0:	4628      	mov	r0, r5
   b5dd2:	f003 fd79 	bl	b98c8 <_ZN8FsVolume5beginEP16DedicatedSpiCardbhm>
   b5dd6:	b948      	cbnz	r0, b5dec <_ZN6SdBaseI8FsVolume11FsFormatterE5beginEh+0x54>
   b5dd8:	9000      	str	r0, [sp, #0]
   b5dda:	4603      	mov	r3, r0
   b5ddc:	f8d5 1488 	ldr.w	r1, [r5, #1160]	; 0x488
   b5de0:	2201      	movs	r2, #1
   b5de2:	4628      	mov	r0, r5
   b5de4:	f003 fd70 	bl	b98c8 <_ZN8FsVolume5beginEP16DedicatedSpiCardbhm>
   b5de8:	e000      	b.n	b5dec <_ZN6SdBaseI8FsVolume11FsFormatterE5beginEh+0x54>
    return cardBegin(spiConfig) && volumeBegin();
   b5dea:	4620      	mov	r0, r4
  }
   b5dec:	b006      	add	sp, #24
   b5dee:	bd70      	pop	{r4, r5, r6, pc}
   b5df0:	02faf080 	.word	0x02faf080

000b5df4 <setup>:
  LPOD_data lpoddata;
#endif

/***************************************************************************************/
// setup() runs once, when the device is first turned on
void setup() {
   b5df4:	b57f      	push	{r0, r1, r2, r3, r4, r5, r6, lr}
  #if SERIAL_ENABLED
    Serial.begin(9600);
   b5df6:	f005 fa67 	bl	bb2c8 <_Z16_fetch_usbserialv>
   b5dfa:	f44f 5116 	mov.w	r1, #9600	; 0x2580
   b5dfe:	f005 fa57 	bl	bb2b0 <_ZN9USBSerial5beginEl>
  #endif

  pinMode(GREEN_LED, OUTPUT);
   b5e02:	2101      	movs	r1, #1
   b5e04:	2005      	movs	r0, #5
   b5e06:	f005 fcd7 	bl	bb7b8 <pinMode>
  pinMode(BLUE_LED, OUTPUT);
   b5e0a:	2101      	movs	r1, #1
   b5e0c:	2002      	movs	r0, #2
   b5e0e:	f005 fcd3 	bl	bb7b8 <pinMode>
  pinMode(RED_LED, OUTPUT);
   b5e12:	2101      	movs	r1, #1
   b5e14:	2004      	movs	r0, #4
   b5e16:	f005 fccf 	bl	bb7b8 <pinMode>
  pinMode(SD_CS, OUTPUT);
   b5e1a:	2101      	movs	r1, #1
   b5e1c:	2003      	movs	r0, #3
   b5e1e:	f005 fccb 	bl	bb7b8 <pinMode>
  pinMode(GREEN_EXTERNAL, OUTPUT);
   b5e22:	2101      	movs	r1, #1
   b5e24:	2007      	movs	r0, #7
   b5e26:	f005 fcc7 	bl	bb7b8 <pinMode>
  pinMode(RED_EXTERNAL, OUTPUT);
   b5e2a:	2101      	movs	r1, #1
   b5e2c:	2008      	movs	r0, #8
   b5e2e:	f005 fcc3 	bl	bb7b8 <pinMode>

  #if DS3231_ENABLED
    ds3231.begin();
   b5e32:	f005 fd47 	bl	bb8c4 <_Z19__fetch_global_Wirev>
   b5e36:	4601      	mov	r1, r0
   b5e38:	484e      	ldr	r0, [pc, #312]	; (b5f74 <setup+0x180>)
   b5e3a:	f001 f895 	bl	b6f68 <_ZN10RTC_DS32315beginEP7TwoWire>
    #if ADJUST_DATETIME
      ds3231.adjust(DateTime(F(__DATE__), F(__TIME__)));
   b5e3e:	4a4e      	ldr	r2, [pc, #312]	; (b5f78 <setup+0x184>)
   b5e40:	494e      	ldr	r1, [pc, #312]	; (b5f7c <setup+0x188>)
   b5e42:	a802      	add	r0, sp, #8
   b5e44:	f000 fe5e 	bl	b6b04 <_ZN8DateTimeC1EPK19__FlashStringHelperS2_>
   b5e48:	a902      	add	r1, sp, #8
   b5e4a:	484a      	ldr	r0, [pc, #296]	; (b5f74 <setup+0x180>)
   b5e4c:	f001 f8a4 	bl	b6f98 <_ZN10RTC_DS32316adjustERK8DateTime>
    #endif //ADJUST_DATETIME
  #endif //DS3231_ENABLED
  
  #if ADS_ENABLED
    ads_module.begin();
   b5e50:	484b      	ldr	r0, [pc, #300]	; (b5f80 <setup+0x18c>)
   b5e52:	f001 f98b 	bl	b716c <_ZN10ADS_Module5beginEv>
  #endif  //ADS_ENABLED

  #if BME_ENABLED    
    bme680.begin(BME_SENSOR_ADDR);
   b5e56:	2201      	movs	r2, #1
   b5e58:	2176      	movs	r1, #118	; 0x76
   b5e5a:	484a      	ldr	r0, [pc, #296]	; (b5f84 <setup+0x190>)
   b5e5c:	f001 f810 	bl	b6e80 <_ZN15Adafruit_BME6805beginEhb>
    if (!bme680.begin(BME_SENSOR_ADDR)) {
   b5e60:	4848      	ldr	r0, [pc, #288]	; (b5f84 <setup+0x190>)
   b5e62:	2201      	movs	r2, #1
   b5e64:	2176      	movs	r1, #118	; 0x76
   b5e66:	f001 f80b 	bl	b6e80 <_ZN15Adafruit_BME6805beginEhb>
   b5e6a:	b928      	cbnz	r0, b5e78 <setup+0x84>
      Serial.println(F("Could not find a valid BME680 sensor, check wiring!"));
   b5e6c:	f005 fa2c 	bl	bb2c8 <_Z16_fetch_usbserialv>
   b5e70:	4945      	ldr	r1, [pc, #276]	; (b5f88 <setup+0x194>)
   b5e72:	f004 fd7c 	bl	ba96e <_ZN5Print7printlnEPK19__FlashStringHelper>
      while (1);
   b5e76:	e7fe      	b.n	b5e76 <setup+0x82>
    } //if(!bme680.begin(BME680_CS))
    //Set up oversampling an initialize filter
    bme680.setTemperatureOversampling(BME680_OS_8X);
   b5e78:	2104      	movs	r1, #4
   b5e7a:	4842      	ldr	r0, [pc, #264]	; (b5f84 <setup+0x190>)
    bme680.setGasHeater(320, 150);
  #endif  //BME_ENABLED
  #if SD_ENABLED
    digitalWrite(SD_CS, LOW);
    sd.begin(SD_CS);
    while(!sd.begin(SD_CS)){
   b5e7c:	4d43      	ldr	r5, [pc, #268]	; (b5f8c <setup+0x198>)
      #if SERIAL_ENABLED
        Serial.println(F("Insert SD Card to begin!"));
   b5e7e:	4e44      	ldr	r6, [pc, #272]	; (b5f90 <setup+0x19c>)
    bme680.setTemperatureOversampling(BME680_OS_8X);
   b5e80:	f000 ffbe 	bl	b6e00 <_ZN15Adafruit_BME68026setTemperatureOversamplingEh>
    bme680.setHumidityOversampling(BME680_OS_2X);
   b5e84:	2102      	movs	r1, #2
   b5e86:	483f      	ldr	r0, [pc, #252]	; (b5f84 <setup+0x190>)
   b5e88:	f000 ffca 	bl	b6e20 <_ZN15Adafruit_BME68023setHumidityOversamplingEh>
    bme680.setPressureOversampling(BME680_OS_4X);
   b5e8c:	2103      	movs	r1, #3
   b5e8e:	483d      	ldr	r0, [pc, #244]	; (b5f84 <setup+0x190>)
   b5e90:	f000 ffd6 	bl	b6e40 <_ZN15Adafruit_BME68023setPressureOversamplingEh>
    bme680.setIIRFilterSize(BME680_FILTER_SIZE_3);
   b5e94:	2102      	movs	r1, #2
   b5e96:	483b      	ldr	r0, [pc, #236]	; (b5f84 <setup+0x190>)
   b5e98:	f000 ffe2 	bl	b6e60 <_ZN15Adafruit_BME68016setIIRFilterSizeEh>
    bme680.setGasHeater(320, 150);
   b5e9c:	2296      	movs	r2, #150	; 0x96
   b5e9e:	f44f 71a0 	mov.w	r1, #320	; 0x140
   b5ea2:	4838      	ldr	r0, [pc, #224]	; (b5f84 <setup+0x190>)
   b5ea4:	f000 ff83 	bl	b6dae <_ZN15Adafruit_BME68012setGasHeaterEtt>
    digitalWrite(SD_CS, LOW);
   b5ea8:	2100      	movs	r1, #0
   b5eaa:	2003      	movs	r0, #3
   b5eac:	f005 fc95 	bl	bb7da <digitalWrite>
    sd.begin(SD_CS);
   b5eb0:	4836      	ldr	r0, [pc, #216]	; (b5f8c <setup+0x198>)
   b5eb2:	2103      	movs	r1, #3
   b5eb4:	f7ff ff70 	bl	b5d98 <_ZN6SdBaseI8FsVolume11FsFormatterE5beginEh>
    while(!sd.begin(SD_CS)){
   b5eb8:	2103      	movs	r1, #3
   b5eba:	4628      	mov	r0, r5
   b5ebc:	f7ff ff6c 	bl	b5d98 <_ZN6SdBaseI8FsVolume11FsFormatterE5beginEh>
   b5ec0:	4604      	mov	r4, r0
   b5ec2:	b9c0      	cbnz	r0, b5ef6 <setup+0x102>
        Serial.println(F("Insert SD Card to begin!"));
   b5ec4:	f005 fa00 	bl	bb2c8 <_Z16_fetch_usbserialv>
   b5ec8:	4631      	mov	r1, r6
   b5eca:	f004 fd50 	bl	ba96e <_ZN5Print7printlnEPK19__FlashStringHelper>
        digitalWrite(RED_LED, HIGH);
   b5ece:	2101      	movs	r1, #1
   b5ed0:	2004      	movs	r0, #4
   b5ed2:	f005 fc82 	bl	bb7da <digitalWrite>
        digitalWrite(GREEN_EXTERNAL, LOW);
   b5ed6:	4621      	mov	r1, r4
   b5ed8:	2007      	movs	r0, #7
   b5eda:	f005 fc7e 	bl	bb7da <digitalWrite>
        digitalWrite(RED_EXTERNAL, HIGH);
   b5ede:	2101      	movs	r1, #1
   b5ee0:	2008      	movs	r0, #8
   b5ee2:	f005 fc7a 	bl	bb7da <digitalWrite>
        delay(100);
   b5ee6:	2064      	movs	r0, #100	; 0x64
   b5ee8:	f004 fdce 	bl	baa88 <delay>
      #endif  //SERIAL_ENABLED
      sd.begin(SD_CS);
   b5eec:	2103      	movs	r1, #3
   b5eee:	4628      	mov	r0, r5
   b5ef0:	f7ff ff52 	bl	b5d98 <_ZN6SdBaseI8FsVolume11FsFormatterE5beginEh>
    while(!sd.begin(SD_CS)){
   b5ef4:	e7e0      	b.n	b5eb8 <setup+0xc4>
    }
    DateTime now = ds3231.now();
   b5ef6:	491f      	ldr	r1, [pc, #124]	; (b5f74 <setup+0x180>)
   b5ef8:	a802      	add	r0, sp, #8
   b5efa:	f001 f8ae 	bl	b705a <_ZN10RTC_DS32313nowEv>

  /*!
      @brief  Return the year.
      @return Year (range: 2000--2099).
  */
  uint16_t year() const { return 2000U + yOff; }
   b5efe:	f89d 3008 	ldrb.w	r3, [sp, #8]
      Y = now.year();
   b5f02:	4a24      	ldr	r2, [pc, #144]	; (b5f94 <setup+0x1a0>)
      M = now.month();
   b5f04:	4924      	ldr	r1, [pc, #144]	; (b5f98 <setup+0x1a4>)
      D = now.day();
   b5f06:	4825      	ldr	r0, [pc, #148]	; (b5f9c <setup+0x1a8>)
      Y = now.year();
   b5f08:	f503 63fa 	add.w	r3, r3, #2000	; 0x7d0
   b5f0c:	6013      	str	r3, [r2, #0]
      M = now.month();
   b5f0e:	f89d 2009 	ldrb.w	r2, [sp, #9]
   b5f12:	600a      	str	r2, [r1, #0]
      D = now.day();
   b5f14:	f89d 100a 	ldrb.w	r1, [sp, #10]
   b5f18:	6001      	str	r1, [r0, #0]
    sprintf(fileName, "%s_%04u_%02u_%02u.CSV", lpodID, Y, M, D);
   b5f1a:	e9cd 2100 	strd	r2, r1, [sp]
   b5f1e:	4820      	ldr	r0, [pc, #128]	; (b5fa0 <setup+0x1ac>)
   b5f20:	4920      	ldr	r1, [pc, #128]	; (b5fa4 <setup+0x1b0>)
   b5f22:	4a21      	ldr	r2, [pc, #132]	; (b5fa8 <setup+0x1b4>)
   b5f24:	f004 fb14 	bl	ba550 <sprintf>
      delay(100);
   b5f28:	2064      	movs	r0, #100	; 0x64
   b5f2a:	f004 fdad 	bl	baa88 <delay>
    return FsVolume::m_cwv && open(FsVolume::m_cwv, path, oflag);
   b5f2e:	4b1f      	ldr	r3, [pc, #124]	; (b5fac <setup+0x1b8>)
   b5f30:	6819      	ldr	r1, [r3, #0]
   b5f32:	b129      	cbz	r1, b5f40 <setup+0x14c>
   b5f34:	4a1a      	ldr	r2, [pc, #104]	; (b5fa0 <setup+0x1ac>)
   b5f36:	481e      	ldr	r0, [pc, #120]	; (b5fb0 <setup+0x1bc>)
   b5f38:	f240 2309 	movw	r3, #521	; 0x209
   b5f3c:	f003 fc80 	bl	b9840 <_ZN10FsBaseFile4openEP8FsVolumePKci>
    file.open(fileName, O_CREAT | O_APPEND | O_WRITE);    
    digitalWrite(RED_LED, LOW);
   b5f40:	2100      	movs	r1, #0
   b5f42:	2004      	movs	r0, #4
   b5f44:	f005 fc49 	bl	bb7da <digitalWrite>
    digitalWrite(RED_EXTERNAL, LOW);
   b5f48:	2100      	movs	r1, #0
   b5f4a:	2008      	movs	r0, #8
   b5f4c:	f005 fc45 	bl	bb7da <digitalWrite>
    digitalWrite(GREEN_LED, HIGH);
   b5f50:	2101      	movs	r1, #1
   b5f52:	2005      	movs	r0, #5
   b5f54:	f005 fc41 	bl	bb7da <digitalWrite>
    #if SERIAL_ENABLED
      Serial.println(fileName);
   b5f58:	f005 f9b6 	bl	bb2c8 <_Z16_fetch_usbserialv>
   b5f5c:	4910      	ldr	r1, [pc, #64]	; (b5fa0 <setup+0x1ac>)
   b5f5e:	f004 fcfc 	bl	ba95a <_ZN5Print7printlnEPKc>
    #endif //SERIAL_ENABLED
    file.close();
   b5f62:	4813      	ldr	r0, [pc, #76]	; (b5fb0 <setup+0x1bc>)
   b5f64:	f003 fc59 	bl	b981a <_ZN10FsBaseFile5closeEv>
    digitalWrite(SD_CS, HIGH);
   b5f68:	2101      	movs	r1, #1
   b5f6a:	2003      	movs	r0, #3
   b5f6c:	f005 fc35 	bl	bb7da <digitalWrite>
  #endif //SD_ENABLED
}
   b5f70:	b004      	add	sp, #16
   b5f72:	bd70      	pop	{r4, r5, r6, pc}
   b5f74:	2003e014 	.word	0x2003e014
   b5f78:	000bbbf8 	.word	0x000bbbf8
   b5f7c:	000bbc01 	.word	0x000bbc01
   b5f80:	2003db64 	.word	0x2003db64
   b5f84:	2003dc04 	.word	0x2003dc04
   b5f88:	000bbc0d 	.word	0x000bbc0d
   b5f8c:	2003e1bc 	.word	0x2003e1bc
   b5f90:	000bbc41 	.word	0x000bbc41
   b5f94:	2003db54 	.word	0x2003db54
   b5f98:	2003db44 	.word	0x2003db44
   b5f9c:	2003db40 	.word	0x2003db40
   b5fa0:	2003e060 	.word	0x2003e060
   b5fa4:	000bbc5a 	.word	0x000bbc5a
   b5fa8:	000bbf93 	.word	0x000bbf93
   b5fac:	2003e674 	.word	0x2003e674
   b5fb0:	2003e020 	.word	0x2003e020

000b5fb4 <loop>:

/***************************************************************************************/
// loop() runs over and over again, as quickly as it can execute.
void loop() {
   b5fb4:	b5f0      	push	{r4, r5, r6, r7, lr}
   b5fb6:	f5ad 7d21 	sub.w	sp, sp, #644	; 0x284
  #if DS3231_ENABLED
    DateTime now = ds3231.now();
   b5fba:	4938      	ldr	r1, [pc, #224]	; (b609c <loop+0xe8>)
    Y = now.year();  M = now.month();  D = now.day();  h = now.hour();  m = now.minute();  s = now.second();
   b5fbc:	4c38      	ldr	r4, [pc, #224]	; (b60a0 <loop+0xec>)
   b5fbe:	4d39      	ldr	r5, [pc, #228]	; (b60a4 <loop+0xf0>)
   b5fc0:	4e39      	ldr	r6, [pc, #228]	; (b60a8 <loop+0xf4>)
    DateTime now = ds3231.now();
   b5fc2:	a89c      	add	r0, sp, #624	; 0x270
   b5fc4:	f001 f849 	bl	b705a <_ZN10RTC_DS32313nowEv>
   b5fc8:	f89d 2270 	ldrb.w	r2, [sp, #624]	; 0x270
    Y = now.year();  M = now.month();  D = now.day();  h = now.hour();  m = now.minute();  s = now.second();
   b5fcc:	4b37      	ldr	r3, [pc, #220]	; (b60ac <loop+0xf8>)
   b5fce:	4938      	ldr	r1, [pc, #224]	; (b60b0 <loop+0xfc>)
   b5fd0:	4838      	ldr	r0, [pc, #224]	; (b60b4 <loop+0x100>)
   b5fd2:	f502 62fa 	add.w	r2, r2, #2000	; 0x7d0
   b5fd6:	601a      	str	r2, [r3, #0]
   b5fd8:	f89d 3271 	ldrb.w	r3, [sp, #625]	; 0x271
   b5fdc:	600b      	str	r3, [r1, #0]
   b5fde:	f89d 1272 	ldrb.w	r1, [sp, #626]	; 0x272
   b5fe2:	6001      	str	r1, [r0, #0]
   b5fe4:	f89d 0273 	ldrb.w	r0, [sp, #627]	; 0x273
   b5fe8:	6020      	str	r0, [r4, #0]
   b5fea:	f89d 4274 	ldrb.w	r4, [sp, #628]	; 0x274
   b5fee:	602c      	str	r4, [r5, #0]
   b5ff0:	f89d 5275 	ldrb.w	r5, [sp, #629]	; 0x275
   b5ff4:	6035      	str	r5, [r6, #0]
    sprintf(bufftime, "%04u-%02u-%02uT%02u:%02u:%02u", Y, M, D, h, m, s);
   b5ff6:	e9cd 1000 	strd	r1, r0, [sp]
   b5ffa:	e9cd 4502 	strd	r4, r5, [sp, #8]
   b5ffe:	492e      	ldr	r1, [pc, #184]	; (b60b8 <loop+0x104>)
   b6000:	482e      	ldr	r0, [pc, #184]	; (b60bc <loop+0x108>)
  #endif  //DS3231_ENABLED
  
  #if ADS_ENABLED
    ads = ads_module.return_updated();
   b6002:	4d2f      	ldr	r5, [pc, #188]	; (b60c0 <loop+0x10c>)
    sprintf(bufftime, "%04u-%02u-%02uT%02u:%02u:%02u", Y, M, D, h, m, s);
   b6004:	f004 faa4 	bl	ba550 <sprintf>
    ads = ads_module.return_updated();
   b6008:	a89a      	add	r0, sp, #616	; 0x268
   b600a:	492e      	ldr	r1, [pc, #184]	; (b60c4 <loop+0x110>)
   b600c:	f001 f904 	bl	b7218 <_ZN10ADS_Module14return_updatedEv>
   b6010:	9b9a      	ldr	r3, [sp, #616]	; 0x268
   b6012:	602b      	str	r3, [r5, #0]
   b6014:	9b9b      	ldr	r3, [sp, #620]	; 0x26c
    // Serial.println(F("you did it"));
  #endif  //ADS_ENABLED

  #if BME_ENABLED
    if(!bme680.performReading())  {
   b6016:	482c      	ldr	r0, [pc, #176]	; (b60c8 <loop+0x114>)
    ads = ads_module.return_updated();
   b6018:	606b      	str	r3, [r5, #4]
    if(!bme680.performReading())  {
   b601a:	f000 fea9 	bl	b6d70 <_ZN15Adafruit_BME68014performReadingEv>
   b601e:	b938      	cbnz	r0, b6030 <loop+0x7c>
      Serial.println(F("Failed to perform reading :("));
   b6020:	f005 f952 	bl	bb2c8 <_Z16_fetch_usbserialv>
   b6024:	4929      	ldr	r1, [pc, #164]	; (b60cc <loop+0x118>)
   b6026:	f004 fca2 	bl	ba96e <_ZN5Print7printlnEPK19__FlashStringHelper>
      }
    #endif //CELL_ENABLED

  }

}
   b602a:	f50d 7d21 	add.w	sp, sp, #644	; 0x284
   b602e:	bdf0      	pop	{r4, r5, r6, r7, pc}
  if (millis() - lastLog >= logPeriod.count())
   b6030:	4c27      	ldr	r4, [pc, #156]	; (b60d0 <loop+0x11c>)

#ifdef __cplusplus
extern "C" {
#endif

inline system_tick_t millis(void) { return HAL_Timer_Get_Milli_Seconds(); }
   b6032:	f004 f881 	bl	ba138 <HAL_Timer_Get_Milli_Seconds>
   b6036:	6823      	ldr	r3, [r4, #0]
   b6038:	1ac0      	subs	r0, r0, r3
   b603a:	f242 730f 	movw	r3, #9999	; 0x270f
   b603e:	4298      	cmp	r0, r3
   b6040:	d9f3      	bls.n	b602a <loop+0x76>
   b6042:	f004 f879 	bl	ba138 <HAL_Timer_Get_Milli_Seconds>
    digitalWrite(SD_CS, LOW);
   b6046:	2100      	movs	r1, #0
    lastLog = millis();
   b6048:	6020      	str	r0, [r4, #0]
    digitalWrite(SD_CS, LOW);
   b604a:	2003      	movs	r0, #3
   b604c:	f005 fbc5 	bl	bb7da <digitalWrite>
    sd.begin(SD_CS);
   b6050:	4820      	ldr	r0, [pc, #128]	; (b60d4 <loop+0x120>)
    while(!sd.begin(SD_CS)){
   b6052:	4e20      	ldr	r6, [pc, #128]	; (b60d4 <loop+0x120>)
        Serial.println("Cannot find SD Card!");
   b6054:	4f20      	ldr	r7, [pc, #128]	; (b60d8 <loop+0x124>)
    sd.begin(SD_CS);
   b6056:	2103      	movs	r1, #3
   b6058:	f7ff fe9e 	bl	b5d98 <_ZN6SdBaseI8FsVolume11FsFormatterE5beginEh>
    while(!sd.begin(SD_CS)){
   b605c:	2103      	movs	r1, #3
   b605e:	4630      	mov	r0, r6
   b6060:	f7ff fe9a 	bl	b5d98 <_ZN6SdBaseI8FsVolume11FsFormatterE5beginEh>
   b6064:	4604      	mov	r4, r0
   b6066:	bbc8      	cbnz	r0, b60dc <loop+0x128>
        Serial.println("Cannot find SD Card!");
   b6068:	f005 f92e 	bl	bb2c8 <_Z16_fetch_usbserialv>
   b606c:	4639      	mov	r1, r7
   b606e:	f004 fc74 	bl	ba95a <_ZN5Print7printlnEPKc>
        digitalWrite(RED_LED, HIGH);
   b6072:	2101      	movs	r1, #1
   b6074:	2004      	movs	r0, #4
   b6076:	f005 fbb0 	bl	bb7da <digitalWrite>
        digitalWrite(GREEN_EXTERNAL, LOW);
   b607a:	4621      	mov	r1, r4
   b607c:	2007      	movs	r0, #7
   b607e:	f005 fbac 	bl	bb7da <digitalWrite>
        digitalWrite(RED_EXTERNAL, HIGH);
   b6082:	2101      	movs	r1, #1
   b6084:	2008      	movs	r0, #8
   b6086:	f005 fba8 	bl	bb7da <digitalWrite>
        delay(100);
   b608a:	2064      	movs	r0, #100	; 0x64
   b608c:	f004 fcfc 	bl	baa88 <delay>
      sd.begin(SD_CS);
   b6090:	2103      	movs	r1, #3
   b6092:	4630      	mov	r0, r6
   b6094:	f7ff fe80 	bl	b5d98 <_ZN6SdBaseI8FsVolume11FsFormatterE5beginEh>
    while(!sd.begin(SD_CS)){
   b6098:	e7e0      	b.n	b605c <loop+0xa8>
   b609a:	bf00      	nop
   b609c:	2003e014 	.word	0x2003e014
   b60a0:	2003e078 	.word	0x2003e078
   b60a4:	2003e1b4 	.word	0x2003e1b4
   b60a8:	2003e1b8 	.word	0x2003e1b8
   b60ac:	2003db54 	.word	0x2003db54
   b60b0:	2003db44 	.word	0x2003db44
   b60b4:	2003db40 	.word	0x2003db40
   b60b8:	000bbc70 	.word	0x000bbc70
   b60bc:	2003dff8 	.word	0x2003dff8
   b60c0:	2003db5a 	.word	0x2003db5a
   b60c4:	2003db64 	.word	0x2003db64
   b60c8:	2003dc04 	.word	0x2003dc04
   b60cc:	000bbc8e 	.word	0x000bbc8e
   b60d0:	2003e080 	.word	0x2003e080
   b60d4:	2003e1bc 	.word	0x2003e1bc
   b60d8:	000bbcab 	.word	0x000bbcab
    digitalWrite(RED_LED, LOW);
   b60dc:	2100      	movs	r1, #0
   b60de:	2004      	movs	r0, #4
   b60e0:	f005 fb7b 	bl	bb7da <digitalWrite>
    digitalWrite(RED_EXTERNAL, LOW);
   b60e4:	2100      	movs	r1, #0
   b60e6:	2008      	movs	r0, #8
   b60e8:	f005 fb77 	bl	bb7da <digitalWrite>
    if(sd.begin(SD_CS)){
   b60ec:	48bd      	ldr	r0, [pc, #756]	; (b63e4 <loop+0x430>)
   b60ee:	2103      	movs	r1, #3
   b60f0:	f7ff fe52 	bl	b5d98 <_ZN6SdBaseI8FsVolume11FsFormatterE5beginEh>
   b60f4:	2800      	cmp	r0, #0
   b60f6:	f000 80a1 	beq.w	b623c <loop+0x288>
      delay(100);
   b60fa:	2064      	movs	r0, #100	; 0x64
   b60fc:	f004 fcc4 	bl	baa88 <delay>
   b6100:	4bb9      	ldr	r3, [pc, #740]	; (b63e8 <loop+0x434>)
   b6102:	6819      	ldr	r1, [r3, #0]
   b6104:	b129      	cbz	r1, b6112 <loop+0x15e>
   b6106:	4ab9      	ldr	r2, [pc, #740]	; (b63ec <loop+0x438>)
   b6108:	48b9      	ldr	r0, [pc, #740]	; (b63f0 <loop+0x43c>)
   b610a:	f240 2309 	movw	r3, #521	; 0x209
   b610e:	f003 fb97 	bl	b9840 <_ZN10FsBaseFile4openEP8FsVolumePKci>
      delay(1000);
   b6112:	f44f 707a 	mov.w	r0, #1000	; 0x3e8
   b6116:	f004 fcb7 	bl	baa88 <delay>
      digitalWrite(GREEN_LED, HIGH);
   b611a:	2101      	movs	r1, #1
   b611c:	2005      	movs	r0, #5
   b611e:	f005 fb5c 	bl	bb7da <digitalWrite>
      digitalWrite(RED_EXTERNAL, LOW);
   b6122:	2100      	movs	r1, #0
   b6124:	2008      	movs	r0, #8
      file.println();
   b6126:	4cb3      	ldr	r4, [pc, #716]	; (b63f4 <loop+0x440>)
      digitalWrite(RED_EXTERNAL, LOW);
   b6128:	f005 fb57 	bl	bb7da <digitalWrite>
      digitalWrite(GREEN_EXTERNAL, HIGH);
   b612c:	2101      	movs	r1, #1
   b612e:	2007      	movs	r0, #7
   b6130:	f005 fb53 	bl	bb7da <digitalWrite>
      delay(100);
   b6134:	2064      	movs	r0, #100	; 0x64
   b6136:	f004 fca7 	bl	baa88 <delay>
      file.println();
   b613a:	4620      	mov	r0, r4
   b613c:	f004 fc01 	bl	ba942 <_ZN5Print7printlnEv>
        file.print(bufftime);
   b6140:	49ad      	ldr	r1, [pc, #692]	; (b63f8 <loop+0x444>)
   b6142:	4620      	mov	r0, r4
   b6144:	f004 fbf2 	bl	ba92c <_ZN5Print5printEPKc>
        file.print(F(","));
   b6148:	49ac      	ldr	r1, [pc, #688]	; (b63fc <loop+0x448>)
   b614a:	4620      	mov	r0, r4
   b614c:	f004 fbf5 	bl	ba93a <_ZN5Print5printEPK19__FlashStringHelper>
        delay(100);
   b6150:	2064      	movs	r0, #100	; 0x64
   b6152:	f004 fc99 	bl	baa88 <delay>
        return printNumber(val, base) + t;
   b6156:	220a      	movs	r2, #10
   b6158:	8829      	ldrh	r1, [r5, #0]
   b615a:	4620      	mov	r0, r4
   b615c:	f004 fc09 	bl	ba972 <_ZN5Print11printNumberEmh>
        file.print(F(","));
   b6160:	49a6      	ldr	r1, [pc, #664]	; (b63fc <loop+0x448>)
   b6162:	4620      	mov	r0, r4
   b6164:	f004 fbe9 	bl	ba93a <_ZN5Print5printEPK19__FlashStringHelper>
        delay(100);
   b6168:	2064      	movs	r0, #100	; 0x64
   b616a:	f004 fc8d 	bl	baa88 <delay>
   b616e:	220a      	movs	r2, #10
   b6170:	8869      	ldrh	r1, [r5, #2]
   b6172:	4620      	mov	r0, r4
   b6174:	f004 fbfd 	bl	ba972 <_ZN5Print11printNumberEmh>
        file.print(F(","));
   b6178:	49a0      	ldr	r1, [pc, #640]	; (b63fc <loop+0x448>)
   b617a:	4620      	mov	r0, r4
   b617c:	f004 fbdd 	bl	ba93a <_ZN5Print5printEPK19__FlashStringHelper>
        delay(100);
   b6180:	2064      	movs	r0, #100	; 0x64
   b6182:	f004 fc81 	bl	baa88 <delay>
   b6186:	220a      	movs	r2, #10
   b6188:	88a9      	ldrh	r1, [r5, #4]
   b618a:	4620      	mov	r0, r4
   b618c:	f004 fbf1 	bl	ba972 <_ZN5Print11printNumberEmh>
        file.print(F(","));
   b6190:	499a      	ldr	r1, [pc, #616]	; (b63fc <loop+0x448>)
   b6192:	4620      	mov	r0, r4
   b6194:	f004 fbd1 	bl	ba93a <_ZN5Print5printEPK19__FlashStringHelper>
        delay(100);
   b6198:	2064      	movs	r0, #100	; 0x64
   b619a:	f004 fc75 	bl	baa88 <delay>
   b619e:	220a      	movs	r2, #10
   b61a0:	88e9      	ldrh	r1, [r5, #6]
   b61a2:	4620      	mov	r0, r4
   b61a4:	f004 fbe5 	bl	ba972 <_ZN5Print11printNumberEmh>
        file.print(F(","));
   b61a8:	4994      	ldr	r1, [pc, #592]	; (b63fc <loop+0x448>)
   b61aa:	4620      	mov	r0, r4
   b61ac:	f004 fbc5 	bl	ba93a <_ZN5Print5printEPK19__FlashStringHelper>
        delay(100);
   b61b0:	2064      	movs	r0, #100	; 0x64
   b61b2:	f004 fc69 	bl	baa88 <delay>
        file.print(bme680.readTemperature());
   b61b6:	4892      	ldr	r0, [pc, #584]	; (b6400 <loop+0x44c>)
   b61b8:	f000 fddc 	bl	b6d74 <_ZN15Adafruit_BME68015readTemperatureEv>
   b61bc:	2102      	movs	r1, #2
   b61be:	4620      	mov	r0, r4
   b61c0:	f7ff fcee 	bl	b5ba0 <_ZN5Print5printEfi.isra.0>
        file.print(F(","));
   b61c4:	498d      	ldr	r1, [pc, #564]	; (b63fc <loop+0x448>)
   b61c6:	4620      	mov	r0, r4
   b61c8:	f004 fbb7 	bl	ba93a <_ZN5Print5printEPK19__FlashStringHelper>
        file.print(bme680.readPressure());
   b61cc:	488c      	ldr	r0, [pc, #560]	; (b6400 <loop+0x44c>)
   b61ce:	f000 fdd8 	bl	b6d82 <_ZN15Adafruit_BME68012readPressureEv>
   b61d2:	2102      	movs	r1, #2
   b61d4:	4620      	mov	r0, r4
   b61d6:	f7ff fce3 	bl	b5ba0 <_ZN5Print5printEfi.isra.0>
        file.print(F(","));
   b61da:	4988      	ldr	r1, [pc, #544]	; (b63fc <loop+0x448>)
   b61dc:	4620      	mov	r0, r4
   b61de:	f004 fbac 	bl	ba93a <_ZN5Print5printEPK19__FlashStringHelper>
        file.print(bme680.readHumidity());
   b61e2:	4887      	ldr	r0, [pc, #540]	; (b6400 <loop+0x44c>)
   b61e4:	f000 fdd6 	bl	b6d94 <_ZN15Adafruit_BME68012readHumidityEv>
   b61e8:	2102      	movs	r1, #2
   b61ea:	4620      	mov	r0, r4
   b61ec:	f7ff fcd8 	bl	b5ba0 <_ZN5Print5printEfi.isra.0>
        file.print(F(","));
   b61f0:	4982      	ldr	r1, [pc, #520]	; (b63fc <loop+0x448>)
   b61f2:	4620      	mov	r0, r4
   b61f4:	f004 fba1 	bl	ba93a <_ZN5Print5printEPK19__FlashStringHelper>
        file.print(bme680.readGas());
   b61f8:	4881      	ldr	r0, [pc, #516]	; (b6400 <loop+0x44c>)
   b61fa:	f000 fdd2 	bl	b6da2 <_ZN15Adafruit_BME6807readGasEv>
   b61fe:	220a      	movs	r2, #10
   b6200:	4601      	mov	r1, r0
   b6202:	4620      	mov	r0, r4
   b6204:	f004 fbb5 	bl	ba972 <_ZN5Print11printNumberEmh>
        file.print(F(","));
   b6208:	497c      	ldr	r1, [pc, #496]	; (b63fc <loop+0x448>)
   b620a:	4620      	mov	r0, r4
   b620c:	f004 fb95 	bl	ba93a <_ZN5Print5printEPK19__FlashStringHelper>
        delay(100);
   b6210:	2064      	movs	r0, #100	; 0x64
   b6212:	f004 fc39 	bl	baa88 <delay>
    return m_fFile ? m_fFile->sync() : m_xFile ? m_xFile->sync() : false;
   b6216:	6c20      	ldr	r0, [r4, #64]	; 0x40
   b6218:	2800      	cmp	r0, #0
   b621a:	f000 82ef 	beq.w	b67fc <loop+0x848>
   b621e:	f002 f8f7 	bl	b8410 <_ZN7FatFile4syncEv>
      delay(100);
   b6222:	2064      	movs	r0, #100	; 0x64
   b6224:	f004 fc30 	bl	baa88 <delay>
      file.close();
   b6228:	4871      	ldr	r0, [pc, #452]	; (b63f0 <loop+0x43c>)
   b622a:	f003 faf6 	bl	b981a <_ZN10FsBaseFile5closeEv>
      delay(100);
   b622e:	2064      	movs	r0, #100	; 0x64
   b6230:	f004 fc2a 	bl	baa88 <delay>
      digitalWrite(GREEN_LED, LOW);
   b6234:	2100      	movs	r1, #0
   b6236:	2005      	movs	r0, #5
   b6238:	f005 facf 	bl	bb7da <digitalWrite>
      Serial.println();
   b623c:	f005 f844 	bl	bb2c8 <_Z16_fetch_usbserialv>
   b6240:	f004 fb7f 	bl	ba942 <_ZN5Print7printlnEv>
        Serial.print(bufftime);
   b6244:	f005 f840 	bl	bb2c8 <_Z16_fetch_usbserialv>
   b6248:	496b      	ldr	r1, [pc, #428]	; (b63f8 <loop+0x444>)
      lpoddata.Mics[i] = ads.Mics;
   b624a:	4e6e      	ldr	r6, [pc, #440]	; (b6404 <loop+0x450>)
        Serial.print(bufftime);
   b624c:	f004 fb6e 	bl	ba92c <_ZN5Print5printEPKc>
        Serial.print(F(","));
   b6250:	f005 f83a 	bl	bb2c8 <_Z16_fetch_usbserialv>
   b6254:	4969      	ldr	r1, [pc, #420]	; (b63fc <loop+0x448>)
   b6256:	f004 fb70 	bl	ba93a <_ZN5Print5printEPK19__FlashStringHelper>
        Serial.print(ads.Mics); 
   b625a:	f005 f835 	bl	bb2c8 <_Z16_fetch_usbserialv>
   b625e:	220a      	movs	r2, #10
   b6260:	8829      	ldrh	r1, [r5, #0]
   b6262:	f004 fb86 	bl	ba972 <_ZN5Print11printNumberEmh>
        Serial.print(F(","));
   b6266:	f005 f82f 	bl	bb2c8 <_Z16_fetch_usbserialv>
   b626a:	4964      	ldr	r1, [pc, #400]	; (b63fc <loop+0x448>)
   b626c:	f004 fb65 	bl	ba93a <_ZN5Print5printEPK19__FlashStringHelper>
        delay(100);
   b6270:	2064      	movs	r0, #100	; 0x64
   b6272:	f004 fc09 	bl	baa88 <delay>
        Serial.print(ads.Mq); 
   b6276:	f005 f827 	bl	bb2c8 <_Z16_fetch_usbserialv>
   b627a:	220a      	movs	r2, #10
   b627c:	8869      	ldrh	r1, [r5, #2]
   b627e:	f004 fb78 	bl	ba972 <_ZN5Print11printNumberEmh>
        Serial.print(F(","));
   b6282:	f005 f821 	bl	bb2c8 <_Z16_fetch_usbserialv>
   b6286:	495d      	ldr	r1, [pc, #372]	; (b63fc <loop+0x448>)
   b6288:	f004 fb57 	bl	ba93a <_ZN5Print5printEPK19__FlashStringHelper>
        delay(100);
   b628c:	2064      	movs	r0, #100	; 0x64
   b628e:	f004 fbfb 	bl	baa88 <delay>
        Serial.print(ads.Worker); 
   b6292:	f005 f819 	bl	bb2c8 <_Z16_fetch_usbserialv>
   b6296:	220a      	movs	r2, #10
   b6298:	88a9      	ldrh	r1, [r5, #4]
   b629a:	f004 fb6a 	bl	ba972 <_ZN5Print11printNumberEmh>
        Serial.print(F(","));
   b629e:	f005 f813 	bl	bb2c8 <_Z16_fetch_usbserialv>
   b62a2:	4956      	ldr	r1, [pc, #344]	; (b63fc <loop+0x448>)
   b62a4:	f004 fb49 	bl	ba93a <_ZN5Print5printEPK19__FlashStringHelper>
        delay(100);
   b62a8:	2064      	movs	r0, #100	; 0x64
   b62aa:	f004 fbed 	bl	baa88 <delay>
        Serial.print(ads.Auxiliary); 
   b62ae:	f005 f80b 	bl	bb2c8 <_Z16_fetch_usbserialv>
   b62b2:	220a      	movs	r2, #10
   b62b4:	88e9      	ldrh	r1, [r5, #6]
   b62b6:	f004 fb5c 	bl	ba972 <_ZN5Print11printNumberEmh>
        Serial.print(F(","));
   b62ba:	f005 f805 	bl	bb2c8 <_Z16_fetch_usbserialv>
   b62be:	494f      	ldr	r1, [pc, #316]	; (b63fc <loop+0x448>)
   b62c0:	f004 fb3b 	bl	ba93a <_ZN5Print5printEPK19__FlashStringHelper>
        delay(100);
   b62c4:	2064      	movs	r0, #100	; 0x64
   b62c6:	f004 fbdf 	bl	baa88 <delay>
        Serial.print(bme680.readTemperature());
   b62ca:	f004 fffd 	bl	bb2c8 <_Z16_fetch_usbserialv>
   b62ce:	4604      	mov	r4, r0
   b62d0:	484b      	ldr	r0, [pc, #300]	; (b6400 <loop+0x44c>)
   b62d2:	f000 fd4f 	bl	b6d74 <_ZN15Adafruit_BME68015readTemperatureEv>
   b62d6:	2102      	movs	r1, #2
   b62d8:	4620      	mov	r0, r4
   b62da:	f7ff fc61 	bl	b5ba0 <_ZN5Print5printEfi.isra.0>
        Serial.print(F(","));
   b62de:	f004 fff3 	bl	bb2c8 <_Z16_fetch_usbserialv>
   b62e2:	4946      	ldr	r1, [pc, #280]	; (b63fc <loop+0x448>)
   b62e4:	f004 fb29 	bl	ba93a <_ZN5Print5printEPK19__FlashStringHelper>
        Serial.print(bme680.readPressure());
   b62e8:	f004 ffee 	bl	bb2c8 <_Z16_fetch_usbserialv>
   b62ec:	4604      	mov	r4, r0
   b62ee:	4844      	ldr	r0, [pc, #272]	; (b6400 <loop+0x44c>)
   b62f0:	f000 fd47 	bl	b6d82 <_ZN15Adafruit_BME68012readPressureEv>
   b62f4:	2102      	movs	r1, #2
   b62f6:	4620      	mov	r0, r4
   b62f8:	f7ff fc52 	bl	b5ba0 <_ZN5Print5printEfi.isra.0>
        Serial.print(F(","));
   b62fc:	f004 ffe4 	bl	bb2c8 <_Z16_fetch_usbserialv>
   b6300:	493e      	ldr	r1, [pc, #248]	; (b63fc <loop+0x448>)
   b6302:	f004 fb1a 	bl	ba93a <_ZN5Print5printEPK19__FlashStringHelper>
        Serial.print(bme680.readHumidity());
   b6306:	f004 ffdf 	bl	bb2c8 <_Z16_fetch_usbserialv>
   b630a:	4604      	mov	r4, r0
   b630c:	483c      	ldr	r0, [pc, #240]	; (b6400 <loop+0x44c>)
   b630e:	f000 fd41 	bl	b6d94 <_ZN15Adafruit_BME68012readHumidityEv>
   b6312:	2102      	movs	r1, #2
   b6314:	4620      	mov	r0, r4
   b6316:	f7ff fc43 	bl	b5ba0 <_ZN5Print5printEfi.isra.0>
        Serial.print(F(","));
   b631a:	f004 ffd5 	bl	bb2c8 <_Z16_fetch_usbserialv>
   b631e:	4937      	ldr	r1, [pc, #220]	; (b63fc <loop+0x448>)
   b6320:	f004 fb0b 	bl	ba93a <_ZN5Print5printEPK19__FlashStringHelper>
        Serial.print(bme680.readGas());
   b6324:	f004 ffd0 	bl	bb2c8 <_Z16_fetch_usbserialv>
   b6328:	4604      	mov	r4, r0
   b632a:	4835      	ldr	r0, [pc, #212]	; (b6400 <loop+0x44c>)
   b632c:	f000 fd39 	bl	b6da2 <_ZN15Adafruit_BME6807readGasEv>
   b6330:	220a      	movs	r2, #10
   b6332:	4601      	mov	r1, r0
   b6334:	4620      	mov	r0, r4
   b6336:	f004 fb1c 	bl	ba972 <_ZN5Print11printNumberEmh>
        Serial.print(F(","));
   b633a:	f004 ffc5 	bl	bb2c8 <_Z16_fetch_usbserialv>
   b633e:	492f      	ldr	r1, [pc, #188]	; (b63fc <loop+0x448>)
      lpoddata.Mics[i] = ads.Mics;
   b6340:	4c31      	ldr	r4, [pc, #196]	; (b6408 <loop+0x454>)
        Serial.print(F(","));
   b6342:	f004 fafa 	bl	ba93a <_ZN5Print5printEPK19__FlashStringHelper>
        delay(100);
   b6346:	2064      	movs	r0, #100	; 0x64
   b6348:	f004 fb9e 	bl	baa88 <delay>
      digitalWrite(BLUE_LED, HIGH);
   b634c:	2101      	movs	r1, #1
   b634e:	2002      	movs	r0, #2
   b6350:	f005 fa43 	bl	bb7da <digitalWrite>
      lpoddata.Mics[i] = ads.Mics;
   b6354:	6833      	ldr	r3, [r6, #0]
   b6356:	882a      	ldrh	r2, [r5, #0]
   b6358:	f824 2013 	strh.w	r2, [r4, r3, lsl #1]
      delay(100);
   b635c:	2064      	movs	r0, #100	; 0x64
   b635e:	f004 fb93 	bl	baa88 <delay>
      lpoddata.Mq[i] = ads.Mq;
   b6362:	6833      	ldr	r3, [r6, #0]
   b6364:	886a      	ldrh	r2, [r5, #2]
   b6366:	eb04 0343 	add.w	r3, r4, r3, lsl #1
      delay(100);
   b636a:	2064      	movs	r0, #100	; 0x64
      lpoddata.Mq[i] = ads.Mq;
   b636c:	84da      	strh	r2, [r3, #38]	; 0x26
      delay(100);
   b636e:	f004 fb8b 	bl	baa88 <delay>
      lpoddata.CO_Auxiliary[i] = ads.Auxiliary;
   b6372:	6833      	ldr	r3, [r6, #0]
   b6374:	88ea      	ldrh	r2, [r5, #6]
   b6376:	eb04 0343 	add.w	r3, r4, r3, lsl #1
      delay(100);
   b637a:	2064      	movs	r0, #100	; 0x64
      lpoddata.CO_Auxiliary[i] = ads.Auxiliary;
   b637c:	f8a3 2072 	strh.w	r2, [r3, #114]	; 0x72
      delay(100);
   b6380:	f004 fb82 	bl	baa88 <delay>
      lpoddata.CO_Worker[i] = ads.Worker;
   b6384:	6833      	ldr	r3, [r6, #0]
   b6386:	88aa      	ldrh	r2, [r5, #4]
   b6388:	eb04 0343 	add.w	r3, r4, r3, lsl #1
      delay(100);
   b638c:	2064      	movs	r0, #100	; 0x64
      lpoddata.CO_Worker[i] = ads.Worker;
   b638e:	f8a3 204c 	strh.w	r2, [r3, #76]	; 0x4c
      delay(100);
   b6392:	f004 fb79 	bl	baa88 <delay>
      lpoddata.Rel_Humidity[i] = bme680.readHumidity();
   b6396:	481a      	ldr	r0, [pc, #104]	; (b6400 <loop+0x44c>)
   b6398:	6835      	ldr	r5, [r6, #0]
   b639a:	f000 fcfb 	bl	b6d94 <_ZN15Adafruit_BME68012readHumidityEv>
   b639e:	eb04 0585 	add.w	r5, r4, r5, lsl #2
   b63a2:	ed85 0a39 	vstr	s0, [r5, #228]	; 0xe4
      delay(100);
   b63a6:	2064      	movs	r0, #100	; 0x64
   b63a8:	f004 fb6e 	bl	baa88 <delay>
      lpoddata.Temperature[i] = bme680.readTemperature();
   b63ac:	4814      	ldr	r0, [pc, #80]	; (b6400 <loop+0x44c>)
   b63ae:	6835      	ldr	r5, [r6, #0]
   b63b0:	f000 fce0 	bl	b6d74 <_ZN15Adafruit_BME68015readTemperatureEv>
   b63b4:	eb04 0585 	add.w	r5, r4, r5, lsl #2
   b63b8:	ed85 0a26 	vstr	s0, [r5, #152]	; 0x98
      delay(100);
   b63bc:	2064      	movs	r0, #100	; 0x64
   b63be:	f004 fb63 	bl	baa88 <delay>
      i = i+1;
   b63c2:	6833      	ldr	r3, [r6, #0]
      digitalWrite(BLUE_LED, LOW);
   b63c4:	2100      	movs	r1, #0
      i = i+1;
   b63c6:	3301      	adds	r3, #1
      digitalWrite(BLUE_LED, LOW);
   b63c8:	2002      	movs	r0, #2
      i = i+1;
   b63ca:	6033      	str	r3, [r6, #0]
      digitalWrite(BLUE_LED, LOW);
   b63cc:	f005 fa05 	bl	bb7da <digitalWrite>
      if(i == RUN_TO_PUBLISH) {
   b63d0:	6833      	ldr	r3, [r6, #0]
   b63d2:	2b13      	cmp	r3, #19
   b63d4:	f47f ae29 	bne.w	b602a <loop+0x76>
    static void sleep(Spark_Sleep_TypeDef sleepMode, long seconds=0) __attribute__ ((deprecated("Please use System.sleep() instead.")))
    { SystemClass::sleep(sleepMode, seconds); }
    static void sleep(uint16_t wakeUpPin, InterruptMode edgeTriggerMode, long seconds=0) __attribute__ ((deprecated("Please use System.sleep() instead.")))
    { SystemClass::sleep(wakeUpPin, edgeTriggerMode, seconds); }

    static bool connected(void) { return spark_cloud_flag_connected(); }
   b63d8:	f004 f892 	bl	ba500 <spark_cloud_flag_connected>
        if(Particle.connected())  {
   b63dc:	2800      	cmp	r0, #0
   b63de:	f43f ae24 	beq.w	b602a <loop+0x76>
   b63e2:	e013      	b.n	b640c <loop+0x458>
   b63e4:	2003e1bc 	.word	0x2003e1bc
   b63e8:	2003e674 	.word	0x2003e674
   b63ec:	2003e060 	.word	0x2003e060
   b63f0:	2003e020 	.word	0x2003e020
   b63f4:	2003e018 	.word	0x2003e018
   b63f8:	2003dff8 	.word	0x2003dff8
   b63fc:	000bbcc0 	.word	0x000bbcc0
   b6400:	2003dc04 	.word	0x2003dc04
   b6404:	2003e07c 	.word	0x2003e07c
   b6408:	2003e084 	.word	0x2003e084
          digitalWrite(BLUE_LED, HIGH);
   b640c:	2101      	movs	r1, #1
   b640e:	2002      	movs	r0, #2
   b6410:	f005 f9e3 	bl	bb7da <digitalWrite>
          digitalWrite(RED_LED, HIGH);
   b6414:	2101      	movs	r1, #1
   b6416:	2004      	movs	r0, #4
   b6418:	f005 f9df 	bl	bb7da <digitalWrite>
          snprintf(buff, sizeof(buff), 
   b641c:	8823      	ldrh	r3, [r4, #0]
   b641e:	f8d4 012c 	ldr.w	r0, [r4, #300]	; 0x12c
   b6422:	9399      	str	r3, [sp, #612]	; 0x264
   b6424:	f7fd ff5e 	bl	b42e4 <__aeabi_f2d>
   b6428:	e9cd 0196 	strd	r0, r1, [sp, #600]	; 0x258
   b642c:	f8d4 00e0 	ldr.w	r0, [r4, #224]	; 0xe0
   b6430:	f7fd ff58 	bl	b42e4 <__aeabi_f2d>
   b6434:	e9cd 0194 	strd	r0, r1, [sp, #592]	; 0x250
   b6438:	f8b4 2070 	ldrh.w	r2, [r4, #112]	; 0x70
   b643c:	9293      	str	r2, [sp, #588]	; 0x24c
   b643e:	f8b4 2096 	ldrh.w	r2, [r4, #150]	; 0x96
   b6442:	9292      	str	r2, [sp, #584]	; 0x248
   b6444:	f8b4 204a 	ldrh.w	r2, [r4, #74]	; 0x4a
   b6448:	9291      	str	r2, [sp, #580]	; 0x244
   b644a:	8ca2      	ldrh	r2, [r4, #36]	; 0x24
   b644c:	9290      	str	r2, [sp, #576]	; 0x240
   b644e:	f8d4 0128 	ldr.w	r0, [r4, #296]	; 0x128
   b6452:	f7fd ff47 	bl	b42e4 <__aeabi_f2d>
   b6456:	e9cd 018e 	strd	r0, r1, [sp, #568]	; 0x238
   b645a:	f8d4 00dc 	ldr.w	r0, [r4, #220]	; 0xdc
   b645e:	f7fd ff41 	bl	b42e4 <__aeabi_f2d>
   b6462:	e9cd 018c 	strd	r0, r1, [sp, #560]	; 0x230
   b6466:	f8b4 206e 	ldrh.w	r2, [r4, #110]	; 0x6e
   b646a:	928b      	str	r2, [sp, #556]	; 0x22c
   b646c:	f8b4 2094 	ldrh.w	r2, [r4, #148]	; 0x94
   b6470:	928a      	str	r2, [sp, #552]	; 0x228
   b6472:	f8b4 2048 	ldrh.w	r2, [r4, #72]	; 0x48
   b6476:	9289      	str	r2, [sp, #548]	; 0x224
   b6478:	8c62      	ldrh	r2, [r4, #34]	; 0x22
   b647a:	9288      	str	r2, [sp, #544]	; 0x220
   b647c:	f8d4 0124 	ldr.w	r0, [r4, #292]	; 0x124
   b6480:	f7fd ff30 	bl	b42e4 <__aeabi_f2d>
   b6484:	e9cd 0186 	strd	r0, r1, [sp, #536]	; 0x218
   b6488:	f8d4 00d8 	ldr.w	r0, [r4, #216]	; 0xd8
   b648c:	f7fd ff2a 	bl	b42e4 <__aeabi_f2d>
   b6490:	e9cd 0184 	strd	r0, r1, [sp, #528]	; 0x210
   b6494:	f8b4 206c 	ldrh.w	r2, [r4, #108]	; 0x6c
   b6498:	9283      	str	r2, [sp, #524]	; 0x20c
   b649a:	f8b4 2092 	ldrh.w	r2, [r4, #146]	; 0x92
   b649e:	9282      	str	r2, [sp, #520]	; 0x208
   b64a0:	f8b4 2046 	ldrh.w	r2, [r4, #70]	; 0x46
   b64a4:	9281      	str	r2, [sp, #516]	; 0x204
   b64a6:	8c22      	ldrh	r2, [r4, #32]
   b64a8:	9280      	str	r2, [sp, #512]	; 0x200
   b64aa:	f8d4 0120 	ldr.w	r0, [r4, #288]	; 0x120
   b64ae:	f7fd ff19 	bl	b42e4 <__aeabi_f2d>
   b64b2:	e9cd 017e 	strd	r0, r1, [sp, #504]	; 0x1f8
   b64b6:	f8d4 00d4 	ldr.w	r0, [r4, #212]	; 0xd4
   b64ba:	f7fd ff13 	bl	b42e4 <__aeabi_f2d>
   b64be:	e9cd 017c 	strd	r0, r1, [sp, #496]	; 0x1f0
   b64c2:	f8b4 206a 	ldrh.w	r2, [r4, #106]	; 0x6a
   b64c6:	927b      	str	r2, [sp, #492]	; 0x1ec
   b64c8:	f8b4 2090 	ldrh.w	r2, [r4, #144]	; 0x90
   b64cc:	927a      	str	r2, [sp, #488]	; 0x1e8
   b64ce:	f8b4 2044 	ldrh.w	r2, [r4, #68]	; 0x44
   b64d2:	9279      	str	r2, [sp, #484]	; 0x1e4
   b64d4:	8be2      	ldrh	r2, [r4, #30]
   b64d6:	9278      	str	r2, [sp, #480]	; 0x1e0
   b64d8:	f8d4 011c 	ldr.w	r0, [r4, #284]	; 0x11c
   b64dc:	f7fd ff02 	bl	b42e4 <__aeabi_f2d>
   b64e0:	e9cd 0176 	strd	r0, r1, [sp, #472]	; 0x1d8
   b64e4:	f8d4 00d0 	ldr.w	r0, [r4, #208]	; 0xd0
   b64e8:	f7fd fefc 	bl	b42e4 <__aeabi_f2d>
   b64ec:	e9cd 0174 	strd	r0, r1, [sp, #464]	; 0x1d0
   b64f0:	f8b4 2068 	ldrh.w	r2, [r4, #104]	; 0x68
   b64f4:	9273      	str	r2, [sp, #460]	; 0x1cc
   b64f6:	f8b4 208e 	ldrh.w	r2, [r4, #142]	; 0x8e
   b64fa:	9272      	str	r2, [sp, #456]	; 0x1c8
   b64fc:	f8b4 2042 	ldrh.w	r2, [r4, #66]	; 0x42
   b6500:	9271      	str	r2, [sp, #452]	; 0x1c4
   b6502:	8ba2      	ldrh	r2, [r4, #28]
   b6504:	9270      	str	r2, [sp, #448]	; 0x1c0
   b6506:	f8d4 0118 	ldr.w	r0, [r4, #280]	; 0x118
   b650a:	f7fd feeb 	bl	b42e4 <__aeabi_f2d>
   b650e:	e9cd 016e 	strd	r0, r1, [sp, #440]	; 0x1b8
   b6512:	f8d4 00cc 	ldr.w	r0, [r4, #204]	; 0xcc
   b6516:	f7fd fee5 	bl	b42e4 <__aeabi_f2d>
   b651a:	e9cd 016c 	strd	r0, r1, [sp, #432]	; 0x1b0
   b651e:	f8b4 2066 	ldrh.w	r2, [r4, #102]	; 0x66
   b6522:	926b      	str	r2, [sp, #428]	; 0x1ac
   b6524:	f8b4 208c 	ldrh.w	r2, [r4, #140]	; 0x8c
   b6528:	926a      	str	r2, [sp, #424]	; 0x1a8
   b652a:	f8b4 2040 	ldrh.w	r2, [r4, #64]	; 0x40
   b652e:	9269      	str	r2, [sp, #420]	; 0x1a4
   b6530:	8b62      	ldrh	r2, [r4, #26]
   b6532:	9268      	str	r2, [sp, #416]	; 0x1a0
   b6534:	f8d4 0114 	ldr.w	r0, [r4, #276]	; 0x114
   b6538:	f7fd fed4 	bl	b42e4 <__aeabi_f2d>
   b653c:	e9cd 0166 	strd	r0, r1, [sp, #408]	; 0x198
   b6540:	f8d4 00c8 	ldr.w	r0, [r4, #200]	; 0xc8
   b6544:	f7fd fece 	bl	b42e4 <__aeabi_f2d>
   b6548:	e9cd 0164 	strd	r0, r1, [sp, #400]	; 0x190
   b654c:	f8b4 2064 	ldrh.w	r2, [r4, #100]	; 0x64
   b6550:	9263      	str	r2, [sp, #396]	; 0x18c
   b6552:	f8b4 208a 	ldrh.w	r2, [r4, #138]	; 0x8a
   b6556:	9262      	str	r2, [sp, #392]	; 0x188
   b6558:	8fe2      	ldrh	r2, [r4, #62]	; 0x3e
   b655a:	9261      	str	r2, [sp, #388]	; 0x184
   b655c:	8b22      	ldrh	r2, [r4, #24]
   b655e:	9260      	str	r2, [sp, #384]	; 0x180
   b6560:	f8d4 0110 	ldr.w	r0, [r4, #272]	; 0x110
   b6564:	f7fd febe 	bl	b42e4 <__aeabi_f2d>
   b6568:	e9cd 015e 	strd	r0, r1, [sp, #376]	; 0x178
   b656c:	f8d4 00c4 	ldr.w	r0, [r4, #196]	; 0xc4
   b6570:	f7fd feb8 	bl	b42e4 <__aeabi_f2d>
   b6574:	e9cd 015c 	strd	r0, r1, [sp, #368]	; 0x170
   b6578:	f8b4 2062 	ldrh.w	r2, [r4, #98]	; 0x62
   b657c:	925b      	str	r2, [sp, #364]	; 0x16c
   b657e:	f8b4 2088 	ldrh.w	r2, [r4, #136]	; 0x88
   b6582:	925a      	str	r2, [sp, #360]	; 0x168
   b6584:	8fa2      	ldrh	r2, [r4, #60]	; 0x3c
   b6586:	9259      	str	r2, [sp, #356]	; 0x164
   b6588:	8ae2      	ldrh	r2, [r4, #22]
   b658a:	9258      	str	r2, [sp, #352]	; 0x160
   b658c:	f8d4 010c 	ldr.w	r0, [r4, #268]	; 0x10c
   b6590:	f7fd fea8 	bl	b42e4 <__aeabi_f2d>
   b6594:	e9cd 0156 	strd	r0, r1, [sp, #344]	; 0x158
   b6598:	f8d4 00c0 	ldr.w	r0, [r4, #192]	; 0xc0
   b659c:	f7fd fea2 	bl	b42e4 <__aeabi_f2d>
   b65a0:	e9cd 0154 	strd	r0, r1, [sp, #336]	; 0x150
   b65a4:	f8b4 2060 	ldrh.w	r2, [r4, #96]	; 0x60
   b65a8:	9253      	str	r2, [sp, #332]	; 0x14c
   b65aa:	f8b4 2086 	ldrh.w	r2, [r4, #134]	; 0x86
   b65ae:	9252      	str	r2, [sp, #328]	; 0x148
   b65b0:	8f62      	ldrh	r2, [r4, #58]	; 0x3a
   b65b2:	9251      	str	r2, [sp, #324]	; 0x144
   b65b4:	8aa2      	ldrh	r2, [r4, #20]
   b65b6:	9250      	str	r2, [sp, #320]	; 0x140
   b65b8:	f8d4 0108 	ldr.w	r0, [r4, #264]	; 0x108
   b65bc:	f7fd fe92 	bl	b42e4 <__aeabi_f2d>
   b65c0:	e9cd 014e 	strd	r0, r1, [sp, #312]	; 0x138
   b65c4:	f8d4 00bc 	ldr.w	r0, [r4, #188]	; 0xbc
   b65c8:	f7fd fe8c 	bl	b42e4 <__aeabi_f2d>
   b65cc:	e9cd 014c 	strd	r0, r1, [sp, #304]	; 0x130
   b65d0:	f8b4 205e 	ldrh.w	r2, [r4, #94]	; 0x5e
   b65d4:	924b      	str	r2, [sp, #300]	; 0x12c
   b65d6:	f8b4 2084 	ldrh.w	r2, [r4, #132]	; 0x84
   b65da:	924a      	str	r2, [sp, #296]	; 0x128
   b65dc:	8f22      	ldrh	r2, [r4, #56]	; 0x38
   b65de:	9249      	str	r2, [sp, #292]	; 0x124
   b65e0:	8a62      	ldrh	r2, [r4, #18]
   b65e2:	9248      	str	r2, [sp, #288]	; 0x120
   b65e4:	f8d4 0104 	ldr.w	r0, [r4, #260]	; 0x104
   b65e8:	f7fd fe7c 	bl	b42e4 <__aeabi_f2d>
   b65ec:	e9cd 0146 	strd	r0, r1, [sp, #280]	; 0x118
   b65f0:	f8d4 00b8 	ldr.w	r0, [r4, #184]	; 0xb8
   b65f4:	f7fd fe76 	bl	b42e4 <__aeabi_f2d>
   b65f8:	e9cd 0144 	strd	r0, r1, [sp, #272]	; 0x110
   b65fc:	f8b4 205c 	ldrh.w	r2, [r4, #92]	; 0x5c
   b6600:	9243      	str	r2, [sp, #268]	; 0x10c
   b6602:	f8b4 2082 	ldrh.w	r2, [r4, #130]	; 0x82
   b6606:	9242      	str	r2, [sp, #264]	; 0x108
   b6608:	8ee2      	ldrh	r2, [r4, #54]	; 0x36
   b660a:	9241      	str	r2, [sp, #260]	; 0x104
   b660c:	8a22      	ldrh	r2, [r4, #16]
   b660e:	9240      	str	r2, [sp, #256]	; 0x100
   b6610:	f8d4 0100 	ldr.w	r0, [r4, #256]	; 0x100
   b6614:	f7fd fe66 	bl	b42e4 <__aeabi_f2d>
   b6618:	e9cd 013e 	strd	r0, r1, [sp, #248]	; 0xf8
   b661c:	f8d4 00b4 	ldr.w	r0, [r4, #180]	; 0xb4
   b6620:	f7fd fe60 	bl	b42e4 <__aeabi_f2d>
   b6624:	e9cd 013c 	strd	r0, r1, [sp, #240]	; 0xf0
   b6628:	f8b4 205a 	ldrh.w	r2, [r4, #90]	; 0x5a
   b662c:	923b      	str	r2, [sp, #236]	; 0xec
   b662e:	f8b4 2080 	ldrh.w	r2, [r4, #128]	; 0x80
   b6632:	923a      	str	r2, [sp, #232]	; 0xe8
   b6634:	8ea2      	ldrh	r2, [r4, #52]	; 0x34
   b6636:	9239      	str	r2, [sp, #228]	; 0xe4
   b6638:	89e2      	ldrh	r2, [r4, #14]
   b663a:	9238      	str	r2, [sp, #224]	; 0xe0
   b663c:	f8d4 00fc 	ldr.w	r0, [r4, #252]	; 0xfc
   b6640:	f7fd fe50 	bl	b42e4 <__aeabi_f2d>
   b6644:	e9cd 0136 	strd	r0, r1, [sp, #216]	; 0xd8
   b6648:	f8d4 00b0 	ldr.w	r0, [r4, #176]	; 0xb0
   b664c:	f7fd fe4a 	bl	b42e4 <__aeabi_f2d>
   b6650:	e9cd 0134 	strd	r0, r1, [sp, #208]	; 0xd0
   b6654:	f8b4 2058 	ldrh.w	r2, [r4, #88]	; 0x58
   b6658:	9233      	str	r2, [sp, #204]	; 0xcc
   b665a:	f8b4 207e 	ldrh.w	r2, [r4, #126]	; 0x7e
   b665e:	9232      	str	r2, [sp, #200]	; 0xc8
   b6660:	8e62      	ldrh	r2, [r4, #50]	; 0x32
   b6662:	9231      	str	r2, [sp, #196]	; 0xc4
   b6664:	89a2      	ldrh	r2, [r4, #12]
   b6666:	9230      	str	r2, [sp, #192]	; 0xc0
   b6668:	f8d4 00f8 	ldr.w	r0, [r4, #248]	; 0xf8
   b666c:	f7fd fe3a 	bl	b42e4 <__aeabi_f2d>
   b6670:	e9cd 012e 	strd	r0, r1, [sp, #184]	; 0xb8
   b6674:	f8d4 00ac 	ldr.w	r0, [r4, #172]	; 0xac
   b6678:	f7fd fe34 	bl	b42e4 <__aeabi_f2d>
   b667c:	e9cd 012c 	strd	r0, r1, [sp, #176]	; 0xb0
   b6680:	f8b4 2056 	ldrh.w	r2, [r4, #86]	; 0x56
   b6684:	922b      	str	r2, [sp, #172]	; 0xac
   b6686:	f8b4 207c 	ldrh.w	r2, [r4, #124]	; 0x7c
   b668a:	922a      	str	r2, [sp, #168]	; 0xa8
   b668c:	8e22      	ldrh	r2, [r4, #48]	; 0x30
   b668e:	9229      	str	r2, [sp, #164]	; 0xa4
   b6690:	8962      	ldrh	r2, [r4, #10]
   b6692:	9228      	str	r2, [sp, #160]	; 0xa0
   b6694:	f8d4 00f4 	ldr.w	r0, [r4, #244]	; 0xf4
   b6698:	f7fd fe24 	bl	b42e4 <__aeabi_f2d>
   b669c:	e9cd 0126 	strd	r0, r1, [sp, #152]	; 0x98
   b66a0:	f8d4 00a8 	ldr.w	r0, [r4, #168]	; 0xa8
   b66a4:	f7fd fe1e 	bl	b42e4 <__aeabi_f2d>
   b66a8:	e9cd 0124 	strd	r0, r1, [sp, #144]	; 0x90
   b66ac:	f8b4 2054 	ldrh.w	r2, [r4, #84]	; 0x54
   b66b0:	9223      	str	r2, [sp, #140]	; 0x8c
   b66b2:	f8b4 207a 	ldrh.w	r2, [r4, #122]	; 0x7a
   b66b6:	9222      	str	r2, [sp, #136]	; 0x88
   b66b8:	8de2      	ldrh	r2, [r4, #46]	; 0x2e
   b66ba:	9221      	str	r2, [sp, #132]	; 0x84
   b66bc:	8922      	ldrh	r2, [r4, #8]
   b66be:	9220      	str	r2, [sp, #128]	; 0x80
   b66c0:	f8d4 00f0 	ldr.w	r0, [r4, #240]	; 0xf0
   b66c4:	f7fd fe0e 	bl	b42e4 <__aeabi_f2d>
   b66c8:	e9cd 011e 	strd	r0, r1, [sp, #120]	; 0x78
   b66cc:	f8d4 00a4 	ldr.w	r0, [r4, #164]	; 0xa4
   b66d0:	f7fd fe08 	bl	b42e4 <__aeabi_f2d>
   b66d4:	e9cd 011c 	strd	r0, r1, [sp, #112]	; 0x70
   b66d8:	f8b4 2052 	ldrh.w	r2, [r4, #82]	; 0x52
   b66dc:	921b      	str	r2, [sp, #108]	; 0x6c
   b66de:	f8b4 2078 	ldrh.w	r2, [r4, #120]	; 0x78
   b66e2:	921a      	str	r2, [sp, #104]	; 0x68
   b66e4:	8da2      	ldrh	r2, [r4, #44]	; 0x2c
   b66e6:	9219      	str	r2, [sp, #100]	; 0x64
   b66e8:	88e2      	ldrh	r2, [r4, #6]
   b66ea:	9218      	str	r2, [sp, #96]	; 0x60
   b66ec:	f8d4 00ec 	ldr.w	r0, [r4, #236]	; 0xec
   b66f0:	f7fd fdf8 	bl	b42e4 <__aeabi_f2d>
   b66f4:	e9cd 0116 	strd	r0, r1, [sp, #88]	; 0x58
   b66f8:	f8d4 00a0 	ldr.w	r0, [r4, #160]	; 0xa0
   b66fc:	f7fd fdf2 	bl	b42e4 <__aeabi_f2d>
   b6700:	e9cd 0114 	strd	r0, r1, [sp, #80]	; 0x50
   b6704:	f8b4 2050 	ldrh.w	r2, [r4, #80]	; 0x50
   b6708:	9213      	str	r2, [sp, #76]	; 0x4c
   b670a:	f8b4 2076 	ldrh.w	r2, [r4, #118]	; 0x76
   b670e:	9212      	str	r2, [sp, #72]	; 0x48
   b6710:	8d62      	ldrh	r2, [r4, #42]	; 0x2a
   b6712:	9211      	str	r2, [sp, #68]	; 0x44
   b6714:	88a2      	ldrh	r2, [r4, #4]
   b6716:	9210      	str	r2, [sp, #64]	; 0x40
   b6718:	f8d4 00e8 	ldr.w	r0, [r4, #232]	; 0xe8
   b671c:	f7fd fde2 	bl	b42e4 <__aeabi_f2d>
   b6720:	e9cd 010e 	strd	r0, r1, [sp, #56]	; 0x38
   b6724:	f8d4 009c 	ldr.w	r0, [r4, #156]	; 0x9c
   b6728:	f7fd fddc 	bl	b42e4 <__aeabi_f2d>
   b672c:	e9cd 010c 	strd	r0, r1, [sp, #48]	; 0x30
   b6730:	f8b4 204e 	ldrh.w	r2, [r4, #78]	; 0x4e
   b6734:	920b      	str	r2, [sp, #44]	; 0x2c
   b6736:	f8b4 2074 	ldrh.w	r2, [r4, #116]	; 0x74
   b673a:	920a      	str	r2, [sp, #40]	; 0x28
   b673c:	8d22      	ldrh	r2, [r4, #40]	; 0x28
   b673e:	9209      	str	r2, [sp, #36]	; 0x24
   b6740:	8862      	ldrh	r2, [r4, #2]
   b6742:	9208      	str	r2, [sp, #32]
   b6744:	f8d4 00e4 	ldr.w	r0, [r4, #228]	; 0xe4
   b6748:	f7fd fdcc 	bl	b42e4 <__aeabi_f2d>
   b674c:	e9cd 0106 	strd	r0, r1, [sp, #24]
   b6750:	f8d4 0098 	ldr.w	r0, [r4, #152]	; 0x98
   b6754:	f7fd fdc6 	bl	b42e4 <__aeabi_f2d>
   b6758:	e9cd 0104 	strd	r0, r1, [sp, #16]
   b675c:	f8b4 204c 	ldrh.w	r2, [r4, #76]	; 0x4c
   b6760:	9202      	str	r2, [sp, #8]
   b6762:	f8b4 2072 	ldrh.w	r2, [r4, #114]	; 0x72
   b6766:	9201      	str	r2, [sp, #4]
   b6768:	8ce2      	ldrh	r2, [r4, #38]	; 0x26
   b676a:	9b99      	ldr	r3, [sp, #612]	; 0x264
   b676c:	9200      	str	r2, [sp, #0]
   b676e:	f44f 7158 	mov.w	r1, #864	; 0x360
   b6772:	4a26      	ldr	r2, [pc, #152]	; (b680c <loop+0x858>)
   b6774:	4826      	ldr	r0, [pc, #152]	; (b6810 <loop+0x85c>)
   b6776:	f003 fef3 	bl	ba560 <snprintf>
          delay(100);
   b677a:	2064      	movs	r0, #100	; 0x64
   b677c:	f004 f984 	bl	baa88 <delay>
          Particle.publish(eventName,buff,PRIVATE);
   b6780:	4b24      	ldr	r3, [pc, #144]	; (b6814 <loop+0x860>)
        return publish_event(eventName, eventData, eventData ? std::strlen(eventData) : 0, static_cast<int>(particle::ContentType::TEXT), ttl, flags1 | flags2);
   b6782:	4823      	ldr	r0, [pc, #140]	; (b6810 <loop+0x85c>)
   b6784:	6819      	ldr	r1, [r3, #0]
   b6786:	9199      	str	r1, [sp, #612]	; 0x264
   b6788:	f7fe f8fc 	bl	b4984 <strlen>
inline particle::Flags<TagT, ValueT>::Flags(Flag<TagT, ValueT> flag) :
        val_(flag.value()) {
}

template<typename TagT, typename ValueT>
inline particle::Flags<TagT, ValueT>::Flags(ValueT val) :
   b678c:	4a22      	ldr	r2, [pc, #136]	; (b6818 <loop+0x864>)
   b678e:	7812      	ldrb	r2, [r2, #0]
   b6790:	f88d 2008 	strb.w	r2, [sp, #8]
   b6794:	213c      	movs	r1, #60	; 0x3c
   b6796:	2200      	movs	r2, #0
   b6798:	e9cd 2100 	strd	r2, r1, [sp]
   b679c:	4603      	mov	r3, r0
   b679e:	4a1c      	ldr	r2, [pc, #112]	; (b6810 <loop+0x85c>)
   b67a0:	9999      	ldr	r1, [sp, #612]	; 0x264
   b67a2:	a89e      	add	r0, sp, #632	; 0x278
   b67a4:	f004 fb6a 	bl	bae7c <_ZN10CloudClass13publish_eventEPKcS1_jiiN8particle5FlagsI15PublishFlagTypehEE>
      // Does not throw if __r._M_get_use_count() == 0, caller must check.
      explicit __shared_count(const __weak_count<_Lp>& __r, std::nothrow_t);

      ~__shared_count() noexcept
      {
	if (_M_pi != nullptr)
   b67a8:	9c9f      	ldr	r4, [sp, #636]	; 0x27c
   b67aa:	b17c      	cbz	r4, b67cc <loop+0x818>
      if (--_M_use_count == 0)
   b67ac:	6863      	ldr	r3, [r4, #4]
   b67ae:	3b01      	subs	r3, #1
   b67b0:	6063      	str	r3, [r4, #4]
   b67b2:	b95b      	cbnz	r3, b67cc <loop+0x818>
          _M_dispose();
   b67b4:	6823      	ldr	r3, [r4, #0]
   b67b6:	4620      	mov	r0, r4
   b67b8:	689b      	ldr	r3, [r3, #8]
   b67ba:	4798      	blx	r3
          if (--_M_weak_count == 0)
   b67bc:	68a3      	ldr	r3, [r4, #8]
   b67be:	3b01      	subs	r3, #1
   b67c0:	60a3      	str	r3, [r4, #8]
   b67c2:	b91b      	cbnz	r3, b67cc <loop+0x818>
            _M_destroy();
   b67c4:	6823      	ldr	r3, [r4, #0]
   b67c6:	4620      	mov	r0, r4
   b67c8:	68db      	ldr	r3, [r3, #12]
   b67ca:	4798      	blx	r3
            Serial.println();
   b67cc:	f004 fd7c 	bl	bb2c8 <_Z16_fetch_usbserialv>
   b67d0:	f004 f8b7 	bl	ba942 <_ZN5Print7printlnEv>
            Serial.println(buff);
   b67d4:	f004 fd78 	bl	bb2c8 <_Z16_fetch_usbserialv>
   b67d8:	490d      	ldr	r1, [pc, #52]	; (b6810 <loop+0x85c>)
   b67da:	f004 f8be 	bl	ba95a <_ZN5Print7printlnEPKc>
            Serial.println("Cellular Published");
   b67de:	f004 fd73 	bl	bb2c8 <_Z16_fetch_usbserialv>
   b67e2:	490e      	ldr	r1, [pc, #56]	; (b681c <loop+0x868>)
   b67e4:	f004 f8b9 	bl	ba95a <_ZN5Print7printlnEPKc>
          i = 0;
   b67e8:	2100      	movs	r1, #0
          digitalWrite(BLUE_LED, LOW);
   b67ea:	2002      	movs	r0, #2
          i = 0;
   b67ec:	6031      	str	r1, [r6, #0]
          digitalWrite(BLUE_LED, LOW);
   b67ee:	f004 fff4 	bl	bb7da <digitalWrite>
          digitalWrite(RED_LED, LOW);
   b67f2:	2100      	movs	r1, #0
   b67f4:	2004      	movs	r0, #4
   b67f6:	f004 fff0 	bl	bb7da <digitalWrite>
   b67fa:	e416      	b.n	b602a <loop+0x76>
   b67fc:	6c60      	ldr	r0, [r4, #68]	; 0x44
   b67fe:	2800      	cmp	r0, #0
   b6800:	f43f ad0f 	beq.w	b6222 <loop+0x26e>
   b6804:	f002 fa70 	bl	b8ce8 <_ZN9ExFatFile4syncEv>
   b6808:	e50b      	b.n	b6222 <loop+0x26e>
   b680a:	bf00      	nop
   b680c:	000bbcc2 	.word	0x000bbcc2
   b6810:	2003dc98 	.word	0x2003dc98
   b6814:	2003dad0 	.word	0x2003dad0
   b6818:	2003db58 	.word	0x2003db58
   b681c:	000bbf4a 	.word	0x000bbf4a

000b6820 <_GLOBAL__sub_I_SystemMode>:
}
   b6820:	b538      	push	{r3, r4, r5, lr}
        val_(val) {
   b6822:	4b1d      	ldr	r3, [pc, #116]	; (b6898 <_GLOBAL__sub_I_SystemMode+0x78>)
};

PARTICLE_DEFINE_ENUM_COMPARISON_OPERATORS(UpdateStatus)

struct SleepResult {
    SleepResult() {}
   b6824:	4a1d      	ldr	r2, [pc, #116]	; (b689c <_GLOBAL__sub_I_SystemMode+0x7c>)
   b6826:	2501      	movs	r5, #1
   b6828:	701d      	strb	r5, [r3, #0]

class SystemSleepResult {
public:
    SystemSleepResult()
            : wakeupSource_(nullptr),
              error_(SYSTEM_ERROR_NONE) {
   b682a:	4b1d      	ldr	r3, [pc, #116]	; (b68a0 <_GLOBAL__sub_I_SystemMode+0x80>)
   b682c:	2400      	movs	r4, #0
   b682e:	e9c3 4400 	strd	r4, r4, [r3]
    SleepResult() {}
   b6832:	609a      	str	r2, [r3, #8]

class SystemClass {
public:

    SystemClass(System_Mode_TypeDef mode = DEFAULT) {
        set_system_mode(mode);
   b6834:	4628      	mov	r0, r5
   b6836:	f003 fdbf 	bl	ba3b8 <set_system_mode>
 * \class FsVolume
 * \brief FsVolume class.
 */
class FsVolume {
 public:
  FsVolume() = default;
   b683a:	4b1a      	ldr	r3, [pc, #104]	; (b68a4 <_GLOBAL__sub_I_SystemMode+0x84>)
  {
   b683c:	4a1a      	ldr	r2, [pc, #104]	; (b68a8 <_GLOBAL__sub_I_SystemMode+0x88>)
   b683e:	f8c3 2490 	str.w	r2, [r3, #1168]	; 0x490
  void spiSetSckSpeed(uint32_t maxSck) { m_spiDriverPtr->setSckSpeed(maxSck); }
  SdSpiDriver* m_spiDriverPtr;

#endif  // SPI_DRIVER_SELECT < 2
  void initSharedSpiCard() {
    m_beginCalled = false;
   b6842:	f44f 1228 	mov.w	r2, #2752512	; 0x2a0000
   b6846:	f8c3 4480 	str.w	r4, [r3, #1152]	; 0x480
   b684a:	f8c3 4484 	str.w	r4, [r3, #1156]	; 0x484
class SdBase : public Vol {
   b684e:	f8c3 4488 	str.w	r4, [r3, #1160]	; 0x488
 * \brief Optimized SPI class for access to SD and SDHC flash memory cards.
 */
class SdSpiArduinoDriver {
 public:
  /** Constructor. */
  SdSpiArduinoDriver() = default;
   b6852:	f8c3 448c 	str.w	r4, [r3, #1164]	; 0x48c
   b6856:	f883 5494 	strb.w	r5, [r3, #1172]	; 0x494
   b685a:	f8c3 4498 	str.w	r4, [r3, #1176]	; 0x498
   b685e:	f8a3 449c 	strh.w	r4, [r3, #1180]	; 0x49c
   b6862:	f8c3 24a0 	str.w	r2, [r3, #1184]	; 0x4a0
    m_csPin = 0;
    m_errorCode = SD_CARD_ERROR_INIT_NOT_CALLED;
    m_spiActive = false;
    m_state = IDLE_STATE;
   b6866:	f8a3 44a4 	strh.w	r4, [r3, #1188]	; 0x4a4
    m_status = 0;
    m_type = 0;
   b686a:	f883 44a6 	strb.w	r4, [r3, #1190]	; 0x4a6
 * \brief Raw access to SD and SDHC flash memory cards via dedicate SPI port.
 */
class DedicatedSpiCard : public SharedSpiCard {
 public:
  /** Construct an instance of DedicatedSpiCard. */
  DedicatedSpiCard() = default;
   b686e:	f8c3 44a8 	str.w	r4, [r3, #1192]	; 0x4a8
   b6872:	f883 44ac 	strb.w	r4, [r3, #1196]	; 0x4ac
    Print() : write_error(0) {}
   b6876:	4b0d      	ldr	r3, [pc, #52]	; (b68ac <_GLOBAL__sub_I_SystemMode+0x8c>)
 public:
  SdFile() {}
   b6878:	4a0d      	ldr	r2, [pc, #52]	; (b68b0 <_GLOBAL__sub_I_SystemMode+0x90>)
   b687a:	605c      	str	r4, [r3, #4]
  FsBaseFile() = default;
   b687c:	e9c3 4410 	strd	r4, r4, [r3, #64]	; 0x40
   b6880:	601a      	str	r2, [r3, #0]
  ADS_Module ads_module;
   b6882:	480c      	ldr	r0, [pc, #48]	; (b68b4 <_GLOBAL__sub_I_SystemMode+0x94>)
   b6884:	f000 fc3c 	bl	b7100 <_ZN10ADS_ModuleC1Ev>
  Adafruit_BME680 bme680;
   b6888:	f005 f81c 	bl	bb8c4 <_Z19__fetch_global_Wirev>
}
   b688c:	e8bd 4038 	ldmia.w	sp!, {r3, r4, r5, lr}
  Adafruit_BME680 bme680;
   b6890:	4601      	mov	r1, r0
   b6892:	4809      	ldr	r0, [pc, #36]	; (b68b8 <_GLOBAL__sub_I_SystemMode+0x98>)
   b6894:	f000 b9f8 	b.w	b6c88 <_ZN15Adafruit_BME680C1EP7TwoWire>
   b6898:	2003db58 	.word	0x2003db58
   b689c:	ffff0000 	.word	0xffff0000
   b68a0:	2003db48 	.word	0x2003db48
   b68a4:	2003e1bc 	.word	0x2003e1bc
   b68a8:	000bbf68 	.word	0x000bbf68
   b68ac:	2003e018 	.word	0x2003e018
   b68b0:	000bbf7c 	.word	0x000bbf7c
   b68b4:	2003db64 	.word	0x2003db64
   b68b8:	2003dc04 	.word	0x2003dc04

000b68bc <_ZN16Adafruit_ADS1115C1Ev>:
/*!
    @brief  Instantiates a new ADS1115 class w/appropriate properties
*/
/**************************************************************************/
Adafruit_ADS1115::Adafruit_ADS1115() {
  m_bitShift = 0;
   b68bc:	2200      	movs	r2, #0
   b68be:	7102      	strb	r2, [r0, #4]
  m_gain = GAIN_TWOTHIRDS; /* +/- 6.144V range (limited to VDD +0.3V max!) */
   b68c0:	80c2      	strh	r2, [r0, #6]
  m_dataRate = RATE_ADS1115_128SPS;
   b68c2:	2280      	movs	r2, #128	; 0x80
   b68c4:	8102      	strh	r2, [r0, #8]
}
   b68c6:	4770      	bx	lr

000b68c8 <_ZN16Adafruit_ADS1X155beginEhP7TwoWire>:
    @param wire I2C bus

    @return true if successful, otherwise false
*/
/**************************************************************************/
bool Adafruit_ADS1X15::begin(uint8_t i2c_addr, TwoWire *wire) {
   b68c8:	b537      	push	{r0, r1, r2, r4, r5, lr}
   b68ca:	4605      	mov	r5, r0
  m_i2c_dev = new Adafruit_I2CDevice(i2c_addr, wire);
   b68cc:	2010      	movs	r0, #16
bool Adafruit_ADS1X15::begin(uint8_t i2c_addr, TwoWire *wire) {
   b68ce:	e9cd 2100 	strd	r2, r1, [sp]
  m_i2c_dev = new Adafruit_I2CDevice(i2c_addr, wire);
   b68d2:	f7fe f89a 	bl	b4a0a <_Znwj>
   b68d6:	4604      	mov	r4, r0
   b68d8:	b118      	cbz	r0, b68e2 <_ZN16Adafruit_ADS1X155beginEhP7TwoWire+0x1a>
   b68da:	e9dd 2100 	ldrd	r2, r1, [sp]
   b68de:	f000 fe2f 	bl	b7540 <_ZN18Adafruit_I2CDeviceC1EhP7TwoWire>
  return m_i2c_dev->begin();
   b68e2:	2101      	movs	r1, #1
   b68e4:	4620      	mov	r0, r4
  m_i2c_dev = new Adafruit_I2CDevice(i2c_addr, wire);
   b68e6:	602c      	str	r4, [r5, #0]
}
   b68e8:	b003      	add	sp, #12
   b68ea:	e8bd 4030 	ldmia.w	sp!, {r4, r5, lr}
  return m_i2c_dev->begin();
   b68ee:	f000 be43 	b.w	b7578 <_ZN18Adafruit_I2CDevice5beginEb>

000b68f2 <_ZN16Adafruit_ADS1X1513writeRegisterEht>:

    @param reg register address to write to
    @param value value to write to register
*/
/**************************************************************************/
void Adafruit_ADS1X15::writeRegister(uint8_t reg, uint16_t value) {
   b68f2:	b507      	push	{r0, r1, r2, lr}
  buffer[0] = reg;
  buffer[1] = value >> 8;
   b68f4:	0a13      	lsrs	r3, r2, #8
   b68f6:	72c3      	strb	r3, [r0, #11]
  buffer[2] = value & 0xFF;
  m_i2c_dev->write(buffer, 3);
   b68f8:	2300      	movs	r3, #0
  buffer[0] = reg;
   b68fa:	7281      	strb	r1, [r0, #10]
  buffer[2] = value & 0xFF;
   b68fc:	7302      	strb	r2, [r0, #12]
  m_i2c_dev->write(buffer, 3);
   b68fe:	e9cd 3300 	strd	r3, r3, [sp]
   b6902:	f100 010a 	add.w	r1, r0, #10
   b6906:	2301      	movs	r3, #1
   b6908:	2203      	movs	r2, #3
   b690a:	6800      	ldr	r0, [r0, #0]
   b690c:	f000 fe43 	bl	b7596 <_ZN18Adafruit_I2CDevice5writeEPKhjbS1_j>
}
   b6910:	b003      	add	sp, #12
   b6912:	f85d fb04 	ldr.w	pc, [sp], #4

000b6916 <_ZN16Adafruit_ADS1X1515startADCReadingEtb>:
void Adafruit_ADS1X15::startADCReading(uint16_t mux, bool continuous) {
   b6916:	b510      	push	{r4, lr}
    config |= ADS1X15_REG_CONFIG_MODE_SINGLE;
   b6918:	2a00      	cmp	r2, #0
   b691a:	bf14      	ite	ne
   b691c:	2200      	movne	r2, #0
   b691e:	f44f 7280 	moveq.w	r2, #256	; 0x100
  config |= m_dataRate;
   b6922:	430a      	orrs	r2, r1
   b6924:	88c1      	ldrh	r1, [r0, #6]
   b6926:	430a      	orrs	r2, r1
  config |= mux;
   b6928:	8901      	ldrh	r1, [r0, #8]
   b692a:	430a      	orrs	r2, r1
void Adafruit_ADS1X15::startADCReading(uint16_t mux, bool continuous) {
   b692c:	4604      	mov	r4, r0
  writeRegister(ADS1X15_REG_POINTER_CONFIG, config);
   b692e:	f442 4200 	orr.w	r2, r2, #32768	; 0x8000
   b6932:	2101      	movs	r1, #1
   b6934:	f7ff ffdd 	bl	b68f2 <_ZN16Adafruit_ADS1X1513writeRegisterEht>
  writeRegister(ADS1X15_REG_POINTER_HITHRESH, 0x8000);
   b6938:	4620      	mov	r0, r4
   b693a:	f44f 4200 	mov.w	r2, #32768	; 0x8000
   b693e:	2103      	movs	r1, #3
   b6940:	f7ff ffd7 	bl	b68f2 <_ZN16Adafruit_ADS1X1513writeRegisterEht>
  writeRegister(ADS1X15_REG_POINTER_LOWTHRESH, 0x0000);
   b6944:	4620      	mov	r0, r4
   b6946:	2200      	movs	r2, #0
}
   b6948:	e8bd 4010 	ldmia.w	sp!, {r4, lr}
  writeRegister(ADS1X15_REG_POINTER_LOWTHRESH, 0x0000);
   b694c:	2102      	movs	r1, #2
   b694e:	f7ff bfd0 	b.w	b68f2 <_ZN16Adafruit_ADS1X1513writeRegisterEht>

000b6952 <_ZN16Adafruit_ADS1X1512readRegisterEh>:
    @param reg register address to read from

    @return 16 bit register value read
*/
/**************************************************************************/
uint16_t Adafruit_ADS1X15::readRegister(uint8_t reg) {
   b6952:	b537      	push	{r0, r1, r2, r4, r5, lr}
  buffer[0] = reg;
   b6954:	4605      	mov	r5, r0
  m_i2c_dev->write(buffer, 1);
   b6956:	2300      	movs	r3, #0
  buffer[0] = reg;
   b6958:	f805 1f0a 	strb.w	r1, [r5, #10]!
  m_i2c_dev->write(buffer, 1);
   b695c:	e9cd 3300 	strd	r3, r3, [sp]
uint16_t Adafruit_ADS1X15::readRegister(uint8_t reg) {
   b6960:	4604      	mov	r4, r0
  m_i2c_dev->write(buffer, 1);
   b6962:	2301      	movs	r3, #1
   b6964:	461a      	mov	r2, r3
   b6966:	4629      	mov	r1, r5
   b6968:	6800      	ldr	r0, [r0, #0]
   b696a:	f000 fe14 	bl	b7596 <_ZN18Adafruit_I2CDevice5writeEPKhjbS1_j>
  m_i2c_dev->read(buffer, 2);
   b696e:	6820      	ldr	r0, [r4, #0]
   b6970:	2301      	movs	r3, #1
   b6972:	2202      	movs	r2, #2
   b6974:	4629      	mov	r1, r5
   b6976:	f000 fe5d 	bl	b7634 <_ZN18Adafruit_I2CDevice4readEPhjb>
  return ((buffer[0] << 8) | buffer[1]);
   b697a:	8960      	ldrh	r0, [r4, #10]
   b697c:	ba40      	rev16	r0, r0
}
   b697e:	b280      	uxth	r0, r0
   b6980:	b003      	add	sp, #12
   b6982:	bd30      	pop	{r4, r5, pc}

000b6984 <_ZN16Adafruit_ADS1X1524getLastConversionResultsEv>:
int16_t Adafruit_ADS1X15::getLastConversionResults() {
   b6984:	b510      	push	{r4, lr}
  uint16_t res = readRegister(ADS1X15_REG_POINTER_CONVERT) >> m_bitShift;
   b6986:	2100      	movs	r1, #0
int16_t Adafruit_ADS1X15::getLastConversionResults() {
   b6988:	4604      	mov	r4, r0
  uint16_t res = readRegister(ADS1X15_REG_POINTER_CONVERT) >> m_bitShift;
   b698a:	f7ff ffe2 	bl	b6952 <_ZN16Adafruit_ADS1X1512readRegisterEh>
   b698e:	7923      	ldrb	r3, [r4, #4]
   b6990:	4118      	asrs	r0, r3
  if (m_bitShift == 0) {
   b6992:	b90b      	cbnz	r3, b6998 <_ZN16Adafruit_ADS1X1524getLastConversionResultsEv+0x14>
    return (int16_t)res;
   b6994:	b200      	sxth	r0, r0
}
   b6996:	bd10      	pop	{r4, pc}
  uint16_t res = readRegister(ADS1X15_REG_POINTER_CONVERT) >> m_bitShift;
   b6998:	b280      	uxth	r0, r0
    if (res > 0x07FF) {
   b699a:	f5b0 6f00 	cmp.w	r0, #2048	; 0x800
      res |= 0xF000;
   b699e:	bf28      	it	cs
   b69a0:	f440 4070 	orrcs.w	r0, r0, #61440	; 0xf000
   b69a4:	e7f6      	b.n	b6994 <_ZN16Adafruit_ADS1X1524getLastConversionResultsEv+0x10>

000b69a6 <_ZN16Adafruit_ADS1X1518conversionCompleteEv>:
bool Adafruit_ADS1X15::conversionComplete() {
   b69a6:	b508      	push	{r3, lr}
  return (readRegister(ADS1X15_REG_POINTER_CONFIG) & 0x8000) != 0;
   b69a8:	2101      	movs	r1, #1
   b69aa:	f7ff ffd2 	bl	b6952 <_ZN16Adafruit_ADS1X1512readRegisterEh>
}
   b69ae:	f3c0 30c0 	ubfx	r0, r0, #15, #1
   b69b2:	bd08      	pop	{r3, pc}

000b69b4 <_ZN16Adafruit_ADS1X1519readADC_SingleEndedEh>:
  if (channel > 3) {
   b69b4:	2903      	cmp	r1, #3
int16_t Adafruit_ADS1X15::readADC_SingleEnded(uint8_t channel) {
   b69b6:	b510      	push	{r4, lr}
   b69b8:	4604      	mov	r4, r0
  if (channel > 3) {
   b69ba:	d80f      	bhi.n	b69dc <_ZN16Adafruit_ADS1X1519readADC_SingleEndedEh+0x28>
  startADCReading(MUX_BY_CHANNEL[channel], /*continuous=*/false);
   b69bc:	4b08      	ldr	r3, [pc, #32]	; (b69e0 <_ZN16Adafruit_ADS1X1519readADC_SingleEndedEh+0x2c>)
   b69be:	2200      	movs	r2, #0
   b69c0:	f833 1011 	ldrh.w	r1, [r3, r1, lsl #1]
   b69c4:	f7ff ffa7 	bl	b6916 <_ZN16Adafruit_ADS1X1515startADCReadingEtb>
  while (!conversionComplete())
   b69c8:	4620      	mov	r0, r4
   b69ca:	f7ff ffec 	bl	b69a6 <_ZN16Adafruit_ADS1X1518conversionCompleteEv>
   b69ce:	2800      	cmp	r0, #0
   b69d0:	d0fa      	beq.n	b69c8 <_ZN16Adafruit_ADS1X1519readADC_SingleEndedEh+0x14>
  return getLastConversionResults();
   b69d2:	4620      	mov	r0, r4
}
   b69d4:	e8bd 4010 	ldmia.w	sp!, {r4, lr}
  return getLastConversionResults();
   b69d8:	f7ff bfd4 	b.w	b6984 <_ZN16Adafruit_ADS1X1524getLastConversionResultsEv>
}
   b69dc:	2000      	movs	r0, #0
   b69de:	bd10      	pop	{r4, pc}
   b69e0:	000bbf9a 	.word	0x000bbf9a

000b69e4 <_ZN16Adafruit_ADS1X1524readADC_Differential_0_1Ev>:
  startADCReading(ADS1X15_REG_CONFIG_MUX_DIFF_0_1, /*continuous=*/false);
   b69e4:	2200      	movs	r2, #0
int16_t Adafruit_ADS1X15::readADC_Differential_0_1() {
   b69e6:	b510      	push	{r4, lr}
  startADCReading(ADS1X15_REG_CONFIG_MUX_DIFF_0_1, /*continuous=*/false);
   b69e8:	4611      	mov	r1, r2
int16_t Adafruit_ADS1X15::readADC_Differential_0_1() {
   b69ea:	4604      	mov	r4, r0
  startADCReading(ADS1X15_REG_CONFIG_MUX_DIFF_0_1, /*continuous=*/false);
   b69ec:	f7ff ff93 	bl	b6916 <_ZN16Adafruit_ADS1X1515startADCReadingEtb>
  while (!conversionComplete())
   b69f0:	4620      	mov	r0, r4
   b69f2:	f7ff ffd8 	bl	b69a6 <_ZN16Adafruit_ADS1X1518conversionCompleteEv>
   b69f6:	2800      	cmp	r0, #0
   b69f8:	d0fa      	beq.n	b69f0 <_ZN16Adafruit_ADS1X1524readADC_Differential_0_1Ev+0xc>
  return getLastConversionResults();
   b69fa:	4620      	mov	r0, r4
}
   b69fc:	e8bd 4010 	ldmia.w	sp!, {r4, lr}
  return getLastConversionResults();
   b6a00:	f7ff bfc0 	b.w	b6984 <_ZN16Adafruit_ADS1X1524getLastConversionResultsEv>

000b6a04 <_ZN16Adafruit_ADS1X1524readADC_Differential_2_3Ev>:
int16_t Adafruit_ADS1X15::readADC_Differential_2_3() {
   b6a04:	b510      	push	{r4, lr}
  startADCReading(ADS1X15_REG_CONFIG_MUX_DIFF_2_3, /*continuous=*/false);
   b6a06:	2200      	movs	r2, #0
   b6a08:	f44f 5140 	mov.w	r1, #12288	; 0x3000
int16_t Adafruit_ADS1X15::readADC_Differential_2_3() {
   b6a0c:	4604      	mov	r4, r0
  startADCReading(ADS1X15_REG_CONFIG_MUX_DIFF_2_3, /*continuous=*/false);
   b6a0e:	f7ff ff82 	bl	b6916 <_ZN16Adafruit_ADS1X1515startADCReadingEtb>
  while (!conversionComplete())
   b6a12:	4620      	mov	r0, r4
   b6a14:	f7ff ffc7 	bl	b69a6 <_ZN16Adafruit_ADS1X1518conversionCompleteEv>
   b6a18:	2800      	cmp	r0, #0
   b6a1a:	d0fa      	beq.n	b6a12 <_ZN16Adafruit_ADS1X1524readADC_Differential_2_3Ev+0xe>
  return getLastConversionResults();
   b6a1c:	4620      	mov	r0, r4
}
   b6a1e:	e8bd 4010 	ldmia.w	sp!, {r4, lr}
  return getLastConversionResults();
   b6a22:	f7ff bfaf 	b.w	b6984 <_ZN16Adafruit_ADS1X1524getLastConversionResultsEv>
	...

000b6a28 <_ZL9date2daysthh>:
    @param m Month
    @param d Day
    @return Number of days
*/
/**************************************************************************/
static uint16_t date2days(uint16_t y, uint8_t m, uint8_t d) {
   b6a28:	b530      	push	{r4, r5, lr}
   b6a2a:	4c0f      	ldr	r4, [pc, #60]	; (b6a68 <_ZL9date2daysthh+0x40>)
  if (y >= 2000U)
    y -= 2000U;
  uint16_t days = d;
   b6a2c:	2300      	movs	r3, #0
  for (uint8_t i = 1; i < m; ++i)
   b6a2e:	3301      	adds	r3, #1
   b6a30:	b2dd      	uxtb	r5, r3
   b6a32:	428d      	cmp	r5, r1
   b6a34:	d204      	bcs.n	b6a40 <_ZL9date2daysthh+0x18>
    days += pgm_read_byte(daysInMonth + i - 1);
   b6a36:	f814 5b01 	ldrb.w	r5, [r4], #1
   b6a3a:	442a      	add	r2, r5
   b6a3c:	b292      	uxth	r2, r2
  for (uint8_t i = 1; i < m; ++i)
   b6a3e:	e7f6      	b.n	b6a2e <_ZL9date2daysthh+0x6>
  if (m > 2 && y % 4 == 0)
   b6a40:	2902      	cmp	r1, #2
   b6a42:	d903      	bls.n	b6a4c <_ZL9date2daysthh+0x24>
   b6a44:	0783      	lsls	r3, r0, #30
    ++days;
   b6a46:	bf04      	itt	eq
   b6a48:	3201      	addeq	r2, #1
   b6a4a:	b292      	uxtheq	r2, r2
  return days + 365 * y + (y + 3) / 4 - 1;
   b6a4c:	eb00 01c0 	add.w	r1, r0, r0, lsl #3
   b6a50:	1cc3      	adds	r3, r0, #3
   b6a52:	eb00 00c1 	add.w	r0, r0, r1, lsl #3
   b6a56:	eb00 0080 	add.w	r0, r0, r0, lsl #2
   b6a5a:	f3c3 038d 	ubfx	r3, r3, #2, #14
   b6a5e:	3801      	subs	r0, #1
   b6a60:	4418      	add	r0, r3
   b6a62:	4410      	add	r0, r2
}
   b6a64:	b280      	uxth	r0, r0
   b6a66:	bd30      	pop	{r4, r5, pc}
   b6a68:	000bbfa2 	.word	0x000bbfa2

000b6a6c <_ZL6conv2dPKc>:
    @param p Pointer to a string containing two digits
*/
/**************************************************************************/
static uint8_t conv2d(const char *p) {
  uint8_t v = 0;
  if ('0' <= *p && *p <= '9')
   b6a6c:	7803      	ldrb	r3, [r0, #0]
    v = *p - '0';
  return 10 * v + *++p - '0';
   b6a6e:	7840      	ldrb	r0, [r0, #1]
  if ('0' <= *p && *p <= '9')
   b6a70:	3b30      	subs	r3, #48	; 0x30
   b6a72:	b2db      	uxtb	r3, r3
  uint8_t v = 0;
   b6a74:	2b0a      	cmp	r3, #10
   b6a76:	bf28      	it	cs
   b6a78:	2300      	movcs	r3, #0
  return 10 * v + *++p - '0';
   b6a7a:	eb03 0383 	add.w	r3, r3, r3, lsl #2
   b6a7e:	3830      	subs	r0, #48	; 0x30
   b6a80:	eb00 0043 	add.w	r0, r0, r3, lsl #1
}
   b6a84:	b2c0      	uxtb	r0, r0
   b6a86:	4770      	bx	lr

000b6a88 <_ZN7RTC_I2C14write_registerEhh>:
void RTC_I2C::write_register(uint8_t reg, uint8_t val) {
   b6a88:	b51f      	push	{r0, r1, r2, r3, r4, lr}
  i2c_dev->write(buffer, 2);
   b6a8a:	2300      	movs	r3, #0
   b6a8c:	e9cd 3300 	strd	r3, r3, [sp]
  uint8_t buffer[2] = {reg, val};
   b6a90:	f88d 100c 	strb.w	r1, [sp, #12]
   b6a94:	f88d 200d 	strb.w	r2, [sp, #13]
  i2c_dev->write(buffer, 2);
   b6a98:	2301      	movs	r3, #1
   b6a9a:	2202      	movs	r2, #2
   b6a9c:	a903      	add	r1, sp, #12
   b6a9e:	6800      	ldr	r0, [r0, #0]
   b6aa0:	f000 fd79 	bl	b7596 <_ZN18Adafruit_I2CDevice5writeEPKhjbS1_j>
}
   b6aa4:	b005      	add	sp, #20
   b6aa6:	f85d fb04 	ldr.w	pc, [sp], #4

000b6aaa <_ZN7RTC_I2C13read_registerEh>:
uint8_t RTC_I2C::read_register(uint8_t reg) {
   b6aaa:	b510      	push	{r4, lr}
  i2c_dev->write(&reg, 1);
   b6aac:	2300      	movs	r3, #0
uint8_t RTC_I2C::read_register(uint8_t reg) {
   b6aae:	b086      	sub	sp, #24
  i2c_dev->write(&reg, 1);
   b6ab0:	e9cd 3300 	strd	r3, r3, [sp]
   b6ab4:	2301      	movs	r3, #1
uint8_t RTC_I2C::read_register(uint8_t reg) {
   b6ab6:	4604      	mov	r4, r0
   b6ab8:	f88d 100f 	strb.w	r1, [sp, #15]
  i2c_dev->write(&reg, 1);
   b6abc:	461a      	mov	r2, r3
   b6abe:	f10d 010f 	add.w	r1, sp, #15
   b6ac2:	6800      	ldr	r0, [r0, #0]
   b6ac4:	f000 fd67 	bl	b7596 <_ZN18Adafruit_I2CDevice5writeEPKhjbS1_j>
  i2c_dev->read(buffer, 1);
   b6ac8:	2301      	movs	r3, #1
   b6aca:	6820      	ldr	r0, [r4, #0]
   b6acc:	461a      	mov	r2, r3
   b6ace:	a905      	add	r1, sp, #20
   b6ad0:	f000 fdb0 	bl	b7634 <_ZN18Adafruit_I2CDevice4readEPhjb>
}
   b6ad4:	f89d 0014 	ldrb.w	r0, [sp, #20]
   b6ad8:	b006      	add	sp, #24
   b6ada:	bd10      	pop	{r4, pc}

000b6adc <_ZN8DateTimeC1Ethhhhh>:
  if (year >= 2000U)
   b6adc:	f5b1 6ffa 	cmp.w	r1, #2000	; 0x7d0
  d = day;
   b6ae0:	7083      	strb	r3, [r0, #2]
  hh = hour;
   b6ae2:	f89d 3000 	ldrb.w	r3, [sp]
   b6ae6:	70c3      	strb	r3, [r0, #3]
    year -= 2000U;
   b6ae8:	bf28      	it	cs
   b6aea:	f5a1 61fa 	subcs.w	r1, r1, #2000	; 0x7d0
  mm = min;
   b6aee:	f89d 3004 	ldrb.w	r3, [sp, #4]
   b6af2:	7103      	strb	r3, [r0, #4]
    year -= 2000U;
   b6af4:	bf28      	it	cs
   b6af6:	b289      	uxthcs	r1, r1
  ss = sec;
   b6af8:	f89d 3008 	ldrb.w	r3, [sp, #8]
  yOff = year;
   b6afc:	7001      	strb	r1, [r0, #0]
  m = month;
   b6afe:	7042      	strb	r2, [r0, #1]
  ss = sec;
   b6b00:	7143      	strb	r3, [r0, #5]
}
   b6b02:	4770      	bx	lr

000b6b04 <_ZN8DateTimeC1EPK19__FlashStringHelperS2_>:

    @param date Date PROGMEM string, e.g. F("Apr 16 2020").
    @param time Time PROGMEM string, e.g. F("18:34:56").
*/
/**************************************************************************/
DateTime::DateTime(const __FlashStringHelper *date,
   b6b04:	b530      	push	{r4, r5, lr}
   b6b06:	460d      	mov	r5, r1
   b6b08:	b085      	sub	sp, #20
   b6b0a:	4604      	mov	r4, r0
                   const __FlashStringHelper *time) {
  char buff[11];
  memcpy_P(buff, date, 11);
   b6b0c:	6808      	ldr	r0, [r1, #0]
   b6b0e:	6849      	ldr	r1, [r1, #4]
   b6b10:	ab01      	add	r3, sp, #4
   b6b12:	c303      	stmia	r3!, {r0, r1}
   b6b14:	8928      	ldrh	r0, [r5, #8]
   b6b16:	7aa9      	ldrb	r1, [r5, #10]
   b6b18:	8018      	strh	r0, [r3, #0]
   b6b1a:	7099      	strb	r1, [r3, #2]
  yOff = conv2d(buff + 9);
   b6b1c:	f10d 000d 	add.w	r0, sp, #13
   b6b20:	f7ff ffa4 	bl	b6a6c <_ZL6conv2dPKc>
   b6b24:	f89d 3004 	ldrb.w	r3, [sp, #4]
   b6b28:	7020      	strb	r0, [r4, #0]
  // Jan Feb Mar Apr May Jun Jul Aug Sep Oct Nov Dec
  switch (buff[0]) {
   b6b2a:	3b41      	subs	r3, #65	; 0x41
   b6b2c:	2b12      	cmp	r3, #18
   b6b2e:	d816      	bhi.n	b6b5e <_ZN8DateTimeC1EPK19__FlashStringHelperS2_+0x5a>
   b6b30:	e8df f003 	tbb	[pc, r3]
   b6b34:	46151532 	.word	0x46151532
   b6b38:	15153015 	.word	0x15153015
   b6b3c:	15150a15 	.word	0x15150a15
   b6b40:	15424439 	.word	0x15424439
   b6b44:	1515      	.short	0x1515
   b6b46:	40          	.byte	0x40
   b6b47:	00          	.byte	0x00
  case 'J':
    m = (buff[1] == 'a') ? 1 : ((buff[2] == 'n') ? 6 : 7);
   b6b48:	f89d 3005 	ldrb.w	r3, [sp, #5]
   b6b4c:	2b61      	cmp	r3, #97	; 0x61
   b6b4e:	d01f      	beq.n	b6b90 <_ZN8DateTimeC1EPK19__FlashStringHelperS2_+0x8c>
   b6b50:	f89d 3006 	ldrb.w	r3, [sp, #6]
   b6b54:	2b6e      	cmp	r3, #110	; 0x6e
   b6b56:	bf0c      	ite	eq
   b6b58:	2306      	moveq	r3, #6
   b6b5a:	2307      	movne	r3, #7
    break;
  case 'N':
    m = 11;
    break;
  case 'D':
    m = 12;
   b6b5c:	7063      	strb	r3, [r4, #1]
    break;
  }
  d = conv2d(buff + 4);
   b6b5e:	a802      	add	r0, sp, #8
   b6b60:	f7ff ff84 	bl	b6a6c <_ZL6conv2dPKc>
   b6b64:	70a0      	strb	r0, [r4, #2]
  memcpy_P(buff, time, 8);
   b6b66:	6810      	ldr	r0, [r2, #0]
   b6b68:	6851      	ldr	r1, [r2, #4]
   b6b6a:	ab01      	add	r3, sp, #4
   b6b6c:	c303      	stmia	r3!, {r0, r1}
  hh = conv2d(buff);
   b6b6e:	a801      	add	r0, sp, #4
   b6b70:	f7ff ff7c 	bl	b6a6c <_ZL6conv2dPKc>
   b6b74:	70e0      	strb	r0, [r4, #3]
  mm = conv2d(buff + 3);
   b6b76:	f10d 0007 	add.w	r0, sp, #7
   b6b7a:	f7ff ff77 	bl	b6a6c <_ZL6conv2dPKc>
   b6b7e:	7120      	strb	r0, [r4, #4]
  ss = conv2d(buff + 6);
   b6b80:	f10d 000a 	add.w	r0, sp, #10
   b6b84:	f7ff ff72 	bl	b6a6c <_ZL6conv2dPKc>
   b6b88:	7160      	strb	r0, [r4, #5]
}
   b6b8a:	4620      	mov	r0, r4
   b6b8c:	b005      	add	sp, #20
   b6b8e:	bd30      	pop	{r4, r5, pc}
    m = (buff[1] == 'a') ? 1 : ((buff[2] == 'n') ? 6 : 7);
   b6b90:	2301      	movs	r3, #1
   b6b92:	e7e3      	b.n	b6b5c <_ZN8DateTimeC1EPK19__FlashStringHelperS2_+0x58>
    m = 2;
   b6b94:	2302      	movs	r3, #2
   b6b96:	e7e1      	b.n	b6b5c <_ZN8DateTimeC1EPK19__FlashStringHelperS2_+0x58>
    m = buff[2] == 'r' ? 4 : 8;
   b6b98:	f89d 3006 	ldrb.w	r3, [sp, #6]
   b6b9c:	2b72      	cmp	r3, #114	; 0x72
   b6b9e:	bf0c      	ite	eq
   b6ba0:	2304      	moveq	r3, #4
   b6ba2:	2308      	movne	r3, #8
   b6ba4:	e7da      	b.n	b6b5c <_ZN8DateTimeC1EPK19__FlashStringHelperS2_+0x58>
    m = buff[2] == 'r' ? 3 : 5;
   b6ba6:	f89d 3006 	ldrb.w	r3, [sp, #6]
   b6baa:	2b72      	cmp	r3, #114	; 0x72
   b6bac:	bf0c      	ite	eq
   b6bae:	2303      	moveq	r3, #3
   b6bb0:	2305      	movne	r3, #5
   b6bb2:	e7d3      	b.n	b6b5c <_ZN8DateTimeC1EPK19__FlashStringHelperS2_+0x58>
    m = 9;
   b6bb4:	2309      	movs	r3, #9
   b6bb6:	e7d1      	b.n	b6b5c <_ZN8DateTimeC1EPK19__FlashStringHelperS2_+0x58>
    m = 10;
   b6bb8:	230a      	movs	r3, #10
   b6bba:	e7cf      	b.n	b6b5c <_ZN8DateTimeC1EPK19__FlashStringHelperS2_+0x58>
    m = 11;
   b6bbc:	230b      	movs	r3, #11
   b6bbe:	e7cd      	b.n	b6b5c <_ZN8DateTimeC1EPK19__FlashStringHelperS2_+0x58>
    m = 12;
   b6bc0:	230c      	movs	r3, #12
   b6bc2:	e7cb      	b.n	b6b5c <_ZN8DateTimeC1EPK19__FlashStringHelperS2_+0x58>

000b6bc4 <_ZNK8DateTime12dayOfTheWeekEv>:
/*!
    @brief  Return the day of the week.
    @return Day of week as an integer from 0 (Sunday) to 6 (Saturday).
*/
/**************************************************************************/
uint8_t DateTime::dayOfTheWeek() const {
   b6bc4:	b508      	push	{r3, lr}
  uint16_t day = date2days(yOff, m, d);
   b6bc6:	7882      	ldrb	r2, [r0, #2]
   b6bc8:	7841      	ldrb	r1, [r0, #1]
   b6bca:	7800      	ldrb	r0, [r0, #0]
   b6bcc:	f7ff ff2c 	bl	b6a28 <_ZL9date2daysthh>
  return (day + 6) % 7; // Jan 1, 2000 is a Saturday, i.e. returns 6
   b6bd0:	2307      	movs	r3, #7
   b6bd2:	3006      	adds	r0, #6
   b6bd4:	fbb0 f3f3 	udiv	r3, r0, r3
   b6bd8:	ebc3 03c3 	rsb	r3, r3, r3, lsl #3
   b6bdc:	1ac0      	subs	r0, r0, r3
}
   b6bde:	b2c0      	uxtb	r0, r0
   b6be0:	bd08      	pop	{r3, pc}

000b6be2 <_ZL10delay_usecmPv>:
  }

  return 0;
}

static void delay_usec(uint32_t us, void *intf_ptr) {
   b6be2:	b508      	push	{r3, lr}
inline unsigned long micros(void) { return HAL_Timer_Get_Micro_Seconds(); }
void delay(unsigned long ms);
inline void delayMicroseconds(unsigned int us) { HAL_Delay_Microseconds(us); }
   b6be4:	f003 faa0 	bl	ba128 <HAL_Delay_Microseconds>
  (void)intf_ptr; // Unused parameter
  delayMicroseconds(us);
  yield();
}
   b6be8:	e8bd 4008 	ldmia.w	sp!, {r3, lr}
#define digitalPinToInterrupt(P)      (P)
#endif

inline void yield() {
#if PLATFORM_THREADING
  os_thread_yield();
   b6bec:	f003 baac 	b.w	ba148 <os_thread_yield>

000b6bf0 <_ZL9spi_writehPKhmPv>:
                        void *intf_ptr) {
   b6bf0:	b51f      	push	{r0, r1, r2, r3, r4, lr}
   b6bf2:	4604      	mov	r4, r0
   b6bf4:	4618      	mov	r0, r3
  if (!_dev->write((uint8_t *)reg_data, len, &reg_addr, 1)) {
   b6bf6:	2301      	movs	r3, #1
   b6bf8:	9300      	str	r3, [sp, #0]
   b6bfa:	f10d 030f 	add.w	r3, sp, #15
                        void *intf_ptr) {
   b6bfe:	f88d 400f 	strb.w	r4, [sp, #15]
  if (!_dev->write((uint8_t *)reg_data, len, &reg_addr, 1)) {
   b6c02:	f000 fc57 	bl	b74b4 <_ZN18Adafruit_SPIDevice5writeEPKhjS1_j>
   b6c06:	f080 0001 	eor.w	r0, r0, #1
   b6c0a:	4240      	negs	r0, r0
}
   b6c0c:	b240      	sxtb	r0, r0
   b6c0e:	b004      	add	sp, #16
   b6c10:	bd10      	pop	{r4, pc}

000b6c12 <_ZL8spi_readhPhmPv>:
                       void *intf_ptr) {
   b6c12:	b51f      	push	{r0, r1, r2, r3, r4, lr}
   b6c14:	461c      	mov	r4, r3
  reg_addr |= 0x80;
   b6c16:	f060 037f 	orn	r3, r0, #127	; 0x7f
   b6c1a:	f88d 300f 	strb.w	r3, [sp, #15]
  if (!_dev->write_then_read(&reg_addr, 1, reg_data, len, 0x0)) {
   b6c1e:	2300      	movs	r3, #0
   b6c20:	e9cd 2300 	strd	r2, r3, [sp]
   b6c24:	4620      	mov	r0, r4
   b6c26:	460b      	mov	r3, r1
   b6c28:	2201      	movs	r2, #1
   b6c2a:	f10d 010f 	add.w	r1, sp, #15
   b6c2e:	f000 fc63 	bl	b74f8 <_ZN18Adafruit_SPIDevice15write_then_readEPKhjPhjh>
   b6c32:	f080 0001 	eor.w	r0, r0, #1
   b6c36:	4240      	negs	r0, r0
}
   b6c38:	b240      	sxtb	r0, r0
   b6c3a:	b004      	add	sp, #16
   b6c3c:	bd10      	pop	{r4, pc}

000b6c3e <_ZL9i2c_writehPKhmPv>:
                 void *intf) {
   b6c3e:	b51f      	push	{r0, r1, r2, r3, r4, lr}
   b6c40:	4604      	mov	r4, r0
   b6c42:	f88d 400f 	strb.w	r4, [sp, #15]
   b6c46:	4618      	mov	r0, r3
  if (!_dev->write((uint8_t *)reg_data, len, true, &reg_addr, 1)) {
   b6c48:	f10d 040f 	add.w	r4, sp, #15
   b6c4c:	2301      	movs	r3, #1
   b6c4e:	9301      	str	r3, [sp, #4]
   b6c50:	9400      	str	r4, [sp, #0]
   b6c52:	f000 fca0 	bl	b7596 <_ZN18Adafruit_I2CDevice5writeEPKhjbS1_j>
   b6c56:	f080 0001 	eor.w	r0, r0, #1
   b6c5a:	4240      	negs	r0, r0
}
   b6c5c:	b240      	sxtb	r0, r0
   b6c5e:	b004      	add	sp, #16
   b6c60:	bd10      	pop	{r4, pc}

000b6c62 <_ZL8i2c_readhPhmPv>:
int8_t i2c_read(uint8_t reg_addr, uint8_t *reg_data, uint32_t len, void *intf) {
   b6c62:	b51f      	push	{r0, r1, r2, r3, r4, lr}
   b6c64:	4604      	mov	r4, r0
   b6c66:	f88d 400f 	strb.w	r4, [sp, #15]
  if (!_dev->write_then_read(&reg_addr, 1, reg_data, len, true)) {
   b6c6a:	2401      	movs	r4, #1
   b6c6c:	e9cd 2400 	strd	r2, r4, [sp]
int8_t i2c_read(uint8_t reg_addr, uint8_t *reg_data, uint32_t len, void *intf) {
   b6c70:	4618      	mov	r0, r3
  if (!_dev->write_then_read(&reg_addr, 1, reg_data, len, true)) {
   b6c72:	4622      	mov	r2, r4
   b6c74:	460b      	mov	r3, r1
   b6c76:	f10d 010f 	add.w	r1, sp, #15
   b6c7a:	f000 fcfa 	bl	b7672 <_ZN18Adafruit_I2CDevice15write_then_readEPKhjPhjb>
   b6c7e:	4060      	eors	r0, r4
   b6c80:	4240      	negs	r0, r0
}
   b6c82:	b240      	sxtb	r0, r0
   b6c84:	b004      	add	sp, #16
   b6c86:	bd10      	pop	{r4, pc}

000b6c88 <_ZN15Adafruit_BME680C1EP7TwoWire>:
    : _meas_start(0), _meas_period(0) {
   b6c88:	2200      	movs	r2, #0
   b6c8a:	e9c0 2204 	strd	r2, r2, [r0, #16]
   b6c8e:	6202      	str	r2, [r0, #32]
   b6c90:	8482      	strh	r2, [r0, #36]	; 0x24
  _wire = theWire;
   b6c92:	6181      	str	r1, [r0, #24]
}
   b6c94:	4770      	bx	lr

000b6c96 <_ZN15Adafruit_BME68012beginReadingEv>:
uint32_t Adafruit_BME680::beginReading(void) {
   b6c96:	b573      	push	{r0, r1, r4, r5, r6, lr}
  if (_meas_start != 0) {
   b6c98:	6a04      	ldr	r4, [r0, #32]
uint32_t Adafruit_BME680::beginReading(void) {
   b6c9a:	4606      	mov	r6, r0
  if (_meas_start != 0) {
   b6c9c:	b124      	cbz	r4, b6ca8 <_ZN15Adafruit_BME68012beginReadingEv+0x12>
    return _meas_start + _meas_period;
   b6c9e:	8c83      	ldrh	r3, [r0, #36]	; 0x24
   b6ca0:	441c      	add	r4, r3
}
   b6ca2:	4620      	mov	r0, r4
   b6ca4:	b002      	add	sp, #8
   b6ca6:	bd70      	pop	{r4, r5, r6, pc}
  int8_t rslt = bme68x_set_op_mode(BME68X_FORCED_MODE, &gas_sensor);
   b6ca8:	f100 0228 	add.w	r2, r0, #40	; 0x28
   b6cac:	4611      	mov	r1, r2
   b6cae:	2001      	movs	r0, #1
   b6cb0:	9201      	str	r2, [sp, #4]
   b6cb2:	f7fe fac2 	bl	b523a <bme68x_set_op_mode>
  if (rslt != BME68X_OK)
   b6cb6:	2800      	cmp	r0, #0
   b6cb8:	d1f3      	bne.n	b6ca2 <_ZN15Adafruit_BME68012beginReadingEv+0xc>
  uint32_t delayus_period = (uint32_t)bme68x_get_meas_dur(
   b6cba:	9a01      	ldr	r2, [sp, #4]
   b6cbc:	f106 0178 	add.w	r1, r6, #120	; 0x78
   b6cc0:	2001      	movs	r0, #1
   b6cc2:	f7fe fba9 	bl	b5418 <bme68x_get_meas_dur>
                            ((uint32_t)gas_heatr_conf.heatr_dur * 1000);
   b6cc6:	f8b6 3084 	ldrh.w	r3, [r6, #132]	; 0x84
   b6cca:	f44f 747a 	mov.w	r4, #1000	; 0x3e8
   b6cce:	fb04 0503 	mla	r5, r4, r3, r0
inline system_tick_t millis(void) { return HAL_Timer_Get_Milli_Seconds(); }
   b6cd2:	f003 fa31 	bl	ba138 <HAL_Timer_Get_Milli_Seconds>
  _meas_period = delayus_period / 1000;
   b6cd6:	fbb5 f3f4 	udiv	r3, r5, r4
  _meas_start = millis();
   b6cda:	6230      	str	r0, [r6, #32]
  _meas_period = delayus_period / 1000;
   b6cdc:	84b3      	strh	r3, [r6, #36]	; 0x24
  return _meas_start + _meas_period;
   b6cde:	fa10 f483 	uxtah	r4, r0, r3
   b6ce2:	e7de      	b.n	b6ca2 <_ZN15Adafruit_BME68012beginReadingEv+0xc>

000b6ce4 <_ZN15Adafruit_BME68022remainingReadingMillisEv>:
int Adafruit_BME680::remainingReadingMillis(void) {
   b6ce4:	b538      	push	{r3, r4, r5, lr}
  if (_meas_start != 0) {
   b6ce6:	6a04      	ldr	r4, [r0, #32]
   b6ce8:	b13c      	cbz	r4, b6cfa <_ZN15Adafruit_BME68022remainingReadingMillisEv+0x16>
    int remaining_time = (int)_meas_period - (millis() - _meas_start);
   b6cea:	8c85      	ldrh	r5, [r0, #36]	; 0x24
   b6cec:	f003 fa24 	bl	ba138 <HAL_Timer_Get_Milli_Seconds>
   b6cf0:	442c      	add	r4, r5
   b6cf2:	1a20      	subs	r0, r4, r0
   b6cf4:	ea20 70e0 	bic.w	r0, r0, r0, asr #31
}
   b6cf8:	bd38      	pop	{r3, r4, r5, pc}
  return reading_not_started;
   b6cfa:	f04f 30ff 	mov.w	r0, #4294967295
   b6cfe:	e7fb      	b.n	b6cf8 <_ZN15Adafruit_BME68022remainingReadingMillisEv+0x14>

000b6d00 <_ZN15Adafruit_BME68010endReadingEv>:
bool Adafruit_BME680::endReading(void) {
   b6d00:	b530      	push	{r4, r5, lr}
   b6d02:	b089      	sub	sp, #36	; 0x24
   b6d04:	4605      	mov	r5, r0
  uint32_t meas_end = beginReading();
   b6d06:	f7ff ffc6 	bl	b6c96 <_ZN15Adafruit_BME68012beginReadingEv>
  if (meas_end == 0) {
   b6d0a:	b378      	cbz	r0, b6d6c <_ZN15Adafruit_BME68010endReadingEv+0x6c>
  int remaining_millis = remainingReadingMillis();
   b6d0c:	4628      	mov	r0, r5
   b6d0e:	f7ff ffe9 	bl	b6ce4 <_ZN15Adafruit_BME68022remainingReadingMillisEv>
  if (remaining_millis > 0) {
   b6d12:	2800      	cmp	r0, #0
   b6d14:	dd02      	ble.n	b6d1c <_ZN15Adafruit_BME68010endReadingEv+0x1c>
    delay(static_cast<unsigned int>(remaining_millis) *
   b6d16:	0040      	lsls	r0, r0, #1
   b6d18:	f003 feb6 	bl	baa88 <delay>
  _meas_start = 0; /* Allow new measurement to begin */
   b6d1c:	2400      	movs	r4, #0
   b6d1e:	622c      	str	r4, [r5, #32]
  _meas_period = 0;
   b6d20:	84ac      	strh	r4, [r5, #36]	; 0x24
      bme68x_get_data(BME68X_FORCED_MODE, &data, &n_fields, &gas_sensor);
   b6d22:	f105 0328 	add.w	r3, r5, #40	; 0x28
   b6d26:	f10d 0207 	add.w	r2, sp, #7
   b6d2a:	a902      	add	r1, sp, #8
   b6d2c:	2001      	movs	r0, #1
   b6d2e:	f7fe fbb3 	bl	b5498 <bme68x_get_data>
  if (rslt != BME68X_OK)
   b6d32:	b9d0      	cbnz	r0, b6d6a <_ZN15Adafruit_BME68010endReadingEv+0x6a>
  if (n_fields) {
   b6d34:	f89d 3007 	ldrb.w	r3, [sp, #7]
   b6d38:	b1ab      	cbz	r3, b6d66 <_ZN15Adafruit_BME68010endReadingEv+0x66>
    temperature = data.temperature;
   b6d3a:	9b04      	ldr	r3, [sp, #16]
    pressure = data.pressure;
   b6d3c:	eddd 7a05 	vldr	s15, [sp, #20]
    temperature = data.temperature;
   b6d40:	602b      	str	r3, [r5, #0]
    humidity = data.humidity;
   b6d42:	9b06      	ldr	r3, [sp, #24]
   b6d44:	60ab      	str	r3, [r5, #8]
    if (data.status & (BME68X_HEAT_STAB_MSK | BME68X_GASM_VALID_MSK)) {
   b6d46:	f89d 3008 	ldrb.w	r3, [sp, #8]
    pressure = data.pressure;
   b6d4a:	eefc 7ae7 	vcvt.u32.f32	s15, s15
    if (data.status & (BME68X_HEAT_STAB_MSK | BME68X_GASM_VALID_MSK)) {
   b6d4e:	f013 0330 	ands.w	r3, r3, #48	; 0x30
    pressure = data.pressure;
   b6d52:	edc5 7a01 	vstr	s15, [r5, #4]
      gas_resistance = data.gas_resistance;
   b6d56:	bf17      	itett	ne
   b6d58:	eddd 7a07 	vldrne	s15, [sp, #28]
      gas_resistance = 0;
   b6d5c:	60eb      	streq	r3, [r5, #12]
      gas_resistance = data.gas_resistance;
   b6d5e:	eefc 7ae7 	vcvtne.u32.f32	s15, s15
   b6d62:	edc5 7a03 	vstrne	s15, [r5, #12]
  return true;
   b6d66:	2001      	movs	r0, #1
   b6d68:	e000      	b.n	b6d6c <_ZN15Adafruit_BME68010endReadingEv+0x6c>
    return false;
   b6d6a:	4620      	mov	r0, r4
}
   b6d6c:	b009      	add	sp, #36	; 0x24
   b6d6e:	bd30      	pop	{r4, r5, pc}

000b6d70 <_ZN15Adafruit_BME68014performReadingEv>:
bool Adafruit_BME680::performReading(void) { return endReading(); }
   b6d70:	f7ff bfc6 	b.w	b6d00 <_ZN15Adafruit_BME68010endReadingEv>

000b6d74 <_ZN15Adafruit_BME68015readTemperatureEv>:
float Adafruit_BME680::readTemperature(void) {
   b6d74:	b510      	push	{r4, lr}
   b6d76:	4604      	mov	r4, r0
  performReading();
   b6d78:	f7ff fffa 	bl	b6d70 <_ZN15Adafruit_BME68014performReadingEv>
}
   b6d7c:	ed94 0a00 	vldr	s0, [r4]
   b6d80:	bd10      	pop	{r4, pc}

000b6d82 <_ZN15Adafruit_BME68012readPressureEv>:
float Adafruit_BME680::readPressure(void) {
   b6d82:	b510      	push	{r4, lr}
   b6d84:	4604      	mov	r4, r0
  performReading();
   b6d86:	f7ff fff3 	bl	b6d70 <_ZN15Adafruit_BME68014performReadingEv>
  return pressure;
   b6d8a:	ed94 0a01 	vldr	s0, [r4, #4]
}
   b6d8e:	eeb8 0a40 	vcvt.f32.u32	s0, s0
   b6d92:	bd10      	pop	{r4, pc}

000b6d94 <_ZN15Adafruit_BME68012readHumidityEv>:
float Adafruit_BME680::readHumidity(void) {
   b6d94:	b510      	push	{r4, lr}
   b6d96:	4604      	mov	r4, r0
  performReading();
   b6d98:	f7ff ffea 	bl	b6d70 <_ZN15Adafruit_BME68014performReadingEv>
}
   b6d9c:	ed94 0a02 	vldr	s0, [r4, #8]
   b6da0:	bd10      	pop	{r4, pc}

000b6da2 <_ZN15Adafruit_BME6807readGasEv>:
uint32_t Adafruit_BME680::readGas(void) {
   b6da2:	b510      	push	{r4, lr}
   b6da4:	4604      	mov	r4, r0
  performReading();
   b6da6:	f7ff ffe3 	bl	b6d70 <_ZN15Adafruit_BME68014performReadingEv>
}
   b6daa:	68e0      	ldr	r0, [r4, #12]
   b6dac:	bd10      	pop	{r4, pc}

000b6dae <_ZN15Adafruit_BME68012setGasHeaterEtt>:
bool Adafruit_BME680::setGasHeater(uint16_t heaterTemp, uint16_t heaterTime) {
   b6dae:	b508      	push	{r3, lr}
  if ((heaterTemp == 0) || (heaterTime == 0)) {
   b6db0:	b101      	cbz	r1, b6db4 <_ZN15Adafruit_BME68012setGasHeaterEtt+0x6>
   b6db2:	b96a      	cbnz	r2, b6dd0 <_ZN15Adafruit_BME68012setGasHeaterEtt+0x22>
    gas_heatr_conf.enable = BME68X_DISABLE;
   b6db4:	2300      	movs	r3, #0
   b6db6:	f880 3080 	strb.w	r3, [r0, #128]	; 0x80
      bme68x_set_heatr_conf(BME68X_FORCED_MODE, &gas_heatr_conf, &gas_sensor);
   b6dba:	f100 0228 	add.w	r2, r0, #40	; 0x28
   b6dbe:	f100 0180 	add.w	r1, r0, #128	; 0x80
   b6dc2:	2001      	movs	r0, #1
   b6dc4:	f7fe fd92 	bl	b58ec <bme68x_set_heatr_conf>
}
   b6dc8:	fab0 f080 	clz	r0, r0
   b6dcc:	0940      	lsrs	r0, r0, #5
   b6dce:	bd08      	pop	{r3, pc}
    gas_heatr_conf.enable = BME68X_ENABLE;
   b6dd0:	2301      	movs	r3, #1
   b6dd2:	f880 3080 	strb.w	r3, [r0, #128]	; 0x80
    gas_heatr_conf.heatr_temp = heaterTemp;
   b6dd6:	f8a0 1082 	strh.w	r1, [r0, #130]	; 0x82
    gas_heatr_conf.heatr_dur = heaterTime;
   b6dda:	f8a0 2084 	strh.w	r2, [r0, #132]	; 0x84
   b6dde:	e7ec      	b.n	b6dba <_ZN15Adafruit_BME68012setGasHeaterEtt+0xc>

000b6de0 <_ZN15Adafruit_BME6806setODREh>:
  if (odr > BME68X_ODR_NONE)
   b6de0:	2908      	cmp	r1, #8
bool Adafruit_BME680::setODR(uint8_t odr) {
   b6de2:	b508      	push	{r3, lr}
  if (odr > BME68X_ODR_NONE)
   b6de4:	d80a      	bhi.n	b6dfc <_ZN15Adafruit_BME6806setODREh+0x1c>
  gas_conf.odr = odr;
   b6de6:	f880 107c 	strb.w	r1, [r0, #124]	; 0x7c
  int8_t rslt = bme68x_set_conf(&gas_conf, &gas_sensor);
   b6dea:	f100 0128 	add.w	r1, r0, #40	; 0x28
   b6dee:	3078      	adds	r0, #120	; 0x78
   b6df0:	f7fe fa74 	bl	b52dc <bme68x_set_conf>
  return rslt == 0;
   b6df4:	fab0 f080 	clz	r0, r0
   b6df8:	0940      	lsrs	r0, r0, #5
}
   b6dfa:	bd08      	pop	{r3, pc}
    return false;
   b6dfc:	2000      	movs	r0, #0
   b6dfe:	e7fc      	b.n	b6dfa <_ZN15Adafruit_BME6806setODREh+0x1a>

000b6e00 <_ZN15Adafruit_BME68026setTemperatureOversamplingEh>:
  if (oversample > BME68X_OS_16X)
   b6e00:	2905      	cmp	r1, #5
bool Adafruit_BME680::setTemperatureOversampling(uint8_t oversample) {
   b6e02:	b508      	push	{r3, lr}
  if (oversample > BME68X_OS_16X)
   b6e04:	d80a      	bhi.n	b6e1c <_ZN15Adafruit_BME68026setTemperatureOversamplingEh+0x1c>
  gas_conf.os_temp = oversample;
   b6e06:	f880 1079 	strb.w	r1, [r0, #121]	; 0x79
  int8_t rslt = bme68x_set_conf(&gas_conf, &gas_sensor);
   b6e0a:	f100 0128 	add.w	r1, r0, #40	; 0x28
   b6e0e:	3078      	adds	r0, #120	; 0x78
   b6e10:	f7fe fa64 	bl	b52dc <bme68x_set_conf>
  return rslt == 0;
   b6e14:	fab0 f080 	clz	r0, r0
   b6e18:	0940      	lsrs	r0, r0, #5
}
   b6e1a:	bd08      	pop	{r3, pc}
    return false;
   b6e1c:	2000      	movs	r0, #0
   b6e1e:	e7fc      	b.n	b6e1a <_ZN15Adafruit_BME68026setTemperatureOversamplingEh+0x1a>

000b6e20 <_ZN15Adafruit_BME68023setHumidityOversamplingEh>:
  if (oversample > BME68X_OS_16X)
   b6e20:	2905      	cmp	r1, #5
bool Adafruit_BME680::setHumidityOversampling(uint8_t oversample) {
   b6e22:	b508      	push	{r3, lr}
  if (oversample > BME68X_OS_16X)
   b6e24:	d80a      	bhi.n	b6e3c <_ZN15Adafruit_BME68023setHumidityOversamplingEh+0x1c>
  gas_conf.os_hum = oversample;
   b6e26:	f880 1078 	strb.w	r1, [r0, #120]	; 0x78
  int8_t rslt = bme68x_set_conf(&gas_conf, &gas_sensor);
   b6e2a:	f100 0128 	add.w	r1, r0, #40	; 0x28
   b6e2e:	3078      	adds	r0, #120	; 0x78
   b6e30:	f7fe fa54 	bl	b52dc <bme68x_set_conf>
  return rslt == 0;
   b6e34:	fab0 f080 	clz	r0, r0
   b6e38:	0940      	lsrs	r0, r0, #5
}
   b6e3a:	bd08      	pop	{r3, pc}
    return false;
   b6e3c:	2000      	movs	r0, #0
   b6e3e:	e7fc      	b.n	b6e3a <_ZN15Adafruit_BME68023setHumidityOversamplingEh+0x1a>

000b6e40 <_ZN15Adafruit_BME68023setPressureOversamplingEh>:
  if (oversample > BME68X_OS_16X)
   b6e40:	2905      	cmp	r1, #5
bool Adafruit_BME680::setPressureOversampling(uint8_t oversample) {
   b6e42:	b508      	push	{r3, lr}
  if (oversample > BME68X_OS_16X)
   b6e44:	d80a      	bhi.n	b6e5c <_ZN15Adafruit_BME68023setPressureOversamplingEh+0x1c>
  gas_conf.os_pres = oversample;
   b6e46:	f880 107a 	strb.w	r1, [r0, #122]	; 0x7a
  int8_t rslt = bme68x_set_conf(&gas_conf, &gas_sensor);
   b6e4a:	f100 0128 	add.w	r1, r0, #40	; 0x28
   b6e4e:	3078      	adds	r0, #120	; 0x78
   b6e50:	f7fe fa44 	bl	b52dc <bme68x_set_conf>
  return rslt == 0;
   b6e54:	fab0 f080 	clz	r0, r0
   b6e58:	0940      	lsrs	r0, r0, #5
}
   b6e5a:	bd08      	pop	{r3, pc}
    return false;
   b6e5c:	2000      	movs	r0, #0
   b6e5e:	e7fc      	b.n	b6e5a <_ZN15Adafruit_BME68023setPressureOversamplingEh+0x1a>

000b6e60 <_ZN15Adafruit_BME68016setIIRFilterSizeEh>:
  if (filtersize > BME68X_FILTER_SIZE_127)
   b6e60:	2907      	cmp	r1, #7
bool Adafruit_BME680::setIIRFilterSize(uint8_t filtersize) {
   b6e62:	b508      	push	{r3, lr}
  if (filtersize > BME68X_FILTER_SIZE_127)
   b6e64:	d80a      	bhi.n	b6e7c <_ZN15Adafruit_BME68016setIIRFilterSizeEh+0x1c>
  gas_conf.filter = filtersize;
   b6e66:	f880 107b 	strb.w	r1, [r0, #123]	; 0x7b
  int8_t rslt = bme68x_set_conf(&gas_conf, &gas_sensor);
   b6e6a:	f100 0128 	add.w	r1, r0, #40	; 0x28
   b6e6e:	3078      	adds	r0, #120	; 0x78
   b6e70:	f7fe fa34 	bl	b52dc <bme68x_set_conf>
  return rslt == 0;
   b6e74:	fab0 f080 	clz	r0, r0
   b6e78:	0940      	lsrs	r0, r0, #5
}
   b6e7a:	bd08      	pop	{r3, pc}
    return false;
   b6e7c:	2000      	movs	r0, #0
   b6e7e:	e7fc      	b.n	b6e7a <_ZN15Adafruit_BME68016setIIRFilterSizeEh+0x1a>

000b6e80 <_ZN15Adafruit_BME6805beginEhb>:
bool Adafruit_BME680::begin(uint8_t addr, bool initSettings) {
   b6e80:	b5f8      	push	{r3, r4, r5, r6, r7, lr}
   b6e82:	4604      	mov	r4, r0
  if (!_spidev) { // i2c
   b6e84:	6940      	ldr	r0, [r0, #20]
bool Adafruit_BME680::begin(uint8_t addr, bool initSettings) {
   b6e86:	460f      	mov	r7, r1
   b6e88:	4616      	mov	r6, r2
  if (!_spidev) { // i2c
   b6e8a:	2800      	cmp	r0, #0
   b6e8c:	d14f      	bne.n	b6f2e <_ZN15Adafruit_BME6805beginEhb+0xae>
    if (_i2cdev) {
   b6e8e:	6920      	ldr	r0, [r4, #16]
   b6e90:	b110      	cbz	r0, b6e98 <_ZN15Adafruit_BME6805beginEhb+0x18>
      delete _i2cdev;
   b6e92:	2110      	movs	r1, #16
   b6e94:	f7fd fdbd 	bl	b4a12 <_ZdlPvj>
    _i2cdev = new Adafruit_I2CDevice(addr, _wire);
   b6e98:	2010      	movs	r0, #16
   b6e9a:	f7fd fdb6 	bl	b4a0a <_Znwj>
   b6e9e:	4605      	mov	r5, r0
   b6ea0:	b118      	cbz	r0, b6eaa <_ZN15Adafruit_BME6805beginEhb+0x2a>
   b6ea2:	69a2      	ldr	r2, [r4, #24]
   b6ea4:	4639      	mov	r1, r7
   b6ea6:	f000 fb4b 	bl	b7540 <_ZN18Adafruit_I2CDeviceC1EhP7TwoWire>
   b6eaa:	6125      	str	r5, [r4, #16]
    if (!_i2cdev->begin()) {
   b6eac:	2101      	movs	r1, #1
   b6eae:	4628      	mov	r0, r5
   b6eb0:	f000 fb62 	bl	b7578 <_ZN18Adafruit_I2CDevice5beginEb>
   b6eb4:	b908      	cbnz	r0, b6eba <_ZN15Adafruit_BME6805beginEhb+0x3a>
      return false;
   b6eb6:	2000      	movs	r0, #0
}
   b6eb8:	bdf8      	pop	{r3, r4, r5, r6, r7, pc}
    gas_sensor.intf = BME68X_I2C_INTF;
   b6eba:	2301      	movs	r3, #1
   b6ebc:	f884 3034 	strb.w	r3, [r4, #52]	; 0x34
    gas_sensor.intf_ptr = (void *)_i2cdev;
   b6ec0:	6923      	ldr	r3, [r4, #16]
   b6ec2:	62e3      	str	r3, [r4, #44]	; 0x2c
    gas_sensor.read = &i2c_read;
   b6ec4:	4b23      	ldr	r3, [pc, #140]	; (b6f54 <_ZN15Adafruit_BME6805beginEhb+0xd4>)
   b6ec6:	66a3      	str	r3, [r4, #104]	; 0x68
    gas_sensor.write = &i2c_write;
   b6ec8:	4b23      	ldr	r3, [pc, #140]	; (b6f58 <_ZN15Adafruit_BME6805beginEhb+0xd8>)
    gas_sensor.chip_id = addr;
   b6eca:	f884 7028 	strb.w	r7, [r4, #40]	; 0x28
    gas_sensor.write = &spi_write;
   b6ece:	66e3      	str	r3, [r4, #108]	; 0x6c
  gas_sensor.amb_temp = 25; /* The ambient temperature in deg C is used for
   b6ed0:	2319      	movs	r3, #25
   b6ed2:	f884 3036 	strb.w	r3, [r4, #54]	; 0x36
  rslt = bme68x_init(&gas_sensor);
   b6ed6:	f104 0528 	add.w	r5, r4, #40	; 0x28
  gas_sensor.delay_us = delay_usec;
   b6eda:	4b20      	ldr	r3, [pc, #128]	; (b6f5c <_ZN15Adafruit_BME6805beginEhb+0xdc>)
   b6edc:	6723      	str	r3, [r4, #112]	; 0x70
  rslt = bme68x_init(&gas_sensor);
   b6ede:	4628      	mov	r0, r5
   b6ee0:	f7fe f901 	bl	b50e6 <bme68x_init>
  if (rslt != BME68X_OK)
   b6ee4:	2800      	cmp	r0, #0
   b6ee6:	d1e6      	bne.n	b6eb6 <_ZN15Adafruit_BME6805beginEhb+0x36>
  if (initSettings) {
   b6ee8:	b386      	cbz	r6, b6f4c <_ZN15Adafruit_BME6805beginEhb+0xcc>
    setIIRFilterSize(BME68X_FILTER_SIZE_3);
   b6eea:	2102      	movs	r1, #2
   b6eec:	4620      	mov	r0, r4
   b6eee:	f7ff ffb7 	bl	b6e60 <_ZN15Adafruit_BME68016setIIRFilterSizeEh>
    setODR(BME68X_ODR_NONE);
   b6ef2:	2108      	movs	r1, #8
   b6ef4:	4620      	mov	r0, r4
   b6ef6:	f7ff ff73 	bl	b6de0 <_ZN15Adafruit_BME6806setODREh>
    setHumidityOversampling(BME68X_OS_2X);
   b6efa:	2102      	movs	r1, #2
   b6efc:	4620      	mov	r0, r4
   b6efe:	f7ff ff8f 	bl	b6e20 <_ZN15Adafruit_BME68023setHumidityOversamplingEh>
    setPressureOversampling(BME68X_OS_4X);
   b6f02:	2103      	movs	r1, #3
   b6f04:	4620      	mov	r0, r4
   b6f06:	f7ff ff9b 	bl	b6e40 <_ZN15Adafruit_BME68023setPressureOversamplingEh>
    setTemperatureOversampling(BME68X_OS_8X);
   b6f0a:	2104      	movs	r1, #4
   b6f0c:	4620      	mov	r0, r4
   b6f0e:	f7ff ff77 	bl	b6e00 <_ZN15Adafruit_BME68026setTemperatureOversamplingEh>
    setGasHeater(320, 150); // 320*C for 150 ms
   b6f12:	2296      	movs	r2, #150	; 0x96
   b6f14:	f44f 71a0 	mov.w	r1, #320	; 0x140
    setGasHeater(0, 0);
   b6f18:	4620      	mov	r0, r4
   b6f1a:	f7ff ff48 	bl	b6dae <_ZN15Adafruit_BME68012setGasHeaterEtt>
  rslt = bme68x_set_op_mode(BME68X_FORCED_MODE, &gas_sensor);
   b6f1e:	4629      	mov	r1, r5
   b6f20:	2001      	movs	r0, #1
   b6f22:	f7fe f98a 	bl	b523a <bme68x_set_op_mode>
  if (rslt != BME68X_OK)
   b6f26:	fab0 f080 	clz	r0, r0
   b6f2a:	0940      	lsrs	r0, r0, #5
   b6f2c:	e7c4      	b.n	b6eb8 <_ZN15Adafruit_BME6805beginEhb+0x38>
    if (!_spidev->begin()) {
   b6f2e:	f000 f9a4 	bl	b727a <_ZN18Adafruit_SPIDevice5beginEv>
   b6f32:	2800      	cmp	r0, #0
   b6f34:	d0bf      	beq.n	b6eb6 <_ZN15Adafruit_BME6805beginEhb+0x36>
    gas_sensor.chip_id = 0;
   b6f36:	2300      	movs	r3, #0
   b6f38:	f884 3028 	strb.w	r3, [r4, #40]	; 0x28
    gas_sensor.intf = BME68X_SPI_INTF;
   b6f3c:	f884 3034 	strb.w	r3, [r4, #52]	; 0x34
    gas_sensor.intf_ptr = (void *)_spidev;
   b6f40:	6963      	ldr	r3, [r4, #20]
   b6f42:	62e3      	str	r3, [r4, #44]	; 0x2c
    gas_sensor.read = &spi_read;
   b6f44:	4b06      	ldr	r3, [pc, #24]	; (b6f60 <_ZN15Adafruit_BME6805beginEhb+0xe0>)
   b6f46:	66a3      	str	r3, [r4, #104]	; 0x68
    gas_sensor.write = &spi_write;
   b6f48:	4b06      	ldr	r3, [pc, #24]	; (b6f64 <_ZN15Adafruit_BME6805beginEhb+0xe4>)
   b6f4a:	e7c0      	b.n	b6ece <_ZN15Adafruit_BME6805beginEhb+0x4e>
    setGasHeater(0, 0);
   b6f4c:	4632      	mov	r2, r6
   b6f4e:	4631      	mov	r1, r6
   b6f50:	e7e2      	b.n	b6f18 <_ZN15Adafruit_BME6805beginEhb+0x98>
   b6f52:	bf00      	nop
   b6f54:	000b6c63 	.word	0x000b6c63
   b6f58:	000b6c3f 	.word	0x000b6c3f
   b6f5c:	000b6be3 	.word	0x000b6be3
   b6f60:	000b6c13 	.word	0x000b6c13
   b6f64:	000b6bf1 	.word	0x000b6bf1

000b6f68 <_ZN10RTC_DS32315beginEP7TwoWire>:
    @brief  Start I2C for the DS3231 and test succesful connection
    @param  wireInstance pointer to the I2C bus
    @return True if Wire can find DS3231 or false otherwise.
*/
/**************************************************************************/
bool RTC_DS3231::begin(TwoWire *wireInstance) {
   b6f68:	b570      	push	{r4, r5, r6, lr}
   b6f6a:	4605      	mov	r5, r0
  if (i2c_dev)
   b6f6c:	6800      	ldr	r0, [r0, #0]
bool RTC_DS3231::begin(TwoWire *wireInstance) {
   b6f6e:	460e      	mov	r6, r1
  if (i2c_dev)
   b6f70:	b110      	cbz	r0, b6f78 <_ZN10RTC_DS32315beginEP7TwoWire+0x10>
    delete i2c_dev;
   b6f72:	2110      	movs	r1, #16
   b6f74:	f7fd fd4d 	bl	b4a12 <_ZdlPvj>
  i2c_dev = new Adafruit_I2CDevice(DS3231_ADDRESS, wireInstance);
   b6f78:	2010      	movs	r0, #16
   b6f7a:	f7fd fd46 	bl	b4a0a <_Znwj>
   b6f7e:	4604      	mov	r4, r0
   b6f80:	b118      	cbz	r0, b6f8a <_ZN10RTC_DS32315beginEP7TwoWire+0x22>
   b6f82:	4632      	mov	r2, r6
   b6f84:	2168      	movs	r1, #104	; 0x68
   b6f86:	f000 fadb 	bl	b7540 <_ZN18Adafruit_I2CDeviceC1EhP7TwoWire>
   b6f8a:	602c      	str	r4, [r5, #0]
  if (!i2c_dev->begin())
   b6f8c:	4620      	mov	r0, r4
   b6f8e:	2101      	movs	r1, #1
    return false;
  return true;
}
   b6f90:	e8bd 4070 	ldmia.w	sp!, {r4, r5, r6, lr}
  if (!i2c_dev->begin())
   b6f94:	f000 baf0 	b.w	b7578 <_ZN18Adafruit_I2CDevice5beginEb>

000b6f98 <_ZN10RTC_DS32316adjustERK8DateTime>:
/*!
    @brief  Set the date and flip the Oscillator Stop Flag
    @param dt DateTime object containing the date/time to set
*/
/**************************************************************************/
void RTC_DS3231::adjust(const DateTime &dt) {
   b6f98:	b5f0      	push	{r4, r5, r6, r7, lr}
  uint8_t minute() const { return mm; }
  /*!
      @brief  Return the second.
      @return Second (0--59).
  */
  uint8_t second() const { return ss; }
   b6f9a:	794b      	ldrb	r3, [r1, #5]
   b6f9c:	b085      	sub	sp, #20
  /*!
      @brief  Convert a binary value to BCD format for the RTC registers
      @param val Binary value
      @return BCD value
  */
  static uint8_t bin2bcd(uint8_t val) { return val + 6 * (val / 10); }
   b6f9e:	240a      	movs	r4, #10
   b6fa0:	fbb3 f2f4 	udiv	r2, r3, r4
   b6fa4:	eb02 0242 	add.w	r2, r2, r2, lsl #1
  uint8_t buffer[8] = {DS3231_TIME,
   b6fa8:	2700      	movs	r7, #0
   b6faa:	eb03 0342 	add.w	r3, r3, r2, lsl #1
   b6fae:	e9cd 7702 	strd	r7, r7, [sp, #8]
                       bin2bcd(dt.minute()),
                       bin2bcd(dt.hour()),
                       bin2bcd(dowToDS3231(dt.dayOfTheWeek())),
                       bin2bcd(dt.day()),
                       bin2bcd(dt.month()),
                       bin2bcd(dt.year() - 2000U)};
   b6fb2:	f88d 3009 	strb.w	r3, [sp, #9]
  uint8_t minute() const { return mm; }
   b6fb6:	790b      	ldrb	r3, [r1, #4]
  static uint8_t bin2bcd(uint8_t val) { return val + 6 * (val / 10); }
   b6fb8:	fbb3 f2f4 	udiv	r2, r3, r4
   b6fbc:	eb02 0242 	add.w	r2, r2, r2, lsl #1
   b6fc0:	eb03 0342 	add.w	r3, r3, r2, lsl #1
   b6fc4:	f88d 300a 	strb.w	r3, [sp, #10]
  uint8_t hour() const { return hh; }
   b6fc8:	78cb      	ldrb	r3, [r1, #3]
  static uint8_t bin2bcd(uint8_t val) { return val + 6 * (val / 10); }
   b6fca:	fbb3 f2f4 	udiv	r2, r3, r4
   b6fce:	eb02 0242 	add.w	r2, r2, r2, lsl #1
void RTC_DS3231::adjust(const DateTime &dt) {
   b6fd2:	4606      	mov	r6, r0
   b6fd4:	eb03 0342 	add.w	r3, r3, r2, lsl #1
                       bin2bcd(dowToDS3231(dt.dayOfTheWeek())),
   b6fd8:	4608      	mov	r0, r1
void RTC_DS3231::adjust(const DateTime &dt) {
   b6fda:	460d      	mov	r5, r1
                       bin2bcd(dt.year() - 2000U)};
   b6fdc:	f88d 300b 	strb.w	r3, [sp, #11]
                       bin2bcd(dowToDS3231(dt.dayOfTheWeek())),
   b6fe0:	f7ff fdf0 	bl	b6bc4 <_ZNK8DateTime12dayOfTheWeekEv>
              storing in the DS3231: from 1 (Monday) to 7 (Sunday).
      @param  d Day of the week as represented by the library:
              from 0 (Sunday) to 6 (Saturday).
      @return the converted value
  */
  static uint8_t dowToDS3231(uint8_t d) { return d == 0 ? 7 : d; }
   b6fe4:	1e03      	subs	r3, r0, #0
   b6fe6:	bf08      	it	eq
   b6fe8:	2307      	moveq	r3, #7
  static uint8_t bin2bcd(uint8_t val) { return val + 6 * (val / 10); }
   b6fea:	fbb3 f0f4 	udiv	r0, r3, r4
   b6fee:	eb00 0040 	add.w	r0, r0, r0, lsl #1
   b6ff2:	eb03 0340 	add.w	r3, r3, r0, lsl #1
                       bin2bcd(dt.year() - 2000U)};
   b6ff6:	f88d 300c 	strb.w	r3, [sp, #12]
  uint8_t day() const { return d; }
   b6ffa:	78ab      	ldrb	r3, [r5, #2]
  static uint8_t bin2bcd(uint8_t val) { return val + 6 * (val / 10); }
   b6ffc:	fbb3 f2f4 	udiv	r2, r3, r4
   b7000:	eb02 0242 	add.w	r2, r2, r2, lsl #1
   b7004:	eb03 0342 	add.w	r3, r3, r2, lsl #1
   b7008:	f88d 300d 	strb.w	r3, [sp, #13]
  uint8_t month() const { return m; }
   b700c:	786b      	ldrb	r3, [r5, #1]
  static uint8_t bin2bcd(uint8_t val) { return val + 6 * (val / 10); }
   b700e:	fbb3 f2f4 	udiv	r2, r3, r4
   b7012:	eb02 0242 	add.w	r2, r2, r2, lsl #1
   b7016:	eb03 0342 	add.w	r3, r3, r2, lsl #1
   b701a:	f88d 300e 	strb.w	r3, [sp, #14]
  uint16_t year() const { return 2000U + yOff; }
   b701e:	782b      	ldrb	r3, [r5, #0]
  static uint8_t bin2bcd(uint8_t val) { return val + 6 * (val / 10); }
   b7020:	fbb3 f4f4 	udiv	r4, r3, r4
  i2c_dev->write(buffer, 8);
   b7024:	2208      	movs	r2, #8
   b7026:	eb04 0444 	add.w	r4, r4, r4, lsl #1
   b702a:	eb0d 0102 	add.w	r1, sp, r2
   b702e:	eb03 0444 	add.w	r4, r3, r4, lsl #1
   b7032:	e9cd 7700 	strd	r7, r7, [sp]
   b7036:	2301      	movs	r3, #1
   b7038:	6830      	ldr	r0, [r6, #0]
                       bin2bcd(dt.year() - 2000U)};
   b703a:	f88d 400f 	strb.w	r4, [sp, #15]
  i2c_dev->write(buffer, 8);
   b703e:	f000 faaa 	bl	b7596 <_ZN18Adafruit_I2CDevice5writeEPKhjbS1_j>

  uint8_t statreg = read_register(DS3231_STATUSREG);
   b7042:	210f      	movs	r1, #15
   b7044:	4630      	mov	r0, r6
   b7046:	f7ff fd30 	bl	b6aaa <_ZN7RTC_I2C13read_registerEh>
  statreg &= ~0x80; // flip OSF bit
  write_register(DS3231_STATUSREG, statreg);
   b704a:	210f      	movs	r1, #15
   b704c:	f000 027f 	and.w	r2, r0, #127	; 0x7f
   b7050:	4630      	mov	r0, r6
   b7052:	f7ff fd19 	bl	b6a88 <_ZN7RTC_I2C14write_registerEhh>
}
   b7056:	b005      	add	sp, #20
   b7058:	bdf0      	pop	{r4, r5, r6, r7, pc}

000b705a <_ZN10RTC_DS32313nowEv>:
/*!
    @brief  Get the current date/time
    @return DateTime object with the current date/time
*/
/**************************************************************************/
DateTime RTC_DS3231::now() {
   b705a:	b5f0      	push	{r4, r5, r6, r7, lr}
   b705c:	b087      	sub	sp, #28
  uint8_t buffer[7];
  buffer[0] = 0;
   b705e:	2300      	movs	r3, #0
DateTime RTC_DS3231::now() {
   b7060:	4605      	mov	r5, r0
  i2c_dev->write_then_read(buffer, 1, buffer, 7);
   b7062:	9301      	str	r3, [sp, #4]
  buffer[0] = 0;
   b7064:	f88d 3010 	strb.w	r3, [sp, #16]
DateTime RTC_DS3231::now() {
   b7068:	4608      	mov	r0, r1
  i2c_dev->write_then_read(buffer, 1, buffer, 7);
   b706a:	2307      	movs	r3, #7
   b706c:	9300      	str	r3, [sp, #0]
   b706e:	ab04      	add	r3, sp, #16
   b7070:	4619      	mov	r1, r3
   b7072:	2201      	movs	r2, #1
   b7074:	6800      	ldr	r0, [r0, #0]
   b7076:	f000 fafc 	bl	b7672 <_ZN18Adafruit_I2CDevice15write_then_readEPKhjPhjb>

  return DateTime(bcd2bin(buffer[6]) + 2000U, bcd2bin(buffer[5] & 0x7F),
                  bcd2bin(buffer[4]), bcd2bin(buffer[2]), bcd2bin(buffer[1]),
                  bcd2bin(buffer[0] & 0x7F));
   b707a:	f89d 4010 	ldrb.w	r4, [sp, #16]
   b707e:	f89d 3014 	ldrb.w	r3, [sp, #20]
   b7082:	f89d 6011 	ldrb.w	r6, [sp, #17]
  return DateTime(bcd2bin(buffer[6]) + 2000U, bcd2bin(buffer[5] & 0x7F),
   b7086:	f89d 1016 	ldrb.w	r1, [sp, #22]
                  bcd2bin(buffer[0] & 0x7F));
   b708a:	f89d 0012 	ldrb.w	r0, [sp, #18]
   b708e:	f89d 2015 	ldrb.w	r2, [sp, #21]
   b7092:	f004 077f 	and.w	r7, r4, #127	; 0x7f
  static uint8_t bcd2bin(uint8_t val) { return val - 6 * (val >> 4); }
   b7096:	f3c4 1402 	ubfx	r4, r4, #4, #3
   b709a:	eba4 0484 	sub.w	r4, r4, r4, lsl #2
   b709e:	eb07 0444 	add.w	r4, r7, r4, lsl #1
   b70a2:	b2e4      	uxtb	r4, r4
   b70a4:	9402      	str	r4, [sp, #8]
   b70a6:	ea4f 1c13 	mov.w	ip, r3, lsr #4
   b70aa:	0934      	lsrs	r4, r6, #4
   b70ac:	ebac 0c8c 	sub.w	ip, ip, ip, lsl #2
   b70b0:	eba4 0484 	sub.w	r4, r4, r4, lsl #2
   b70b4:	eb03 034c 	add.w	r3, r3, ip, lsl #1
   b70b8:	eb06 0644 	add.w	r6, r6, r4, lsl #1
   b70bc:	ea4f 1c11 	mov.w	ip, r1, lsr #4
   b70c0:	0904      	lsrs	r4, r0, #4
   b70c2:	f002 0e7f 	and.w	lr, r2, #127	; 0x7f
   b70c6:	ebac 0c8c 	sub.w	ip, ip, ip, lsl #2
   b70ca:	eba4 0484 	sub.w	r4, r4, r4, lsl #2
   b70ce:	f3c2 1202 	ubfx	r2, r2, #4, #3
   b70d2:	eb01 014c 	add.w	r1, r1, ip, lsl #1
   b70d6:	eb00 0044 	add.w	r0, r0, r4, lsl #1
   b70da:	eba2 0282 	sub.w	r2, r2, r2, lsl #2
   b70de:	eb0e 0242 	add.w	r2, lr, r2, lsl #1
   b70e2:	b2f6      	uxtb	r6, r6
   b70e4:	b2c0      	uxtb	r0, r0
  return DateTime(bcd2bin(buffer[6]) + 2000U, bcd2bin(buffer[5] & 0x7F),
   b70e6:	b2c9      	uxtb	r1, r1
                  bcd2bin(buffer[0] & 0x7F));
   b70e8:	9000      	str	r0, [sp, #0]
   b70ea:	9601      	str	r6, [sp, #4]
   b70ec:	b2db      	uxtb	r3, r3
   b70ee:	b2d2      	uxtb	r2, r2
   b70f0:	f501 61fa 	add.w	r1, r1, #2000	; 0x7d0
   b70f4:	4628      	mov	r0, r5
   b70f6:	f7ff fcf1 	bl	b6adc <_ZN8DateTimeC1Ethhhhh>
}
   b70fa:	4628      	mov	r0, r5
   b70fc:	b007      	add	sp, #28
   b70fe:	bdf0      	pop	{r4, r5, r6, r7, pc}

000b7100 <_ZN10ADS_ModuleC1Ev>:
 /*!
 *    @brief  ADS_Module object; Assigns addresses & channels to ADS1115 modules
 *            Addresses include: GND 0x48 & 5V 0x49
 */
/**************************************************************************/
ADS_Module::ADS_Module()
   b7100:	b570      	push	{r4, r5, r6, lr}
   b7102:	4604      	mov	r4, r0
   b7104:	1d05      	adds	r5, r0, #4
   b7106:	f100 06a4 	add.w	r6, r0, #164	; 0xa4
  VOLT_REF2,
  ADS_SENSOR_COUNT
};  //enum ads_sensor_id_e

/*! (per each sensor) addr, channel, status, module (ADS1115) */
struct ads_module_t
   b710a:	4628      	mov	r0, r5
   b710c:	3514      	adds	r5, #20
   b710e:	f7ff fbd5 	bl	b68bc <_ZN16Adafruit_ADS1115C1Ev>
   b7112:	42b5      	cmp	r5, r6
   b7114:	d1f9      	bne.n	b710a <_ZN10ADS_ModuleC1Ev+0xa>
{
  ads_module[MICS].addr = 0x48;
  ads_module[MICS].channel = 0;

  ads_module[MQ].addr = 0x48;
   b7116:	f44f 72a4 	mov.w	r2, #328	; 0x148
   b711a:	82a2      	strh	r2, [r4, #20]
  ads_module[MQ].channel = 1;

  ads_module[OPEN_CHANNEL1].addr = 0x48;
   b711c:	f44f 7212 	mov.w	r2, #584	; 0x248
   b7120:	8522      	strh	r2, [r4, #40]	; 0x28
  ads_module[OPEN_CHANNEL1].channel = 2;

  ads_module[OPEN_CHANNEL2].addr = 0x48;
   b7122:	f44f 7252 	mov.w	r2, #840	; 0x348
   b7126:	87a2      	strh	r2, [r4, #60]	; 0x3c
  ads_module[OPEN_CHANNEL2].channel = 3;

  ads_module[B4_WORKER].addr = 0x49;
   b7128:	2249      	movs	r2, #73	; 0x49
   b712a:	f8a4 2050 	strh.w	r2, [r4, #80]	; 0x50
  ads_module[B4_WORKER].channel = 0; 

  ads_module[VOLT_REF1].addr = 0x49;
   b712e:	f240 1249 	movw	r2, #329	; 0x149
  ads_module[MICS].addr = 0x48;
   b7132:	2348      	movs	r3, #72	; 0x48
  ads_module[VOLT_REF1].addr = 0x49;
   b7134:	f8a4 2064 	strh.w	r2, [r4, #100]	; 0x64
  ads_module[VOLT_REF1].channel = 1;

  ads_module[B4_AUXILIARY].addr = 0x49;
   b7138:	f240 2249 	movw	r2, #585	; 0x249
  ads_module[MICS].addr = 0x48;
   b713c:	8023      	strh	r3, [r4, #0]
  ads_module[B4_AUXILIARY].addr = 0x49;
   b713e:	f8a4 2078 	strh.w	r2, [r4, #120]	; 0x78

  ads_module[VOLT_REF2].addr = 0x49;
  ads_module[VOLT_REF2].channel = 3;

  for (int i = 0; i < ADS_SENSOR_COUNT; i++)
    ads_module[i].status = false;
   b7142:	2300      	movs	r3, #0
  ads_module[VOLT_REF2].addr = 0x49;
   b7144:	f240 3249 	movw	r2, #841	; 0x349
    ads_module[i].status = false;
   b7148:	70a3      	strb	r3, [r4, #2]
   b714a:	75a3      	strb	r3, [r4, #22]
   b714c:	f884 302a 	strb.w	r3, [r4, #42]	; 0x2a
   b7150:	f884 303e 	strb.w	r3, [r4, #62]	; 0x3e
   b7154:	f884 3052 	strb.w	r3, [r4, #82]	; 0x52
   b7158:	f884 3066 	strb.w	r3, [r4, #102]	; 0x66
   b715c:	f884 307a 	strb.w	r3, [r4, #122]	; 0x7a
  ads_module[VOLT_REF2].addr = 0x49;
   b7160:	f8a4 208c 	strh.w	r2, [r4, #140]	; 0x8c
    ads_module[i].status = false;
   b7164:	f884 308e 	strb.w	r3, [r4, #142]	; 0x8e
} //ADS_Module()
   b7168:	4620      	mov	r0, r4
   b716a:	bd70      	pop	{r4, r5, r6, pc}

000b716c <_ZN10ADS_Module5beginEv>:
 *   @return True if find ADS1115 channels (4 & 4), 
 *           False if status of channels is false
 */
/**************************************************************************/
bool ADS_Module::begin()
{
   b716c:	e92d 41f3 	stmdb	sp!, {r0, r1, r4, r5, r6, r7, r8, lr}
   b7170:	4604      	mov	r4, r0
   b7172:	1d05      	adds	r5, r0, #4
   b7174:	4606      	mov	r6, r0
   b7176:	f100 07a4 	add.w	r7, r0, #164	; 0xa4
  for (int i = 0; i < ADS_SENSOR_COUNT; i++)
  {
    if (ads_module[i].module.begin(ads_module[i].addr))
      ads_module[i].status = true;
   b717a:	f04f 0801 	mov.w	r8, #1
    if (ads_module[i].module.begin(ads_module[i].addr))
   b717e:	f815 1c04 	ldrb.w	r1, [r5, #-4]
   b7182:	9101      	str	r1, [sp, #4]
   b7184:	f004 fb9e 	bl	bb8c4 <_Z19__fetch_global_Wirev>
   b7188:	9901      	ldr	r1, [sp, #4]
   b718a:	4602      	mov	r2, r0
   b718c:	4628      	mov	r0, r5
   b718e:	f7ff fb9b 	bl	b68c8 <_ZN16Adafruit_ADS1X155beginEhP7TwoWire>
   b7192:	b108      	cbz	r0, b7198 <_ZN10ADS_Module5beginEv+0x2c>
      ads_module[i].status = true;
   b7194:	f805 8c02 	strb.w	r8, [r5, #-2]
  for (int i = 0; i < ADS_SENSOR_COUNT; i++)
   b7198:	3514      	adds	r5, #20
   b719a:	42bd      	cmp	r5, r7
   b719c:	d1ef      	bne.n	b717e <_ZN10ADS_Module5beginEv+0x12>
   b719e:	34a0      	adds	r4, #160	; 0xa0
  }

  for (int i = 0; i < ADS_SENSOR_COUNT; i++)
  {
    if (ads_module[i].status == false)
   b71a0:	78b0      	ldrb	r0, [r6, #2]
   b71a2:	b110      	cbz	r0, b71aa <_ZN10ADS_Module5beginEv+0x3e>
  for (int i = 0; i < ADS_SENSOR_COUNT; i++)
   b71a4:	3614      	adds	r6, #20
   b71a6:	42a6      	cmp	r6, r4
   b71a8:	d1fa      	bne.n	b71a0 <_ZN10ADS_Module5beginEv+0x34>
      return false;
  }

  return true;
} //bool ADS_Module::begin()
   b71aa:	b002      	add	sp, #8
   b71ac:	e8bd 81f0 	ldmia.w	sp!, {r4, r5, r6, r7, r8, pc}

000b71b0 <_ZN10ADS_Module8read_rawE15ads_sensor_id_e>:
 *        @param  ads_sensor_id index of the sensor to be read (in id_e form)
 *    @return Raw ADS1115 reading for relevant channel (or -999 for error)
 */
/**************************************************************************/
uint16_t ADS_Module::read_raw(ads_sensor_id_e ads_sensor_id)
{
   b71b0:	b508      	push	{r3, lr}
   b71b2:	2314      	movs	r3, #20
   b71b4:	4359      	muls	r1, r3
   b71b6:	1842      	adds	r2, r0, r1
  ads_module_t *sensor = &ads_module[ads_sensor_id];

  if (!sensor->status)
   b71b8:	7893      	ldrb	r3, [r2, #2]
   b71ba:	b133      	cbz	r3, b71ca <_ZN10ADS_Module8read_rawE15ads_sensor_id_e+0x1a>
    return -999;

  return sensor->module.readADC_SingleEnded(sensor->channel);
   b71bc:	1d0b      	adds	r3, r1, #4
   b71be:	4418      	add	r0, r3
   b71c0:	7851      	ldrb	r1, [r2, #1]
   b71c2:	f7ff fbf7 	bl	b69b4 <_ZN16Adafruit_ADS1X1519readADC_SingleEndedEh>
   b71c6:	b280      	uxth	r0, r0
} //uint16_t ADS_Module::read_raw(ads_sensor_id_e ads_sensor_id)
   b71c8:	bd08      	pop	{r3, pc}
    return -999;
   b71ca:	f64f 4019 	movw	r0, #64537	; 0xfc19
   b71ce:	e7fb      	b.n	b71c8 <_ZN10ADS_Module8read_rawE15ads_sensor_id_e+0x18>

000b71d0 <_ZN10ADS_Module11read_b4_auxEv>:
 *    @brief  Reads raw AS Aux sensor readings; no signal processing!!
 *    @return Raw alphasense Aux readings with reference to V_reference
 */
/**************************************************************************/
float ADS_Module::read_b4_aux()
{
   b71d0:	b508      	push	{r3, lr}
  ads_module_t *sensor = &ads_module[B4_AUXILIARY];//& VREF TOO

  // float val;
  // const float multiplier = 0.1875F;  // ADS1115  @ +/- 6.144V gain (16-bit results)

  if (!sensor->status)
   b71d2:	f890 307a 	ldrb.w	r3, [r0, #122]	; 0x7a
   b71d6:	b13b      	cbz	r3, b71e8 <_ZN10ADS_Module11read_b4_auxEv+0x18>
    return -999;

  return (sensor->module.readADC_Differential_0_1());
   b71d8:	307c      	adds	r0, #124	; 0x7c
   b71da:	f7ff fc03 	bl	b69e4 <_ZN16Adafruit_ADS1X1524readADC_Differential_0_1Ev>
   b71de:	ee07 0a90 	vmov	s15, r0
   b71e2:	eeb8 0ae7 	vcvt.f32.s32	s0, s15
} //float ADS_Module::read_alphasense_worker()
   b71e6:	bd08      	pop	{r3, pc}
    return -999;
   b71e8:	ed9f 0a01 	vldr	s0, [pc, #4]	; b71f0 <_ZN10ADS_Module11read_b4_auxEv+0x20>
   b71ec:	e7fb      	b.n	b71e6 <_ZN10ADS_Module11read_b4_auxEv+0x16>
   b71ee:	bf00      	nop
   b71f0:	c479c000 	.word	0xc479c000

000b71f4 <_ZN10ADS_Module14read_b4_workerEv>:
 *    @brief  Reads raw alphasense Worker sensor readings; no signal processing!!
 *    @return Raw alphasense Worker readings
 */
/**************************************************************************/
float ADS_Module::read_b4_worker()
{
   b71f4:	b508      	push	{r3, lr}
  ads_module_t *sensor = &ads_module[B4_WORKER]; //& VREF TOO

  // float val;
  // const float multiplier = 0.1875F;  // ADS1115  @ +/- 6.144V gain (16-bit results)

  if (!sensor->status)
   b71f6:	f890 3052 	ldrb.w	r3, [r0, #82]	; 0x52
   b71fa:	b13b      	cbz	r3, b720c <_ZN10ADS_Module14read_b4_workerEv+0x18>
    return -999;

  return (sensor->module.readADC_Differential_2_3());
   b71fc:	3054      	adds	r0, #84	; 0x54
   b71fe:	f7ff fc01 	bl	b6a04 <_ZN16Adafruit_ADS1X1524readADC_Differential_2_3Ev>
   b7202:	ee07 0a90 	vmov	s15, r0
   b7206:	eeb8 0ae7 	vcvt.f32.s32	s0, s15
} //float ADS_Module::read_alphasense_worker()
   b720a:	bd08      	pop	{r3, pc}
    return -999;
   b720c:	ed9f 0a01 	vldr	s0, [pc, #4]	; b7214 <_ZN10ADS_Module14read_b4_workerEv+0x20>
   b7210:	e7fb      	b.n	b720a <_ZN10ADS_Module14read_b4_workerEv+0x16>
   b7212:	bf00      	nop
   b7214:	c479c000 	.word	0xc479c000

000b7218 <_ZN10ADS_Module14return_updatedEv>:
 *    @brief  Updates values and returns structured dataset
 *    @return ads_data structured dataset (w/o heaters)
 */
/**************************************************************************/
ads_data ADS_Module::return_updated()
{
   b7218:	b538      	push	{r3, r4, r5, lr}
   b721a:	460d      	mov	r5, r1
   b721c:	4604      	mov	r4, r0
  ads_data dataset;
  dataset.Mics = read_raw(MICS);
   b721e:	2100      	movs	r1, #0
   b7220:	4628      	mov	r0, r5
   b7222:	f7ff ffc5 	bl	b71b0 <_ZN10ADS_Module8read_rawE15ads_sensor_id_e>
   b7226:	8020      	strh	r0, [r4, #0]
  delay(100);
   b7228:	2064      	movs	r0, #100	; 0x64
   b722a:	f003 fc2d 	bl	baa88 <delay>
  dataset.Mq = read_raw(MQ);
   b722e:	2101      	movs	r1, #1
   b7230:	4628      	mov	r0, r5
   b7232:	f7ff ffbd 	bl	b71b0 <_ZN10ADS_Module8read_rawE15ads_sensor_id_e>
   b7236:	8060      	strh	r0, [r4, #2]
  delay(100);
   b7238:	2064      	movs	r0, #100	; 0x64
   b723a:	f003 fc25 	bl	baa88 <delay>
  //dataset.Fig3 = read_raw(FIG3);
  //delay(100);
  // dataset.Unused = read_raw(OPEN_CHANNEL);
  // delay(100);
  dataset.Worker = read_b4_worker();
   b723e:	4628      	mov	r0, r5
   b7240:	f7ff ffd8 	bl	b71f4 <_ZN10ADS_Module14read_b4_workerEv>
   b7244:	eebc 0ac0 	vcvt.u32.f32	s0, s0
  delay(100);
   b7248:	2064      	movs	r0, #100	; 0x64
  dataset.Worker = read_b4_worker();
   b724a:	ee10 3a10 	vmov	r3, s0
   b724e:	80a3      	strh	r3, [r4, #4]
  delay(100);
   b7250:	f003 fc1a 	bl	baa88 <delay>
  // dataset.Unused2 = read_raw(VOLT_REF1);
  delay(100);
   b7254:	2064      	movs	r0, #100	; 0x64
   b7256:	f003 fc17 	bl	baa88 <delay>
  dataset.Auxiliary = read_b4_aux();
   b725a:	4628      	mov	r0, r5
   b725c:	f7ff ffb8 	bl	b71d0 <_ZN10ADS_Module11read_b4_auxEv>
   b7260:	eebc 0ac0 	vcvt.u32.f32	s0, s0
  delay(100);
   b7264:	2064      	movs	r0, #100	; 0x64
  dataset.Auxiliary = read_b4_aux();
   b7266:	ee10 3a10 	vmov	r3, s0
   b726a:	80e3      	strh	r3, [r4, #6]
  delay(100);
   b726c:	f003 fc0c 	bl	baa88 <delay>
  // dataset.Unused3 = read_raw(VOLT_REF2);
  delay(100);
   b7270:	2064      	movs	r0, #100	; 0x64
   b7272:	f003 fc09 	bl	baa88 <delay>

  return dataset;
} //ads_data ADS_Module::return_updated()
   b7276:	4620      	mov	r0, r4
   b7278:	bd38      	pop	{r3, r4, r5, pc}

000b727a <_ZN18Adafruit_SPIDevice5beginEv>:
/*!
 *    @brief  Initializes SPI bus and sets CS pin high
 *    @return Always returns true because there's no way to test success of SPI
 * init
 */
bool Adafruit_SPIDevice::begin(void) {
   b727a:	b538      	push	{r3, r4, r5, lr}
   b727c:	4604      	mov	r4, r0
  if (_cs != -1) {
   b727e:	f990 000e 	ldrsb.w	r0, [r0, #14]
   b7282:	1c41      	adds	r1, r0, #1
   b7284:	d009      	beq.n	b729a <_ZN18Adafruit_SPIDevice5beginEv+0x20>
    pinMode(_cs, OUTPUT);
   b7286:	2101      	movs	r1, #1
   b7288:	b280      	uxth	r0, r0
   b728a:	f004 fa95 	bl	bb7b8 <pinMode>
    digitalWrite(_cs, HIGH);
   b728e:	f994 000e 	ldrsb.w	r0, [r4, #14]
   b7292:	2101      	movs	r1, #1
   b7294:	b280      	uxth	r0, r0
   b7296:	f004 faa0 	bl	bb7da <digitalWrite>
  }

  if (_spi) { // hardware SPI
   b729a:	6825      	ldr	r5, [r4, #0]
   b729c:	b135      	cbz	r5, b72ac <_ZN18Adafruit_SPIDevice5beginEv+0x32>
#ifdef BUSIO_HAS_HW_SPI
    _spi->begin();
   b729e:	4628      	mov	r0, r5
   b72a0:	f003 f9f2 	bl	ba688 <_ZN8SPIClass5beginEv>
    if (_miso != -1) {
      pinMode(_miso, INPUT);
    }
  }

  _begun = true;
   b72a4:	2001      	movs	r0, #1
   b72a6:	f884 0034 	strb.w	r0, [r4, #52]	; 0x34
  return true;
}
   b72aa:	bd38      	pop	{r3, r4, r5, pc}
    pinMode(_sck, OUTPUT);
   b72ac:	f994 000f 	ldrsb.w	r0, [r4, #15]
   b72b0:	2101      	movs	r1, #1
   b72b2:	b280      	uxth	r0, r0
   b72b4:	f004 fa80 	bl	bb7b8 <pinMode>
    if ((_dataMode == SPI_MODE0) || (_dataMode == SPI_MODE1)) {
   b72b8:	7b63      	ldrb	r3, [r4, #13]
   b72ba:	f994 000f 	ldrsb.w	r0, [r4, #15]
   b72be:	2b01      	cmp	r3, #1
      digitalWrite(_sck, LOW);
   b72c0:	bf94      	ite	ls
   b72c2:	4629      	movls	r1, r5
      digitalWrite(_sck, HIGH);
   b72c4:	2101      	movhi	r1, #1
   b72c6:	b280      	uxth	r0, r0
   b72c8:	f004 fa87 	bl	bb7da <digitalWrite>
    if (_mosi != -1) {
   b72cc:	f994 0010 	ldrsb.w	r0, [r4, #16]
   b72d0:	1c42      	adds	r2, r0, #1
   b72d2:	d009      	beq.n	b72e8 <_ZN18Adafruit_SPIDevice5beginEv+0x6e>
      pinMode(_mosi, OUTPUT);
   b72d4:	2101      	movs	r1, #1
   b72d6:	b280      	uxth	r0, r0
   b72d8:	f004 fa6e 	bl	bb7b8 <pinMode>
      digitalWrite(_mosi, HIGH);
   b72dc:	f994 0010 	ldrsb.w	r0, [r4, #16]
   b72e0:	2101      	movs	r1, #1
   b72e2:	b280      	uxth	r0, r0
   b72e4:	f004 fa79 	bl	bb7da <digitalWrite>
    if (_miso != -1) {
   b72e8:	f994 0011 	ldrsb.w	r0, [r4, #17]
   b72ec:	1c43      	adds	r3, r0, #1
   b72ee:	d0d9      	beq.n	b72a4 <_ZN18Adafruit_SPIDevice5beginEv+0x2a>
      pinMode(_miso, INPUT);
   b72f0:	2100      	movs	r1, #0
   b72f2:	b280      	uxth	r0, r0
   b72f4:	f004 fa60 	bl	bb7b8 <pinMode>
   b72f8:	e7d4      	b.n	b72a4 <_ZN18Adafruit_SPIDevice5beginEv+0x2a>
	...

000b72fc <_ZN18Adafruit_SPIDevice8transferEPhj>:
 *    @brief  Transfer (send/receive) a buffer over hard/soft SPI, without
 * transaction management
 *    @param  buffer The buffer to send and receive at the same time
 *    @param  len    The number of bytes to transfer
 */
void Adafruit_SPIDevice::transfer(uint8_t *buffer, size_t len) {
   b72fc:	e92d 4ff0 	stmdb	sp!, {r4, r5, r6, r7, r8, r9, sl, fp, lr}
   b7300:	4604      	mov	r4, r0
  //
  // HARDWARE SPI
  //
  if (_spi) {
   b7302:	6800      	ldr	r0, [r0, #0]
void Adafruit_SPIDevice::transfer(uint8_t *buffer, size_t len) {
   b7304:	b085      	sub	sp, #20
   b7306:	460d      	mov	r5, r1
  if (_spi) {
   b7308:	b140      	cbz	r0, b731c <_ZN18Adafruit_SPIDevice8transferEPhj+0x20>
#ifdef BUSIO_HAS_HW_SPI
#if defined(SPARK)
    _spi->transfer(buffer, buffer, len, nullptr);
   b730a:	2300      	movs	r3, #0
   b730c:	9300      	str	r3, [sp, #0]
   b730e:	4613      	mov	r3, r2
   b7310:	460a      	mov	r2, r1
   b7312:	f003 fa5b 	bl	ba7cc <_ZN8SPIClass8transferEPKvPvjPFvvE>
        buffer[i] = reply;
      }
    }
  }
  return;
}
   b7316:	b005      	add	sp, #20
   b7318:	e8bd 8ff0 	ldmia.w	sp!, {r4, r5, r6, r7, r8, r9, sl, fp, pc}
  if (_dataOrder == SPI_BITORDER_LSBFIRST) {
   b731c:	7b23      	ldrb	r3, [r4, #12]
  uint8_t bitdelay_us = (1000000 / _freq) / 2;
   b731e:	68a0      	ldr	r0, [r4, #8]
   b7320:	4f48      	ldr	r7, [pc, #288]	; (b7444 <_ZN18Adafruit_SPIDevice8transferEPhj+0x148>)
   b7322:	fbb7 f7f0 	udiv	r7, r7, r0
    startbit = 0x80;
   b7326:	2b00      	cmp	r3, #0
  bool towrite, lastmosi = !(buffer[0] & startbit);
   b7328:	780b      	ldrb	r3, [r1, #0]
    startbit = 0x80;
   b732a:	bf0c      	ite	eq
   b732c:	f04f 0b01 	moveq.w	fp, #1
   b7330:	f04f 0b80 	movne.w	fp, #128	; 0x80
  bool towrite, lastmosi = !(buffer[0] & startbit);
   b7334:	ea1b 0f03 	tst.w	fp, r3
   b7338:	eb01 0302 	add.w	r3, r1, r2
   b733c:	bf0c      	ite	eq
   b733e:	f04f 0901 	moveq.w	r9, #1
   b7342:	f04f 0900 	movne.w	r9, #0
  uint8_t bitdelay_us = (1000000 / _freq) / 2;
   b7346:	b2ff      	uxtb	r7, r7
  for (size_t i = 0; i < len; i++) {
   b7348:	9303      	str	r3, [sp, #12]
   b734a:	9b03      	ldr	r3, [sp, #12]
   b734c:	42ab      	cmp	r3, r5
   b734e:	d0e2      	beq.n	b7316 <_ZN18Adafruit_SPIDevice8transferEPhj+0x1a>
    uint8_t send = buffer[i];
   b7350:	f895 a000 	ldrb.w	sl, [r5]
    for (uint8_t b = startbit; b != 0;
   b7354:	465e      	mov	r6, fp
    uint8_t reply = 0;
   b7356:	f04f 0800 	mov.w	r8, #0
      if (bitdelay_us) {
   b735a:	b117      	cbz	r7, b7362 <_ZN18Adafruit_SPIDevice8transferEPhj+0x66>
inline void delayMicroseconds(unsigned int us) { HAL_Delay_Microseconds(us); }
   b735c:	4638      	mov	r0, r7
   b735e:	f002 fee3 	bl	ba128 <HAL_Delay_Microseconds>
      if (_dataMode == SPI_MODE0 || _dataMode == SPI_MODE2) {
   b7362:	7b63      	ldrb	r3, [r4, #13]
   b7364:	f013 0ffd 	tst.w	r3, #253	; 0xfd
   b7368:	d141      	bne.n	b73ee <_ZN18Adafruit_SPIDevice8transferEPhj+0xf2>
        if ((_mosi != -1) && (lastmosi != towrite)) {
   b736a:	f994 3010 	ldrsb.w	r3, [r4, #16]
   b736e:	1c5a      	adds	r2, r3, #1
   b7370:	d00f      	beq.n	b7392 <_ZN18Adafruit_SPIDevice8transferEPhj+0x96>
        towrite = send & b;
   b7372:	ea1a 0106 	ands.w	r1, sl, r6
        if ((_mosi != -1) && (lastmosi != towrite)) {
   b7376:	bf14      	ite	ne
   b7378:	2301      	movne	r3, #1
   b737a:	2300      	moveq	r3, #0
   b737c:	454b      	cmp	r3, r9
   b737e:	d008      	beq.n	b7392 <_ZN18Adafruit_SPIDevice8transferEPhj+0x96>
            *mosiPort = *mosiPort | mosiPinMask;
   b7380:	6963      	ldr	r3, [r4, #20]
   b7382:	6a60      	ldr	r0, [r4, #36]	; 0x24
   b7384:	681a      	ldr	r2, [r3, #0]
          if (towrite)
   b7386:	2900      	cmp	r1, #0
   b7388:	d02c      	beq.n	b73e4 <_ZN18Adafruit_SPIDevice8transferEPhj+0xe8>
            *mosiPort = *mosiPort | mosiPinMask;
   b738a:	4302      	orrs	r2, r0
   b738c:	601a      	str	r2, [r3, #0]
   b738e:	f04f 0901 	mov.w	r9, #1
        *clkPort = *clkPort | clkPinMask; // Clock high
   b7392:	69a1      	ldr	r1, [r4, #24]
   b7394:	6ae3      	ldr	r3, [r4, #44]	; 0x2c
   b7396:	680a      	ldr	r2, [r1, #0]
   b7398:	4313      	orrs	r3, r2
   b739a:	600b      	str	r3, [r1, #0]
        if (bitdelay_us) {
   b739c:	b117      	cbz	r7, b73a4 <_ZN18Adafruit_SPIDevice8transferEPhj+0xa8>
   b739e:	4638      	mov	r0, r7
   b73a0:	f002 fec2 	bl	ba128 <HAL_Delay_Microseconds>
        if (_miso != -1) {
   b73a4:	f994 3011 	ldrsb.w	r3, [r4, #17]
   b73a8:	3301      	adds	r3, #1
   b73aa:	d006      	beq.n	b73ba <_ZN18Adafruit_SPIDevice8transferEPhj+0xbe>
          if (*misoPort & misoPinMask) {
   b73ac:	69e3      	ldr	r3, [r4, #28]
   b73ae:	681a      	ldr	r2, [r3, #0]
   b73b0:	6aa3      	ldr	r3, [r4, #40]	; 0x28
   b73b2:	421a      	tst	r2, r3
            reply |= b;
   b73b4:	bf18      	it	ne
   b73b6:	ea46 0808 	orrne.w	r8, r6, r8
        *clkPort = *clkPort & ~clkPinMask; // Clock low
   b73ba:	69a1      	ldr	r1, [r4, #24]
   b73bc:	6ae3      	ldr	r3, [r4, #44]	; 0x2c
   b73be:	680a      	ldr	r2, [r1, #0]
   b73c0:	ea22 0303 	bic.w	r3, r2, r3
   b73c4:	600b      	str	r3, [r1, #0]
      if (_miso != -1) {
   b73c6:	f994 3011 	ldrsb.w	r3, [r4, #17]
   b73ca:	3301      	adds	r3, #1
        buffer[i] = reply;
   b73cc:	bf18      	it	ne
   b73ce:	f885 8000 	strbne.w	r8, [r5]
    for (uint8_t b = startbit; b != 0;
   b73d2:	7b23      	ldrb	r3, [r4, #12]
   b73d4:	2b00      	cmp	r3, #0
   b73d6:	d132      	bne.n	b743e <_ZN18Adafruit_SPIDevice8transferEPhj+0x142>
   b73d8:	0076      	lsls	r6, r6, #1
   b73da:	b2f6      	uxtb	r6, r6
   b73dc:	2e00      	cmp	r6, #0
   b73de:	d1bc      	bne.n	b735a <_ZN18Adafruit_SPIDevice8transferEPhj+0x5e>
  for (size_t i = 0; i < len; i++) {
   b73e0:	3501      	adds	r5, #1
   b73e2:	e7b2      	b.n	b734a <_ZN18Adafruit_SPIDevice8transferEPhj+0x4e>
            *mosiPort = *mosiPort & ~mosiPinMask;
   b73e4:	ea22 0200 	bic.w	r2, r2, r0
   b73e8:	601a      	str	r2, [r3, #0]
   b73ea:	4689      	mov	r9, r1
   b73ec:	e7d1      	b.n	b7392 <_ZN18Adafruit_SPIDevice8transferEPhj+0x96>
        *clkPort = *clkPort | clkPinMask; // Clock high
   b73ee:	69a1      	ldr	r1, [r4, #24]
   b73f0:	6ae3      	ldr	r3, [r4, #44]	; 0x2c
   b73f2:	680a      	ldr	r2, [r1, #0]
   b73f4:	4313      	orrs	r3, r2
   b73f6:	600b      	str	r3, [r1, #0]
        if (bitdelay_us) {
   b73f8:	b117      	cbz	r7, b7400 <_ZN18Adafruit_SPIDevice8transferEPhj+0x104>
   b73fa:	4638      	mov	r0, r7
   b73fc:	f002 fe94 	bl	ba128 <HAL_Delay_Microseconds>
        if (_mosi != -1) {
   b7400:	f994 3010 	ldrsb.w	r3, [r4, #16]
   b7404:	3301      	adds	r3, #1
   b7406:	d008      	beq.n	b741a <_ZN18Adafruit_SPIDevice8transferEPhj+0x11e>
            *mosiPort = *mosiPort | mosiPinMask;
   b7408:	6963      	ldr	r3, [r4, #20]
   b740a:	6a61      	ldr	r1, [r4, #36]	; 0x24
   b740c:	681a      	ldr	r2, [r3, #0]
          if (send & b)
   b740e:	ea1a 0f06 	tst.w	sl, r6
            *mosiPort = *mosiPort | mosiPinMask;
   b7412:	bf14      	ite	ne
   b7414:	430a      	orrne	r2, r1
            *mosiPort = *mosiPort & ~mosiPinMask;
   b7416:	438a      	biceq	r2, r1
   b7418:	601a      	str	r2, [r3, #0]
        *clkPort = *clkPort & ~clkPinMask; // Clock low
   b741a:	69a1      	ldr	r1, [r4, #24]
   b741c:	6ae3      	ldr	r3, [r4, #44]	; 0x2c
   b741e:	680a      	ldr	r2, [r1, #0]
   b7420:	ea22 0303 	bic.w	r3, r2, r3
   b7424:	600b      	str	r3, [r1, #0]
        if (_miso != -1) {
   b7426:	f994 3011 	ldrsb.w	r3, [r4, #17]
   b742a:	3301      	adds	r3, #1
   b742c:	d0cb      	beq.n	b73c6 <_ZN18Adafruit_SPIDevice8transferEPhj+0xca>
          if (*misoPort & misoPinMask) {
   b742e:	69e3      	ldr	r3, [r4, #28]
   b7430:	681a      	ldr	r2, [r3, #0]
   b7432:	6aa3      	ldr	r3, [r4, #40]	; 0x28
   b7434:	421a      	tst	r2, r3
            reply |= b;
   b7436:	bf18      	it	ne
   b7438:	ea46 0808 	orrne.w	r8, r6, r8
   b743c:	e7c3      	b.n	b73c6 <_ZN18Adafruit_SPIDevice8transferEPhj+0xca>
    for (uint8_t b = startbit; b != 0;
   b743e:	0876      	lsrs	r6, r6, #1
   b7440:	e7cc      	b.n	b73dc <_ZN18Adafruit_SPIDevice8transferEPhj+0xe0>
   b7442:	bf00      	nop
   b7444:	0007a120 	.word	0x0007a120

000b7448 <_ZN18Adafruit_SPIDevice8transferEh>:
 *    @brief  Transfer (send/receive) one byte over hard/soft SPI, without
 * transaction management
 *    @param  send The byte to send
 *    @return The byte received while transmitting
 */
uint8_t Adafruit_SPIDevice::transfer(uint8_t send) {
   b7448:	b507      	push	{r0, r1, r2, lr}
  uint8_t data = send;
  transfer(&data, 1);
   b744a:	2201      	movs	r2, #1
  uint8_t data = send;
   b744c:	f88d 1007 	strb.w	r1, [sp, #7]
  transfer(&data, 1);
   b7450:	f10d 0107 	add.w	r1, sp, #7
   b7454:	f7ff ff52 	bl	b72fc <_ZN18Adafruit_SPIDevice8transferEPhj>
  return data;
}
   b7458:	f89d 0007 	ldrb.w	r0, [sp, #7]
   b745c:	b003      	add	sp, #12
   b745e:	f85d fb04 	ldr.w	pc, [sp], #4

000b7462 <_ZN18Adafruit_SPIDevice16beginTransactionEv>:
/*!
 *    @brief  Manually begin a transaction (calls beginTransaction if hardware
 * SPI)
 */
void Adafruit_SPIDevice::beginTransaction(void) {
  if (_spi) {
   b7462:	6803      	ldr	r3, [r0, #0]
   b7464:	b11b      	cbz	r3, b746e <_ZN18Adafruit_SPIDevice16beginTransactionEv+0xc>
#ifdef BUSIO_HAS_HW_SPI
    _spi->beginTransaction(*_spiSetting);
   b7466:	6841      	ldr	r1, [r0, #4]
   b7468:	4618      	mov	r0, r3
   b746a:	f003 b93b 	b.w	ba6e4 <_ZN8SPIClass16beginTransactionERKN8particle11SPISettingsE>
#endif
  }
}
   b746e:	4770      	bx	lr

000b7470 <_ZN18Adafruit_SPIDevice14endTransactionEv>:

/*!
 *    @brief  Manually end a transaction (calls endTransaction if hardware SPI)
 */
void Adafruit_SPIDevice::endTransaction(void) {
  if (_spi) {
   b7470:	6800      	ldr	r0, [r0, #0]
   b7472:	b108      	cbz	r0, b7478 <_ZN18Adafruit_SPIDevice14endTransactionEv+0x8>
#ifdef BUSIO_HAS_HW_SPI
    _spi->endTransaction();
   b7474:	f003 b91c 	b.w	ba6b0 <_ZN8SPIClass14endTransactionEv>
#endif
  }
}
   b7478:	4770      	bx	lr

000b747a <_ZN18Adafruit_SPIDevice13setChipSelectEi>:
/*!
 *    @brief  Assert/Deassert the CS pin if it is defined
 *    @param  value The state the CS is set to
 */
void Adafruit_SPIDevice::setChipSelect(int value) {
  if (_cs != -1) {
   b747a:	f990 000e 	ldrsb.w	r0, [r0, #14]
   b747e:	1c43      	adds	r3, r0, #1
   b7480:	d003      	beq.n	b748a <_ZN18Adafruit_SPIDevice13setChipSelectEi+0x10>
    digitalWrite(_cs, value);
   b7482:	b2c9      	uxtb	r1, r1
   b7484:	b280      	uxth	r0, r0
   b7486:	f004 b9a8 	b.w	bb7da <digitalWrite>
  }
}
   b748a:	4770      	bx	lr

000b748c <_ZN18Adafruit_SPIDevice31beginTransactionWithAssertingCSEv>:
 *    @brief  Write a buffer or two to the SPI device, with transaction
 * management.
 *    @brief  Manually begin a transaction (calls beginTransaction if hardware
 *            SPI) with asserting the CS pin
 */
void Adafruit_SPIDevice::beginTransactionWithAssertingCS() {
   b748c:	b510      	push	{r4, lr}
   b748e:	4604      	mov	r4, r0
  beginTransaction();
   b7490:	f7ff ffe7 	bl	b7462 <_ZN18Adafruit_SPIDevice16beginTransactionEv>
  setChipSelect(LOW);
   b7494:	4620      	mov	r0, r4
   b7496:	2100      	movs	r1, #0
}
   b7498:	e8bd 4010 	ldmia.w	sp!, {r4, lr}
  setChipSelect(LOW);
   b749c:	f7ff bfed 	b.w	b747a <_ZN18Adafruit_SPIDevice13setChipSelectEi>

000b74a0 <_ZN18Adafruit_SPIDevice31endTransactionWithDeassertingCSEv>:

/*!
 *    @brief  Manually end a transaction (calls endTransaction if hardware SPI)
 *            with deasserting the CS pin
 */
void Adafruit_SPIDevice::endTransactionWithDeassertingCS() {
   b74a0:	b510      	push	{r4, lr}
  setChipSelect(HIGH);
   b74a2:	2101      	movs	r1, #1
void Adafruit_SPIDevice::endTransactionWithDeassertingCS() {
   b74a4:	4604      	mov	r4, r0
  setChipSelect(HIGH);
   b74a6:	f7ff ffe8 	bl	b747a <_ZN18Adafruit_SPIDevice13setChipSelectEi>
  endTransaction();
   b74aa:	4620      	mov	r0, r4
}
   b74ac:	e8bd 4010 	ldmia.w	sp!, {r4, lr}
  endTransaction();
   b74b0:	f7ff bfde 	b.w	b7470 <_ZN18Adafruit_SPIDevice14endTransactionEv>

000b74b4 <_ZN18Adafruit_SPIDevice5writeEPKhjS1_j>:
 *    @return Always returns true because there's no way to test success of SPI
 * writes
 */
bool Adafruit_SPIDevice::write(const uint8_t *buffer, size_t len,
                               const uint8_t *prefix_buffer,
                               size_t prefix_len) {
   b74b4:	e92d 41f0 	stmdb	sp!, {r4, r5, r6, r7, r8, lr}
   b74b8:	461c      	mov	r4, r3
   b74ba:	4606      	mov	r6, r0
   b74bc:	460d      	mov	r5, r1
   b74be:	4617      	mov	r7, r2
  beginTransactionWithAssertingCS();
   b74c0:	f7ff ffe4 	bl	b748c <_ZN18Adafruit_SPIDevice31beginTransactionWithAssertingCSEv>
      _spi->transferBytes((uint8_t *)buffer, nullptr, len);
    }
  } else
#endif
  {
    for (size_t i = 0; i < prefix_len; i++) {
   b74c4:	9b06      	ldr	r3, [sp, #24]
   b74c6:	eb04 0803 	add.w	r8, r4, r3
   b74ca:	4544      	cmp	r4, r8
   b74cc:	d108      	bne.n	b74e0 <_ZN18Adafruit_SPIDevice5writeEPKhjS1_j+0x2c>
   b74ce:	442f      	add	r7, r5
      transfer(prefix_buffer[i]);
    }
    for (size_t i = 0; i < len; i++) {
   b74d0:	42bd      	cmp	r5, r7
   b74d2:	d00b      	beq.n	b74ec <_ZN18Adafruit_SPIDevice5writeEPKhjS1_j+0x38>
      transfer(buffer[i]);
   b74d4:	f815 1b01 	ldrb.w	r1, [r5], #1
   b74d8:	4630      	mov	r0, r6
   b74da:	f7ff ffb5 	bl	b7448 <_ZN18Adafruit_SPIDevice8transferEh>
    for (size_t i = 0; i < len; i++) {
   b74de:	e7f7      	b.n	b74d0 <_ZN18Adafruit_SPIDevice5writeEPKhjS1_j+0x1c>
      transfer(prefix_buffer[i]);
   b74e0:	f814 1b01 	ldrb.w	r1, [r4], #1
   b74e4:	4630      	mov	r0, r6
   b74e6:	f7ff ffaf 	bl	b7448 <_ZN18Adafruit_SPIDevice8transferEh>
    for (size_t i = 0; i < prefix_len; i++) {
   b74ea:	e7ee      	b.n	b74ca <_ZN18Adafruit_SPIDevice5writeEPKhjS1_j+0x16>
    }
  }
  endTransactionWithDeassertingCS();
   b74ec:	4630      	mov	r0, r6
   b74ee:	f7ff ffd7 	bl	b74a0 <_ZN18Adafruit_SPIDevice31endTransactionWithDeassertingCSEv>
  }
  DEBUG_SERIAL.println();
#endif

  return true;
}
   b74f2:	2001      	movs	r0, #1
   b74f4:	e8bd 81f0 	ldmia.w	sp!, {r4, r5, r6, r7, r8, pc}

000b74f8 <_ZN18Adafruit_SPIDevice15write_then_readEPKhjPhjh>:
 *    @return Always returns true because there's no way to test success of SPI
 * writes
 */
bool Adafruit_SPIDevice::write_then_read(const uint8_t *write_buffer,
                                         size_t write_len, uint8_t *read_buffer,
                                         size_t read_len, uint8_t sendvalue) {
   b74f8:	e92d 41f0 	stmdb	sp!, {r4, r5, r6, r7, r8, lr}
   b74fc:	460d      	mov	r5, r1
   b74fe:	4617      	mov	r7, r2
   b7500:	f89d 801c 	ldrb.w	r8, [sp, #28]
   b7504:	4606      	mov	r6, r0
   b7506:	461c      	mov	r4, r3
  beginTransactionWithAssertingCS();
   b7508:	f7ff ffc0 	bl	b748c <_ZN18Adafruit_SPIDevice31beginTransactionWithAssertingCSEv>
      _spi->transferBytes((uint8_t *)write_buffer, nullptr, write_len);
    }
  } else
#endif
  {
    for (size_t i = 0; i < write_len; i++) {
   b750c:	442f      	add	r7, r5
   b750e:	42bd      	cmp	r5, r7
   b7510:	d10a      	bne.n	b7528 <_ZN18Adafruit_SPIDevice15write_then_readEPKhjPhjh+0x30>
   b7512:	9b06      	ldr	r3, [sp, #24]
   b7514:	18e5      	adds	r5, r4, r3
  }
  DEBUG_SERIAL.println();
#endif

  // do the reading
  for (size_t i = 0; i < read_len; i++) {
   b7516:	42ac      	cmp	r4, r5
   b7518:	d00c      	beq.n	b7534 <_ZN18Adafruit_SPIDevice15write_then_readEPKhjPhjh+0x3c>
    read_buffer[i] = transfer(sendvalue);
   b751a:	4641      	mov	r1, r8
   b751c:	4630      	mov	r0, r6
   b751e:	f7ff ff93 	bl	b7448 <_ZN18Adafruit_SPIDevice8transferEh>
   b7522:	f804 0b01 	strb.w	r0, [r4], #1
  for (size_t i = 0; i < read_len; i++) {
   b7526:	e7f6      	b.n	b7516 <_ZN18Adafruit_SPIDevice15write_then_readEPKhjPhjh+0x1e>
      transfer(write_buffer[i]);
   b7528:	f815 1b01 	ldrb.w	r1, [r5], #1
   b752c:	4630      	mov	r0, r6
   b752e:	f7ff ff8b 	bl	b7448 <_ZN18Adafruit_SPIDevice8transferEh>
    for (size_t i = 0; i < write_len; i++) {
   b7532:	e7ec      	b.n	b750e <_ZN18Adafruit_SPIDevice15write_then_readEPKhjPhjh+0x16>
    }
  }
  DEBUG_SERIAL.println();
#endif

  endTransactionWithDeassertingCS();
   b7534:	4630      	mov	r0, r6
   b7536:	f7ff ffb3 	bl	b74a0 <_ZN18Adafruit_SPIDevice31endTransactionWithDeassertingCSEv>

  return true;
}
   b753a:	2001      	movs	r0, #1
   b753c:	e8bd 81f0 	ldmia.w	sp!, {r4, r5, r6, r7, r8, pc}

000b7540 <_ZN18Adafruit_I2CDeviceC1EhP7TwoWire>:
 *    @param  addr The 7-bit I2C address for the device
 *    @param  theWire The I2C bus to use, defaults to &Wire
 */
Adafruit_I2CDevice::Adafruit_I2CDevice(uint8_t addr, TwoWire *theWire) {
  _addr = addr;
  _wire = theWire;
   b7540:	6042      	str	r2, [r0, #4]
  _begun = false;
   b7542:	2200      	movs	r2, #0
   b7544:	7202      	strb	r2, [r0, #8]
#ifdef ARDUINO_ARCH_SAMD
  _maxBufferSize = 250; // as defined in Wire.h's RingBuffer
#elif defined(ESP32)
  _maxBufferSize = I2C_BUFFER_LENGTH;
#else
  _maxBufferSize = 32;
   b7546:	2220      	movs	r2, #32
  _addr = addr;
   b7548:	7001      	strb	r1, [r0, #0]
  _maxBufferSize = 32;
   b754a:	60c2      	str	r2, [r0, #12]
#endif
}
   b754c:	4770      	bx	lr

000b754e <_ZN18Adafruit_I2CDevice8detectedEv>:
/*!
 *    @brief  Scans I2C for the address - note will give a false-positive
 *    if there's no pullups on I2C
 *    @return True if I2C initialized and a device with the addr found
 */
bool Adafruit_I2CDevice::detected(void) {
   b754e:	b510      	push	{r4, lr}
  // Init I2C if not done yet
  if (!_begun && !begin()) {
   b7550:	7a03      	ldrb	r3, [r0, #8]
bool Adafruit_I2CDevice::detected(void) {
   b7552:	4604      	mov	r4, r0
  if (!_begun && !begin()) {
   b7554:	b153      	cbz	r3, b756c <_ZN18Adafruit_I2CDevice8detectedEv+0x1e>
    return false;
  }

  // A basic scanner, see if it ACK's
  _wire->beginTransmission(_addr);
   b7556:	7821      	ldrb	r1, [r4, #0]
   b7558:	6860      	ldr	r0, [r4, #4]
   b755a:	f004 f80a 	bl	bb572 <_ZN7TwoWire17beginTransmissionEh>
#ifdef DEBUG_SERIAL
  DEBUG_SERIAL.print(F("Address 0x"));
  DEBUG_SERIAL.print(_addr);
#endif
  if (_wire->endTransmission() == 0) {
   b755e:	6860      	ldr	r0, [r4, #4]
   b7560:	f004 f80f 	bl	bb582 <_ZN7TwoWire15endTransmissionEv>
   b7564:	fab0 f080 	clz	r0, r0
   b7568:	0940      	lsrs	r0, r0, #5
  }
#ifdef DEBUG_SERIAL
  DEBUG_SERIAL.println(F(" Not detected"));
#endif
  return false;
}
   b756a:	bd10      	pop	{r4, pc}
  if (!_begun && !begin()) {
   b756c:	2101      	movs	r1, #1
   b756e:	f000 f803 	bl	b7578 <_ZN18Adafruit_I2CDevice5beginEb>
   b7572:	2800      	cmp	r0, #0
   b7574:	d1ef      	bne.n	b7556 <_ZN18Adafruit_I2CDevice8detectedEv+0x8>
   b7576:	e7f8      	b.n	b756a <_ZN18Adafruit_I2CDevice8detectedEv+0x1c>

000b7578 <_ZN18Adafruit_I2CDevice5beginEb>:
bool Adafruit_I2CDevice::begin(bool addr_detect) {
   b7578:	b538      	push	{r3, r4, r5, lr}
   b757a:	4604      	mov	r4, r0
  _wire->begin();
   b757c:	6840      	ldr	r0, [r0, #4]
bool Adafruit_I2CDevice::begin(bool addr_detect) {
   b757e:	460d      	mov	r5, r1
  _wire->begin();
   b7580:	f003 ffc4 	bl	bb50c <_ZN7TwoWire5beginEv>
  _begun = true;
   b7584:	2001      	movs	r0, #1
   b7586:	7220      	strb	r0, [r4, #8]
  if (addr_detect) {
   b7588:	b125      	cbz	r5, b7594 <_ZN18Adafruit_I2CDevice5beginEb+0x1c>
    return detected();
   b758a:	4620      	mov	r0, r4
}
   b758c:	e8bd 4038 	ldmia.w	sp!, {r3, r4, r5, lr}
    return detected();
   b7590:	f7ff bfdd 	b.w	b754e <_ZN18Adafruit_I2CDevice8detectedEv>
}
   b7594:	bd38      	pop	{r3, r4, r5, pc}

000b7596 <_ZN18Adafruit_I2CDevice5writeEPKhjbS1_j>:
 *    @param  stop Whether to send an I2C STOP signal on write
 *    @return True if write was successful, otherwise false.
 */
bool Adafruit_I2CDevice::write(const uint8_t *buffer, size_t len, bool stop,
                               const uint8_t *prefix_buffer,
                               size_t prefix_len) {
   b7596:	e92d 43f8 	stmdb	sp!, {r3, r4, r5, r6, r7, r8, r9, lr}
   b759a:	e9dd 9608 	ldrd	r9, r6, [sp, #32]
   b759e:	461f      	mov	r7, r3
  if ((len + prefix_len) > maxBufferSize()) {
   b75a0:	68c3      	ldr	r3, [r0, #12]
                               size_t prefix_len) {
   b75a2:	4615      	mov	r5, r2
  if ((len + prefix_len) > maxBufferSize()) {
   b75a4:	4432      	add	r2, r6
   b75a6:	429a      	cmp	r2, r3
                               size_t prefix_len) {
   b75a8:	4604      	mov	r4, r0
   b75aa:	4688      	mov	r8, r1
  if ((len + prefix_len) > maxBufferSize()) {
   b75ac:	d902      	bls.n	b75b4 <_ZN18Adafruit_I2CDevice5writeEPKhjbS1_j+0x1e>
    // we will need to find out if some platforms have larger
    // I2C buffer sizes :/
#ifdef DEBUG_SERIAL
    DEBUG_SERIAL.println(F("\tI2CDevice could not write such a large buffer"));
#endif
    return false;
   b75ae:	2000      	movs	r0, #0
#ifdef DEBUG_SERIAL
    DEBUG_SERIAL.println("\tFailed to send!");
#endif
    return false;
  }
}
   b75b0:	e8bd 83f8 	ldmia.w	sp!, {r3, r4, r5, r6, r7, r8, r9, pc}
  _wire->beginTransmission(_addr);
   b75b4:	7801      	ldrb	r1, [r0, #0]
   b75b6:	6840      	ldr	r0, [r0, #4]
   b75b8:	f003 ffdb 	bl	bb572 <_ZN7TwoWire17beginTransmissionEh>
  if ((prefix_len != 0) && (prefix_buffer != nullptr)) {
   b75bc:	b97e      	cbnz	r6, b75de <_ZN18Adafruit_I2CDevice5writeEPKhjbS1_j+0x48>
  if (_wire->write(buffer, len) != len) {
   b75be:	6860      	ldr	r0, [r4, #4]
   b75c0:	6803      	ldr	r3, [r0, #0]
   b75c2:	462a      	mov	r2, r5
   b75c4:	68db      	ldr	r3, [r3, #12]
   b75c6:	4641      	mov	r1, r8
   b75c8:	4798      	blx	r3
   b75ca:	4285      	cmp	r5, r0
   b75cc:	d1ef      	bne.n	b75ae <_ZN18Adafruit_I2CDevice5writeEPKhjbS1_j+0x18>
  if (_wire->endTransmission(stop) == 0) {
   b75ce:	6860      	ldr	r0, [r4, #4]
   b75d0:	4639      	mov	r1, r7
   b75d2:	f003 ffd2 	bl	bb57a <_ZN7TwoWire15endTransmissionEh>
   b75d6:	fab0 f080 	clz	r0, r0
   b75da:	0940      	lsrs	r0, r0, #5
   b75dc:	e7e8      	b.n	b75b0 <_ZN18Adafruit_I2CDevice5writeEPKhjbS1_j+0x1a>
  if ((prefix_len != 0) && (prefix_buffer != nullptr)) {
   b75de:	f1b9 0f00 	cmp.w	r9, #0
   b75e2:	d0ec      	beq.n	b75be <_ZN18Adafruit_I2CDevice5writeEPKhjbS1_j+0x28>
    if (_wire->write(prefix_buffer, prefix_len) != prefix_len) {
   b75e4:	6860      	ldr	r0, [r4, #4]
   b75e6:	6803      	ldr	r3, [r0, #0]
   b75e8:	4632      	mov	r2, r6
   b75ea:	68db      	ldr	r3, [r3, #12]
   b75ec:	4649      	mov	r1, r9
   b75ee:	4798      	blx	r3
   b75f0:	4286      	cmp	r6, r0
   b75f2:	d1dc      	bne.n	b75ae <_ZN18Adafruit_I2CDevice5writeEPKhjbS1_j+0x18>
   b75f4:	e7e3      	b.n	b75be <_ZN18Adafruit_I2CDevice5writeEPKhjbS1_j+0x28>

000b75f6 <_ZN18Adafruit_I2CDevice5_readEPhjb>:
    pos += read_len;
  }
  return true;
}

bool Adafruit_I2CDevice::_read(uint8_t *buffer, size_t len, bool stop) {
   b75f6:	e92d 41f0 	stmdb	sp!, {r4, r5, r6, r7, r8, lr}
   b75fa:	4615      	mov	r5, r2
   b75fc:	4604      	mov	r4, r0
   b75fe:	460e      	mov	r6, r1
#if defined(TinyWireM_h)
  size_t recv = _wire->requestFrom((uint8_t)_addr, (uint8_t)len);
#elif defined(ARDUINO_ARCH_MEGAAVR)
  size_t recv = _wire->requestFrom(_addr, len, stop);
#else
  size_t recv = _wire->requestFrom((uint8_t)_addr, (uint8_t)len, (uint8_t)stop);
   b7600:	b2d2      	uxtb	r2, r2
   b7602:	7801      	ldrb	r1, [r0, #0]
   b7604:	6840      	ldr	r0, [r0, #4]
   b7606:	f003 ffa0 	bl	bb54a <_ZN7TwoWire11requestFromEhjh>
#endif

  if (recv != len) {
   b760a:	4285      	cmp	r5, r0
   b760c:	d10d      	bne.n	b762a <_ZN18Adafruit_I2CDevice5_readEPhjb+0x34>
   b760e:	2700      	movs	r7, #0
    DEBUG_SERIAL.println(recv);
#endif
    return false;
  }

  for (uint16_t i = 0; i < len; i++) {
   b7610:	fa1f f887 	uxth.w	r8, r7
   b7614:	45a8      	cmp	r8, r5
   b7616:	f107 0701 	add.w	r7, r7, #1
   b761a:	d209      	bcs.n	b7630 <_ZN18Adafruit_I2CDevice5_readEPhjb+0x3a>
    buffer[i] = _wire->read();
   b761c:	6860      	ldr	r0, [r4, #4]
   b761e:	6803      	ldr	r3, [r0, #0]
   b7620:	695b      	ldr	r3, [r3, #20]
   b7622:	4798      	blx	r3
   b7624:	f806 0008 	strb.w	r0, [r6, r8]
  for (uint16_t i = 0; i < len; i++) {
   b7628:	e7f2      	b.n	b7610 <_ZN18Adafruit_I2CDevice5_readEPhjb+0x1a>
    return false;
   b762a:	2000      	movs	r0, #0
  }
  DEBUG_SERIAL.println();
#endif

  return true;
}
   b762c:	e8bd 81f0 	ldmia.w	sp!, {r4, r5, r6, r7, r8, pc}
   b7630:	2001      	movs	r0, #1
   b7632:	e7fb      	b.n	b762c <_ZN18Adafruit_I2CDevice5_readEPhjb+0x36>

000b7634 <_ZN18Adafruit_I2CDevice4readEPhjb>:
bool Adafruit_I2CDevice::read(uint8_t *buffer, size_t len, bool stop) {
   b7634:	e92d 43f8 	stmdb	sp!, {r3, r4, r5, r6, r7, r8, r9, lr}
   b7638:	4607      	mov	r7, r0
   b763a:	4688      	mov	r8, r1
   b763c:	4616      	mov	r6, r2
   b763e:	4699      	mov	r9, r3
  size_t pos = 0;
   b7640:	2500      	movs	r5, #0
  while (pos < len) {
   b7642:	42b5      	cmp	r5, r6
   b7644:	d212      	bcs.n	b766c <_ZN18Adafruit_I2CDevice4readEPhjb+0x38>
                       bool stop = false);
  bool setSpeed(uint32_t desiredclk);

  /*!   @brief  How many bytes we can read in a transaction
   *    @return The size of the Wire receive/transmit buffer */
  size_t maxBufferSize() { return _maxBufferSize; }
   b7646:	68fa      	ldr	r2, [r7, #12]
        ((len - pos) > maxBufferSize()) ? maxBufferSize() : (len - pos);
   b7648:	1b74      	subs	r4, r6, r5
   b764a:	4294      	cmp	r4, r2
   b764c:	bf28      	it	cs
   b764e:	4614      	movcs	r4, r2
    bool read_stop = (pos < (len - read_len)) ? false : stop;
   b7650:	1b33      	subs	r3, r6, r4
    if (!_read(buffer + pos, read_len, read_stop))
   b7652:	42ab      	cmp	r3, r5
   b7654:	bf94      	ite	ls
   b7656:	464b      	movls	r3, r9
   b7658:	2300      	movhi	r3, #0
   b765a:	4622      	mov	r2, r4
   b765c:	eb08 0105 	add.w	r1, r8, r5
   b7660:	4638      	mov	r0, r7
   b7662:	f7ff ffc8 	bl	b75f6 <_ZN18Adafruit_I2CDevice5_readEPhjb>
   b7666:	b110      	cbz	r0, b766e <_ZN18Adafruit_I2CDevice4readEPhjb+0x3a>
    pos += read_len;
   b7668:	4425      	add	r5, r4
  while (pos < len) {
   b766a:	e7ea      	b.n	b7642 <_ZN18Adafruit_I2CDevice4readEPhjb+0xe>
  return true;
   b766c:	2001      	movs	r0, #1
}
   b766e:	e8bd 83f8 	ldmia.w	sp!, {r3, r4, r5, r6, r7, r8, r9, pc}

000b7672 <_ZN18Adafruit_I2CDevice15write_then_readEPKhjPhjb>:
 *    @param  stop Whether to send an I2C STOP signal between the write and read
 *    @return True if write & read was successful, otherwise false.
 */
bool Adafruit_I2CDevice::write_then_read(const uint8_t *write_buffer,
                                         size_t write_len, uint8_t *read_buffer,
                                         size_t read_len, bool stop) {
   b7672:	b573      	push	{r0, r1, r4, r5, r6, lr}
   b7674:	461d      	mov	r5, r3
  if (!write(write_buffer, write_len, stop)) {
   b7676:	2300      	movs	r3, #0
   b7678:	e9cd 3300 	strd	r3, r3, [sp]
   b767c:	f89d 301c 	ldrb.w	r3, [sp, #28]
                                         size_t read_len, bool stop) {
   b7680:	9e06      	ldr	r6, [sp, #24]
   b7682:	4604      	mov	r4, r0
  if (!write(write_buffer, write_len, stop)) {
   b7684:	f7ff ff87 	bl	b7596 <_ZN18Adafruit_I2CDevice5writeEPKhjbS1_j>
   b7688:	b140      	cbz	r0, b769c <_ZN18Adafruit_I2CDevice15write_then_readEPKhjPhjb+0x2a>
    return false;
  }

  return read(read_buffer, read_len);
   b768a:	2301      	movs	r3, #1
   b768c:	4632      	mov	r2, r6
   b768e:	4629      	mov	r1, r5
   b7690:	4620      	mov	r0, r4
}
   b7692:	b002      	add	sp, #8
   b7694:	e8bd 4070 	ldmia.w	sp!, {r4, r5, r6, lr}
  return read(read_buffer, read_len);
   b7698:	f7ff bfcc 	b.w	b7634 <_ZN18Adafruit_I2CDevice4readEPhjb>
}
   b769c:	b002      	add	sp, #8
   b769e:	bd70      	pop	{r4, r5, r6, pc}

000b76a0 <_ZN7FatFile11lfnChecksumEPKh.isra.0>:
  bool cmpName(uint16_t index, FatLfn_t* fname, uint8_t lfnOrd);
  bool createLFN(uint16_t index, FatLfn_t* fname, uint8_t lfnOrd);
  uint16_t getLfnChar(DirLfn_t* ldir, uint8_t i);
  uint8_t lfnChecksum(const uint8_t* name) {
    uint8_t sum = 0;
    for (uint8_t i = 0; i < 11; i++) {
   b76a0:	1e41      	subs	r1, r0, #1
   b76a2:	f100 030a 	add.w	r3, r0, #10
    uint8_t sum = 0;
   b76a6:	2000      	movs	r0, #0
      sum = (((sum & 1) << 7) | (sum >> 1)) + name[i];
   b76a8:	0842      	lsrs	r2, r0, #1
   b76aa:	ea42 10c0 	orr.w	r0, r2, r0, lsl #7
   b76ae:	f811 2f01 	ldrb.w	r2, [r1, #1]!
   b76b2:	fa52 f080 	uxtab	r0, r2, r0
    for (uint8_t i = 0; i < 11; i++) {
   b76b6:	428b      	cmp	r3, r1
      sum = (((sum & 1) << 7) | (sum >> 1)) + name[i];
   b76b8:	b2c0      	uxtb	r0, r0
    for (uint8_t i = 0; i < 11; i++) {
   b76ba:	d1f5      	bne.n	b76a8 <_ZN7FatFile11lfnChecksumEPKh.isra.0+0x8>
    }
    return sum;
  }
   b76bc:	4770      	bx	lr

000b76be <_ZN12FatPartition9cacheSyncEv>:
  FsCache m_fatCache;
  uint8_t* fatCachePrepare(uint32_t sector, uint8_t options) {
    options |= FsCache::CACHE_STATUS_MIRROR_FAT;
    return m_fatCache.prepare(sector, options);
  }
  bool cacheSync() {
   b76be:	b510      	push	{r4, lr}
   b76c0:	4604      	mov	r4, r0
    return m_cache.sync() && m_fatCache.sync() && syncDevice();
   b76c2:	3024      	adds	r0, #36	; 0x24
   b76c4:	f002 fc48 	bl	b9f58 <_ZN7FsCache4syncEv>
   b76c8:	b148      	cbz	r0, b76de <_ZN12FatPartition9cacheSyncEv+0x20>
   b76ca:	f504 700d 	add.w	r0, r4, #564	; 0x234
   b76ce:	f002 fc43 	bl	b9f58 <_ZN7FsCache4syncEv>
   b76d2:	b120      	cbz	r0, b76de <_ZN12FatPartition9cacheSyncEv+0x20>
  bool syncDevice() { return m_blockDev->syncDevice(); }
   b76d4:	6820      	ldr	r0, [r4, #0]
  }
   b76d6:	e8bd 4010 	ldmia.w	sp!, {r4, lr}
  bool syncDevice() { return m_blockDev->syncDevice(); }
   b76da:	f002 ba48 	b.w	b9b6e <_ZN13SharedSpiCard10syncDeviceEv>
  }
   b76de:	2000      	movs	r0, #0
   b76e0:	bd10      	pop	{r4, pc}

000b76e2 <_ZN7FatFile8cacheDirEt>:
  DirFat_t* cacheDir(uint16_t index) {
   b76e2:	b510      	push	{r4, lr}
    return seekSet(32UL * index) ? readDirCache() : nullptr;
   b76e4:	0149      	lsls	r1, r1, #5
  DirFat_t* cacheDir(uint16_t index) {
   b76e6:	4604      	mov	r4, r0
    return seekSet(32UL * index) ? readDirCache() : nullptr;
   b76e8:	f000 fddc 	bl	b82a4 <_ZN7FatFile7seekSetEm>
   b76ec:	b128      	cbz	r0, b76fa <_ZN7FatFile8cacheDirEt+0x18>
   b76ee:	4620      	mov	r0, r4
   b76f0:	2100      	movs	r1, #0
  }
   b76f2:	e8bd 4010 	ldmia.w	sp!, {r4, lr}
    return seekSet(32UL * index) ? readDirCache() : nullptr;
   b76f6:	f000 bdb6 	b.w	b8266 <_ZN7FatFile12readDirCacheEb>
  }
   b76fa:	bd10      	pop	{r4, pc}

000b76fc <_ZN7FatFile7cmpNameEtP8FatLfn_th>:
  } else if (i < 13) {
    setLe16(ldir->unicode3 + 2 * (i - 11), c);
  }
}
//==============================================================================
bool FatFile::cmpName(uint16_t index, FatLfn_t* fname, uint8_t lfnOrd) {
   b76fc:	e92d 4ff0 	stmdb	sp!, {r4, r5, r6, r7, r8, r9, sl, fp, lr}
      *this = *from;
   b7700:	4606      	mov	r6, r0
   b7702:	4615      	mov	r5, r2
   b7704:	4607      	mov	r7, r0
   b7706:	4689      	mov	r9, r1
   b7708:	469a      	mov	sl, r3
   b770a:	ce0f      	ldmia	r6!, {r0, r1, r2, r3}
   b770c:	b08b      	sub	sp, #44	; 0x2c
   b770e:	ac01      	add	r4, sp, #4
   b7710:	c40f      	stmia	r4!, {r0, r1, r2, r3}
   b7712:	ce0f      	ldmia	r6!, {r0, r1, r2, r3}
   b7714:	c40f      	stmia	r4!, {r0, r1, r2, r3}
   b7716:	6833      	ldr	r3, [r6, #0]
   b7718:	6023      	str	r3, [r4, #0]
  const char* end;
#if !USE_UTF8_LONG_NAMES
  /** \return true if at end. */
  bool atEnd() { return next == end; }
  /** Reset to start of LFN. */
  void reset() { next = begin; }
   b771a:	682b      	ldr	r3, [r5, #0]
   b771c:	606b      	str	r3, [r5, #4]
  // FatFile dir = *this;
  FatFile dir;
  dir.copy(this);
  DirLfn_t* ldir;
  fname->reset();
  for (uint8_t order = 1; order <= lfnOrd; order++) {
   b771e:	2601      	movs	r6, #1
   b7720:	4556      	cmp	r6, sl
   b7722:	d839      	bhi.n	b7798 <_ZN7FatFile7cmpNameEtP8FatLfn_th+0x9c>
    ldir = reinterpret_cast<DirLfn_t*>(dir.cacheDir(index - order));
   b7724:	eba9 0106 	sub.w	r1, r9, r6
   b7728:	b289      	uxth	r1, r1
   b772a:	a801      	add	r0, sp, #4
   b772c:	f7ff ffd9 	bl	b76e2 <_ZN7FatFile8cacheDirEt>
    if (!ldir) {
   b7730:	4683      	mov	fp, r0
   b7732:	b918      	cbnz	r0, b773c <_ZN7FatFile7cmpNameEtP8FatLfn_th+0x40>
    }
  }
  return true;

fail:
  return false;
   b7734:	2000      	movs	r0, #0
}
   b7736:	b00b      	add	sp, #44	; 0x2c
   b7738:	e8bd 8ff0 	ldmia.w	sp!, {r4, r5, r6, r7, r8, r9, sl, fp, pc}
   b773c:	f04f 0800 	mov.w	r8, #0
      uint16_t u = getLfnChar(ldir, i);
   b7740:	fa5f f288 	uxtb.w	r2, r8
   b7744:	4659      	mov	r1, fp
   b7746:	4638      	mov	r0, r7
   b7748:	f000 fae6 	bl	b7d18 <_ZN7FatFile10getLfnCharEP8DirLfn_th>
      if (fname->atEnd()) {
   b774c:	e9d5 2301 	ldrd	r2, r3, [r5, #4]
   b7750:	4293      	cmp	r3, r2
   b7752:	d103      	bne.n	b775c <_ZN7FatFile7cmpNameEtP8FatLfn_th+0x60>
        return u == 0;
   b7754:	fab0 f080 	clz	r0, r0
   b7758:	0940      	lsrs	r0, r0, #5
   b775a:	e7ec      	b.n	b7736 <_ZN7FatFile7cmpNameEtP8FatLfn_th+0x3a>
      if (u > 0X7F || toUpper(u) != toUpper(fname->getch())) {
   b775c:	287f      	cmp	r0, #127	; 0x7f
   b775e:	d8e9      	bhi.n	b7734 <_ZN7FatFile7cmpNameEtP8FatLfn_th+0x38>
   b7760:	b2c4      	uxtb	r4, r0
inline char toUpper(char c) { return isLower(c) ? c - 'a' + 'A' : c; }
   b7762:	f1a4 0361 	sub.w	r3, r4, #97	; 0x61
   b7766:	2b19      	cmp	r3, #25
  /** \return next char of LFN. */
  char getch() { return atEnd() ? 0 : *next++; }
   b7768:	f102 0301 	add.w	r3, r2, #1
   b776c:	606b      	str	r3, [r5, #4]
   b776e:	7813      	ldrb	r3, [r2, #0]
   b7770:	bf98      	it	ls
   b7772:	3c20      	subls	r4, #32
   b7774:	f1a3 0261 	sub.w	r2, r3, #97	; 0x61
   b7778:	bf98      	it	ls
   b777a:	b2e4      	uxtbls	r4, r4
   b777c:	2a19      	cmp	r2, #25
   b777e:	bf9c      	itt	ls
   b7780:	3b20      	subls	r3, #32
   b7782:	b2db      	uxtbls	r3, r3
      if (u > 0X7F || toUpper(u) != toUpper(fname->getch())) {
   b7784:	42a3      	cmp	r3, r4
   b7786:	d1d5      	bne.n	b7734 <_ZN7FatFile7cmpNameEtP8FatLfn_th+0x38>
    for (uint8_t i = 0; i < 13; i++) {
   b7788:	f108 0801 	add.w	r8, r8, #1
   b778c:	f1b8 0f0d 	cmp.w	r8, #13
   b7790:	d1d6      	bne.n	b7740 <_ZN7FatFile7cmpNameEtP8FatLfn_th+0x44>
  for (uint8_t order = 1; order <= lfnOrd; order++) {
   b7792:	3601      	adds	r6, #1
   b7794:	b2f6      	uxtb	r6, r6
   b7796:	e7c3      	b.n	b7720 <_ZN7FatFile7cmpNameEtP8FatLfn_th+0x24>
  return true;
   b7798:	2001      	movs	r0, #1
   b779a:	e7cc      	b.n	b7736 <_ZN7FatFile7cmpNameEtP8FatLfn_th+0x3a>

000b779c <_ZN7FatFile9createLFNEtP8FatLfn_th>:
//------------------------------------------------------------------------------
bool FatFile::createLFN(uint16_t index, FatLfn_t* fname, uint8_t lfnOrd) {
   b779c:	e92d 4ff0 	stmdb	sp!, {r4, r5, r6, r7, r8, r9, sl, fp, lr}
   b77a0:	4604      	mov	r4, r0
   b77a2:	4616      	mov	r6, r2
   b77a4:	468a      	mov	sl, r1
   b77a6:	4698      	mov	r8, r3
   b77a8:	cc0f      	ldmia	r4!, {r0, r1, r2, r3}
   b77aa:	b08b      	sub	sp, #44	; 0x2c
   b77ac:	ad01      	add	r5, sp, #4
   b77ae:	c50f      	stmia	r5!, {r0, r1, r2, r3}
   b77b0:	cc0f      	ldmia	r4!, {r0, r1, r2, r3}
   b77b2:	c50f      	stmia	r5!, {r0, r1, r2, r3}
   b77b4:	6823      	ldr	r3, [r4, #0]
   b77b6:	602b      	str	r3, [r5, #0]
  // FatFile dir = *this;
  FatFile dir;
  dir.copy(this);
  DirLfn_t* ldir;
  uint8_t checksum = lfnChecksum(fname->sfn);
   b77b8:	f106 0012 	add.w	r0, r6, #18
   b77bc:	f7ff ff70 	bl	b76a0 <_ZN7FatFile11lfnChecksumEPKh.isra.0>
  void reset() { next = begin; }
   b77c0:	6833      	ldr	r3, [r6, #0]
   b77c2:	6073      	str	r3, [r6, #4]
   b77c4:	4681      	mov	r9, r0
  uint8_t fc = 0;
  fname->reset();

  for (uint8_t order = 1; order <= lfnOrd; order++) {
   b77c6:	2501      	movs	r5, #1
  uint8_t fc = 0;
   b77c8:	2700      	movs	r7, #0
      DBG_FAIL_MACRO;
      goto fail;
    }
    dir.m_vol->cacheDirty();
    ldir->order = order == lfnOrd ? FAT_ORDER_LAST_LONG_ENTRY | order : order;
    ldir->attributes = FAT_ATTRIB_LONG_NAME;
   b77ca:	f04f 0b0f 	mov.w	fp, #15
  for (uint8_t order = 1; order <= lfnOrd; order++) {
   b77ce:	4545      	cmp	r5, r8
   b77d0:	d840      	bhi.n	b7854 <_ZN7FatFile9createLFNEtP8FatLfn_th+0xb8>
    ldir = reinterpret_cast<DirLfn_t*>(dir.cacheDir(index - order));
   b77d2:	ebaa 0105 	sub.w	r1, sl, r5
   b77d6:	b289      	uxth	r1, r1
   b77d8:	a801      	add	r0, sp, #4
   b77da:	f7ff ff82 	bl	b76e2 <_ZN7FatFile8cacheDirEt>
    if (!ldir) {
   b77de:	2800      	cmp	r0, #0
   b77e0:	d039      	beq.n	b7856 <_ZN7FatFile9createLFNEtP8FatLfn_th+0xba>
    dir.m_vol->cacheDirty();
   b77e2:	9a03      	ldr	r2, [sp, #12]
    }
    invalidate();
    return m_buffer;
  }
  /** Set current sector dirty. */
  void dirty() { m_status |= CACHE_STATUS_DIRTY; }
   b77e4:	f892 3024 	ldrb.w	r3, [r2, #36]	; 0x24
    ldir->order = order == lfnOrd ? FAT_ORDER_LAST_LONG_ENTRY | order : order;
   b77e8:	4545      	cmp	r5, r8
   b77ea:	f043 0301 	orr.w	r3, r3, #1
   b77ee:	f882 3024 	strb.w	r3, [r2, #36]	; 0x24
    ldir->mustBeZero1 = 0;
   b77f2:	f04f 0200 	mov.w	r2, #0
    ldir->order = order == lfnOrd ? FAT_ORDER_LAST_LONG_ENTRY | order : order;
   b77f6:	bf0c      	ite	eq
   b77f8:	f045 0340 	orreq.w	r3, r5, #64	; 0x40
   b77fc:	462b      	movne	r3, r5
   b77fe:	7003      	strb	r3, [r0, #0]
    ldir->attributes = FAT_ATTRIB_LONG_NAME;
   b7800:	f880 b00b 	strb.w	fp, [r0, #11]
    ldir->mustBeZero1 = 0;
   b7804:	7302      	strb	r2, [r0, #12]
    ldir->checksum = checksum;
   b7806:	f880 900d 	strb.w	r9, [r0, #13]
}
inline uint64_t getLe64(const uint8_t* src) {
  return *reinterpret_cast<const uint64_t*>(src);
}
inline void setLe16(uint8_t* dst, uint16_t src) {
  *reinterpret_cast<uint16_t*>(dst) = src;
   b780a:	8342      	strh	r2, [r0, #26]
    setLe16(ldir->mustBeZero2, 0);
    for (uint8_t i = 0; i < 13; i++) {
   b780c:	1c44      	adds	r4, r0, #1
      uint16_t cp;
      if (fname->atEnd()) {
   b780e:	e9d6 1301 	ldrd	r1, r3, [r6, #4]
   b7812:	4299      	cmp	r1, r3
   b7814:	d110      	bne.n	b7838 <_ZN7FatFile9createLFNEtP8FatLfn_th+0x9c>
        cp = fc++ ? 0XFFFF : 0;
   b7816:	b19f      	cbz	r7, b7840 <_ZN7FatFile9createLFNEtP8FatLfn_th+0xa4>
   b7818:	3701      	adds	r7, #1
   b781a:	b2ff      	uxtb	r7, r7
   b781c:	f64f 73ff 	movw	r3, #65535	; 0xffff
  if (i < 5) {
   b7820:	2a04      	cmp	r2, #4
   b7822:	b2d1      	uxtb	r1, r2
   b7824:	d80f      	bhi.n	b7846 <_ZN7FatFile9createLFNEtP8FatLfn_th+0xaa>
   b7826:	8023      	strh	r3, [r4, #0]
    for (uint8_t i = 0; i < 13; i++) {
   b7828:	3201      	adds	r2, #1
   b782a:	2a0d      	cmp	r2, #13
   b782c:	f104 0402 	add.w	r4, r4, #2
   b7830:	d1ed      	bne.n	b780e <_ZN7FatFile9createLFNEtP8FatLfn_th+0x72>
  for (uint8_t order = 1; order <= lfnOrd; order++) {
   b7832:	3501      	adds	r5, #1
   b7834:	b2ed      	uxtb	r5, r5
   b7836:	e7ca      	b.n	b77ce <_ZN7FatFile9createLFNEtP8FatLfn_th+0x32>
  /** \return next UTF-16 unit of LFN. */
  uint16_t get16() { return atEnd() ? 0 : *next++; }
   b7838:	1c4b      	adds	r3, r1, #1
   b783a:	6073      	str	r3, [r6, #4]
   b783c:	780b      	ldrb	r3, [r1, #0]
   b783e:	e7ef      	b.n	b7820 <_ZN7FatFile9createLFNEtP8FatLfn_th+0x84>
        cp = fc++ ? 0XFFFF : 0;
   b7840:	463b      	mov	r3, r7
   b7842:	2701      	movs	r7, #1
   b7844:	e7ec      	b.n	b7820 <_ZN7FatFile9createLFNEtP8FatLfn_th+0x84>
  } else if (i < 11) {
   b7846:	290a      	cmp	r1, #10
   b7848:	bf94      	ite	ls
   b784a:	f8a4 3003 	strhls.w	r3, [r4, #3]
   b784e:	f8a4 3005 	strhhi.w	r3, [r4, #5]
}
   b7852:	e7e9      	b.n	b7828 <_ZN7FatFile9createLFNEtP8FatLfn_th+0x8c>
        DBG_HALT_IF(cp == 0XFFFF);
      }
      putLfnChar(ldir, i, cp);
    }
  }
  return true;
   b7854:	2001      	movs	r0, #1

fail:
  return false;
}
   b7856:	b00b      	add	sp, #44	; 0x2c
   b7858:	e8bd 8ff0 	ldmia.w	sp!, {r4, r5, r6, r7, r8, r9, sl, fp, pc}

000b785c <_ZN7FatFile7makeSFNEP8FatLfn_t>:
//------------------------------------------------------------------------------
bool FatFile::makeSFN(FatLfn_t* fname) {
   b785c:	e92d 43f0 	stmdb	sp!, {r4, r5, r6, r7, r8, r9, lr}
  uint8_t uc = 0;
  uint8_t i = 0;
  uint8_t in = 7;
  const char* dot;
  const char* end = fname->end;
  const char* ptr = fname->begin;
   b7860:	4602      	mov	r2, r0
  // Assume blanks removed from start and end.
  DBG_HALT_IF(*ptr == ' ' || *(end - 1) == ' ' || *(end - 1) == '.');

  // Blank file short name.
  for (uint8_t k = 0; k < 11; k++) {
    fname->sfn[k] = ' ';
   b7862:	f04f 3120 	mov.w	r1, #538976288	; 0x20202020
  const char* ptr = fname->begin;
   b7866:	f852 3b12 	ldr.w	r3, [r2], #18
  const char* end = fname->end;
   b786a:	6886      	ldr	r6, [r0, #8]
    fname->sfn[k] = ' ';
   b786c:	f8c0 1012 	str.w	r1, [r0, #18]
   b7870:	6051      	str	r1, [r2, #4]
   b7872:	f8c2 1007 	str.w	r1, [r2, #7]
bool FatFile::makeSFN(FatLfn_t* fname) {
   b7876:	4605      	mov	r5, r0
  }
  // Not 8.3 if starts with dot.
  is83 = *ptr == '.' ? false : true;
   b7878:	7818      	ldrb	r0, [r3, #0]
   b787a:	382e      	subs	r0, #46	; 0x2e
   b787c:	bf18      	it	ne
   b787e:	2001      	movne	r0, #1
   b7880:	461f      	mov	r7, r3
  // Skip leading dots.
  for (; *ptr == '.'; ptr++) {
   b7882:	f813 2b01 	ldrb.w	r2, [r3], #1
   b7886:	2a2e      	cmp	r2, #46	; 0x2e
   b7888:	d0fa      	beq.n	b7880 <_ZN7FatFile7makeSFNEP8FatLfn_t+0x24>
  }
  // Find last dot.
  for (dot = end - 1; dot > ptr && *dot != '.'; dot--) {
   b788a:	1e72      	subs	r2, r6, #1
   b788c:	42ba      	cmp	r2, r7
   b788e:	4696      	mov	lr, r2
   b7890:	d903      	bls.n	b789a <_ZN7FatFile7makeSFNEP8FatLfn_t+0x3e>
   b7892:	f812 3901 	ldrb.w	r3, [r2], #-1
   b7896:	2b2e      	cmp	r3, #46	; 0x2e
   b7898:	d1f8      	bne.n	b788c <_ZN7FatFile7makeSFNEP8FatLfn_t+0x30>
   b789a:	2200      	movs	r2, #0
   b789c:	f04f 0c07 	mov.w	ip, #7
   b78a0:	4611      	mov	r1, r2
   b78a2:	4690      	mov	r8, r2
   b78a4:	f04f 0908 	mov.w	r9, #8
  }

  for (; ptr < end; ptr++) {
   b78a8:	42b7      	cmp	r7, r6
   b78aa:	d251      	bcs.n	b7950 <_ZN7FatFile7makeSFNEP8FatLfn_t+0xf4>
    c = *ptr;
   b78ac:	783b      	ldrb	r3, [r7, #0]
    if (c == '.' && ptr == dot) {
   b78ae:	2b2e      	cmp	r3, #46	; 0x2e
   b78b0:	d107      	bne.n	b78c2 <_ZN7FatFile7makeSFNEP8FatLfn_t+0x66>
   b78b2:	45be      	cmp	lr, r7
   b78b4:	d113      	bne.n	b78de <_ZN7FatFile7makeSFNEP8FatLfn_t+0x82>
      in = 10;                // Max index for full 8.3 name.
   b78b6:	f04f 0c0a 	mov.w	ip, #10
      i = 8;                  // Place for extension.
   b78ba:	2408      	movs	r4, #8
      bit = FAT_CASE_LC_EXT;  // bit for extension.
   b78bc:	f04f 0910 	mov.w	r9, #16
   b78c0:	e03b      	b.n	b793a <_ZN7FatFile7makeSFNEP8FatLfn_t+0xde>
         c == '>' || c == '?' || c == '\\' || c == '|';
}
//------------------------------------------------------------------------------
// Reserved characters for FAT short 8.3 names.
inline bool sfnReservedChar(uint8_t c) {
  if (c == '"' || c == '|' || c == '[' || c == '\\' || c == ']') {
   b78c2:	2b22      	cmp	r3, #34	; 0x22
   b78c4:	d00b      	beq.n	b78de <_ZN7FatFile7makeSFNEP8FatLfn_t+0x82>
   b78c6:	2b7c      	cmp	r3, #124	; 0x7c
   b78c8:	d009      	beq.n	b78de <_ZN7FatFile7makeSFNEP8FatLfn_t+0x82>
   b78ca:	f1a3 045b 	sub.w	r4, r3, #91	; 0x5b
   b78ce:	2c02      	cmp	r4, #2
   b78d0:	d905      	bls.n	b78de <_ZN7FatFile7makeSFNEP8FatLfn_t+0x82>
    return true;
  }
  //  *+,./ or :;<=>?
  if ((0X2A <= c && c <= 0X2F && c != 0X2D) || (0X3A <= c && c <= 0X3F)) {
   b78d2:	f1a3 042a 	sub.w	r4, r3, #42	; 0x2a
   b78d6:	2c05      	cmp	r4, #5
   b78d8:	d806      	bhi.n	b78e8 <_ZN7FatFile7makeSFNEP8FatLfn_t+0x8c>
   b78da:	2b2d      	cmp	r3, #45	; 0x2d
   b78dc:	d013      	beq.n	b7906 <_ZN7FatFile7makeSFNEP8FatLfn_t+0xaa>
        if ((c & 0XC0) == 0X80) {
          continue;
        }
        c = '_';
      }
      if (i > in) {
   b78de:	4561      	cmp	r1, ip
   b78e0:	d813      	bhi.n	b790a <_ZN7FatFile7makeSFNEP8FatLfn_t+0xae>
        is83 = false;
   b78e2:	2000      	movs	r0, #0
        c = '_';
   b78e4:	235f      	movs	r3, #95	; 0x5f
   b78e6:	e021      	b.n	b792c <_ZN7FatFile7makeSFNEP8FatLfn_t+0xd0>
   b78e8:	f1a3 043a 	sub.w	r4, r3, #58	; 0x3a
   b78ec:	2c05      	cmp	r4, #5
   b78ee:	d903      	bls.n	b78f8 <_ZN7FatFile7makeSFNEP8FatLfn_t+0x9c>
      if (sfnReservedChar(c)) {
   b78f0:	f1a3 0421 	sub.w	r4, r3, #33	; 0x21
   b78f4:	2c5d      	cmp	r4, #93	; 0x5d
   b78f6:	d906      	bls.n	b7906 <_ZN7FatFile7makeSFNEP8FatLfn_t+0xaa>
        if ((c & 0XC0) == 0X80) {
   b78f8:	f003 03c0 	and.w	r3, r3, #192	; 0xc0
   b78fc:	2b80      	cmp	r3, #128	; 0x80
   b78fe:	d1ee      	bne.n	b78de <_ZN7FatFile7makeSFNEP8FatLfn_t+0x82>
   b7900:	460c      	mov	r4, r1
        is83 = false;
   b7902:	2000      	movs	r0, #0
   b7904:	e019      	b.n	b793a <_ZN7FatFile7makeSFNEP8FatLfn_t+0xde>
      if (i > in) {
   b7906:	4561      	cmp	r1, ip
   b7908:	d907      	bls.n	b791a <_ZN7FatFile7makeSFNEP8FatLfn_t+0xbe>
        is83 = false;
        if (in == 10 || ptr > dot) {
   b790a:	f1bc 0f0a 	cmp.w	ip, #10
   b790e:	d01e      	beq.n	b794e <_ZN7FatFile7makeSFNEP8FatLfn_t+0xf2>
   b7910:	45be      	cmp	lr, r7
   b7912:	d31c      	bcc.n	b794e <_ZN7FatFile7makeSFNEP8FatLfn_t+0xf2>
          // Done - extension longer than three characters or no extension.
          break;
        }
        // Skip to dot.
        ptr = dot - 1;
   b7914:	f10e 37ff 	add.w	r7, lr, #4294967295
        continue;
   b7918:	e7f2      	b.n	b7900 <_ZN7FatFile7makeSFNEP8FatLfn_t+0xa4>
      }
      if (isLower(c)) {
   b791a:	f1a3 0461 	sub.w	r4, r3, #97	; 0x61
   b791e:	2c19      	cmp	r4, #25
   b7920:	d80e      	bhi.n	b7940 <_ZN7FatFile7makeSFNEP8FatLfn_t+0xe4>
        c += 'A' - 'a';
   b7922:	3b20      	subs	r3, #32
        lc |= bit;
   b7924:	ea49 0202 	orr.w	r2, r9, r2
        c += 'A' - 'a';
   b7928:	b2db      	uxtb	r3, r3
        lc |= bit;
   b792a:	b2d2      	uxtb	r2, r2
      } else if (isUpper(c)) {
        uc |= bit;
      }
      fname->sfn[i++] = c;
   b792c:	1c4c      	adds	r4, r1, #1
   b792e:	b2e4      	uxtb	r4, r4
   b7930:	4429      	add	r1, r5
      if (i < 7) {
   b7932:	2c06      	cmp	r4, #6
      fname->sfn[i++] = c;
   b7934:	748b      	strb	r3, [r1, #18]
      if (i < 7) {
   b7936:	d800      	bhi.n	b793a <_ZN7FatFile7makeSFNEP8FatLfn_t+0xde>
        fname->seqPos = i;
   b7938:	742c      	strb	r4, [r5, #16]
  for (; ptr < end; ptr++) {
   b793a:	3701      	adds	r7, #1
   b793c:	4621      	mov	r1, r4
   b793e:	e7b3      	b.n	b78a8 <_ZN7FatFile7makeSFNEP8FatLfn_t+0x4c>
      } else if (isUpper(c)) {
   b7940:	f1a3 0441 	sub.w	r4, r3, #65	; 0x41
   b7944:	2c19      	cmp	r4, #25
        uc |= bit;
   b7946:	bf98      	it	ls
   b7948:	ea49 0808 	orrls.w	r8, r9, r8
   b794c:	e7ee      	b.n	b792c <_ZN7FatFile7makeSFNEP8FatLfn_t+0xd0>
        is83 = false;
   b794e:	2000      	movs	r0, #0
      }
    }
  }
  if (fname->sfn[0] == ' ') {
   b7950:	7cab      	ldrb	r3, [r5, #18]
   b7952:	2b20      	cmp	r3, #32
   b7954:	d011      	beq.n	b797a <_ZN7FatFile7makeSFNEP8FatLfn_t+0x11e>
    DBG_HALT_MACRO;
    goto fail;
  }
  if (is83) {
   b7956:	b130      	cbz	r0, b7966 <_ZN7FatFile7makeSFNEP8FatLfn_t+0x10a>
    fname->flags = (lc & uc) ? FNAME_FLAG_MIXED_CASE : lc;
   b7958:	ea18 0f02 	tst.w	r8, r2
   b795c:	bf18      	it	ne
   b795e:	2202      	movne	r2, #2
   b7960:	746a      	strb	r2, [r5, #17]
  }
  return true;

fail:
  return false;
}
   b7962:	e8bd 83f0 	ldmia.w	sp!, {r4, r5, r6, r7, r8, r9, pc}
    fname->sfn[fname->seqPos] = '~';
   b7966:	7c2a      	ldrb	r2, [r5, #16]
   b7968:	18ab      	adds	r3, r5, r2
    fname->flags = FNAME_FLAG_LOST_CHARS;
   b796a:	2101      	movs	r1, #1
    fname->sfn[fname->seqPos] = '~';
   b796c:	227e      	movs	r2, #126	; 0x7e
    fname->flags = FNAME_FLAG_LOST_CHARS;
   b796e:	7469      	strb	r1, [r5, #17]
    fname->sfn[fname->seqPos] = '~';
   b7970:	749a      	strb	r2, [r3, #18]
    fname->sfn[fname->seqPos + 1] = '1';
   b7972:	2231      	movs	r2, #49	; 0x31
   b7974:	74da      	strb	r2, [r3, #19]
  return true;
   b7976:	4608      	mov	r0, r1
   b7978:	e7f3      	b.n	b7962 <_ZN7FatFile7makeSFNEP8FatLfn_t+0x106>
  return false;
   b797a:	2000      	movs	r0, #0
   b797c:	e7f1      	b.n	b7962 <_ZN7FatFile7makeSFNEP8FatLfn_t+0x106>

000b797e <_ZN7FatFile13makeUniqueSfnEP8FatLfn_t>:
//------------------------------------------------------------------------------
bool FatFile::makeUniqueSfn(FatLfn_t* fname) {
   b797e:	e92d 47f0 	stmdb	sp!, {r4, r5, r6, r7, r8, r9, sl, lr}
  const uint8_t FIRST_HASH_SEQ = 2;  // min value is 2
  uint8_t pos = fname->seqPos;
   b7982:	7c0e      	ldrb	r6, [r1, #16]
bool FatFile::makeUniqueSfn(FatLfn_t* fname) {
   b7984:	4680      	mov	r8, r0
   b7986:	460d      	mov	r5, r1
  uint8_t pos = fname->seqPos;
   b7988:	2462      	movs	r4, #98	; 0x62
  DirFat_t* dir;
  uint16_t hex = 0;
   b798a:	2700      	movs	r7, #0
    for (uint8_t i = pos + 4; i > pos; i--) {
      uint8_t h = hex & 0XF;
      fname->sfn[i] = h < 10 ? h + '0' : h + 'A' - 10;
      hex >>= 4;
    }
    fname->sfn[pos] = '~';
   b798c:	f04f 097e 	mov.w	r9, #126	; 0x7e
        goto fail;
      }
      if (dir->name[0] == FAT_NAME_FREE) {
        goto done;
      }
      if (isFatFileOrSubdir(dir) && !memcmp(fname->sfn, dir->name, 11)) {
   b7990:	f101 0a12 	add.w	sl, r1, #18
inline system_tick_t millis(void) { return HAL_Timer_Get_Milli_Seconds(); }
   b7994:	f002 fbd0 	bl	ba138 <HAL_Timer_Get_Milli_Seconds>
   b7998:	2e03      	cmp	r6, #3
   b799a:	bf28      	it	cs
   b799c:	2603      	movcs	r6, #3
    hex += millis();
   b799e:	4438      	add	r0, r7
    for (uint8_t i = pos + 4; i > pos; i--) {
   b79a0:	1d33      	adds	r3, r6, #4
    hex += millis();
   b79a2:	b287      	uxth	r7, r0
    for (uint8_t i = pos + 4; i > pos; i--) {
   b79a4:	b2db      	uxtb	r3, r3
      uint8_t h = hex & 0XF;
   b79a6:	f007 020f 	and.w	r2, r7, #15
      fname->sfn[i] = h < 10 ? h + '0' : h + 'A' - 10;
   b79aa:	18e9      	adds	r1, r5, r3
    for (uint8_t i = pos + 4; i > pos; i--) {
   b79ac:	3b01      	subs	r3, #1
      fname->sfn[i] = h < 10 ? h + '0' : h + 'A' - 10;
   b79ae:	2a09      	cmp	r2, #9
    for (uint8_t i = pos + 4; i > pos; i--) {
   b79b0:	b2db      	uxtb	r3, r3
      fname->sfn[i] = h < 10 ? h + '0' : h + 'A' - 10;
   b79b2:	bf94      	ite	ls
   b79b4:	3230      	addls	r2, #48	; 0x30
   b79b6:	3237      	addhi	r2, #55	; 0x37
    for (uint8_t i = pos + 4; i > pos; i--) {
   b79b8:	429e      	cmp	r6, r3
      fname->sfn[i] = h < 10 ? h + '0' : h + 'A' - 10;
   b79ba:	748a      	strb	r2, [r1, #18]
      hex >>= 4;
   b79bc:	ea4f 1717 	mov.w	r7, r7, lsr #4
    for (uint8_t i = pos + 4; i > pos; i--) {
   b79c0:	d1f1      	bne.n	b79a6 <_ZN7FatFile13makeUniqueSfnEP8FatLfn_t+0x28>
    fname->sfn[pos] = '~';
   b79c2:	19ab      	adds	r3, r5, r6
  void rewind() { seekSet(0UL); }
   b79c4:	2100      	movs	r1, #0
   b79c6:	f883 9012 	strb.w	r9, [r3, #18]
   b79ca:	4640      	mov	r0, r8
   b79cc:	f000 fc6a 	bl	b82a4 <_ZN7FatFile7seekSetEm>
      dir = readDirCache(true);
   b79d0:	2101      	movs	r1, #1
   b79d2:	4640      	mov	r0, r8
   b79d4:	f000 fc47 	bl	b8266 <_ZN7FatFile12readDirCacheEb>
      if (!dir) {
   b79d8:	4601      	mov	r1, r0
   b79da:	b930      	cbnz	r0, b79ea <_ZN7FatFile13makeUniqueSfnEP8FatLfn_t+0x6c>
        if (!getError()) {
   b79dc:	f898 0001 	ldrb.w	r0, [r8, #1]
   b79e0:	fab0 f080 	clz	r0, r0
   b79e4:	0940      	lsrs	r0, r0, #5
fail:
  return false;

done:
  return true;
}
   b79e6:	e8bd 87f0 	ldmia.w	sp!, {r4, r5, r6, r7, r8, r9, sl, pc}
      if (dir->name[0] == FAT_NAME_FREE) {
   b79ea:	7803      	ldrb	r3, [r0, #0]
   b79ec:	b173      	cbz	r3, b7a0c <_ZN7FatFile13makeUniqueSfnEP8FatLfn_t+0x8e>
      if (isFatFileOrSubdir(dir) && !memcmp(fname->sfn, dir->name, 11)) {
   b79ee:	7ac3      	ldrb	r3, [r0, #11]
   b79f0:	071b      	lsls	r3, r3, #28
   b79f2:	d4ed      	bmi.n	b79d0 <_ZN7FatFile13makeUniqueSfnEP8FatLfn_t+0x52>
   b79f4:	220b      	movs	r2, #11
   b79f6:	4650      	mov	r0, sl
   b79f8:	f003 ff93 	bl	bb922 <memcmp>
   b79fc:	2800      	cmp	r0, #0
   b79fe:	d1e7      	bne.n	b79d0 <_ZN7FatFile13makeUniqueSfnEP8FatLfn_t+0x52>
  for (uint8_t seq = FIRST_HASH_SEQ; seq < 100; seq++) {
   b7a00:	1e60      	subs	r0, r4, #1
   b7a02:	f010 04ff 	ands.w	r4, r0, #255	; 0xff
   b7a06:	d1c5      	bne.n	b7994 <_ZN7FatFile13makeUniqueSfnEP8FatLfn_t+0x16>
  return false;
   b7a08:	4620      	mov	r0, r4
fail:
   b7a0a:	e7ec      	b.n	b79e6 <_ZN7FatFile13makeUniqueSfnEP8FatLfn_t+0x68>
  return true;
   b7a0c:	2001      	movs	r0, #1
   b7a0e:	e7ea      	b.n	b79e6 <_ZN7FatFile13makeUniqueSfnEP8FatLfn_t+0x68>

000b7a10 <_ZN7FatFile4openEPS_P8FatLfn_ti>:
//------------------------------------------------------------------------------
bool FatFile::open(FatFile* dirFile, FatLfn_t* fname, oflag_t oflag) {
   b7a10:	e92d 4ff0 	stmdb	sp!, {r4, r5, r6, r7, r8, r9, sl, fp, lr}
   b7a14:	ed2d 8b02 	vpush	{d8}
   b7a18:	b08b      	sub	sp, #44	; 0x2c
   b7a1a:	460d      	mov	r5, r1
   b7a1c:	9304      	str	r3, [sp, #16]
  uint16_t time;
  DirFat_t* dir;
  DirLfn_t* ldir;
  auto vol = dirFile->m_vol;

  if (!dirFile->isDir() || isOpen()) {
   b7a1e:	780b      	ldrb	r3, [r1, #0]
bool FatFile::open(FatFile* dirFile, FatLfn_t* fname, oflag_t oflag) {
   b7a20:	9007      	str	r0, [sp, #28]
  if (!dirFile->isDir() || isOpen()) {
   b7a22:	f013 0fd0 	tst.w	r3, #208	; 0xd0
bool FatFile::open(FatFile* dirFile, FatLfn_t* fname, oflag_t oflag) {
   b7a26:	4617      	mov	r7, r2
  if (!dirFile->isDir() || isOpen()) {
   b7a28:	d105      	bne.n	b7a36 <_ZN7FatFile4openEPS_P8FatLfn_ti+0x26>
    goto fail;
  }
  return true;

fail:
  return false;
   b7a2a:	2000      	movs	r0, #0
}
   b7a2c:	b00b      	add	sp, #44	; 0x2c
   b7a2e:	ecbd 8b02 	vpop	{d8}
   b7a32:	e8bd 8ff0 	ldmia.w	sp!, {r4, r5, r6, r7, r8, r9, sl, fp, pc}
  bool isOpen() const { return m_attributes; }
   b7a36:	9b07      	ldr	r3, [sp, #28]
   b7a38:	781b      	ldrb	r3, [r3, #0]
  if (!dirFile->isDir() || isOpen()) {
   b7a3a:	2b00      	cmp	r3, #0
   b7a3c:	d1f5      	bne.n	b7a2a <_ZN7FatFile4openEPS_P8FatLfn_ti+0x1a>
  nameOrd = (fname->len + 12) / 13;
   b7a3e:	68d3      	ldr	r3, [r2, #12]
   b7a40:	220d      	movs	r2, #13
   b7a42:	330c      	adds	r3, #12
   b7a44:	fbb3 f3f2 	udiv	r3, r3, r2
   b7a48:	b2db      	uxtb	r3, r3
   b7a4a:	9306      	str	r3, [sp, #24]
  freeNeed = (fname->flags & FNAME_FLAG_NEED_LFN) ? 1 + nameOrd : 1;
   b7a4c:	7c7b      	ldrb	r3, [r7, #17]
   b7a4e:	079a      	lsls	r2, r3, #30
   b7a50:	bf1d      	ittte	ne
   b7a52:	9b06      	ldrne	r3, [sp, #24]
   b7a54:	f103 0901 	addne.w	r9, r3, #1
   b7a58:	fa5f f389 	uxtbne.w	r3, r9
   b7a5c:	2301      	moveq	r3, #1
   b7a5e:	9302      	str	r3, [sp, #8]
  void rewind() { seekSet(0UL); }
   b7a60:	4628      	mov	r0, r5
  auto vol = dirFile->m_vol;
   b7a62:	688b      	ldr	r3, [r1, #8]
   b7a64:	9305      	str	r3, [sp, #20]
   b7a66:	2100      	movs	r1, #0
   b7a68:	f000 fc1c 	bl	b82a4 <_ZN7FatFile7seekSetEm>
      if (!memcmp(dir->name, fname->sfn, sizeof(fname->sfn))) {
   b7a6c:	f107 0312 	add.w	r3, r7, #18
  uint8_t checksum = 0;
   b7a70:	f04f 0a00 	mov.w	sl, #0
      if (!memcmp(dir->name, fname->sfn, sizeof(fname->sfn))) {
   b7a74:	ee08 3a10 	vmov	s16, r3
  uint8_t order = 0;
   b7a78:	46d0      	mov	r8, sl
  uint8_t freeFound = 0;
   b7a7a:	4654      	mov	r4, sl
  uint8_t lfnOrd = 0;
   b7a7c:	46d1      	mov	r9, sl
  uint16_t freeIndex = 0;
   b7a7e:	f8cd a00c 	str.w	sl, [sp, #12]
  bool fnameFound = false;
   b7a82:	46d3      	mov	fp, sl
    curIndex = dirFile->m_curPosition / FS_DIR_SIZE;
   b7a84:	696e      	ldr	r6, [r5, #20]
    dir = dirFile->readDirCache();
   b7a86:	2100      	movs	r1, #0
   b7a88:	4628      	mov	r0, r5
    curIndex = dirFile->m_curPosition / FS_DIR_SIZE;
   b7a8a:	f3c6 164f 	ubfx	r6, r6, #5, #16
    dir = dirFile->readDirCache();
   b7a8e:	f000 fbea 	bl	b8266 <_ZN7FatFile12readDirCacheEb>
    if (!dir) {
   b7a92:	2800      	cmp	r0, #0
   b7a94:	d12f      	bne.n	b7af6 <_ZN7FatFile4openEPS_P8FatLfn_ti+0xe6>
      if (dirFile->getError()) {
   b7a96:	786b      	ldrb	r3, [r5, #1]
   b7a98:	2b00      	cmp	r3, #0
   b7a9a:	d1c6      	bne.n	b7a2a <_ZN7FatFile4openEPS_P8FatLfn_ti+0x1a>
  if (!(oflag & O_CREAT) || !isWriteMode(oflag)) {
   b7a9c:	9b04      	ldr	r3, [sp, #16]
   b7a9e:	059a      	lsls	r2, r3, #22
   b7aa0:	d5c3      	bpl.n	b7a2a <_ZN7FatFile4openEPS_P8FatLfn_ti+0x1a>

#define O_READ O_RDONLY
#define O_WRITE O_WRONLY

inline bool isWriteMode(oflag_t oflag) {
  oflag &= O_ACCMODE;
   b7aa2:	f003 0303 	and.w	r3, r3, #3
  return oflag == O_WRONLY || oflag == O_RDWR;
   b7aa6:	3b01      	subs	r3, #1
   b7aa8:	2b01      	cmp	r3, #1
   b7aaa:	d8be      	bhi.n	b7a2a <_ZN7FatFile4openEPS_P8FatLfn_ti+0x1a>
  if (freeFound == 0) {
   b7aac:	9b03      	ldr	r3, [sp, #12]
   b7aae:	2c00      	cmp	r4, #0
   b7ab0:	bf08      	it	eq
   b7ab2:	4633      	moveq	r3, r6
   b7ab4:	9303      	str	r3, [sp, #12]
  while (freeFound < freeNeed) {
   b7ab6:	9b02      	ldr	r3, [sp, #8]
   b7ab8:	429c      	cmp	r4, r3
   b7aba:	d209      	bcs.n	b7ad0 <_ZN7FatFile4openEPS_P8FatLfn_ti+0xc0>
    dir = dirFile->readDirCache();
   b7abc:	2100      	movs	r1, #0
   b7abe:	4628      	mov	r0, r5
   b7ac0:	f000 fbd1 	bl	b8266 <_ZN7FatFile12readDirCacheEb>
    if (!dir) {
   b7ac4:	2800      	cmp	r0, #0
   b7ac6:	f040 8085 	bne.w	b7bd4 <_ZN7FatFile4openEPS_P8FatLfn_ti+0x1c4>
      if (dirFile->getError()) {
   b7aca:	786b      	ldrb	r3, [r5, #1]
   b7acc:	2b00      	cmp	r3, #0
   b7ace:	d1ac      	bne.n	b7a2a <_ZN7FatFile4openEPS_P8FatLfn_ti+0x1a>
  while (freeTotal < freeNeed) {
   b7ad0:	f8bd 6008 	ldrh.w	r6, [sp, #8]
  freeTotal = freeFound;
   b7ad4:	b2a4      	uxth	r4, r4
  while (freeTotal < freeNeed) {
   b7ad6:	42a6      	cmp	r6, r4
   b7ad8:	d97f      	bls.n	b7bda <_ZN7FatFile4openEPS_P8FatLfn_ti+0x1ca>
    if (!dirFile->addDirCluster()) {
   b7ada:	4628      	mov	r0, r5
   b7adc:	f000 fab2 	bl	b8044 <_ZN7FatFile13addDirClusterEv>
   b7ae0:	2800      	cmp	r0, #0
   b7ae2:	d0a2      	beq.n	b7a2a <_ZN7FatFile4openEPS_P8FatLfn_ti+0x1a>
    return m_sectorsPerCluster * (m_bytesPerSector / FS_DIR_SIZE);
   b7ae4:	9b05      	ldr	r3, [sp, #20]
   b7ae6:	791b      	ldrb	r3, [r3, #4]
    freeTotal += vol->dirEntriesPerCluster();
   b7ae8:	eb04 1403 	add.w	r4, r4, r3, lsl #4
   b7aec:	b2a4      	uxth	r4, r4
  while (freeTotal < freeNeed) {
   b7aee:	e7f2      	b.n	b7ad6 <_ZN7FatFile4openEPS_P8FatLfn_ti+0xc6>
        fnameFound = true;
   b7af0:	f04f 0b01 	mov.w	fp, #1
   b7af4:	e7c6      	b.n	b7a84 <_ZN7FatFile4openEPS_P8FatLfn_ti+0x74>
    if (dir->name[0] == FAT_NAME_DELETED || dir->name[0] == FAT_NAME_FREE) {
   b7af6:	7802      	ldrb	r2, [r0, #0]
   b7af8:	2ae5      	cmp	r2, #229	; 0xe5
   b7afa:	d000      	beq.n	b7afe <_ZN7FatFile4openEPS_P8FatLfn_ti+0xee>
   b7afc:	b982      	cbnz	r2, b7b20 <_ZN7FatFile4openEPS_P8FatLfn_ti+0x110>
    curIndex = dirFile->m_curPosition / FS_DIR_SIZE;
   b7afe:	9b03      	ldr	r3, [sp, #12]
   b7b00:	2c00      	cmp	r4, #0
   b7b02:	bf08      	it	eq
   b7b04:	4633      	moveq	r3, r6
   b7b06:	9303      	str	r3, [sp, #12]
      if (freeFound < freeNeed) {
   b7b08:	9b02      	ldr	r3, [sp, #8]
   b7b0a:	429c      	cmp	r4, r3
        freeFound++;
   b7b0c:	bf3c      	itt	cc
   b7b0e:	3401      	addcc	r4, #1
   b7b10:	b2e4      	uxtbcc	r4, r4
      if (dir->name[0] == FAT_NAME_FREE) {
   b7b12:	2a00      	cmp	r2, #0
   b7b14:	d0c2      	beq.n	b7a9c <_ZN7FatFile4openEPS_P8FatLfn_ti+0x8c>
    if (dir->name[0] == FAT_NAME_DELETED || dir->name[0] == '.') {
   b7b16:	2ae5      	cmp	r2, #229	; 0xe5
   b7b18:	d106      	bne.n	b7b28 <_ZN7FatFile4openEPS_P8FatLfn_ti+0x118>
      lfnOrd = 0;
   b7b1a:	f04f 0900 	mov.w	r9, #0
   b7b1e:	e7b1      	b.n	b7a84 <_ZN7FatFile4openEPS_P8FatLfn_ti+0x74>
        freeFound = 0;
   b7b20:	9b02      	ldr	r3, [sp, #8]
   b7b22:	429c      	cmp	r4, r3
   b7b24:	bf38      	it	cc
   b7b26:	2400      	movcc	r4, #0
    if (dir->name[0] == FAT_NAME_DELETED || dir->name[0] == '.') {
   b7b28:	2a2e      	cmp	r2, #46	; 0x2e
   b7b2a:	d0f6      	beq.n	b7b1a <_ZN7FatFile4openEPS_P8FatLfn_ti+0x10a>
}
static inline bool isFatFileOrSubdir(const DirFat_t* dir) {
  return (dir->attributes & FAT_ATTRIB_LABEL) == 0;
}
static inline uint8_t isFatLongName(const DirFat_t* dir) {
  return dir->attributes == FAT_ATTRIB_LONG_NAME;
   b7b2c:	7ac1      	ldrb	r1, [r0, #11]
    } else if (isFatLongName(dir)) {
   b7b2e:	290f      	cmp	r1, #15
   b7b30:	d126      	bne.n	b7b80 <_ZN7FatFile4openEPS_P8FatLfn_ti+0x170>
      if (!lfnOrd) {
   b7b32:	f1b9 0f00 	cmp.w	r9, #0
   b7b36:	d119      	bne.n	b7b6c <_ZN7FatFile4openEPS_P8FatLfn_ti+0x15c>
        if (order != nameOrd ||
   b7b38:	9b06      	ldr	r3, [sp, #24]
        order = ldir->order & 0X1F;
   b7b3a:	f002 081f 	and.w	r8, r2, #31
        if (order != nameOrd ||
   b7b3e:	4543      	cmp	r3, r8
   b7b40:	d1a0      	bne.n	b7a84 <_ZN7FatFile4openEPS_P8FatLfn_ti+0x74>
   b7b42:	f012 0940 	ands.w	r9, r2, #64	; 0x40
   b7b46:	d09d      	beq.n	b7a84 <_ZN7FatFile4openEPS_P8FatLfn_ti+0x74>
        checksum = ldir->checksum;
   b7b48:	f890 a00d 	ldrb.w	sl, [r0, #13]
   b7b4c:	4699      	mov	r9, r3
      if (order == 1) {
   b7b4e:	f1b8 0f01 	cmp.w	r8, #1
   b7b52:	d197      	bne.n	b7a84 <_ZN7FatFile4openEPS_P8FatLfn_ti+0x74>
        if (!dirFile->cmpName(curIndex + 1, fname, lfnOrd)) {
   b7b54:	1c71      	adds	r1, r6, #1
   b7b56:	464b      	mov	r3, r9
   b7b58:	463a      	mov	r2, r7
   b7b5a:	b289      	uxth	r1, r1
   b7b5c:	4628      	mov	r0, r5
   b7b5e:	f7ff fdcd 	bl	b76fc <_ZN7FatFile7cmpNameEtP8FatLfn_th>
          lfnOrd = 0;
   b7b62:	2800      	cmp	r0, #0
   b7b64:	bf08      	it	eq
   b7b66:	f04f 0900 	moveq.w	r9, #0
   b7b6a:	e78b      	b.n	b7a84 <_ZN7FatFile4openEPS_P8FatLfn_ti+0x74>
      } else if (ldir->order != --order || checksum != ldir->checksum) {
   b7b6c:	f108 38ff 	add.w	r8, r8, #4294967295
   b7b70:	fa5f f888 	uxtb.w	r8, r8
   b7b74:	4542      	cmp	r2, r8
   b7b76:	d1d0      	bne.n	b7b1a <_ZN7FatFile4openEPS_P8FatLfn_ti+0x10a>
   b7b78:	7b42      	ldrb	r2, [r0, #13]
   b7b7a:	4552      	cmp	r2, sl
   b7b7c:	d0e7      	beq.n	b7b4e <_ZN7FatFile4openEPS_P8FatLfn_ti+0x13e>
   b7b7e:	e7cc      	b.n	b7b1a <_ZN7FatFile4openEPS_P8FatLfn_ti+0x10a>
    } else if (isFatFileOrSubdir(dir)) {
   b7b80:	070b      	lsls	r3, r1, #28
   b7b82:	d4ca      	bmi.n	b7b1a <_ZN7FatFile4openEPS_P8FatLfn_ti+0x10a>
      if (lfnOrd) {
   b7b84:	f1b9 0f00 	cmp.w	r9, #0
   b7b88:	d00a      	beq.n	b7ba0 <_ZN7FatFile4openEPS_P8FatLfn_ti+0x190>
        if (1 == order && lfnChecksum(dir->name) == checksum) {
   b7b8a:	f1b8 0f01 	cmp.w	r8, #1
   b7b8e:	f47f af4c 	bne.w	b7a2a <_ZN7FatFile4openEPS_P8FatLfn_ti+0x1a>
   b7b92:	f7ff fd85 	bl	b76a0 <_ZN7FatFile11lfnChecksumEPKh.isra.0>
   b7b96:	4550      	cmp	r0, sl
   b7b98:	f47f af47 	bne.w	b7a2a <_ZN7FatFile4openEPS_P8FatLfn_ti+0x1a>
   b7b9c:	46cb      	mov	fp, r9
   b7b9e:	e00c      	b.n	b7bba <_ZN7FatFile4openEPS_P8FatLfn_ti+0x1aa>
      if (!memcmp(dir->name, fname->sfn, sizeof(fname->sfn))) {
   b7ba0:	ee18 1a10 	vmov	r1, s16
   b7ba4:	220b      	movs	r2, #11
   b7ba6:	f003 febc 	bl	bb922 <memcmp>
   b7baa:	2800      	cmp	r0, #0
   b7bac:	f47f af6a 	bne.w	b7a84 <_ZN7FatFile4openEPS_P8FatLfn_ti+0x74>
        if (!(fname->flags & FNAME_FLAG_LOST_CHARS)) {
   b7bb0:	f897 b011 	ldrb.w	fp, [r7, #17]
   b7bb4:	f01b 0b01 	ands.w	fp, fp, #1
   b7bb8:	d19a      	bne.n	b7af0 <_ZN7FatFile4openEPS_P8FatLfn_ti+0xe0>
  if (oflag & O_EXCL) {
   b7bba:	9b04      	ldr	r3, [sp, #16]
   b7bbc:	0519      	lsls	r1, r3, #20
   b7bbe:	f53f af34 	bmi.w	b7a2a <_ZN7FatFile4openEPS_P8FatLfn_ti+0x1a>
  if (!openCachedEntry(dirFile, curIndex, oflag, lfnOrd)) {
   b7bc2:	9b04      	ldr	r3, [sp, #16]
   b7bc4:	9807      	ldr	r0, [sp, #28]
   b7bc6:	f8cd b000 	str.w	fp, [sp]
   b7bca:	4632      	mov	r2, r6
   b7bcc:	4629      	mov	r1, r5
   b7bce:	f000 fbb9 	bl	b8344 <_ZN7FatFile15openCachedEntryEPS_tih>
   b7bd2:	e72b      	b.n	b7a2c <_ZN7FatFile4openEPS_P8FatLfn_ti+0x1c>
    freeFound++;
   b7bd4:	3401      	adds	r4, #1
   b7bd6:	b2e4      	uxtb	r4, r4
  while (freeFound < freeNeed) {
   b7bd8:	e76d      	b.n	b7ab6 <_ZN7FatFile4openEPS_P8FatLfn_ti+0xa6>
  if (fnameFound) {
   b7bda:	f1bb 0f00 	cmp.w	fp, #0
   b7bde:	d147      	bne.n	b7c70 <_ZN7FatFile4openEPS_P8FatLfn_ti+0x260>
  lfnOrd = freeNeed - 1;
   b7be0:	9b02      	ldr	r3, [sp, #8]
   b7be2:	f103 39ff 	add.w	r9, r3, #4294967295
  curIndex = freeIndex + lfnOrd;
   b7be6:	9b03      	ldr	r3, [sp, #12]
  lfnOrd = freeNeed - 1;
   b7be8:	fa5f fb89 	uxtb.w	fp, r9
  curIndex = freeIndex + lfnOrd;
   b7bec:	fa53 f989 	uxtab	r9, r3, r9
   b7bf0:	fa1f f689 	uxth.w	r6, r9
  if (!dirFile->createLFN(curIndex, fname, lfnOrd)) {
   b7bf4:	465b      	mov	r3, fp
   b7bf6:	463a      	mov	r2, r7
   b7bf8:	4631      	mov	r1, r6
   b7bfa:	4628      	mov	r0, r5
   b7bfc:	f7ff fdce 	bl	b779c <_ZN7FatFile9createLFNEtP8FatLfn_th>
   b7c00:	2800      	cmp	r0, #0
   b7c02:	f43f af12 	beq.w	b7a2a <_ZN7FatFile4openEPS_P8FatLfn_ti+0x1a>
  dir = dirFile->cacheDir(curIndex);
   b7c06:	4631      	mov	r1, r6
   b7c08:	4628      	mov	r0, r5
   b7c0a:	f7ff fd6a 	bl	b76e2 <_ZN7FatFile8cacheDirEt>
  if (!dir) {
   b7c0e:	4604      	mov	r4, r0
   b7c10:	2800      	cmp	r0, #0
   b7c12:	f43f af0a 	beq.w	b7a2a <_ZN7FatFile4openEPS_P8FatLfn_ti+0x1a>
  memset(dir, 0, sizeof(DirFat_t));
   b7c16:	2220      	movs	r2, #32
   b7c18:	2100      	movs	r1, #0
   b7c1a:	f003 fea0 	bl	bb95e <memset>
  memcpy(dir->name, fname->sfn, 11);
   b7c1e:	f8d7 3012 	ldr.w	r3, [r7, #18]
   b7c22:	6023      	str	r3, [r4, #0]
   b7c24:	f8d7 3016 	ldr.w	r3, [r7, #22]
   b7c28:	6063      	str	r3, [r4, #4]
   b7c2a:	8b7b      	ldrh	r3, [r7, #26]
   b7c2c:	8123      	strh	r3, [r4, #8]
   b7c2e:	7f3b      	ldrb	r3, [r7, #28]
   b7c30:	72a3      	strb	r3, [r4, #10]
  dir->caseFlags = (FAT_CASE_LC_BASE | FAT_CASE_LC_EXT) & fname->flags;
   b7c32:	7c7b      	ldrb	r3, [r7, #17]
   b7c34:	f003 0318 	and.w	r3, r3, #24
   b7c38:	7323      	strb	r3, [r4, #12]
  if (FsDateTime::callback) {
   b7c3a:	4b14      	ldr	r3, [pc, #80]	; (b7c8c <_ZN7FatFile4openEPS_P8FatLfn_ti+0x27c>)
   b7c3c:	681b      	ldr	r3, [r3, #0]
   b7c3e:	b1f3      	cbz	r3, b7c7e <_ZN7FatFile4openEPS_P8FatLfn_ti+0x26e>
    FsDateTime::callback(&date, &time, &ms10);
   b7c40:	f10d 0223 	add.w	r2, sp, #35	; 0x23
   b7c44:	f10d 0126 	add.w	r1, sp, #38	; 0x26
   b7c48:	a809      	add	r0, sp, #36	; 0x24
   b7c4a:	4798      	blx	r3
  *reinterpret_cast<uint16_t*>(dst) = src;
   b7c4c:	f8bd 3024 	ldrh.w	r3, [sp, #36]	; 0x24
   b7c50:	8223      	strh	r3, [r4, #16]
   b7c52:	f8bd 3026 	ldrh.w	r3, [sp, #38]	; 0x26
   b7c56:	81e3      	strh	r3, [r4, #14]
    dir->createTimeMs = ms10;
   b7c58:	f89d 3023 	ldrb.w	r3, [sp, #35]	; 0x23
   b7c5c:	7363      	strb	r3, [r4, #13]
   b7c5e:	9b05      	ldr	r3, [sp, #20]
   b7c60:	9a05      	ldr	r2, [sp, #20]
   b7c62:	f893 3024 	ldrb.w	r3, [r3, #36]	; 0x24
   b7c66:	f043 0301 	orr.w	r3, r3, #1
   b7c6a:	f882 3024 	strb.w	r3, [r2, #36]	; 0x24
    return m_cache.prepare(sector, options);
  }
  bool cacheSyncData() { return m_cache.sync(); }
  uint8_t* cacheAddress() { return m_cache.cacheBuffer(); }
  uint32_t cacheSectorNumber() { return m_cache.sector(); }
  void cacheDirty() { m_cache.dirty(); }
   b7c6e:	e7a8      	b.n	b7bc2 <_ZN7FatFile4openEPS_P8FatLfn_ti+0x1b2>
    if (!dirFile->makeUniqueSfn(fname)) {
   b7c70:	4639      	mov	r1, r7
   b7c72:	4628      	mov	r0, r5
   b7c74:	f7ff fe83 	bl	b797e <_ZN7FatFile13makeUniqueSfnEP8FatLfn_t>
   b7c78:	2800      	cmp	r0, #0
   b7c7a:	d1b1      	bne.n	b7be0 <_ZN7FatFile4openEPS_P8FatLfn_ti+0x1d0>
   b7c7c:	e6d5      	b.n	b7a2a <_ZN7FatFile4openEPS_P8FatLfn_ti+0x1a>
   b7c7e:	f645 2321 	movw	r3, #23073	; 0x5a21
   b7c82:	8223      	strh	r3, [r4, #16]
   b7c84:	8323      	strh	r3, [r4, #24]
   b7c86:	8263      	strh	r3, [r4, #18]
 * \param[in] second [0,59]
 *
 * \return Packed time for directory entry.
 */
static inline uint16_t FS_TIME(uint8_t hour, uint8_t minute, uint8_t second) {
  return hour > 23 || minute > 59 || second > 59
   b7c88:	e7e9      	b.n	b7c5e <_ZN7FatFile4openEPS_P8FatLfn_ti+0x24e>
   b7c8a:	bf00      	nop
   b7c8c:	2003e678 	.word	0x2003e678

000b7c90 <_ZN7FatFile13parsePathNameEPKcP8FatLfn_tPS1_>:
//------------------------------------------------------------------------------
bool FatFile::parsePathName(const char* path, FatLfn_t* fname,
                            const char** ptr) {
   b7c90:	b470      	push	{r4, r5, r6}
  size_t len = 0;
  // Skip leading spaces.
  while (*path == ' ') {
   b7c92:	460d      	mov	r5, r1
   b7c94:	f811 0b01 	ldrb.w	r0, [r1], #1
   b7c98:	2820      	cmp	r0, #32
   b7c9a:	d0fa      	beq.n	b7c92 <_ZN7FatFile13parsePathNameEPKcP8FatLfn_tPS1_+0x2>
    path++;
  }
  fname->begin = path;
  fname->len = 0;
   b7c9c:	2100      	movs	r1, #0
  return c < 0X20 || c == '"' || c == '*' || c == '/' || c == ':' || c == '<' ||
   b7c9e:	4e1d      	ldr	r6, [pc, #116]	; (b7d14 <_ZN7FatFile13parsePathNameEPKcP8FatLfn_tPS1_+0x84>)
  fname->begin = path;
   b7ca0:	6015      	str	r5, [r2, #0]
  fname->len = 0;
   b7ca2:	60d1      	str	r1, [r2, #12]
   b7ca4:	4628      	mov	r0, r5
  while (*path && !isDirSeparator(*path)) {
   b7ca6:	4604      	mov	r4, r0
   b7ca8:	f814 1b01 	ldrb.w	r1, [r4], #1
   b7cac:	b1f1      	cbz	r1, b7cec <_ZN7FatFile13parsePathNameEPKcP8FatLfn_tPS1_+0x5c>
   b7cae:	292f      	cmp	r1, #47	; 0x2f
   b7cb0:	d01c      	beq.n	b7cec <_ZN7FatFile13parsePathNameEPKcP8FatLfn_tPS1_+0x5c>
         c == '>' || c == '?' || c == '\\' || c == '|';
   b7cb2:	f1a1 0020 	sub.w	r0, r1, #32
   b7cb6:	285f      	cmp	r0, #95	; 0x5f
   b7cb8:	d828      	bhi.n	b7d0c <_ZN7FatFile13parsePathNameEPKcP8FatLfn_tPS1_+0x7c>
  return c < 0X20 || c == '"' || c == '*' || c == '/' || c == ':' || c == '<' ||
   b7cba:	f1a1 0022 	sub.w	r0, r1, #34	; 0x22
   b7cbe:	b2c0      	uxtb	r0, r0
   b7cc0:	281d      	cmp	r0, #29
   b7cc2:	d803      	bhi.n	b7ccc <_ZN7FatFile13parsePathNameEPKcP8FatLfn_tPS1_+0x3c>
   b7cc4:	fa26 f000 	lsr.w	r0, r6, r0
   b7cc8:	07c0      	lsls	r0, r0, #31
   b7cca:	d41f      	bmi.n	b7d0c <_ZN7FatFile13parsePathNameEPKcP8FatLfn_tPS1_+0x7c>
   b7ccc:	f001 00bf 	and.w	r0, r1, #191	; 0xbf
   b7cd0:	283c      	cmp	r0, #60	; 0x3c
   b7cd2:	d01b      	beq.n	b7d0c <_ZN7FatFile13parsePathNameEPKcP8FatLfn_tPS1_+0x7c>
         c == '>' || c == '?' || c == '\\' || c == '|';
   b7cd4:	295c      	cmp	r1, #92	; 0x5c
   b7cd6:	d019      	beq.n	b7d0c <_ZN7FatFile13parsePathNameEPKcP8FatLfn_tPS1_+0x7c>
      DBG_FAIL_MACRO;
      goto fail;
    }
    len++;
#endif  // USE_UTF8_LONG_NAMES
    if (cp != '.' && cp != ' ') {
   b7cd8:	292e      	cmp	r1, #46	; 0x2e
   b7cda:	eba4 0005 	sub.w	r0, r4, r5
   b7cde:	d003      	beq.n	b7ce8 <_ZN7FatFile13parsePathNameEPKcP8FatLfn_tPS1_+0x58>
   b7ce0:	2920      	cmp	r1, #32
   b7ce2:	d001      	beq.n	b7ce8 <_ZN7FatFile13parsePathNameEPKcP8FatLfn_tPS1_+0x58>
      // Need to trim trailing dots spaces.
      fname->len = len;
      fname->end = path;
   b7ce4:	e9c2 4002 	strd	r4, r0, [r2, #8]
                            const char** ptr) {
   b7ce8:	4620      	mov	r0, r4
   b7cea:	e7dc      	b.n	b7ca6 <_ZN7FatFile13parsePathNameEPKcP8FatLfn_tPS1_+0x16>
    }
  }
  if (!fname->len || fname->len > FAT_MAX_LFN_LENGTH) {
   b7cec:	68d1      	ldr	r1, [r2, #12]
   b7cee:	3901      	subs	r1, #1
   b7cf0:	29fe      	cmp	r1, #254	; 0xfe
   b7cf2:	d80b      	bhi.n	b7d0c <_ZN7FatFile13parsePathNameEPKcP8FatLfn_tPS1_+0x7c>
   b7cf4:	4604      	mov	r4, r0
    DBG_FAIL_MACRO;
    goto fail;
  }
  // Advance to next path component.
  for (; *path == ' ' || isDirSeparator(*path); path++) {
   b7cf6:	f810 1b01 	ldrb.w	r1, [r0], #1
   b7cfa:	2920      	cmp	r1, #32
   b7cfc:	d0fa      	beq.n	b7cf4 <_ZN7FatFile13parsePathNameEPKcP8FatLfn_tPS1_+0x64>
   b7cfe:	292f      	cmp	r1, #47	; 0x2f
   b7d00:	d0f8      	beq.n	b7cf4 <_ZN7FatFile13parsePathNameEPKcP8FatLfn_tPS1_+0x64>
  }
  *ptr = path;
   b7d02:	601c      	str	r4, [r3, #0]
  return makeSFN(fname);
   b7d04:	4610      	mov	r0, r2

fail:
  return false;
}
   b7d06:	bc70      	pop	{r4, r5, r6}
  return makeSFN(fname);
   b7d08:	f7ff bda8 	b.w	b785c <_ZN7FatFile7makeSFNEP8FatLfn_t>
}
   b7d0c:	2000      	movs	r0, #0
   b7d0e:	bc70      	pop	{r4, r5, r6}
   b7d10:	4770      	bx	lr
   b7d12:	bf00      	nop
   b7d14:	31000101 	.word	0x31000101

000b7d18 <_ZN7FatFile10getLfnCharEP8DirLfn_th>:
#include "../common/DebugMacros.h"
#include "../common/FsUtf.h"
#include "FatLib.h"
//------------------------------------------------------------------------------
uint16_t FatFile::getLfnChar(DirLfn_t* ldir, uint8_t i) {
  if (i < 5) {
   b7d18:	2a04      	cmp	r2, #4
   b7d1a:	d804      	bhi.n	b7d26 <_ZN7FatFile10getLfnCharEP8DirLfn_th+0xe>
  return *reinterpret_cast<const uint16_t*>(src);
   b7d1c:	eb01 0242 	add.w	r2, r1, r2, lsl #1
   b7d20:	f8b2 0001 	ldrh.w	r0, [r2, #1]
    return getLe16(ldir->unicode1 + 2 * i);
   b7d24:	4770      	bx	lr
  } else if (i < 11) {
   b7d26:	2a0a      	cmp	r2, #10
   b7d28:	d803      	bhi.n	b7d32 <_ZN7FatFile10getLfnCharEP8DirLfn_th+0x1a>
   b7d2a:	eb01 0142 	add.w	r1, r1, r2, lsl #1
   b7d2e:	8888      	ldrh	r0, [r1, #4]
    return getLe16(ldir->unicode2 + 2 * (i - 5));
   b7d30:	4770      	bx	lr
  } else if (i < 13) {
   b7d32:	2a0c      	cmp	r2, #12
   b7d34:	bf9a      	itte	ls
   b7d36:	eb01 0142 	addls.w	r1, r1, r2, lsl #1
   b7d3a:	88c8      	ldrhls	r0, [r1, #6]
    return getLe16(ldir->unicode3 + 2 * (i - 11));
  }
  DBG_HALT_IF(i >= 13);
  return 0;
   b7d3c:	2000      	movhi	r0, #0
}
   b7d3e:	4770      	bx	lr

000b7d40 <_ZN12FatPartition6fatGetEmPm>:
  uint32_t sector;
  uint32_t next;
  uint8_t* pc;

  // error if reserved cluster of beyond FAT
  if (cluster < 2 || cluster > m_lastCluster) {
   b7d40:	2901      	cmp	r1, #1
int8_t FatPartition::fatGet(uint32_t cluster, uint32_t* value) {
   b7d42:	b570      	push	{r4, r5, r6, lr}
   b7d44:	4605      	mov	r5, r0
   b7d46:	460c      	mov	r4, r1
   b7d48:	4616      	mov	r6, r2
  if (cluster < 2 || cluster > m_lastCluster) {
   b7d4a:	d802      	bhi.n	b7d52 <_ZN12FatPartition6fatGetEmPm+0x12>
  }
  *value = next;
  return 1;

fail:
  return -1;
   b7d4c:	f04f 30ff 	mov.w	r0, #4294967295
}
   b7d50:	bd70      	pop	{r4, r5, r6, pc}
  if (cluster < 2 || cluster > m_lastCluster) {
   b7d52:	69c3      	ldr	r3, [r0, #28]
   b7d54:	428b      	cmp	r3, r1
   b7d56:	d3f9      	bcc.n	b7d4c <_ZN12FatPartition6fatGetEmPm+0xc>
  uint8_t fatType() const { return m_fatType; }
   b7d58:	79c3      	ldrb	r3, [r0, #7]
  if (fatType() == 32) {
   b7d5a:	2b20      	cmp	r3, #32
   b7d5c:	d114      	bne.n	b7d88 <_ZN12FatPartition6fatGetEmPm+0x48>
    sector = m_fatStartSector + (cluster >> (m_bytesPerSectorShift - 2));
   b7d5e:	6981      	ldr	r1, [r0, #24]
    return m_fatCache.prepare(sector, options);
   b7d60:	2202      	movs	r2, #2
   b7d62:	eb01 11d4 	add.w	r1, r1, r4, lsr #7
   b7d66:	f500 700d 	add.w	r0, r0, #564	; 0x234
   b7d6a:	f002 f91b 	bl	b9fa4 <_ZN7FsCache7prepareEmh>
    if (!pc) {
   b7d6e:	2800      	cmp	r0, #0
   b7d70:	d0ec      	beq.n	b7d4c <_ZN12FatPartition6fatGetEmPm+0xc>
    uint16_t offset = (cluster << 2) & m_sectorMask;
   b7d72:	00a4      	lsls	r4, r4, #2
    next = getLe32(pc + offset);
   b7d74:	f404 74fe 	and.w	r4, r4, #508	; 0x1fc
  return *reinterpret_cast<const uint32_t*>(src);
   b7d78:	5903      	ldr	r3, [r0, r4]
  if (isEOC(next)) {
   b7d7a:	69ea      	ldr	r2, [r5, #28]
   b7d7c:	429a      	cmp	r2, r3
  *value = next;
   b7d7e:	bf26      	itte	cs
   b7d80:	6033      	strcs	r3, [r6, #0]
  return 1;
   b7d82:	2001      	movcs	r0, #1
    return 0;
   b7d84:	2000      	movcc	r0, #0
   b7d86:	e7e3      	b.n	b7d50 <_ZN12FatPartition6fatGetEmPm+0x10>
  } else if (fatType() == 16) {
   b7d88:	2b10      	cmp	r3, #16
   b7d8a:	d1df      	bne.n	b7d4c <_ZN12FatPartition6fatGetEmPm+0xc>
    sector = m_fatStartSector + (cluster >> (m_bytesPerSectorShift - 1));
   b7d8c:	f3c1 2307 	ubfx	r3, r1, #8, #8
   b7d90:	6981      	ldr	r1, [r0, #24]
   b7d92:	2202      	movs	r2, #2
   b7d94:	4419      	add	r1, r3
   b7d96:	f500 700d 	add.w	r0, r0, #564	; 0x234
   b7d9a:	f002 f903 	bl	b9fa4 <_ZN7FsCache7prepareEmh>
    if (!pc) {
   b7d9e:	2800      	cmp	r0, #0
   b7da0:	d0d4      	beq.n	b7d4c <_ZN12FatPartition6fatGetEmPm+0xc>
    uint16_t offset = (cluster << 1) & m_sectorMask;
   b7da2:	0064      	lsls	r4, r4, #1
    next = getLe16(pc + offset);
   b7da4:	f404 74ff 	and.w	r4, r4, #510	; 0x1fe
   b7da8:	5b03      	ldrh	r3, [r0, r4]
   b7daa:	e7e6      	b.n	b7d7a <_ZN12FatPartition6fatGetEmPm+0x3a>

000b7dac <_ZN12FatPartition6fatPutEmm>:
bool FatPartition::fatPut(uint32_t cluster, uint32_t value) {
  uint32_t sector;
  uint8_t* pc;

  // error if reserved cluster of beyond FAT
  if (cluster < 2 || cluster > m_lastCluster) {
   b7dac:	2901      	cmp	r1, #1
bool FatPartition::fatPut(uint32_t cluster, uint32_t value) {
   b7dae:	b538      	push	{r3, r4, r5, lr}
   b7db0:	460c      	mov	r4, r1
   b7db2:	4615      	mov	r5, r2
  if (cluster < 2 || cluster > m_lastCluster) {
   b7db4:	d801      	bhi.n	b7dba <_ZN12FatPartition6fatPutEmm+0xe>
    DBG_FAIL_MACRO;
    goto fail;
  }

fail:
  return false;
   b7db6:	2000      	movs	r0, #0
}
   b7db8:	bd38      	pop	{r3, r4, r5, pc}
  if (cluster < 2 || cluster > m_lastCluster) {
   b7dba:	69c3      	ldr	r3, [r0, #28]
   b7dbc:	428b      	cmp	r3, r1
   b7dbe:	d3fa      	bcc.n	b7db6 <_ZN12FatPartition6fatPutEmm+0xa>
  uint8_t fatType() const { return m_fatType; }
   b7dc0:	79c3      	ldrb	r3, [r0, #7]
  if (fatType() == 32) {
   b7dc2:	2b20      	cmp	r3, #32
   b7dc4:	d10f      	bne.n	b7de6 <_ZN12FatPartition6fatPutEmm+0x3a>
    sector = m_fatStartSector + (cluster >> (m_bytesPerSectorShift - 2));
   b7dc6:	6981      	ldr	r1, [r0, #24]
    return m_fatCache.prepare(sector, options);
   b7dc8:	2203      	movs	r2, #3
   b7dca:	eb01 11d4 	add.w	r1, r1, r4, lsr #7
   b7dce:	f500 700d 	add.w	r0, r0, #564	; 0x234
   b7dd2:	f002 f8e7 	bl	b9fa4 <_ZN7FsCache7prepareEmh>
    if (!pc) {
   b7dd6:	2800      	cmp	r0, #0
   b7dd8:	d0ed      	beq.n	b7db6 <_ZN12FatPartition6fatPutEmm+0xa>
    uint16_t offset = (cluster << 2) & m_sectorMask;
   b7dda:	00a4      	lsls	r4, r4, #2
    setLe32(pc + offset, value);
   b7ddc:	f404 74fe 	and.w	r4, r4, #508	; 0x1fc
  *reinterpret_cast<uint32_t*>(dst) = src;
   b7de0:	5105      	str	r5, [r0, r4]
    return true;
   b7de2:	2001      	movs	r0, #1
   b7de4:	e7e8      	b.n	b7db8 <_ZN12FatPartition6fatPutEmm+0xc>
  if (fatType() == 16) {
   b7de6:	2b10      	cmp	r3, #16
   b7de8:	d1e5      	bne.n	b7db6 <_ZN12FatPartition6fatPutEmm+0xa>
    sector = m_fatStartSector + (cluster >> (m_bytesPerSectorShift - 1));
   b7dea:	f3c1 2307 	ubfx	r3, r1, #8, #8
   b7dee:	6981      	ldr	r1, [r0, #24]
   b7df0:	2203      	movs	r2, #3
   b7df2:	4419      	add	r1, r3
   b7df4:	f500 700d 	add.w	r0, r0, #564	; 0x234
   b7df8:	f002 f8d4 	bl	b9fa4 <_ZN7FsCache7prepareEmh>
    if (!pc) {
   b7dfc:	2800      	cmp	r0, #0
   b7dfe:	d0da      	beq.n	b7db6 <_ZN12FatPartition6fatPutEmm+0xa>
    uint16_t offset = (cluster << 1) & m_sectorMask;
   b7e00:	0064      	lsls	r4, r4, #1
    setLe16(pc + offset, value);
   b7e02:	f404 74ff 	and.w	r4, r4, #510	; 0x1fe
   b7e06:	5305      	strh	r5, [r0, r4]
   b7e08:	e7eb      	b.n	b7de2 <_ZN12FatPartition6fatPutEmm+0x36>

000b7e0a <_ZN12FatPartition15allocateClusterEmPm>:
bool FatPartition::allocateCluster(uint32_t current, uint32_t* next) {
   b7e0a:	e92d 41f3 	stmdb	sp!, {r0, r1, r4, r5, r6, r7, r8, lr}
  if (m_allocSearchStart < current) {
   b7e0e:	68c4      	ldr	r4, [r0, #12]
   b7e10:	428c      	cmp	r4, r1
bool FatPartition::allocateCluster(uint32_t current, uint32_t* next) {
   b7e12:	4605      	mov	r5, r0
   b7e14:	460e      	mov	r6, r1
   b7e16:	4690      	mov	r8, r2
  if (m_allocSearchStart < current) {
   b7e18:	d301      	bcc.n	b7e1e <_ZN12FatPartition15allocateClusterEmPm+0x14>
      setStart = true;
   b7e1a:	2701      	movs	r7, #1
   b7e1c:	e001      	b.n	b7e22 <_ZN12FatPartition15allocateClusterEmPm+0x18>
   b7e1e:	460c      	mov	r4, r1
    setStart = false;
   b7e20:	2700      	movs	r7, #0
    if (find > m_lastCluster) {
   b7e22:	69eb      	ldr	r3, [r5, #28]
    find++;
   b7e24:	3401      	adds	r4, #1
    if (find > m_lastCluster) {
   b7e26:	42a3      	cmp	r3, r4
   b7e28:	d202      	bcs.n	b7e30 <_ZN12FatPartition15allocateClusterEmPm+0x26>
      if (setStart) {
   b7e2a:	b9c7      	cbnz	r7, b7e5e <_ZN12FatPartition15allocateClusterEmPm+0x54>
      find = m_allocSearchStart;
   b7e2c:	68ec      	ldr	r4, [r5, #12]
   b7e2e:	e7f4      	b.n	b7e1a <_ZN12FatPartition15allocateClusterEmPm+0x10>
    if (find == current) {
   b7e30:	42a6      	cmp	r6, r4
   b7e32:	d014      	beq.n	b7e5e <_ZN12FatPartition15allocateClusterEmPm+0x54>
    int8_t fg = fatGet(find, &f);
   b7e34:	aa01      	add	r2, sp, #4
   b7e36:	4621      	mov	r1, r4
   b7e38:	4628      	mov	r0, r5
   b7e3a:	f7ff ff81 	bl	b7d40 <_ZN12FatPartition6fatGetEmPm>
    if (fg < 0) {
   b7e3e:	2800      	cmp	r0, #0
   b7e40:	db0d      	blt.n	b7e5e <_ZN12FatPartition15allocateClusterEmPm+0x54>
    if (fg && f == 0) {
   b7e42:	d0ee      	beq.n	b7e22 <_ZN12FatPartition15allocateClusterEmPm+0x18>
   b7e44:	9b01      	ldr	r3, [sp, #4]
   b7e46:	2b00      	cmp	r3, #0
   b7e48:	d1eb      	bne.n	b7e22 <_ZN12FatPartition15allocateClusterEmPm+0x18>
  if (setStart) {
   b7e4a:	b107      	cbz	r7, b7e4e <_ZN12FatPartition15allocateClusterEmPm+0x44>
    m_allocSearchStart = find;
   b7e4c:	60ec      	str	r4, [r5, #12]
  uint32_t clusterStartSector(uint32_t cluster) const {
    return m_dataStartSector + ((cluster - 2) << m_sectorsPerClusterShift);
  }
  int8_t fatGet(uint32_t cluster, uint32_t* value);
  bool fatPut(uint32_t cluster, uint32_t value);
  bool fatPutEOC(uint32_t cluster) { return fatPut(cluster, 0x0FFFFFFF); }
   b7e4e:	f06f 4270 	mvn.w	r2, #4026531840	; 0xf0000000
   b7e52:	4621      	mov	r1, r4
   b7e54:	4628      	mov	r0, r5
   b7e56:	f7ff ffa9 	bl	b7dac <_ZN12FatPartition6fatPutEmm>
  if (!fatPutEOC(find)) {
   b7e5a:	4607      	mov	r7, r0
   b7e5c:	b920      	cbnz	r0, b7e68 <_ZN12FatPartition15allocateClusterEmPm+0x5e>
  return false;
   b7e5e:	2700      	movs	r7, #0
}
   b7e60:	4638      	mov	r0, r7
   b7e62:	b002      	add	sp, #8
   b7e64:	e8bd 81f0 	ldmia.w	sp!, {r4, r5, r6, r7, r8, pc}
  if (current) {
   b7e68:	b916      	cbnz	r6, b7e70 <_ZN12FatPartition15allocateClusterEmPm+0x66>
  *next = find;
   b7e6a:	f8c8 4000 	str.w	r4, [r8]
  return true;
   b7e6e:	e7f7      	b.n	b7e60 <_ZN12FatPartition15allocateClusterEmPm+0x56>
    if (!fatPut(current, find)) {
   b7e70:	4622      	mov	r2, r4
   b7e72:	4631      	mov	r1, r6
   b7e74:	4628      	mov	r0, r5
   b7e76:	f7ff ff99 	bl	b7dac <_ZN12FatPartition6fatPutEmm>
   b7e7a:	2800      	cmp	r0, #0
   b7e7c:	d1f5      	bne.n	b7e6a <_ZN12FatPartition15allocateClusterEmPm+0x60>
   b7e7e:	e7ee      	b.n	b7e5e <_ZN12FatPartition15allocateClusterEmPm+0x54>

000b7e80 <_ZN12FatPartition9freeChainEm>:
//------------------------------------------------------------------------------
// free a cluster chain
bool FatPartition::freeChain(uint32_t cluster) {
   b7e80:	b573      	push	{r0, r1, r4, r5, r6, lr}
   b7e82:	4605      	mov	r5, r0
   b7e84:	460c      	mov	r4, r1
  uint32_t next;
  int8_t fg;
  do {
    fg = fatGet(cluster, &next);
   b7e86:	aa01      	add	r2, sp, #4
   b7e88:	4621      	mov	r1, r4
   b7e8a:	4628      	mov	r0, r5
   b7e8c:	f7ff ff58 	bl	b7d40 <_ZN12FatPartition6fatGetEmPm>
    if (fg < 0) {
   b7e90:	1e06      	subs	r6, r0, #0
   b7e92:	db10      	blt.n	b7eb6 <_ZN12FatPartition9freeChainEm+0x36>
      DBG_FAIL_MACRO;
      goto fail;
    }
    // free cluster
    if (!fatPut(cluster, 0)) {
   b7e94:	2200      	movs	r2, #0
   b7e96:	4621      	mov	r1, r4
   b7e98:	4628      	mov	r0, r5
   b7e9a:	f7ff ff87 	bl	b7dac <_ZN12FatPartition6fatPutEmm>
   b7e9e:	b150      	cbz	r0, b7eb6 <_ZN12FatPartition9freeChainEm+0x36>
      DBG_FAIL_MACRO;
      goto fail;
    }
    // Add one to count of free clusters.
    updateFreeClusterCount(1);
    if (cluster < m_allocSearchStart) {
   b7ea0:	68eb      	ldr	r3, [r5, #12]
   b7ea2:	42a3      	cmp	r3, r4
      m_allocSearchStart = cluster - 1;
   b7ea4:	bf84      	itt	hi
   b7ea6:	f104 34ff 	addhi.w	r4, r4, #4294967295
   b7eaa:	60ec      	strhi	r4, [r5, #12]
    }
    cluster = next;
   b7eac:	9c01      	ldr	r4, [sp, #4]
  } while (fg);
   b7eae:	2e00      	cmp	r6, #0
   b7eb0:	d1e9      	bne.n	b7e86 <_ZN12FatPartition9freeChainEm+0x6>

  return true;

fail:
  return false;
}
   b7eb2:	b002      	add	sp, #8
   b7eb4:	bd70      	pop	{r4, r5, r6, pc}
  return false;
   b7eb6:	2000      	movs	r0, #0
   b7eb8:	e7fb      	b.n	b7eb2 <_ZN12FatPartition9freeChainEm+0x32>

000b7eba <_ZN12FatPartition4initEP16DedicatedSpiCardhm>:

fail:
  return -1;
}
//------------------------------------------------------------------------------
bool FatPartition::init(FsBlockDevice* dev, uint8_t part, uint32_t volStart) {
   b7eba:	b5f8      	push	{r3, r4, r5, r6, r7, lr}
   b7ebc:	4604      	mov	r4, r0
   b7ebe:	461d      	mov	r5, r3
  m_blockDev = dev;
  pbs_t* pbs;
  BpbFat32_t* bpb;
  MbrSector_t* mbr;
  uint8_t tmp;
  m_fatType = 0;
   b7ec0:	2300      	movs	r3, #0
  m_blockDev = dev;
   b7ec2:	6001      	str	r1, [r0, #0]
  m_fatType = 0;
   b7ec4:	71c3      	strb	r3, [r0, #7]
  m_allocSearchStart = 1;
   b7ec6:	2001      	movs	r0, #1
   b7ec8:	60e0      	str	r0, [r4, #12]
    invalidate();
  }
  /** Invalidate current cache sector. */
  void invalidate() {
    m_status = 0;
    m_sector = 0XFFFFFFFF;
   b7eca:	f04f 30ff 	mov.w	r0, #4294967295
  m_cache.init(dev);
   b7ece:	f104 0724 	add.w	r7, r4, #36	; 0x24
    m_blockDev = blockDev;
   b7ed2:	62a1      	str	r1, [r4, #40]	; 0x28
    m_status = 0;
   b7ed4:	f884 3024 	strb.w	r3, [r4, #36]	; 0x24
    m_sector = 0XFFFFFFFF;
   b7ed8:	62e0      	str	r0, [r4, #44]	; 0x2c
    m_blockDev = blockDev;
   b7eda:	f8c4 1238 	str.w	r1, [r4, #568]	; 0x238
    m_status = 0;
   b7ede:	f884 3234 	strb.w	r3, [r4, #564]	; 0x234
    m_sector = 0XFFFFFFFF;
   b7ee2:	f8c4 023c 	str.w	r0, [r4, #572]	; 0x23c
#if USE_SEPARATE_FAT_CACHE
  m_fatCache.init(dev);
#endif  // USE_SEPARATE_FAT_CACHE
  // if part == 0 assume super floppy with FAT boot sector in sector zero
  // if part > 0 assume mbr volume with partition table
  if (part) {
   b7ee6:	4616      	mov	r6, r2
   b7ee8:	b1ca      	cbz	r2, b7f1e <_ZN12FatPartition4initEP16DedicatedSpiCardhm+0x64>
    if (part > 4) {
   b7eea:	2a04      	cmp	r2, #4
   b7eec:	d901      	bls.n	b7ef2 <_ZN12FatPartition4initEP16DedicatedSpiCardhm+0x38>
  m_fatCache.setMirrorOffset(m_sectorsPerFat);
#endif  // USE_SEPARATE_FAT_CACHE
  return true;

fail:
  return false;
   b7eee:	2000      	movs	r0, #0
}
   b7ef0:	bdf8      	pop	{r3, r4, r5, r6, r7, pc}
    return m_cache.prepare(sector, options);
   b7ef2:	461a      	mov	r2, r3
   b7ef4:	4619      	mov	r1, r3
   b7ef6:	4638      	mov	r0, r7
   b7ef8:	f002 f854 	bl	b9fa4 <_ZN7FsCache7prepareEmh>
    if (!mbr) {
   b7efc:	2800      	cmp	r0, #0
   b7efe:	d0f6      	beq.n	b7eee <_ZN12FatPartition4initEP16DedicatedSpiCardhm+0x34>
    MbrPart_t* mp = mbr->part + part - 1;
   b7f00:	f106 5280 	add.w	r2, r6, #268435456	; 0x10000000
   b7f04:	3a01      	subs	r2, #1
   b7f06:	f500 70df 	add.w	r0, r0, #446	; 0x1be
   b7f0a:	0113      	lsls	r3, r2, #4
   b7f0c:	eb00 1202 	add.w	r2, r0, r2, lsl #4
    if (mp->type == 0 || (mp->boot != 0 && mp->boot != 0X80)) {
   b7f10:	7911      	ldrb	r1, [r2, #4]
   b7f12:	2900      	cmp	r1, #0
   b7f14:	d0eb      	beq.n	b7eee <_ZN12FatPartition4initEP16DedicatedSpiCardhm+0x34>
   b7f16:	5cc3      	ldrb	r3, [r0, r3]
   b7f18:	065b      	lsls	r3, r3, #25
   b7f1a:	d1e8      	bne.n	b7eee <_ZN12FatPartition4initEP16DedicatedSpiCardhm+0x34>
  return *reinterpret_cast<const uint32_t*>(src);
   b7f1c:	6895      	ldr	r5, [r2, #8]
   b7f1e:	2200      	movs	r2, #0
   b7f20:	4629      	mov	r1, r5
   b7f22:	4638      	mov	r0, r7
   b7f24:	f002 f83e 	bl	b9fa4 <_ZN7FsCache7prepareEmh>
  if (!pbs) {
   b7f28:	2800      	cmp	r0, #0
   b7f2a:	d0e0      	beq.n	b7eee <_ZN12FatPartition4initEP16DedicatedSpiCardhm+0x34>
  if (bpb->fatCount != 2 || getLe16(bpb->bytesPerSector) != m_bytesPerSector) {
   b7f2c:	7c03      	ldrb	r3, [r0, #16]
   b7f2e:	2b02      	cmp	r3, #2
   b7f30:	d1dd      	bne.n	b7eee <_ZN12FatPartition4initEP16DedicatedSpiCardhm+0x34>
   b7f32:	f8b0 300b 	ldrh.w	r3, [r0, #11]
   b7f36:	f5b3 7f00 	cmp.w	r3, #512	; 0x200
   b7f3a:	d1d8      	bne.n	b7eee <_ZN12FatPartition4initEP16DedicatedSpiCardhm+0x34>
  m_sectorsPerCluster = bpb->sectorsPerCluster;
   b7f3c:	7b41      	ldrb	r1, [r0, #13]
   b7f3e:	7121      	strb	r1, [r4, #4]
  m_clusterSectorMask = m_sectorsPerCluster - 1;
   b7f40:	1e4b      	subs	r3, r1, #1
   b7f42:	7163      	strb	r3, [r4, #5]
  m_sectorsPerClusterShift = 0;
   b7f44:	2300      	movs	r3, #0
   b7f46:	71a3      	strb	r3, [r4, #6]
   b7f48:	2609      	movs	r6, #9
  for (tmp = 1; m_sectorsPerCluster != tmp; tmp <<= 1) {
   b7f4a:	2301      	movs	r3, #1
   b7f4c:	4299      	cmp	r1, r3
   b7f4e:	d007      	beq.n	b7f60 <_ZN12FatPartition4initEP16DedicatedSpiCardhm+0xa6>
    if (tmp == 0) {
   b7f50:	3e01      	subs	r6, #1
   b7f52:	d0cc      	beq.n	b7eee <_ZN12FatPartition4initEP16DedicatedSpiCardhm+0x34>
    m_sectorsPerClusterShift++;
   b7f54:	79a2      	ldrb	r2, [r4, #6]
  for (tmp = 1; m_sectorsPerCluster != tmp; tmp <<= 1) {
   b7f56:	005b      	lsls	r3, r3, #1
    m_sectorsPerClusterShift++;
   b7f58:	3201      	adds	r2, #1
   b7f5a:	71a2      	strb	r2, [r4, #6]
  for (tmp = 1; m_sectorsPerCluster != tmp; tmp <<= 1) {
   b7f5c:	b2db      	uxtb	r3, r3
   b7f5e:	e7f5      	b.n	b7f4c <_ZN12FatPartition4initEP16DedicatedSpiCardhm+0x92>
  m_sectorsPerFat = getLe16(bpb->sectorsPerFat16);
   b7f60:	8ac3      	ldrh	r3, [r0, #22]
   b7f62:	6123      	str	r3, [r4, #16]
  if (m_sectorsPerFat == 0) {
   b7f64:	b90b      	cbnz	r3, b7f6a <_ZN12FatPartition4initEP16DedicatedSpiCardhm+0xb0>
   b7f66:	6a43      	ldr	r3, [r0, #36]	; 0x24
    m_sectorsPerFat = getLe32(bpb->sectorsPerFat32);
   b7f68:	6123      	str	r3, [r4, #16]
  m_fatStartSector = volStart + getLe16(bpb->reservedSectorCount);
   b7f6a:	89c1      	ldrh	r1, [r0, #14]
  m_rootDirStart = m_fatStartSector + 2 * m_sectorsPerFat;
   b7f6c:	6922      	ldr	r2, [r4, #16]
  m_fatStartSector = volStart + getLe16(bpb->reservedSectorCount);
   b7f6e:	4429      	add	r1, r5
   b7f70:	61a1      	str	r1, [r4, #24]
  return *reinterpret_cast<const uint16_t*>(src);
   b7f72:	f8b0 3011 	ldrh.w	r3, [r0, #17]
  m_rootDirEntryCount = getLe16(bpb->rootDirEntryCount);
   b7f76:	8123      	strh	r3, [r4, #8]
      ((FS_DIR_SIZE * m_rootDirEntryCount + m_bytesPerSector - 1) /
   b7f78:	015b      	lsls	r3, r3, #5
  m_rootDirStart = m_fatStartSector + 2 * m_sectorsPerFat;
   b7f7a:	eb01 0142 	add.w	r1, r1, r2, lsl #1
      ((FS_DIR_SIZE * m_rootDirEntryCount + m_bytesPerSector - 1) /
   b7f7e:	f203 13ff 	addw	r3, r3, #511	; 0x1ff
  m_rootDirStart = m_fatStartSector + 2 * m_sectorsPerFat;
   b7f82:	6221      	str	r1, [r4, #32]
      m_rootDirStart +
   b7f84:	eb01 2153 	add.w	r1, r1, r3, lsr #9
  m_dataStartSector =
   b7f88:	6161      	str	r1, [r4, #20]
  totalSectors = getLe16(bpb->totalSectors16);
   b7f8a:	f8b0 3013 	ldrh.w	r3, [r0, #19]
  if (totalSectors == 0) {
   b7f8e:	b903      	cbnz	r3, b7f92 <_ZN12FatPartition4initEP16DedicatedSpiCardhm+0xd8>
  return *reinterpret_cast<const uint32_t*>(src);
   b7f90:	6a03      	ldr	r3, [r0, #32]
  countOfClusters = totalSectors - (m_dataStartSector - volStart);
   b7f92:	1a6d      	subs	r5, r5, r1
  countOfClusters >>= m_sectorsPerClusterShift;
   b7f94:	79a1      	ldrb	r1, [r4, #6]
  countOfClusters = totalSectors - (m_dataStartSector - volStart);
   b7f96:	441d      	add	r5, r3
  countOfClusters >>= m_sectorsPerClusterShift;
   b7f98:	40cd      	lsrs	r5, r1
  m_lastCluster = countOfClusters + 1;
   b7f9a:	1c6b      	adds	r3, r5, #1
   b7f9c:	61e3      	str	r3, [r4, #28]
  if (countOfClusters < 4085) {
   b7f9e:	f640 73f4 	movw	r3, #4084	; 0xff4
   b7fa2:	429d      	cmp	r5, r3
   b7fa4:	d802      	bhi.n	b7fac <_ZN12FatPartition4initEP16DedicatedSpiCardhm+0xf2>
    m_fatType = 12;
   b7fa6:	230c      	movs	r3, #12
   b7fa8:	71e3      	strb	r3, [r4, #7]
   b7faa:	e7a0      	b.n	b7eee <_ZN12FatPartition4initEP16DedicatedSpiCardhm+0x34>
  } else if (countOfClusters < 65525) {
   b7fac:	f64f 73f4 	movw	r3, #65524	; 0xfff4
   b7fb0:	429d      	cmp	r5, r3
   b7fb2:	bf85      	ittet	hi
   b7fb4:	6ac3      	ldrhi	r3, [r0, #44]	; 0x2c
    m_rootDirStart = getLe32(bpb->fat32RootCluster);
   b7fb6:	6223      	strhi	r3, [r4, #32]
    m_fatType = 16;
   b7fb8:	2310      	movls	r3, #16
    m_fatType = 32;
   b7fba:	2320      	movhi	r3, #32
   b7fbc:	71e3      	strb	r3, [r4, #7]
  /** \return Logical sector number for cached sector. */
  uint32_t sector() { return m_sector; }
  /** Set the offset to the second FAT for mirroring.
   * \param[in] offset Sector offset to second FAT.
   */
  void setMirrorOffset(uint32_t offset) { m_mirrorOffset = offset; }
   b7fbe:	6322      	str	r2, [r4, #48]	; 0x30
   b7fc0:	f8c4 2240 	str.w	r2, [r4, #576]	; 0x240
  return true;
   b7fc4:	2001      	movs	r0, #1
   b7fc6:	e793      	b.n	b7ef0 <_ZN12FatPartition4initEP16DedicatedSpiCardhm+0x36>

000b7fc8 <_ZN7FatFile8openRootEP9FatVolume.part.0>:

fail:
  return false;
}
//------------------------------------------------------------------------------
bool FatFile::openRoot(FatVolume* vol) {
   b7fc8:	b538      	push	{r3, r4, r5, lr}
   b7fca:	4604      	mov	r4, r0
   b7fcc:	460d      	mov	r5, r1
  // error if file is already open
  if (isOpen()) {
    DBG_FAIL_MACRO;
    goto fail;
  }
  memset(this, 0, sizeof(FatFile));
   b7fce:	2224      	movs	r2, #36	; 0x24
   b7fd0:	2100      	movs	r1, #0
   b7fd2:	f003 fcc4 	bl	bb95e <memset>

  m_vol = vol;
   b7fd6:	60a5      	str	r5, [r4, #8]
  uint8_t fatType() const { return m_fatType; }
   b7fd8:	79eb      	ldrb	r3, [r5, #7]
  switch (vol->fatType()) {
   b7fda:	2b10      	cmp	r3, #16
   b7fdc:	d003      	beq.n	b7fe6 <_ZN7FatFile8openRootEP9FatVolume.part.0+0x1e>
   b7fde:	2b20      	cmp	r3, #32
   b7fe0:	d006      	beq.n	b7ff0 <_ZN7FatFile8openRootEP9FatVolume.part.0+0x28>
   b7fe2:	2000      	movs	r0, #0
  m_flags = FILE_FLAG_READ;
  return true;

fail:
  return false;
}
   b7fe4:	bd38      	pop	{r3, r4, r5, pc}
      m_attributes = FILE_ATTR_ROOT_FIXED;
   b7fe6:	2340      	movs	r3, #64	; 0x40
  m_flags = FILE_FLAG_READ;
   b7fe8:	2001      	movs	r0, #1
      m_attributes = FILE_ATTR_ROOT32;
   b7fea:	7023      	strb	r3, [r4, #0]
  m_flags = FILE_FLAG_READ;
   b7fec:	70a0      	strb	r0, [r4, #2]
  return true;
   b7fee:	e7f9      	b.n	b7fe4 <_ZN7FatFile8openRootEP9FatVolume.part.0+0x1c>
      m_attributes = FILE_ATTR_ROOT32;
   b7ff0:	2380      	movs	r3, #128	; 0x80
   b7ff2:	e7f9      	b.n	b7fe8 <_ZN7FatFile8openRootEP9FatVolume.part.0+0x20>

000b7ff4 <_ZN7FatFile4copyEPKS_>:
    if (from != this) {
   b7ff4:	4281      	cmp	r1, r0
  void copy(const FatFile* from) {
   b7ff6:	b530      	push	{r4, r5, lr}
    if (from != this) {
   b7ff8:	d007      	beq.n	b800a <_ZN7FatFile4copyEPKS_+0x16>
      *this = *from;
   b7ffa:	460d      	mov	r5, r1
   b7ffc:	4604      	mov	r4, r0
   b7ffe:	cd0f      	ldmia	r5!, {r0, r1, r2, r3}
   b8000:	c40f      	stmia	r4!, {r0, r1, r2, r3}
   b8002:	cd0f      	ldmia	r5!, {r0, r1, r2, r3}
   b8004:	c40f      	stmia	r4!, {r0, r1, r2, r3}
   b8006:	682b      	ldr	r3, [r5, #0]
   b8008:	6023      	str	r3, [r4, #0]
  }
   b800a:	bd30      	pop	{r4, r5, pc}

000b800c <_ZN7FatFile10addClusterEv>:
bool FatFile::addCluster() {
   b800c:	b538      	push	{r3, r4, r5, lr}
  uint32_t cc = m_curCluster;
   b800e:	4602      	mov	r2, r0
bool FatFile::addCluster() {
   b8010:	4604      	mov	r4, r0
  uint32_t cc = m_curCluster;
   b8012:	f852 5f10 	ldr.w	r5, [r2, #16]!
  if (!m_vol->allocateCluster(m_curCluster, &m_curCluster)) {
   b8016:	6880      	ldr	r0, [r0, #8]
   b8018:	4629      	mov	r1, r5
   b801a:	f7ff fef6 	bl	b7e0a <_ZN12FatPartition15allocateClusterEmPm>
   b801e:	b140      	cbz	r0, b8032 <_ZN7FatFile10addClusterEv+0x26>
    m_flags |= FILE_FLAG_CONTIGUOUS;
   b8020:	78a3      	ldrb	r3, [r4, #2]
  if (cc == 0) {
   b8022:	b93d      	cbnz	r5, b8034 <_ZN7FatFile10addClusterEv+0x28>
    m_flags |= FILE_FLAG_CONTIGUOUS;
   b8024:	f043 0340 	orr.w	r3, r3, #64	; 0x40
    m_flags &= ~FILE_FLAG_CONTIGUOUS;
   b8028:	70a3      	strb	r3, [r4, #2]
  m_flags |= FILE_FLAG_DIR_DIRTY;
   b802a:	78a3      	ldrb	r3, [r4, #2]
   b802c:	f063 037f 	orn	r3, r3, #127	; 0x7f
   b8030:	70a3      	strb	r3, [r4, #2]
}
   b8032:	bd38      	pop	{r3, r4, r5, pc}
  } else if (m_curCluster != (cc + 1)) {
   b8034:	6922      	ldr	r2, [r4, #16]
   b8036:	3501      	adds	r5, #1
   b8038:	42aa      	cmp	r2, r5
   b803a:	d0f6      	beq.n	b802a <_ZN7FatFile10addClusterEv+0x1e>
    m_flags &= ~FILE_FLAG_CONTIGUOUS;
   b803c:	f023 0340 	bic.w	r3, r3, #64	; 0x40
   b8040:	e7f2      	b.n	b8028 <_ZN7FatFile10addClusterEv+0x1c>
	...

000b8044 <_ZN7FatFile13addDirClusterEv>:
bool FatFile::addDirCluster() {
   b8044:	b5f8      	push	{r3, r4, r5, r6, r7, lr}
  if (isRootFixed()) {
   b8046:	7805      	ldrb	r5, [r0, #0]
   b8048:	f015 0540 	ands.w	r5, r5, #64	; 0x40
bool FatFile::addDirCluster() {
   b804c:	4604      	mov	r4, r0
  if (isRootFixed()) {
   b804e:	d002      	beq.n	b8056 <_ZN7FatFile13addDirClusterEv+0x12>
  return false;
   b8050:	2600      	movs	r6, #0
}
   b8052:	4630      	mov	r0, r6
   b8054:	bdf8      	pop	{r3, r4, r5, r6, r7, pc}
  if (m_curPosition >= 512UL * 4095) {
   b8056:	6942      	ldr	r2, [r0, #20]
   b8058:	4b15      	ldr	r3, [pc, #84]	; (b80b0 <_ZN7FatFile13addDirClusterEv+0x6c>)
   b805a:	429a      	cmp	r2, r3
   b805c:	d2f8      	bcs.n	b8050 <_ZN7FatFile13addDirClusterEv+0xc>
  if (!addCluster()) {
   b805e:	f7ff ffd5 	bl	b800c <_ZN7FatFile10addClusterEv>
   b8062:	4606      	mov	r6, r0
   b8064:	2800      	cmp	r0, #0
   b8066:	d0f3      	beq.n	b8050 <_ZN7FatFile13addDirClusterEv+0xc>
  sector = m_vol->clusterStartSector(m_curCluster);
   b8068:	68a2      	ldr	r2, [r4, #8]
    return m_dataStartSector + ((cluster - 2) << m_sectorsPerClusterShift);
   b806a:	6923      	ldr	r3, [r4, #16]
   b806c:	7991      	ldrb	r1, [r2, #6]
   b806e:	6957      	ldr	r7, [r2, #20]
   b8070:	3b02      	subs	r3, #2
   b8072:	408b      	lsls	r3, r1
   b8074:	441f      	add	r7, r3
  for (uint8_t i = 0; i < m_vol->sectorsPerCluster(); i++) {
   b8076:	68a0      	ldr	r0, [r4, #8]
   b8078:	7903      	ldrb	r3, [r0, #4]
   b807a:	b2e9      	uxtb	r1, r5
   b807c:	428b      	cmp	r3, r1
   b807e:	d90d      	bls.n	b809c <_ZN7FatFile13addDirClusterEv+0x58>
    return m_cache.prepare(sector, options);
   b8080:	2205      	movs	r2, #5
   b8082:	4439      	add	r1, r7
   b8084:	3024      	adds	r0, #36	; 0x24
   b8086:	f001 ff8d 	bl	b9fa4 <_ZN7FsCache7prepareEmh>
    if (!pc) {
   b808a:	3501      	adds	r5, #1
   b808c:	2800      	cmp	r0, #0
   b808e:	d0df      	beq.n	b8050 <_ZN7FatFile13addDirClusterEv+0xc>
    memset(pc, 0, m_vol->bytesPerSector());
   b8090:	f44f 7200 	mov.w	r2, #512	; 0x200
   b8094:	2100      	movs	r1, #0
   b8096:	f003 fc62 	bl	bb95e <memset>
  for (uint8_t i = 0; i < m_vol->sectorsPerCluster(); i++) {
   b809a:	e7ec      	b.n	b8076 <_ZN7FatFile13addDirClusterEv+0x32>
    return m_bytesPerSector << m_sectorsPerClusterShift;
   b809c:	7982      	ldrb	r2, [r0, #6]
   b809e:	f44f 7300 	mov.w	r3, #512	; 0x200
   b80a2:	4093      	lsls	r3, r2
  m_curPosition += m_vol->bytesPerCluster();
   b80a4:	6962      	ldr	r2, [r4, #20]
   b80a6:	fa12 f383 	uxtah	r3, r2, r3
   b80aa:	6163      	str	r3, [r4, #20]
  return true;
   b80ac:	e7d1      	b.n	b8052 <_ZN7FatFile13addDirClusterEv+0xe>
   b80ae:	bf00      	nop
   b80b0:	001ffe00 	.word	0x001ffe00

000b80b4 <_ZN7FatFile13cacheDirEntryEh>:
DirFat_t* FatFile::cacheDirEntry(uint8_t action) {
   b80b4:	b510      	push	{r4, lr}
   b80b6:	4604      	mov	r4, r0
    return m_cache.prepare(sector, options);
   b80b8:	6880      	ldr	r0, [r0, #8]
   b80ba:	460a      	mov	r2, r1
   b80bc:	3024      	adds	r0, #36	; 0x24
   b80be:	69a1      	ldr	r1, [r4, #24]
   b80c0:	f001 ff70 	bl	b9fa4 <_ZN7FsCache7prepareEmh>
  if (!dir) {
   b80c4:	b120      	cbz	r0, b80d0 <_ZN7FatFile13cacheDirEntryEh+0x1c>
  return dir + (m_dirIndex & 0XF);
   b80c6:	88a3      	ldrh	r3, [r4, #4]
   b80c8:	f003 030f 	and.w	r3, r3, #15
   b80cc:	eb00 1043 	add.w	r0, r0, r3, lsl #5
}
   b80d0:	bd10      	pop	{r4, pc}

000b80d2 <_ZN7FatFile8openRootEP9FatVolume>:
  if (isOpen()) {
   b80d2:	7803      	ldrb	r3, [r0, #0]
   b80d4:	b90b      	cbnz	r3, b80da <_ZN7FatFile8openRootEP9FatVolume+0x8>
   b80d6:	f7ff bf77 	b.w	b7fc8 <_ZN7FatFile8openRootEP9FatVolume.part.0>
}
   b80da:	2000      	movs	r0, #0
   b80dc:	4770      	bx	lr

000b80de <_ZN7FatFile4readEPvj>:

fail:
  return false;
}
//------------------------------------------------------------------------------
int FatFile::read(void* buf, size_t nbyte) {
   b80de:	e92d 4ff0 	stmdb	sp!, {r4, r5, r6, r7, r8, r9, sl, fp, lr}
   b80e2:	ed2d 8b02 	vpush	{d8}
  bool isReadable() const { return m_flags & FILE_FLAG_READ; }
   b80e6:	7883      	ldrb	r3, [r0, #2]
   b80e8:	4604      	mov	r4, r0
  uint16_t offset;
  size_t toRead;
  uint32_t sector;  // raw device sector number
  uint8_t* pc;
  // error if not open for read
  if (!isReadable()) {
   b80ea:	07d8      	lsls	r0, r3, #31
int FatFile::read(void* buf, size_t nbyte) {
   b80ec:	b083      	sub	sp, #12
   b80ee:	4688      	mov	r8, r1
   b80f0:	4615      	mov	r5, r2
  if (!isReadable()) {
   b80f2:	d56c      	bpl.n	b81ce <_ZN7FatFile4readEPvj+0xf0>
  bool isFile() const { return m_attributes & FILE_ATTR_FILE; }
   b80f4:	7823      	ldrb	r3, [r4, #0]
    DBG_FAIL_MACRO;
    goto fail;
  }

  if (isFile()) {
   b80f6:	0719      	lsls	r1, r3, #28
   b80f8:	d533      	bpl.n	b8162 <_ZN7FatFile4readEPvj+0x84>
    uint32_t tmp32 = m_fileSize - m_curPosition;
   b80fa:	69e3      	ldr	r3, [r4, #28]
   b80fc:	6962      	ldr	r2, [r4, #20]
   b80fe:	1a9b      	subs	r3, r3, r2
   b8100:	429d      	cmp	r5, r3
   b8102:	bf28      	it	cs
   b8104:	461d      	movcs	r5, r3
        } else if (isFile() && isContiguous()) {
          m_curCluster++;
#endif  // USE_FAT_FILE_FLAG_CONTIGUOUS
        } else {
          // get next cluster from FAT
          fg = m_vol->fatGet(m_curCluster, &m_curCluster);
   b8106:	f104 0310 	add.w	r3, r4, #16
   b810a:	ee08 3a10 	vmov	s16, r3
  toRead = nbyte;
   b810e:	462e      	mov	r6, r5
  uint8_t sectorOfCluster = 0;
   b8110:	f04f 0900 	mov.w	r9, #0
  while (toRead) {
   b8114:	2e00      	cmp	r6, #0
   b8116:	f000 80a0 	beq.w	b825a <_ZN7FatFile4readEPvj+0x17c>
  bool isRootFixed() const { return m_attributes & FILE_ATTR_ROOT_FIXED; }
   b811a:	7822      	ldrb	r2, [r4, #0]
    offset = m_curPosition & m_vol->sectorMask();  // offset in sector
   b811c:	6967      	ldr	r7, [r4, #20]
   b811e:	68a0      	ldr	r0, [r4, #8]
    if (isRootFixed()) {
   b8120:	0653      	lsls	r3, r2, #25
    offset = m_curPosition & m_vol->sectorMask();  // offset in sector
   b8122:	f3c7 0b08 	ubfx	fp, r7, #0, #9
               (m_curPosition >> m_vol->bytesPerSectorShift());
   b8126:	ea4f 2157 	mov.w	r1, r7, lsr #9
    if (isRootFixed()) {
   b812a:	d523      	bpl.n	b8174 <_ZN7FatFile4readEPvj+0x96>
      sector = m_vol->rootDirStart() +
   b812c:	6a02      	ldr	r2, [r0, #32]
   b812e:	4411      	add	r1, r2
          }
        }
      }
      sector = m_vol->clusterStartSector(m_curCluster) + sectorOfCluster;
    }
    if (offset != 0 || toRead < m_vol->bytesPerSector() ||
   b8130:	f8d4 a008 	ldr.w	sl, [r4, #8]
   b8134:	f1bb 0f00 	cmp.w	fp, #0
   b8138:	d150      	bne.n	b81dc <_ZN7FatFile4readEPvj+0xfe>
   b813a:	f5b6 7f00 	cmp.w	r6, #512	; 0x200
   b813e:	d34d      	bcc.n	b81dc <_ZN7FatFile4readEPvj+0xfe>
  uint32_t sector() { return m_sector; }
   b8140:	f8da 202c 	ldr.w	r2, [sl, #44]	; 0x2c
   b8144:	4291      	cmp	r1, r2
   b8146:	d049      	beq.n	b81dc <_ZN7FatFile4readEPvj+0xfe>
        goto fail;
      }
      uint8_t* src = pc + offset;
      memcpy(dst, src, n);
#if USE_MULTI_SECTOR_IO
    } else if (toRead >= 2 * m_vol->bytesPerSector()) {
   b8148:	f5b6 6f80 	cmp.w	r6, #1024	; 0x400
   b814c:	d25f      	bcs.n	b820e <_ZN7FatFile4readEPvj+0x130>
    return m_blockDev->readSector(sector, dst);
   b814e:	f8da 0028 	ldr.w	r0, [sl, #40]	; 0x28
   b8152:	4642      	mov	r2, r8
   b8154:	f001 fec8 	bl	b9ee8 <_ZN16DedicatedSpiCard10readSectorEmPh>
      }
#endif  // USE_MULTI_SECTOR_IO
    } else {
      // read single sector
      n = m_vol->bytesPerSector();
      if (!m_vol->cacheSafeRead(sector, dst)) {
   b8158:	2800      	cmp	r0, #0
   b815a:	d038      	beq.n	b81ce <_ZN7FatFile4readEPvj+0xf0>
      n = m_vol->bytesPerSector();
   b815c:	f44f 7700 	mov.w	r7, #512	; 0x200
   b8160:	e04f      	b.n	b8202 <_ZN7FatFile4readEPvj+0x124>
  } else if (isRootFixed()) {
   b8162:	065a      	lsls	r2, r3, #25
   b8164:	d5cf      	bpl.n	b8106 <_ZN7FatFile4readEPvj+0x28>
        FS_DIR_SIZE * m_vol->m_rootDirEntryCount - (uint16_t)m_curPosition;
   b8166:	68a3      	ldr	r3, [r4, #8]
   b8168:	891a      	ldrh	r2, [r3, #8]
   b816a:	6963      	ldr	r3, [r4, #20]
    uint16_t tmp16 =
   b816c:	ebc3 1342 	rsb	r3, r3, r2, lsl #5
    if (nbyte > tmp16) {
   b8170:	b29b      	uxth	r3, r3
   b8172:	e7c5      	b.n	b8100 <_ZN7FatFile4readEPvj+0x22>
    return (position >> 9) & m_clusterSectorMask;
   b8174:	f890 9005 	ldrb.w	r9, [r0, #5]
   b8178:	ea09 0901 	and.w	r9, r9, r1
      if (offset == 0 && sectorOfCluster == 0) {
   b817c:	f1bb 0f00 	cmp.w	fp, #0
   b8180:	d108      	bne.n	b8194 <_ZN7FatFile4readEPvj+0xb6>
   b8182:	f1b9 0f00 	cmp.w	r9, #0
   b8186:	d105      	bne.n	b8194 <_ZN7FatFile4readEPvj+0xb6>
        if (m_curPosition == 0) {
   b8188:	b96f      	cbnz	r7, b81a6 <_ZN7FatFile4readEPvj+0xc8>
          m_curCluster = isRoot32() ? m_vol->rootDirStart() : m_firstCluster;
   b818a:	0612      	lsls	r2, r2, #24
  uint32_t rootDirStart() const { return m_rootDirStart; }
   b818c:	bf4c      	ite	mi
   b818e:	6a02      	ldrmi	r2, [r0, #32]
   b8190:	6a22      	ldrpl	r2, [r4, #32]
   b8192:	6122      	str	r2, [r4, #16]
      sector = m_vol->clusterStartSector(m_curCluster) + sectorOfCluster;
   b8194:	68a2      	ldr	r2, [r4, #8]
    return m_dataStartSector + ((cluster - 2) << m_sectorsPerClusterShift);
   b8196:	6921      	ldr	r1, [r4, #16]
   b8198:	7990      	ldrb	r0, [r2, #6]
   b819a:	6952      	ldr	r2, [r2, #20]
   b819c:	3902      	subs	r1, #2
   b819e:	4081      	lsls	r1, r0
   b81a0:	4411      	add	r1, r2
   b81a2:	4449      	add	r1, r9
   b81a4:	e7c4      	b.n	b8130 <_ZN7FatFile4readEPvj+0x52>
        } else if (isFile() && isContiguous()) {
   b81a6:	0713      	lsls	r3, r2, #28
          m_curCluster++;
   b81a8:	6921      	ldr	r1, [r4, #16]
        } else if (isFile() && isContiguous()) {
   b81aa:	d505      	bpl.n	b81b8 <_ZN7FatFile4readEPvj+0xda>
   b81ac:	78a2      	ldrb	r2, [r4, #2]
   b81ae:	0657      	lsls	r7, r2, #25
   b81b0:	d502      	bpl.n	b81b8 <_ZN7FatFile4readEPvj+0xda>
          m_curCluster++;
   b81b2:	3101      	adds	r1, #1
   b81b4:	6121      	str	r1, [r4, #16]
   b81b6:	e7ed      	b.n	b8194 <_ZN7FatFile4readEPvj+0xb6>
          fg = m_vol->fatGet(m_curCluster, &m_curCluster);
   b81b8:	ee18 2a10 	vmov	r2, s16
   b81bc:	f7ff fdc0 	bl	b7d40 <_ZN12FatPartition6fatGetEmPm>
          if (fg < 0) {
   b81c0:	2800      	cmp	r0, #0
   b81c2:	db04      	blt.n	b81ce <_ZN7FatFile4readEPvj+0xf0>
          if (fg == 0) {
   b81c4:	d1e6      	bne.n	b8194 <_ZN7FatFile4readEPvj+0xb6>
            if (isDir()) {
   b81c6:	7823      	ldrb	r3, [r4, #0]
   b81c8:	f013 0fd0 	tst.w	r3, #208	; 0xd0
   b81cc:	d145      	bne.n	b825a <_ZN7FatFile4readEPvj+0x17c>
    toRead -= n;
  }
  return nbyte - toRead;

fail:
  m_error |= READ_ERROR;
   b81ce:	7863      	ldrb	r3, [r4, #1]
   b81d0:	f043 0302 	orr.w	r3, r3, #2
   b81d4:	7063      	strb	r3, [r4, #1]
  return -1;
   b81d6:	f04f 30ff 	mov.w	r0, #4294967295
   b81da:	e03f      	b.n	b825c <_ZN7FatFile4readEPvj+0x17e>
      n = m_vol->bytesPerSector() - offset;
   b81dc:	f5cb 7700 	rsb	r7, fp, #512	; 0x200
      if (n > toRead) {
   b81e0:	42b7      	cmp	r7, r6
    return m_cache.prepare(sector, options);
   b81e2:	f04f 0200 	mov.w	r2, #0
   b81e6:	f10a 0024 	add.w	r0, sl, #36	; 0x24
   b81ea:	bf28      	it	cs
   b81ec:	4637      	movcs	r7, r6
   b81ee:	f001 fed9 	bl	b9fa4 <_ZN7FsCache7prepareEmh>
      if (!pc) {
   b81f2:	2800      	cmp	r0, #0
   b81f4:	d0eb      	beq.n	b81ce <_ZN7FatFile4readEPvj+0xf0>
      memcpy(dst, src, n);
   b81f6:	eb00 010b 	add.w	r1, r0, fp
   b81fa:	463a      	mov	r2, r7
   b81fc:	4640      	mov	r0, r8
   b81fe:	f003 fba0 	bl	bb942 <memcpy>
    m_curPosition += n;
   b8202:	6963      	ldr	r3, [r4, #20]
   b8204:	443b      	add	r3, r7
    dst += n;
   b8206:	44b8      	add	r8, r7
    m_curPosition += n;
   b8208:	6163      	str	r3, [r4, #20]
    toRead -= n;
   b820a:	1bf6      	subs	r6, r6, r7
  while (toRead) {
   b820c:	e782      	b.n	b8114 <_ZN7FatFile4readEPvj+0x36>
      if (!isRootFixed()) {
   b820e:	7820      	ldrb	r0, [r4, #0]
   b8210:	0640      	lsls	r0, r0, #25
      uint32_t ns = toRead >> m_vol->bytesPerSectorShift();
   b8212:	ea4f 2356 	mov.w	r3, r6, lsr #9
      if (!isRootFixed()) {
   b8216:	d406      	bmi.n	b8226 <_ZN7FatFile4readEPvj+0x148>
        uint32_t mb = m_vol->sectorsPerCluster() - sectorOfCluster;
   b8218:	f89a 0004 	ldrb.w	r0, [sl, #4]
   b821c:	eba0 0009 	sub.w	r0, r0, r9
   b8220:	4283      	cmp	r3, r0
   b8222:	bf28      	it	cs
   b8224:	4603      	movcs	r3, r0
    return sector <= m_sector && m_sector < (sector + count);
   b8226:	4291      	cmp	r1, r2
      n = ns << m_vol->bytesPerSectorShift();
   b8228:	ea4f 2743 	mov.w	r7, r3, lsl #9
   b822c:	d907      	bls.n	b823e <_ZN7FatFile4readEPvj+0x160>
    return m_blockDev->readSectors(sector, dst, count);
   b822e:	f8da 0028 	ldr.w	r0, [sl, #40]	; 0x28
   b8232:	4642      	mov	r2, r8
   b8234:	f001 fe2b 	bl	b9e8e <_ZN16DedicatedSpiCard11readSectorsEmPhj>
      if (!m_vol->cacheSafeRead(sector, dst, ns)) {
   b8238:	2800      	cmp	r0, #0
   b823a:	d1e2      	bne.n	b8202 <_ZN7FatFile4readEPvj+0x124>
   b823c:	e7c7      	b.n	b81ce <_ZN7FatFile4readEPvj+0xf0>
    return sector <= m_sector && m_sector < (sector + count);
   b823e:	18c8      	adds	r0, r1, r3
   b8240:	4282      	cmp	r2, r0
   b8242:	d2f4      	bcs.n	b822e <_ZN7FatFile4readEPvj+0x150>
    if (isCached(sector, count) && !sync()) {
   b8244:	f10a 0024 	add.w	r0, sl, #36	; 0x24
   b8248:	e9cd 1300 	strd	r1, r3, [sp]
   b824c:	f001 fe84 	bl	b9f58 <_ZN7FsCache4syncEv>
   b8250:	e9dd 1300 	ldrd	r1, r3, [sp]
   b8254:	2800      	cmp	r0, #0
   b8256:	d1ea      	bne.n	b822e <_ZN7FatFile4readEPvj+0x150>
   b8258:	e7b9      	b.n	b81ce <_ZN7FatFile4readEPvj+0xf0>
  return nbyte - toRead;
   b825a:	1ba8      	subs	r0, r5, r6
}
   b825c:	b003      	add	sp, #12
   b825e:	ecbd 8b02 	vpop	{d8}
   b8262:	e8bd 8ff0 	ldmia.w	sp!, {r4, r5, r6, r7, r8, r9, sl, fp, pc}

000b8266 <_ZN7FatFile12readDirCacheEb>:
  }
}
//------------------------------------------------------------------------------
// Read next directory entry into the cache.
// Assumes file is correctly positioned.
DirFat_t* FatFile::readDirCache(bool skipReadOk) {
   b8266:	b537      	push	{r0, r1, r2, r4, r5, lr}
  DBG_HALT_IF(m_curPosition & 0X1F);
  uint8_t i = (m_curPosition >> 5) & 0XF;
   b8268:	6943      	ldr	r3, [r0, #20]

  if (i == 0 || !skipReadOk) {
   b826a:	f413 7ff0 	tst.w	r3, #480	; 0x1e0
DirFat_t* FatFile::readDirCache(bool skipReadOk) {
   b826e:	4604      	mov	r4, r0
  uint8_t i = (m_curPosition >> 5) & 0XF;
   b8270:	f3c3 1543 	ubfx	r5, r3, #5, #4
  if (i == 0 || !skipReadOk) {
   b8274:	d000      	beq.n	b8278 <_ZN7FatFile12readDirCacheEb+0x12>
   b8276:	b999      	cbnz	r1, b82a0 <_ZN7FatFile12readDirCacheEb+0x3a>
    int8_t n = read(&n, 1);
   b8278:	2201      	movs	r2, #1
   b827a:	f10d 0107 	add.w	r1, sp, #7
   b827e:	4620      	mov	r0, r4
   b8280:	f7ff ff2d 	bl	b80de <_ZN7FatFile4readEPvj>
    if (n != 1) {
   b8284:	b240      	sxtb	r0, r0
   b8286:	2801      	cmp	r0, #1
   b8288:	d002      	beq.n	b8290 <_ZN7FatFile12readDirCacheEb+0x2a>
  }
  // return pointer to entry
  return reinterpret_cast<DirFat_t*>(m_vol->cacheAddress()) + i;

fail:
  return nullptr;
   b828a:	2000      	movs	r0, #0
}
   b828c:	b003      	add	sp, #12
   b828e:	bd30      	pop	{r4, r5, pc}
    m_curPosition += FS_DIR_SIZE - 1;
   b8290:	6963      	ldr	r3, [r4, #20]
   b8292:	331f      	adds	r3, #31
  uint8_t* cacheBuffer() { return m_buffer; }
   b8294:	68a0      	ldr	r0, [r4, #8]
    m_curPosition += FS_DIR_SIZE;
   b8296:	6163      	str	r3, [r4, #20]
   b8298:	3034      	adds	r0, #52	; 0x34
  return reinterpret_cast<DirFat_t*>(m_vol->cacheAddress()) + i;
   b829a:	eb00 1045 	add.w	r0, r0, r5, lsl #5
   b829e:	e7f5      	b.n	b828c <_ZN7FatFile12readDirCacheEb+0x26>
    m_curPosition += FS_DIR_SIZE;
   b82a0:	3320      	adds	r3, #32
   b82a2:	e7f7      	b.n	b8294 <_ZN7FatFile12readDirCacheEb+0x2e>

000b82a4 <_ZN7FatFile7seekSetEm>:

fail:
  return false;
}
//------------------------------------------------------------------------------
bool FatFile::seekSet(uint32_t pos) {
   b82a4:	e92d 41f0 	stmdb	sp!, {r4, r5, r6, r7, r8, lr}
   b82a8:	460d      	mov	r5, r1
  bool isOpen() const { return m_attributes; }
   b82aa:	7801      	ldrb	r1, [r0, #0]
  uint32_t nCur;
  uint32_t nNew;
  uint32_t tmp = m_curCluster;
   b82ac:	6907      	ldr	r7, [r0, #16]
bool FatFile::seekSet(uint32_t pos) {
   b82ae:	4604      	mov	r4, r0
  // error if file not open
  if (!isOpen()) {
   b82b0:	b181      	cbz	r1, b82d4 <_ZN7FatFile7seekSetEm+0x30>
    DBG_FAIL_MACRO;
    goto fail;
  }
  // Optimize O_APPEND writes.
  if (pos == m_curPosition) {
   b82b2:	6940      	ldr	r0, [r0, #20]
   b82b4:	42a8      	cmp	r0, r5
   b82b6:	d006      	beq.n	b82c6 <_ZN7FatFile7seekSetEm+0x22>
    return true;
  }
  if (pos == 0) {
   b82b8:	b93d      	cbnz	r5, b82ca <_ZN7FatFile7seekSetEm+0x26>
    // set position to start of file
    m_curCluster = 0;
   b82ba:	6125      	str	r5, [r4, #16]
    }
  }

done:
  m_curPosition = pos;
  m_flags &= ~FILE_FLAG_PREALLOCATE;
   b82bc:	78a3      	ldrb	r3, [r4, #2]
  m_curPosition = pos;
   b82be:	6165      	str	r5, [r4, #20]
  m_flags &= ~FILE_FLAG_PREALLOCATE;
   b82c0:	f023 0320 	bic.w	r3, r3, #32
   b82c4:	70a3      	strb	r3, [r4, #2]
    return true;
   b82c6:	2001      	movs	r0, #1
   b82c8:	e006      	b.n	b82d8 <_ZN7FatFile7seekSetEm+0x34>
  if (isFile()) {
   b82ca:	070b      	lsls	r3, r1, #28
   b82cc:	d506      	bpl.n	b82dc <_ZN7FatFile7seekSetEm+0x38>
    if (pos > m_fileSize) {
   b82ce:	69e3      	ldr	r3, [r4, #28]
   b82d0:	42ab      	cmp	r3, r5
   b82d2:	d20b      	bcs.n	b82ec <_ZN7FatFile7seekSetEm+0x48>
  return true;

fail:
  m_curCluster = tmp;
   b82d4:	6127      	str	r7, [r4, #16]
  return false;
   b82d6:	2000      	movs	r0, #0
}
   b82d8:	e8bd 81f0 	ldmia.w	sp!, {r4, r5, r6, r7, r8, pc}
  } else if (isRootFixed()) {
   b82dc:	064e      	lsls	r6, r1, #25
   b82de:	d505      	bpl.n	b82ec <_ZN7FatFile7seekSetEm+0x48>
  uint16_t rootDirEntryCount() const { return m_rootDirEntryCount; }
   b82e0:	68a3      	ldr	r3, [r4, #8]
    if (pos <= FS_DIR_SIZE * m_vol->rootDirEntryCount()) {
   b82e2:	891b      	ldrh	r3, [r3, #8]
   b82e4:	ebb5 1f43 	cmp.w	r5, r3, lsl #5
   b82e8:	d9e8      	bls.n	b82bc <_ZN7FatFile7seekSetEm+0x18>
   b82ea:	e7f3      	b.n	b82d4 <_ZN7FatFile7seekSetEm+0x30>
  nNew = (pos - 1) >> (m_vol->bytesPerClusterShift());
   b82ec:	f8d4 c008 	ldr.w	ip, [r4, #8]
  if (isContiguous()) {
   b82f0:	78a2      	ldrb	r2, [r4, #2]
    return m_sectorsPerClusterShift + m_bytesPerSectorShift;
   b82f2:	f89c 3006 	ldrb.w	r3, [ip, #6]
   b82f6:	3309      	adds	r3, #9
  nNew = (pos - 1) >> (m_vol->bytesPerClusterShift());
   b82f8:	b2db      	uxtb	r3, r3
   b82fa:	1e6e      	subs	r6, r5, #1
  if (isContiguous()) {
   b82fc:	0652      	lsls	r2, r2, #25
  nNew = (pos - 1) >> (m_vol->bytesPerClusterShift());
   b82fe:	fa26 f603 	lsr.w	r6, r6, r3
  if (isContiguous()) {
   b8302:	d503      	bpl.n	b830c <_ZN7FatFile7seekSetEm+0x68>
    m_curCluster = m_firstCluster + nNew;
   b8304:	6a23      	ldr	r3, [r4, #32]
   b8306:	4433      	add	r3, r6
   b8308:	6123      	str	r3, [r4, #16]
    goto done;
   b830a:	e7d7      	b.n	b82bc <_ZN7FatFile7seekSetEm+0x18>
  nCur = (m_curPosition - 1) >> (m_vol->bytesPerClusterShift());
   b830c:	1e42      	subs	r2, r0, #1
   b830e:	fa22 f303 	lsr.w	r3, r2, r3
  if (nNew < nCur || m_curPosition == 0) {
   b8312:	429e      	cmp	r6, r3
   b8314:	d300      	bcc.n	b8318 <_ZN7FatFile7seekSetEm+0x74>
   b8316:	b998      	cbnz	r0, b8340 <_ZN7FatFile7seekSetEm+0x9c>
    m_curCluster = isRoot32() ? m_vol->rootDirStart() : m_firstCluster;
   b8318:	060b      	lsls	r3, r1, #24
  uint32_t rootDirStart() const { return m_rootDirStart; }
   b831a:	bf4c      	ite	mi
   b831c:	f8dc 3020 	ldrmi.w	r3, [ip, #32]
   b8320:	6a23      	ldrpl	r3, [r4, #32]
   b8322:	6123      	str	r3, [r4, #16]
    if (m_vol->fatGet(m_curCluster, &m_curCluster) <= 0) {
   b8324:	f104 0810 	add.w	r8, r4, #16
  while (nNew--) {
   b8328:	2e00      	cmp	r6, #0
   b832a:	d0c7      	beq.n	b82bc <_ZN7FatFile7seekSetEm+0x18>
    if (m_vol->fatGet(m_curCluster, &m_curCluster) <= 0) {
   b832c:	6921      	ldr	r1, [r4, #16]
   b832e:	68a0      	ldr	r0, [r4, #8]
   b8330:	4642      	mov	r2, r8
   b8332:	f7ff fd05 	bl	b7d40 <_ZN12FatPartition6fatGetEmPm>
   b8336:	2800      	cmp	r0, #0
   b8338:	f106 36ff 	add.w	r6, r6, #4294967295
   b833c:	dcf4      	bgt.n	b8328 <_ZN7FatFile7seekSetEm+0x84>
   b833e:	e7c9      	b.n	b82d4 <_ZN7FatFile7seekSetEm+0x30>
    nNew -= nCur;
   b8340:	1af6      	subs	r6, r6, r3
   b8342:	e7ef      	b.n	b8324 <_ZN7FatFile7seekSetEm+0x80>

000b8344 <_ZN7FatFile15openCachedEntryEPS_tih>:
                              oflag_t oflag, uint8_t lfnOrd) {
   b8344:	b5f8      	push	{r3, r4, r5, r6, r7, lr}
   b8346:	460f      	mov	r7, r1
   b8348:	4616      	mov	r6, r2
  memset(this, 0, sizeof(FatFile));
   b834a:	2100      	movs	r1, #0
   b834c:	2224      	movs	r2, #36	; 0x24
                              oflag_t oflag, uint8_t lfnOrd) {
   b834e:	4604      	mov	r4, r0
   b8350:	461d      	mov	r5, r3
  memset(this, 0, sizeof(FatFile));
   b8352:	f003 fb04 	bl	bb95e <memset>
  m_vol = dirFile->m_vol;
   b8356:	68b8      	ldr	r0, [r7, #8]
   b8358:	60a0      	str	r0, [r4, #8]
  m_dirIndex = dirIndex;
   b835a:	80a6      	strh	r6, [r4, #4]
   b835c:	f100 0234 	add.w	r2, r0, #52	; 0x34
  dir += 0XF & dirIndex;
   b8360:	f006 060f 	and.w	r6, r6, #15
  m_dirCluster = dirFile->m_firstCluster;
   b8364:	6a3b      	ldr	r3, [r7, #32]
   b8366:	60e3      	str	r3, [r4, #12]
  dir += 0XF & dirIndex;
   b8368:	eb02 1246 	add.w	r2, r2, r6, lsl #5
  return (dir->attributes & FAT_ATTRIB_LABEL) == 0;
   b836c:	7ad3      	ldrb	r3, [r2, #11]
  if (!isFatFileOrSubdir(dir)) {
   b836e:	0719      	lsls	r1, r3, #28
   b8370:	d43f      	bmi.n	b83f2 <_ZN7FatFile15openCachedEntryEPS_tih+0xae>
  m_attributes = dir->attributes & FS_ATTRIB_COPY;
   b8372:	f003 0337 	and.w	r3, r3, #55	; 0x37
   b8376:	7023      	strb	r3, [r4, #0]
  if (isFatFile(dir)) {
   b8378:	7ad1      	ldrb	r1, [r2, #11]
   b837a:	f011 0f18 	tst.w	r1, #24
    m_attributes |= FILE_ATTR_FILE;
   b837e:	bf04      	itt	eq
   b8380:	f043 0308 	orreq.w	r3, r3, #8
   b8384:	7023      	strbeq	r3, [r4, #0]
  m_lfnOrd = lfnOrd;
   b8386:	f89d 3018 	ldrb.w	r3, [sp, #24]
   b838a:	70e3      	strb	r3, [r4, #3]
  switch (oflag & O_ACCMODE) {
   b838c:	f005 0303 	and.w	r3, r5, #3
   b8390:	2b01      	cmp	r3, #1
   b8392:	d028      	beq.n	b83e6 <_ZN7FatFile15openCachedEntryEPS_tih+0xa2>
   b8394:	2b02      	cmp	r3, #2
   b8396:	d024      	beq.n	b83e2 <_ZN7FatFile15openCachedEntryEPS_tih+0x9e>
   b8398:	bb5b      	cbnz	r3, b83f2 <_ZN7FatFile15openCachedEntryEPS_tih+0xae>
      if (oflag & O_TRUNC) {
   b839a:	056b      	lsls	r3, r5, #21
   b839c:	d429      	bmi.n	b83f2 <_ZN7FatFile15openCachedEntryEPS_tih+0xae>
      m_flags = FILE_FLAG_READ;
   b839e:	2301      	movs	r3, #1
      m_flags = FILE_FLAG_WRITE;
   b83a0:	70a3      	strb	r3, [r4, #2]
  if (m_flags & FILE_FLAG_WRITE) {
   b83a2:	78a1      	ldrb	r1, [r4, #2]
   b83a4:	078f      	lsls	r7, r1, #30
   b83a6:	d507      	bpl.n	b83b8 <_ZN7FatFile15openCachedEntryEPS_tih+0x74>
  bool isSubDir() const { return m_attributes & FILE_ATTR_SUBDIR; }
   b83a8:	7823      	ldrb	r3, [r4, #0]
    if (isSubDir() || isReadOnly()) {
   b83aa:	06de      	lsls	r6, r3, #27
   b83ac:	d421      	bmi.n	b83f2 <_ZN7FatFile15openCachedEntryEPS_tih+0xae>
   b83ae:	07df      	lsls	r7, r3, #31
   b83b0:	d41f      	bmi.n	b83f2 <_ZN7FatFile15openCachedEntryEPS_tih+0xae>
    m_attributes |= FS_ATTRIB_ARCHIVE;
   b83b2:	f043 0320 	orr.w	r3, r3, #32
   b83b6:	7023      	strb	r3, [r4, #0]
  m_flags |= (oflag & O_APPEND ? FILE_FLAG_APPEND : 0);
   b83b8:	f005 0308 	and.w	r3, r5, #8
   b83bc:	430b      	orrs	r3, r1
   b83be:	70a3      	strb	r3, [r4, #2]
  uint32_t sector() { return m_sector; }
   b83c0:	6ac3      	ldr	r3, [r0, #44]	; 0x2c
  m_dirSector = m_vol->cacheSectorNumber();
   b83c2:	61a3      	str	r3, [r4, #24]
  firstCluster = ((uint32_t)getLe16(dir->firstClusterHigh) << 16) |
   b83c4:	8a93      	ldrh	r3, [r2, #20]
                 getLe16(dir->firstClusterLow);
   b83c6:	8b51      	ldrh	r1, [r2, #26]
  if (oflag & O_TRUNC) {
   b83c8:	056e      	lsls	r6, r5, #21
  firstCluster = ((uint32_t)getLe16(dir->firstClusterHigh) << 16) |
   b83ca:	ea41 4103 	orr.w	r1, r1, r3, lsl #16
  if (oflag & O_TRUNC) {
   b83ce:	d514      	bpl.n	b83fa <_ZN7FatFile15openCachedEntryEPS_tih+0xb6>
    if (firstCluster && !m_vol->freeChain(firstCluster)) {
   b83d0:	b959      	cbnz	r1, b83ea <_ZN7FatFile15openCachedEntryEPS_tih+0xa6>
    m_flags |= FILE_FLAG_DIR_DIRTY;
   b83d2:	78a3      	ldrb	r3, [r4, #2]
   b83d4:	f063 037f 	orn	r3, r3, #127	; 0x7f
   b83d8:	70a3      	strb	r3, [r4, #2]
  if ((oflag & O_AT_END) && !seekSet(m_fileSize)) {
   b83da:	046b      	lsls	r3, r5, #17
   b83dc:	d411      	bmi.n	b8402 <_ZN7FatFile15openCachedEntryEPS_tih+0xbe>
  return true;
   b83de:	2001      	movs	r0, #1
}
   b83e0:	bdf8      	pop	{r3, r4, r5, r6, r7, pc}
      m_flags = FILE_FLAG_READ | FILE_FLAG_WRITE;
   b83e2:	2303      	movs	r3, #3
   b83e4:	e7dc      	b.n	b83a0 <_ZN7FatFile15openCachedEntryEPS_tih+0x5c>
      m_flags = FILE_FLAG_WRITE;
   b83e6:	2302      	movs	r3, #2
   b83e8:	e7da      	b.n	b83a0 <_ZN7FatFile15openCachedEntryEPS_tih+0x5c>
    if (firstCluster && !m_vol->freeChain(firstCluster)) {
   b83ea:	f7ff fd49 	bl	b7e80 <_ZN12FatPartition9freeChainEm>
   b83ee:	2800      	cmp	r0, #0
   b83f0:	d1ef      	bne.n	b83d2 <_ZN7FatFile15openCachedEntryEPS_tih+0x8e>
  m_attributes = FILE_ATTR_CLOSED;
   b83f2:	2000      	movs	r0, #0
   b83f4:	7020      	strb	r0, [r4, #0]
  m_flags = 0;
   b83f6:	70a0      	strb	r0, [r4, #2]
  return false;
   b83f8:	e7f2      	b.n	b83e0 <_ZN7FatFile15openCachedEntryEPS_tih+0x9c>
    m_firstCluster = firstCluster;
   b83fa:	6221      	str	r1, [r4, #32]
  return *reinterpret_cast<const uint32_t*>(src);
   b83fc:	69d3      	ldr	r3, [r2, #28]
    m_fileSize = getLe32(dir->fileSize);
   b83fe:	61e3      	str	r3, [r4, #28]
   b8400:	e7eb      	b.n	b83da <_ZN7FatFile15openCachedEntryEPS_tih+0x96>
  if ((oflag & O_AT_END) && !seekSet(m_fileSize)) {
   b8402:	69e1      	ldr	r1, [r4, #28]
   b8404:	4620      	mov	r0, r4
   b8406:	f7ff ff4d 	bl	b82a4 <_ZN7FatFile7seekSetEm>
   b840a:	2800      	cmp	r0, #0
   b840c:	d1e7      	bne.n	b83de <_ZN7FatFile15openCachedEntryEPS_tih+0x9a>
   b840e:	e7f0      	b.n	b83f2 <_ZN7FatFile15openCachedEntryEPS_tih+0xae>

000b8410 <_ZN7FatFile4syncEv>:
//------------------------------------------------------------------------------
bool FatFile::sync() {
   b8410:	b537      	push	{r0, r1, r2, r4, r5, lr}
  uint16_t date, time;
  uint8_t ms10;
  if (!isOpen()) {
   b8412:	7803      	ldrb	r3, [r0, #0]
bool FatFile::sync() {
   b8414:	4604      	mov	r4, r0
  if (!isOpen()) {
   b8416:	2b00      	cmp	r3, #0
   b8418:	d039      	beq.n	b848e <_ZN7FatFile4syncEv+0x7e>
    return true;
  }
  if (m_flags & FILE_FLAG_DIR_DIRTY) {
   b841a:	f990 3002 	ldrsb.w	r3, [r0, #2]
   b841e:	2b00      	cmp	r3, #0
   b8420:	da2f      	bge.n	b8482 <_ZN7FatFile4syncEv+0x72>
    DirFat_t* dir = cacheDirEntry(FsCache::CACHE_FOR_WRITE);
   b8422:	2101      	movs	r1, #1
   b8424:	f7ff fe46 	bl	b80b4 <_ZN7FatFile13cacheDirEntryEh>
    // check for deleted by another open file object
    if (!dir || dir->name[0] == FAT_NAME_DELETED) {
   b8428:	4605      	mov	r5, r0
   b842a:	b930      	cbnz	r0, b843a <_ZN7FatFile4syncEv+0x2a>
    return true;
  }
  DBG_FAIL_MACRO;

fail:
  m_error |= WRITE_ERROR;
   b842c:	7863      	ldrb	r3, [r4, #1]
   b842e:	f043 0301 	orr.w	r3, r3, #1
   b8432:	7063      	strb	r3, [r4, #1]
  return false;
   b8434:	2000      	movs	r0, #0
}
   b8436:	b003      	add	sp, #12
   b8438:	bd30      	pop	{r4, r5, pc}
    if (!dir || dir->name[0] == FAT_NAME_DELETED) {
   b843a:	7803      	ldrb	r3, [r0, #0]
   b843c:	2be5      	cmp	r3, #229	; 0xe5
   b843e:	d0f5      	beq.n	b842c <_ZN7FatFile4syncEv+0x1c>
    dir->attributes = m_attributes & FS_ATTRIB_COPY;
   b8440:	7823      	ldrb	r3, [r4, #0]
   b8442:	f003 0337 	and.w	r3, r3, #55	; 0x37
   b8446:	72c3      	strb	r3, [r0, #11]
    if (isFile()) {
   b8448:	7823      	ldrb	r3, [r4, #0]
   b844a:	071b      	lsls	r3, r3, #28
      setLe32(dir->fileSize, m_fileSize);
   b844c:	bf44      	itt	mi
   b844e:	69e3      	ldrmi	r3, [r4, #28]
  *reinterpret_cast<uint32_t*>(dst) = src;
   b8450:	61c3      	strmi	r3, [r0, #28]
    setLe16(dir->firstClusterLow, m_firstCluster & 0XFFFF);
   b8452:	6a23      	ldr	r3, [r4, #32]
   b8454:	8343      	strh	r3, [r0, #26]
    setLe16(dir->firstClusterHigh, m_firstCluster >> 16);
   b8456:	8c63      	ldrh	r3, [r4, #34]	; 0x22
   b8458:	8283      	strh	r3, [r0, #20]
    if (FsDateTime::callback) {
   b845a:	4b0e      	ldr	r3, [pc, #56]	; (b8494 <_ZN7FatFile4syncEv+0x84>)
   b845c:	681b      	ldr	r3, [r3, #0]
   b845e:	b163      	cbz	r3, b847a <_ZN7FatFile4syncEv+0x6a>
      FsDateTime::callback(&date, &time, &ms10);
   b8460:	f10d 0203 	add.w	r2, sp, #3
   b8464:	f10d 0106 	add.w	r1, sp, #6
   b8468:	a801      	add	r0, sp, #4
   b846a:	4798      	blx	r3
      setLe16(dir->modifyDate, date);
   b846c:	f8bd 3004 	ldrh.w	r3, [sp, #4]
  *reinterpret_cast<uint16_t*>(dst) = src;
   b8470:	832b      	strh	r3, [r5, #24]
   b8472:	826b      	strh	r3, [r5, #18]
   b8474:	f8bd 3006 	ldrh.w	r3, [sp, #6]
   b8478:	82eb      	strh	r3, [r5, #22]
    m_flags &= ~FILE_FLAG_DIR_DIRTY;
   b847a:	78a3      	ldrb	r3, [r4, #2]
   b847c:	f003 037f 	and.w	r3, r3, #127	; 0x7f
   b8480:	70a3      	strb	r3, [r4, #2]
  if (m_vol->cacheSync()) {
   b8482:	68a0      	ldr	r0, [r4, #8]
   b8484:	f7ff f91b 	bl	b76be <_ZN12FatPartition9cacheSyncEv>
   b8488:	2800      	cmp	r0, #0
   b848a:	d0cf      	beq.n	b842c <_ZN7FatFile4syncEv+0x1c>
   b848c:	e7d3      	b.n	b8436 <_ZN7FatFile4syncEv+0x26>
    return true;
   b848e:	2001      	movs	r0, #1
   b8490:	e7d1      	b.n	b8436 <_ZN7FatFile4syncEv+0x26>
   b8492:	bf00      	nop
   b8494:	2003e678 	.word	0x2003e678

000b8498 <_ZN7FatFile5closeEv>:
bool FatFile::close() {
   b8498:	b510      	push	{r4, lr}
   b849a:	4604      	mov	r4, r0
  bool rtn = sync();
   b849c:	f7ff ffb8 	bl	b8410 <_ZN7FatFile4syncEv>
  m_attributes = FILE_ATTR_CLOSED;
   b84a0:	2300      	movs	r3, #0
   b84a2:	7023      	strb	r3, [r4, #0]
  m_flags = 0;
   b84a4:	70a3      	strb	r3, [r4, #2]
}
   b84a6:	bd10      	pop	{r4, pc}

000b84a8 <_ZN7FatFile4openEPS_PKci>:
bool FatFile::open(FatFile* dirFile, const char* path, oflag_t oflag) {
   b84a8:	b570      	push	{r4, r5, r6, lr}
   b84aa:	b094      	sub	sp, #80	; 0x50
   b84ac:	461e      	mov	r6, r3
  FatFile() {}
   b84ae:	2300      	movs	r3, #0
   b84b0:	930b      	str	r3, [sp, #44]	; 0x2c
  if (isOpen() || !dirFile->isDir()) {
   b84b2:	7803      	ldrb	r3, [r0, #0]
bool FatFile::open(FatFile* dirFile, const char* path, oflag_t oflag) {
   b84b4:	9201      	str	r2, [sp, #4]
   b84b6:	4605      	mov	r5, r0
   b84b8:	460c      	mov	r4, r1
  if (isOpen() || !dirFile->isDir()) {
   b84ba:	b113      	cbz	r3, b84c2 <_ZN7FatFile4openEPS_PKci+0x1a>
  return false;
   b84bc:	2000      	movs	r0, #0
}
   b84be:	b014      	add	sp, #80	; 0x50
   b84c0:	bd70      	pop	{r4, r5, r6, pc}
  if (isOpen() || !dirFile->isDir()) {
   b84c2:	780b      	ldrb	r3, [r1, #0]
   b84c4:	f013 0fd0 	tst.w	r3, #208	; 0xd0
   b84c8:	d0f8      	beq.n	b84bc <_ZN7FatFile4openEPS_PKci+0x14>
  if (isDirSeparator(*path)) {
   b84ca:	7813      	ldrb	r3, [r2, #0]
   b84cc:	2b2f      	cmp	r3, #47	; 0x2f
   b84ce:	d112      	bne.n	b84f6 <_ZN7FatFile4openEPS_PKci+0x4e>
    while (isDirSeparator(*path)) {
   b84d0:	9a01      	ldr	r2, [sp, #4]
   b84d2:	7813      	ldrb	r3, [r2, #0]
   b84d4:	2b2f      	cmp	r3, #47	; 0x2f
   b84d6:	d102      	bne.n	b84de <_ZN7FatFile4openEPS_PKci+0x36>
      path++;
   b84d8:	3201      	adds	r2, #1
   b84da:	9201      	str	r2, [sp, #4]
    while (isDirSeparator(*path)) {
   b84dc:	e7f8      	b.n	b84d0 <_ZN7FatFile4openEPS_PKci+0x28>
      return openRoot(dirFile->m_vol);
   b84de:	68a1      	ldr	r1, [r4, #8]
    if (*path == 0) {
   b84e0:	b91b      	cbnz	r3, b84ea <_ZN7FatFile4openEPS_PKci+0x42>
      return openRoot(dirFile->m_vol);
   b84e2:	4628      	mov	r0, r5
   b84e4:	f7ff fdf5 	bl	b80d2 <_ZN7FatFile8openRootEP9FatVolume>
   b84e8:	e7e9      	b.n	b84be <_ZN7FatFile4openEPS_PKci+0x16>
  bool isOpen() const { return m_attributes; }
   b84ea:	a80b      	add	r0, sp, #44	; 0x2c
   b84ec:	f7ff fd6c 	bl	b7fc8 <_ZN7FatFile8openRootEP9FatVolume.part.0>
    if (!tmpDir.openRoot(dirFile->m_vol)) {
   b84f0:	2800      	cmp	r0, #0
   b84f2:	d0e3      	beq.n	b84bc <_ZN7FatFile4openEPS_PKci+0x14>
    dirFile = &tmpDir;
   b84f4:	ac0b      	add	r4, sp, #44	; 0x2c
    if (!parsePathName(path, &fname, &path)) {
   b84f6:	9901      	ldr	r1, [sp, #4]
   b84f8:	ab01      	add	r3, sp, #4
   b84fa:	aa03      	add	r2, sp, #12
   b84fc:	4628      	mov	r0, r5
   b84fe:	f7ff fbc7 	bl	b7c90 <_ZN7FatFile13parsePathNameEPKcP8FatLfn_tPS1_>
   b8502:	2800      	cmp	r0, #0
   b8504:	d0da      	beq.n	b84bc <_ZN7FatFile4openEPS_PKci+0x14>
    if (*path == 0) {
   b8506:	9b01      	ldr	r3, [sp, #4]
   b8508:	781b      	ldrb	r3, [r3, #0]
   b850a:	b17b      	cbz	r3, b852c <_ZN7FatFile4openEPS_PKci+0x84>
    if (!open(dirFile, &fname, O_RDONLY)) {
   b850c:	2300      	movs	r3, #0
   b850e:	aa03      	add	r2, sp, #12
   b8510:	4621      	mov	r1, r4
   b8512:	4628      	mov	r0, r5
   b8514:	f7ff fa7c 	bl	b7a10 <_ZN7FatFile4openEPS_P8FatLfn_ti>
   b8518:	2800      	cmp	r0, #0
   b851a:	d0cf      	beq.n	b84bc <_ZN7FatFile4openEPS_PKci+0x14>
    tmpDir.copy(this);
   b851c:	a80b      	add	r0, sp, #44	; 0x2c
   b851e:	4629      	mov	r1, r5
   b8520:	f7ff fd68 	bl	b7ff4 <_ZN7FatFile4copyEPKS_>
    close();
   b8524:	4628      	mov	r0, r5
   b8526:	f7ff ffb7 	bl	b8498 <_ZN7FatFile5closeEv>
  while (1) {
   b852a:	e7e3      	b.n	b84f4 <_ZN7FatFile4openEPS_PKci+0x4c>
  return open(dirFile, &fname, oflag);
   b852c:	4633      	mov	r3, r6
   b852e:	aa03      	add	r2, sp, #12
   b8530:	4621      	mov	r1, r4
   b8532:	4628      	mov	r0, r5
   b8534:	f7ff fa6c 	bl	b7a10 <_ZN7FatFile4openEPS_P8FatLfn_ti>
   b8538:	e7c1      	b.n	b84be <_ZN7FatFile4openEPS_PKci+0x16>

000b853a <_ZN7FatFile4openEP9FatVolumePKci>:
  return vol && open(vol->vwd(), path, oflag);
   b853a:	b119      	cbz	r1, b8544 <_ZN7FatFile4openEP9FatVolumePKci+0xa>
   b853c:	f201 4144 	addw	r1, r1, #1092	; 0x444
   b8540:	f7ff bfb2 	b.w	b84a8 <_ZN7FatFile4openEPS_PKci>
}
   b8544:	4608      	mov	r0, r1
   b8546:	4770      	bx	lr

000b8548 <_ZN7FatFile5writeEPKvj>:

fail:
  return false;
}
//------------------------------------------------------------------------------
size_t FatFile::write(const void* buf, size_t nbyte) {
   b8548:	e92d 47f0 	stmdb	sp!, {r4, r5, r6, r7, r8, r9, sl, lr}
  bool isWritable() const { return m_flags & FILE_FLAG_WRITE; }
   b854c:	7883      	ldrb	r3, [r0, #2]
   b854e:	4688      	mov	r8, r1
  uint8_t cacheOption;
  // number of bytes left to write  -  must be before goto statements
  size_t nToWrite = nbyte;
  size_t n;
  // error if not a normal file or is read-only
  if (!isWritable()) {
   b8550:	0799      	lsls	r1, r3, #30
size_t FatFile::write(const void* buf, size_t nbyte) {
   b8552:	4604      	mov	r4, r0
   b8554:	4691      	mov	r9, r2
  if (!isWritable()) {
   b8556:	d544      	bpl.n	b85e2 <_ZN7FatFile5writeEPKvj+0x9a>
    DBG_FAIL_MACRO;
    goto fail;
  }
  // seek to end of file if append flag
  if ((m_flags & FILE_FLAG_APPEND)) {
   b8558:	071a      	lsls	r2, r3, #28
   b855a:	d43d      	bmi.n	b85d8 <_ZN7FatFile5writeEPKvj+0x90>
      DBG_FAIL_MACRO;
      goto fail;
    }
  }
  // Don't exceed max fileSize.
  if (nbyte > (0XFFFFFFFF - m_curPosition)) {
   b855c:	6963      	ldr	r3, [r4, #20]
   b855e:	43db      	mvns	r3, r3
   b8560:	454b      	cmp	r3, r9
   b8562:	d33e      	bcc.n	b85e2 <_ZN7FatFile5writeEPKvj+0x9a>
   b8564:	464f      	mov	r7, r9
        int8_t fg;
        if (isContiguous() && m_fileSize > m_curPosition) {
          m_curCluster++;
          fg = 1;
        } else {
          fg = m_vol->fatGet(m_curCluster, &m_curCluster);
   b8566:	f104 0a10 	add.w	sl, r4, #16
    uint8_t sectorOfCluster = m_vol->sectorOfCluster(m_curPosition);
   b856a:	6962      	ldr	r2, [r4, #20]
  while (nToWrite) {
   b856c:	2f00      	cmp	r7, #0
   b856e:	f000 809e 	beq.w	b86ae <_ZN7FatFile5writeEPKvj+0x166>
    uint8_t sectorOfCluster = m_vol->sectorOfCluster(m_curPosition);
   b8572:	68a0      	ldr	r0, [r4, #8]
    return (position >> 9) & m_clusterSectorMask;
   b8574:	7946      	ldrb	r6, [r0, #5]
    if (sectorOfCluster == 0 && sectorOffset == 0) {
   b8576:	ea16 2652 	ands.w	r6, r6, r2, lsr #9
    uint16_t sectorOffset = m_curPosition & m_vol->sectorMask();
   b857a:	f3c2 0508 	ubfx	r5, r2, #0, #9
    if (sectorOfCluster == 0 && sectorOffset == 0) {
   b857e:	d10b      	bne.n	b8598 <_ZN7FatFile5writeEPKvj+0x50>
   b8580:	b955      	cbnz	r5, b8598 <_ZN7FatFile5writeEPKvj+0x50>
      if (m_curCluster != 0) {
   b8582:	6921      	ldr	r1, [r4, #16]
   b8584:	2900      	cmp	r1, #0
   b8586:	d03f      	beq.n	b8608 <_ZN7FatFile5writeEPKvj+0xc0>
        if (isContiguous() && m_fileSize > m_curPosition) {
   b8588:	78a3      	ldrb	r3, [r4, #2]
   b858a:	065b      	lsls	r3, r3, #25
   b858c:	d530      	bpl.n	b85f0 <_ZN7FatFile5writeEPKvj+0xa8>
   b858e:	69e3      	ldr	r3, [r4, #28]
   b8590:	4293      	cmp	r3, r2
   b8592:	d92d      	bls.n	b85f0 <_ZN7FatFile5writeEPKvj+0xa8>
          m_curCluster++;
   b8594:	3101      	adds	r1, #1
   b8596:	6121      	str	r1, [r4, #16]
          m_curCluster = m_firstCluster;
        }
      }
    }
    // sector for data write
    uint32_t sector = m_vol->clusterStartSector(m_curCluster) + sectorOfCluster;
   b8598:	68a0      	ldr	r0, [r4, #8]
    return m_dataStartSector + ((cluster - 2) << m_sectorsPerClusterShift);
   b859a:	6921      	ldr	r1, [r4, #16]
   b859c:	7983      	ldrb	r3, [r0, #6]
   b859e:	3902      	subs	r1, #2
   b85a0:	4099      	lsls	r1, r3
   b85a2:	6943      	ldr	r3, [r0, #20]
   b85a4:	4419      	add	r1, r3
   b85a6:	4431      	add	r1, r6

    if (sectorOffset != 0 || nToWrite < m_vol->bytesPerSector()) {
   b85a8:	2d00      	cmp	r5, #0
   b85aa:	d139      	bne.n	b8620 <_ZN7FatFile5writeEPKvj+0xd8>
   b85ac:	f5b7 7f00 	cmp.w	r7, #512	; 0x200
   b85b0:	d336      	bcc.n	b8620 <_ZN7FatFile5writeEPKvj+0xd8>
          DBG_FAIL_MACRO;
          goto fail;
        }
      }
#if USE_MULTI_SECTOR_IO
    } else if (nToWrite >= 2 * m_vol->bytesPerSector()) {
   b85b2:	f5b7 6f80 	cmp.w	r7, #1024	; 0x400
   b85b6:	6ac2      	ldr	r2, [r0, #44]	; 0x2c
   b85b8:	d260      	bcs.n	b867c <_ZN7FatFile5writeEPKvj+0x134>
    if (isCached(sector)) {
   b85ba:	4291      	cmp	r1, r2
    m_sector = 0XFFFFFFFF;
   b85bc:	bf02      	ittt	eq
   b85be:	f04f 33ff 	moveq.w	r3, #4294967295
    m_status = 0;
   b85c2:	f880 5024 	strbeq.w	r5, [r0, #36]	; 0x24
    m_sector = 0XFFFFFFFF;
   b85c6:	62c3      	streq	r3, [r0, #44]	; 0x2c
    return m_blockDev->writeSector(sector, src);
   b85c8:	4642      	mov	r2, r8
   b85ca:	6a80      	ldr	r0, [r0, #40]	; 0x28
   b85cc:	f001 fcbc 	bl	b9f48 <_ZN16DedicatedSpiCard11writeSectorEmPKh>
      }
#endif  // USE_MULTI_SECTOR_IO
    } else {
      // use single sector write command
      n = m_vol->bytesPerSector();
      if (!m_vol->cacheSafeWrite(sector, src)) {
   b85d0:	b138      	cbz	r0, b85e2 <_ZN7FatFile5writeEPKvj+0x9a>
      n = m_vol->bytesPerSector();
   b85d2:	f44f 7600 	mov.w	r6, #512	; 0x200
   b85d6:	e047      	b.n	b8668 <_ZN7FatFile5writeEPKvj+0x120>
    if (!seekSet(m_fileSize)) {
   b85d8:	69c1      	ldr	r1, [r0, #28]
   b85da:	f7ff fe63 	bl	b82a4 <_ZN7FatFile7seekSetEm>
   b85de:	2800      	cmp	r0, #0
   b85e0:	d1bc      	bne.n	b855c <_ZN7FatFile5writeEPKvj+0x14>
  }
  return nbyte;

fail:
  // return for write error
  m_error |= WRITE_ERROR;
   b85e2:	7863      	ldrb	r3, [r4, #1]
   b85e4:	f043 0301 	orr.w	r3, r3, #1
   b85e8:	7063      	strb	r3, [r4, #1]
  return 0;
   b85ea:	f04f 0900 	mov.w	r9, #0
   b85ee:	e06b      	b.n	b86c8 <_ZN7FatFile5writeEPKvj+0x180>
          fg = m_vol->fatGet(m_curCluster, &m_curCluster);
   b85f0:	4652      	mov	r2, sl
   b85f2:	f7ff fba5 	bl	b7d40 <_ZN12FatPartition6fatGetEmPm>
          if (fg < 0) {
   b85f6:	2800      	cmp	r0, #0
   b85f8:	dbf3      	blt.n	b85e2 <_ZN7FatFile5writeEPKvj+0x9a>
        if (fg == 0) {
   b85fa:	d1cd      	bne.n	b8598 <_ZN7FatFile5writeEPKvj+0x50>
          if (!addCluster()) {
   b85fc:	4620      	mov	r0, r4
   b85fe:	f7ff fd05 	bl	b800c <_ZN7FatFile10addClusterEv>
   b8602:	2800      	cmp	r0, #0
   b8604:	d1c8      	bne.n	b8598 <_ZN7FatFile5writeEPKvj+0x50>
   b8606:	e7ec      	b.n	b85e2 <_ZN7FatFile5writeEPKvj+0x9a>
        if (m_firstCluster == 0) {
   b8608:	6a23      	ldr	r3, [r4, #32]
   b860a:	b93b      	cbnz	r3, b861c <_ZN7FatFile5writeEPKvj+0xd4>
          if (!addCluster()) {
   b860c:	4620      	mov	r0, r4
   b860e:	f7ff fcfd 	bl	b800c <_ZN7FatFile10addClusterEv>
   b8612:	2800      	cmp	r0, #0
   b8614:	d0e5      	beq.n	b85e2 <_ZN7FatFile5writeEPKvj+0x9a>
          m_firstCluster = m_curCluster;
   b8616:	6923      	ldr	r3, [r4, #16]
   b8618:	6223      	str	r3, [r4, #32]
   b861a:	e7bd      	b.n	b8598 <_ZN7FatFile5writeEPKvj+0x50>
          m_curCluster = m_firstCluster;
   b861c:	6123      	str	r3, [r4, #16]
   b861e:	e7bb      	b.n	b8598 <_ZN7FatFile5writeEPKvj+0x50>
      n = m_vol->bytesPerSector() - sectorOffset;
   b8620:	f5c5 7600 	rsb	r6, r5, #512	; 0x200
      if (n > nToWrite) {
   b8624:	42be      	cmp	r6, r7
   b8626:	bf28      	it	cs
   b8628:	463e      	movcs	r6, r7
      if (sectorOffset == 0 &&
   b862a:	bb1d      	cbnz	r5, b8674 <_ZN7FatFile5writeEPKvj+0x12c>
   b862c:	6962      	ldr	r2, [r4, #20]
   b862e:	69e3      	ldr	r3, [r4, #28]
   b8630:	429a      	cmp	r2, r3
   b8632:	d221      	bcs.n	b8678 <_ZN7FatFile5writeEPKvj+0x130>
          (m_curPosition >= m_fileSize || m_flags & FILE_FLAG_PREALLOCATE)) {
   b8634:	78a3      	ldrb	r3, [r4, #2]
        cacheOption = FsCache::CACHE_RESERVE_FOR_WRITE;
   b8636:	f013 0f20 	tst.w	r3, #32
   b863a:	bf0c      	ite	eq
   b863c:	2201      	moveq	r2, #1
   b863e:	2205      	movne	r2, #5
    return m_cache.prepare(sector, options);
   b8640:	3024      	adds	r0, #36	; 0x24
   b8642:	f001 fcaf 	bl	b9fa4 <_ZN7FsCache7prepareEmh>
      if (!pc) {
   b8646:	2800      	cmp	r0, #0
   b8648:	d0cb      	beq.n	b85e2 <_ZN7FatFile5writeEPKvj+0x9a>
      memcpy(dst, src, n);
   b864a:	4428      	add	r0, r5
   b864c:	4632      	mov	r2, r6
   b864e:	4641      	mov	r1, r8
      if (m_vol->bytesPerSector() == (n + sectorOffset)) {
   b8650:	4435      	add	r5, r6
      memcpy(dst, src, n);
   b8652:	f003 f976 	bl	bb942 <memcpy>
      if (m_vol->bytesPerSector() == (n + sectorOffset)) {
   b8656:	f5b5 7f00 	cmp.w	r5, #512	; 0x200
   b865a:	d105      	bne.n	b8668 <_ZN7FatFile5writeEPKvj+0x120>
  bool cacheSyncData() { return m_cache.sync(); }
   b865c:	68a0      	ldr	r0, [r4, #8]
   b865e:	3024      	adds	r0, #36	; 0x24
   b8660:	f001 fc7a 	bl	b9f58 <_ZN7FsCache4syncEv>
      if (!m_vol->cacheSafeWrite(sector, src, nSector)) {
   b8664:	2800      	cmp	r0, #0
   b8666:	d0bc      	beq.n	b85e2 <_ZN7FatFile5writeEPKvj+0x9a>
    m_curPosition += n;
   b8668:	6963      	ldr	r3, [r4, #20]
   b866a:	4433      	add	r3, r6
   b866c:	6163      	str	r3, [r4, #20]
    src += n;
   b866e:	44b0      	add	r8, r6
    nToWrite -= n;
   b8670:	1bbf      	subs	r7, r7, r6
  while (nToWrite) {
   b8672:	e77a      	b.n	b856a <_ZN7FatFile5writeEPKvj+0x22>
        cacheOption = FsCache::CACHE_FOR_WRITE;
   b8674:	2201      	movs	r2, #1
   b8676:	e7e3      	b.n	b8640 <_ZN7FatFile5writeEPKvj+0xf8>
        cacheOption = FsCache::CACHE_RESERVE_FOR_WRITE;
   b8678:	2205      	movs	r2, #5
   b867a:	e7e1      	b.n	b8640 <_ZN7FatFile5writeEPKvj+0xf8>
      uint32_t maxSectors = m_vol->sectorsPerCluster() - sectorOfCluster;
   b867c:	7903      	ldrb	r3, [r0, #4]
      uint32_t nSector = nToWrite >> m_vol->bytesPerSectorShift();
   b867e:	ea4f 2c57 	mov.w	ip, r7, lsr #9
      uint32_t maxSectors = m_vol->sectorsPerCluster() - sectorOfCluster;
   b8682:	1b9b      	subs	r3, r3, r6
   b8684:	4563      	cmp	r3, ip
   b8686:	bf28      	it	cs
   b8688:	4663      	movcs	r3, ip
    return sector <= m_sector && m_sector < (sector + count);
   b868a:	4291      	cmp	r1, r2
      n = nSector << m_vol->bytesPerSectorShift();
   b868c:	ea4f 2643 	mov.w	r6, r3, lsl #9
   b8690:	d808      	bhi.n	b86a4 <_ZN7FatFile5writeEPKvj+0x15c>
   b8692:	eb01 0c03 	add.w	ip, r1, r3
   b8696:	4594      	cmp	ip, r2
    m_sector = 0XFFFFFFFF;
   b8698:	bf82      	ittt	hi
   b869a:	f04f 32ff 	movhi.w	r2, #4294967295
    m_status = 0;
   b869e:	f880 5024 	strbhi.w	r5, [r0, #36]	; 0x24
    m_sector = 0XFFFFFFFF;
   b86a2:	62c2      	strhi	r2, [r0, #44]	; 0x2c
    return m_blockDev->writeSectors(sector, src, count);
   b86a4:	4642      	mov	r2, r8
   b86a6:	6a80      	ldr	r0, [r0, #40]	; 0x28
   b86a8:	f001 fc21 	bl	b9eee <_ZN16DedicatedSpiCard12writeSectorsEmPKhj>
   b86ac:	e7da      	b.n	b8664 <_ZN7FatFile5writeEPKvj+0x11c>
  if (m_curPosition > m_fileSize) {
   b86ae:	69e3      	ldr	r3, [r4, #28]
   b86b0:	4293      	cmp	r3, r2
   b86b2:	d205      	bcs.n	b86c0 <_ZN7FatFile5writeEPKvj+0x178>
    m_fileSize = m_curPosition;
   b86b4:	61e2      	str	r2, [r4, #28]
    m_flags |= FILE_FLAG_DIR_DIRTY;
   b86b6:	78a3      	ldrb	r3, [r4, #2]
   b86b8:	f063 037f 	orn	r3, r3, #127	; 0x7f
   b86bc:	70a3      	strb	r3, [r4, #2]
   b86be:	e003      	b.n	b86c8 <_ZN7FatFile5writeEPKvj+0x180>
  } else if (FsDateTime::callback) {
   b86c0:	4b03      	ldr	r3, [pc, #12]	; (b86d0 <_ZN7FatFile5writeEPKvj+0x188>)
   b86c2:	681b      	ldr	r3, [r3, #0]
   b86c4:	2b00      	cmp	r3, #0
   b86c6:	d1f6      	bne.n	b86b6 <_ZN7FatFile5writeEPKvj+0x16e>
}
   b86c8:	4648      	mov	r0, r9
   b86ca:	e8bd 87f0 	ldmia.w	sp!, {r4, r5, r6, r7, r8, r9, sl, pc}
   b86ce:	bf00      	nop
   b86d0:	2003e678 	.word	0x2003e678

000b86d4 <_ZN9ExFatFile7cmpNameEPK9DirName_tP8ExName_t>:
  hash = ((hash << 15) | (hash >> 1)) + (c & 0XFF);
  hash = ((hash << 15) | (hash >> 1)) + (c >> 8);
  return hash;
}
//------------------------------------------------------------------------------
bool ExFatFile::cmpName(const DirName_t* dirName, ExName_t* fname) {
   b86d4:	b570      	push	{r4, r5, r6, lr}
  bool atEnd() { return next == end; }
   b86d6:	6895      	ldr	r5, [r2, #8]
   b86d8:	f101 041e 	add.w	r4, r1, #30
   b86dc:	6853      	ldr	r3, [r2, #4]
  return *reinterpret_cast<const uint16_t*>(src);
   b86de:	f831 0f02 	ldrh.w	r0, [r1, #2]!
  for (uint8_t i = 0; i < 15; i++) {
    uint16_t u = getLe16(dirName->unicode + 2 * i);
    if (fname->atEnd()) {
   b86e2:	429d      	cmp	r5, r3
   b86e4:	d103      	bne.n	b86ee <_ZN9ExFatFile7cmpNameEPK9DirName_tP8ExName_t+0x1a>
      return u == 0;
   b86e6:	fab0 f080 	clz	r0, r0
   b86ea:	0940      	lsrs	r0, r0, #5
      return false;
    }
#endif  // USE_UTF8_LONG_NAMES
  }
  return true;
}
   b86ec:	bd70      	pop	{r4, r5, r6, pc}
  char getch() { return atEnd() ? 0 : *next++; }
   b86ee:	1c5e      	adds	r6, r3, #1
   b86f0:	6056      	str	r6, [r2, #4]
    if (u >= 0x7F || toUpper(c) != toUpper(u)) {
   b86f2:	287e      	cmp	r0, #126	; 0x7e
   b86f4:	781b      	ldrb	r3, [r3, #0]
   b86f6:	d813      	bhi.n	b8720 <_ZN9ExFatFile7cmpNameEPK9DirName_tP8ExName_t+0x4c>
static char toUpper(char c) { return 'a' <= c && c <= 'z' ? c - 'a' + 'A' : c; }
   b86f8:	f1a3 0661 	sub.w	r6, r3, #97	; 0x61
   b86fc:	2e19      	cmp	r6, #25
    if (u >= 0x7F || toUpper(c) != toUpper(u)) {
   b86fe:	b2c0      	uxtb	r0, r0
static char toUpper(char c) { return 'a' <= c && c <= 'z' ? c - 'a' + 'A' : c; }
   b8700:	bf98      	it	ls
   b8702:	3b20      	subls	r3, #32
   b8704:	f1a0 0661 	sub.w	r6, r0, #97	; 0x61
   b8708:	bf98      	it	ls
   b870a:	b2db      	uxtbls	r3, r3
   b870c:	2e19      	cmp	r6, #25
   b870e:	bf9c      	itt	ls
   b8710:	3820      	subls	r0, #32
   b8712:	b2c0      	uxtbls	r0, r0
    if (u >= 0x7F || toUpper(c) != toUpper(u)) {
   b8714:	4298      	cmp	r0, r3
   b8716:	d103      	bne.n	b8720 <_ZN9ExFatFile7cmpNameEPK9DirName_tP8ExName_t+0x4c>
  for (uint8_t i = 0; i < 15; i++) {
   b8718:	42a1      	cmp	r1, r4
   b871a:	d1df      	bne.n	b86dc <_ZN9ExFatFile7cmpNameEPK9DirName_tP8ExName_t+0x8>
  return true;
   b871c:	2001      	movs	r0, #1
   b871e:	e7e5      	b.n	b86ec <_ZN9ExFatFile7cmpNameEPK9DirName_tP8ExName_t+0x18>
      return false;
   b8720:	2000      	movs	r0, #0
   b8722:	e7e3      	b.n	b86ec <_ZN9ExFatFile7cmpNameEPK9DirName_tP8ExName_t+0x18>

000b8724 <_ZN9ExFatFile8hashNameEP8ExName_t>:
fail:
  *name = 0;
  return 0;
}
//------------------------------------------------------------------------------
bool ExFatFile::hashName(ExName_t* fname) {
   b8724:	b530      	push	{r4, r5, lr}
  bool atEnd() { return next == end; }
   b8726:	6888      	ldr	r0, [r1, #8]
  void reset() { next = begin; }
   b8728:	680d      	ldr	r5, [r1, #0]
   b872a:	604d      	str	r5, [r1, #4]
  uint16_t hash = 0;
   b872c:	2400      	movs	r4, #0
  bool atEnd() { return next == end; }
   b872e:	684b      	ldr	r3, [r1, #4]
    }
    hash = exFatHash(u, hash);
    fname->nameLength++;
  }
#else   // USE_UTF8_LONG_NAMES
  while (!fname->atEnd()) {
   b8730:	4283      	cmp	r3, r0
   b8732:	d015      	beq.n	b8760 <_ZN9ExFatFile8hashNameEP8ExName_t+0x3c>
  char getch() { return atEnd() ? 0 : *next++; }
   b8734:	1c5a      	adds	r2, r3, #1
   b8736:	604a      	str	r2, [r1, #4]
   b8738:	781a      	ldrb	r2, [r3, #0]
static char toUpper(char c) { return 'a' <= c && c <= 'z' ? c - 'a' + 'A' : c; }
   b873a:	f1a2 0361 	sub.w	r3, r2, #97	; 0x61
   b873e:	2b19      	cmp	r3, #25
   b8740:	bf98      	it	ls
   b8742:	3a20      	subls	r2, #32
  hash = ((hash << 15) | (hash >> 1)) + u;
   b8744:	ea4f 0354 	mov.w	r3, r4, lsr #1
static char toUpper(char c) { return 'a' <= c && c <= 'z' ? c - 'a' + 'A' : c; }
   b8748:	bf98      	it	ls
   b874a:	b2d2      	uxtbls	r2, r2
  hash = ((hash << 15) | (hash >> 1)) + u;
   b874c:	ea43 33c4 	orr.w	r3, r3, r4, lsl #15
   b8750:	4413      	add	r3, r2
   b8752:	b29a      	uxth	r2, r3
  hash = ((hash << 15) | (hash >> 1));
   b8754:	f3c3 034e 	ubfx	r3, r3, #1, #15
   b8758:	ea43 33c2 	orr.w	r3, r3, r2, lsl #15
   b875c:	b29c      	uxth	r4, r3
  while (!fname->atEnd()) {
   b875e:	e7e6      	b.n	b872e <_ZN9ExFatFile8hashNameEP8ExName_t+0xa>
    // Convert to byte for smaller exFatHash.
    char c = fname->getch();
    hash = exFatHash(c, hash);
  }
  fname->nameLength = fname->end - fname->begin;
   b8760:	1b40      	subs	r0, r0, r5
   b8762:	60c8      	str	r0, [r1, #12]
#endif  // USE_UTF8_LONG_NAMES
  fname->nameHash = hash;
  if (!fname->nameLength || fname->nameLength > EXFAT_MAX_NAME_LENGTH) {
   b8764:	3801      	subs	r0, #1
  }
  return true;

fail:
  return false;
}
   b8766:	28fe      	cmp	r0, #254	; 0xfe
  fname->nameHash = hash;
   b8768:	820c      	strh	r4, [r1, #16]
}
   b876a:	bf8c      	ite	hi
   b876c:	2000      	movhi	r0, #0
   b876e:	2001      	movls	r0, #1
   b8770:	bd30      	pop	{r4, r5, pc}

000b8772 <_ZN14ExFatPartition10bitmapFindEmm>:
#define DBG_FILE "ExFatPartition.cpp"
#include "../common/DebugMacros.h"
#include "ExFatLib.h"
//------------------------------------------------------------------------------
// return 0 if error, 1 if no space, else start cluster.
uint32_t ExFatPartition::bitmapFind(uint32_t cluster, uint32_t count) {
   b8772:	e92d 4ff8 	stmdb	sp!, {r3, r4, r5, r6, r7, r8, r9, sl, fp, lr}
   b8776:	4607      	mov	r7, r0
   b8778:	4693      	mov	fp, r2
  uint32_t start = cluster ? cluster - 2 : m_bitmapStart;
   b877a:	468a      	mov	sl, r1
   b877c:	b369      	cbz	r1, b87da <_ZN14ExFatPartition10bitmapFindEmm+0x68>
   b877e:	1e8d      	subs	r5, r1, #2
  if (start >= m_clusterCount) {
   b8780:	f8d7 3430 	ldr.w	r3, [r7, #1072]	; 0x430
    start = 0;
   b8784:	42ab      	cmp	r3, r5
   b8786:	bf98      	it	ls
   b8788:	2500      	movls	r5, #0
  uint32_t endAlloc = start;
  uint32_t bgnAlloc = start;
  uint16_t sectorSize = 1 << m_bytesPerSectorShift;
  size_t i = (start >> 3) & (sectorSize - 1);
  uint8_t* cache;
  uint8_t mask = 1 << (start & 7);
   b878a:	f005 0307 	and.w	r3, r5, #7
   b878e:	2401      	movs	r4, #1
   b8790:	409c      	lsls	r4, r3
  size_t i = (start >> 3) & (sectorSize - 1);
   b8792:	f3c5 09c8 	ubfx	r9, r5, #3, #9
  uint8_t mask = 1 << (start & 7);
   b8796:	b2e4      	uxtb	r4, r4
  uint32_t bgnAlloc = start;
   b8798:	46a8      	mov	r8, r5
  uint32_t endAlloc = start;
   b879a:	462e      	mov	r6, r5
  while (true) {
    uint32_t sector =
   b879c:	f8d7 142c 	ldr.w	r1, [r7, #1068]	; 0x42c
  bool bitmapModify(uint32_t cluster, uint32_t count, bool value);
  //----------------------------------------------------------------------------
  // Cache functions.
  uint8_t* bitmapCachePrepare(uint32_t sector, uint8_t option) {
#if USE_EXFAT_BITMAP_CACHE
    return m_bitmapCache.prepare(sector, option);
   b87a0:	2200      	movs	r2, #0
   b87a2:	eb01 3116 	add.w	r1, r1, r6, lsr #12
   b87a6:	4638      	mov	r0, r7
   b87a8:	f001 fbfc 	bl	b9fa4 <_ZN7FsCache7prepareEmh>
        m_clusterHeapStartSector + (endAlloc >> (m_bytesPerSectorShift + 3));
    cache = bitmapCachePrepare(sector, FsCache::CACHE_FOR_READ);
    if (!cache) {
   b87ac:	b198      	cbz	r0, b87d6 <_ZN14ExFatPartition10bitmapFindEmm+0x64>
      return 0;
    }
    for (; i < sectorSize; i++) {
      for (; mask; mask <<= 1) {
        endAlloc++;
        if (!(mask & cache[i])) {
   b87ae:	f810 3009 	ldrb.w	r3, [r0, r9]
   b87b2:	4223      	tst	r3, r4
        endAlloc++;
   b87b4:	f106 0601 	add.w	r6, r6, #1
        if (!(mask & cache[i])) {
   b87b8:	d112      	bne.n	b87e0 <_ZN14ExFatPartition10bitmapFindEmm+0x6e>
          if ((endAlloc - bgnAlloc) == count) {
   b87ba:	eba6 0208 	sub.w	r2, r6, r8
   b87be:	455a      	cmp	r2, fp
   b87c0:	d10f      	bne.n	b87e2 <_ZN14ExFatPartition10bitmapFindEmm+0x70>
            if (cluster == 0 && count == 1) {
   b87c2:	f1ba 0f00 	cmp.w	sl, #0
   b87c6:	d104      	bne.n	b87d2 <_ZN14ExFatPartition10bitmapFindEmm+0x60>
   b87c8:	f1bb 0f01 	cmp.w	fp, #1
              // Start at found sector.  bitmapModify may increase this.
              m_bitmapStart = bgnAlloc;
   b87cc:	bf08      	it	eq
   b87ce:	f8c7 8420 	streq.w	r8, [r7, #1056]	; 0x420
            }
            return bgnAlloc + 2;
   b87d2:	f108 0002 	add.w	r0, r8, #2
      mask = 1;
    }
    i = 0;
  }
  return 0;
}
   b87d6:	e8bd 8ff8 	ldmia.w	sp!, {r3, r4, r5, r6, r7, r8, r9, sl, fp, pc}
  uint32_t start = cluster ? cluster - 2 : m_bitmapStart;
   b87da:	f8d0 5420 	ldr.w	r5, [r0, #1056]	; 0x420
   b87de:	e7cf      	b.n	b8780 <_ZN14ExFatPartition10bitmapFindEmm+0xe>
        endAlloc++;
   b87e0:	46b0      	mov	r8, r6
        if (endAlloc == start) {
   b87e2:	42b5      	cmp	r5, r6
   b87e4:	d018      	beq.n	b8818 <_ZN14ExFatPartition10bitmapFindEmm+0xa6>
        if (endAlloc >= m_clusterCount) {
   b87e6:	f8d7 2430 	ldr.w	r2, [r7, #1072]	; 0x430
   b87ea:	42b2      	cmp	r2, r6
   b87ec:	d90e      	bls.n	b880c <_ZN14ExFatPartition10bitmapFindEmm+0x9a>
      for (; mask; mask <<= 1) {
   b87ee:	0064      	lsls	r4, r4, #1
   b87f0:	f014 04ff 	ands.w	r4, r4, #255	; 0xff
   b87f4:	d1dd      	bne.n	b87b2 <_ZN14ExFatPartition10bitmapFindEmm+0x40>
    for (; i < sectorSize; i++) {
   b87f6:	f109 0301 	add.w	r3, r9, #1
   b87fa:	f5b3 7f00 	cmp.w	r3, #512	; 0x200
    i = 0;
   b87fe:	f04f 0900 	mov.w	r9, #0
   b8802:	f04f 0401 	mov.w	r4, #1
    for (; i < sectorSize; i++) {
   b8806:	d2c9      	bcs.n	b879c <_ZN14ExFatPartition10bitmapFindEmm+0x2a>
   b8808:	4699      	mov	r9, r3
   b880a:	e7d0      	b.n	b87ae <_ZN14ExFatPartition10bitmapFindEmm+0x3c>
          endAlloc = bgnAlloc = 0;
   b880c:	f04f 0800 	mov.w	r8, #0
          i = sectorSize;
   b8810:	f44f 7900 	mov.w	r9, #512	; 0x200
          endAlloc = bgnAlloc = 0;
   b8814:	4646      	mov	r6, r8
   b8816:	e7ee      	b.n	b87f6 <_ZN14ExFatPartition10bitmapFindEmm+0x84>
          return 1;
   b8818:	2001      	movs	r0, #1
   b881a:	e7dc      	b.n	b87d6 <_ZN14ExFatPartition10bitmapFindEmm+0x64>

000b881c <_ZN14ExFatPartition12bitmapModifyEmmb>:
//------------------------------------------------------------------------------
bool ExFatPartition::bitmapModify(uint32_t cluster, uint32_t count,
                                  bool value) {
   b881c:	e92d 43f8 	stmdb	sp!, {r3, r4, r5, r6, r7, r8, r9, lr}
  uint32_t sector;
  uint32_t start = cluster - 2;
   b8820:	3902      	subs	r1, #2
                                  bool value) {
   b8822:	4605      	mov	r5, r0
  size_t i;
  uint8_t* cache;
  uint8_t mask;
  cluster -= 2;
  if ((start + count) > m_clusterCount) {
   b8824:	f8d0 0430 	ldr.w	r0, [r0, #1072]	; 0x430
                                  bool value) {
   b8828:	461f      	mov	r7, r3
  if ((start + count) > m_clusterCount) {
   b882a:	188b      	adds	r3, r1, r2
   b882c:	4283      	cmp	r3, r0
                                  bool value) {
   b882e:	4616      	mov	r6, r2
  if ((start + count) > m_clusterCount) {
   b8830:	d840      	bhi.n	b88b4 <_ZN14ExFatPartition12bitmapModifyEmmb+0x98>
    DBG_FAIL_MACRO;
    goto fail;
  }
  if (value) {
    if (start <= m_bitmapStart && m_bitmapStart < (start + count)) {
   b8832:	f8d5 2420 	ldr.w	r2, [r5, #1056]	; 0x420
  if (value) {
   b8836:	b3c7      	cbz	r7, b88aa <_ZN14ExFatPartition12bitmapModifyEmmb+0x8e>
    if (start <= m_bitmapStart && m_bitmapStart < (start + count)) {
   b8838:	4291      	cmp	r1, r2
   b883a:	d806      	bhi.n	b884a <_ZN14ExFatPartition12bitmapModifyEmmb+0x2e>
   b883c:	4293      	cmp	r3, r2
   b883e:	d904      	bls.n	b884a <_ZN14ExFatPartition12bitmapModifyEmmb+0x2e>
      m_bitmapStart = (start + count) < m_clusterCount ? start + count : 0;
   b8840:	4283      	cmp	r3, r0
   b8842:	bf28      	it	cs
   b8844:	2300      	movcs	r3, #0
   b8846:	f8c5 3420 	str.w	r3, [r5, #1056]	; 0x420
  } else {
    if (start < m_bitmapStart) {
      m_bitmapStart = start;
    }
  }
  mask = 1 << (start & 7);
   b884a:	f001 0307 	and.w	r3, r1, #7
   b884e:	f04f 0901 	mov.w	r9, #1
   b8852:	fa09 f903 	lsl.w	r9, r9, r3
  sector = m_clusterHeapStartSector + (start >> (m_bytesPerSectorShift + 3));
   b8856:	f8d5 342c 	ldr.w	r3, [r5, #1068]	; 0x42c
  mask = 1 << (start & 7);
   b885a:	fa5f f989 	uxtb.w	r9, r9
  sector = m_clusterHeapStartSector + (start >> (m_bytesPerSectorShift + 3));
   b885e:	eb03 3811 	add.w	r8, r3, r1, lsr #12
  i = (start >> 3) & m_sectorMask;
   b8862:	f3c1 04c8 	ubfx	r4, r1, #3, #9
   b8866:	4641      	mov	r1, r8
   b8868:	2201      	movs	r2, #1
   b886a:	4628      	mov	r0, r5
   b886c:	4490      	add	r8, r2
   b886e:	f001 fb99 	bl	b9fa4 <_ZN7FsCache7prepareEmh>
  while (true) {
    cache = bitmapCachePrepare(sector++, FsCache::CACHE_FOR_WRITE);
    if (!cache) {
   b8872:	b1f8      	cbz	r0, b88b4 <_ZN14ExFatPartition12bitmapModifyEmmb+0x98>
   b8874:	1903      	adds	r3, r0, r4
   b8876:	4649      	mov	r1, r9
   b8878:	f500 7000 	add.w	r0, r0, #512	; 0x200
      DBG_FAIL_MACRO;
      goto fail;
    }
    for (; i < m_bytesPerSector; i++) {
      for (; mask; mask <<= 1) {
        if (value == static_cast<bool>(cache[i] & mask)) {
   b887c:	781a      	ldrb	r2, [r3, #0]
   b887e:	420a      	tst	r2, r1
   b8880:	bf14      	ite	ne
   b8882:	2401      	movne	r4, #1
   b8884:	2400      	moveq	r4, #0
   b8886:	42bc      	cmp	r4, r7
   b8888:	d014      	beq.n	b88b4 <_ZN14ExFatPartition12bitmapModifyEmmb+0x98>
          DBG_FAIL_MACRO;
          goto fail;
        }
        cache[i] ^= mask;
   b888a:	404a      	eors	r2, r1
        if (--count == 0) {
   b888c:	3e01      	subs	r6, #1
        cache[i] ^= mask;
   b888e:	701a      	strb	r2, [r3, #0]
        if (--count == 0) {
   b8890:	d013      	beq.n	b88ba <_ZN14ExFatPartition12bitmapModifyEmmb+0x9e>
      for (; mask; mask <<= 1) {
   b8892:	0049      	lsls	r1, r1, #1
   b8894:	f011 01ff 	ands.w	r1, r1, #255	; 0xff
   b8898:	d1f0      	bne.n	b887c <_ZN14ExFatPartition12bitmapModifyEmmb+0x60>
    for (; i < m_bytesPerSector; i++) {
   b889a:	3301      	adds	r3, #1
          return true;
        }
      }
      mask = 1;
    }
    i = 0;
   b889c:	460c      	mov	r4, r1
    for (; i < m_bytesPerSector; i++) {
   b889e:	4298      	cmp	r0, r3
   b88a0:	f04f 0101 	mov.w	r1, #1
      mask = 1;
   b88a4:	4689      	mov	r9, r1
    for (; i < m_bytesPerSector; i++) {
   b88a6:	d1e9      	bne.n	b887c <_ZN14ExFatPartition12bitmapModifyEmmb+0x60>
   b88a8:	e7dd      	b.n	b8866 <_ZN14ExFatPartition12bitmapModifyEmmb+0x4a>
    if (start < m_bitmapStart) {
   b88aa:	4291      	cmp	r1, r2
      m_bitmapStart = start;
   b88ac:	bf38      	it	cc
   b88ae:	f8c5 1420 	strcc.w	r1, [r5, #1056]	; 0x420
   b88b2:	e7ca      	b.n	b884a <_ZN14ExFatPartition12bitmapModifyEmmb+0x2e>
  }

fail:
  return false;
   b88b4:	2000      	movs	r0, #0
}
   b88b6:	e8bd 83f8 	ldmia.w	sp!, {r3, r4, r5, r6, r7, r8, r9, pc}
          return true;
   b88ba:	2001      	movs	r0, #1
   b88bc:	e7fb      	b.n	b88b6 <_ZN14ExFatPartition12bitmapModifyEmmb+0x9a>

000b88be <_ZN14ExFatPartition8dirCacheEP8DirPos_th>:
    n++;
  } while (status);
  return n;
}
//------------------------------------------------------------------------------
uint8_t* ExFatPartition::dirCache(DirPos_t* pos, uint8_t options) {
   b88be:	b538      	push	{r3, r4, r5, lr}
   b88c0:	460c      	mov	r4, r1
  uint32_t sector = clusterStartSector(pos->cluster);
  sector += (m_clusterMask & pos->position) >> m_bytesPerSectorShift;
   b88c2:	f8d0 3438 	ldr.w	r3, [r0, #1080]	; 0x438
   b88c6:	6849      	ldr	r1, [r1, #4]
  bool dataCacheSync() { return m_dataCache.sync(); }
  //----------------------------------------------------------------------------
  uint32_t clusterMask() const { return m_clusterMask; }
  uint32_t clusterStartSector(uint32_t cluster) {
    return m_clusterHeapStartSector +
           ((cluster - 2) << m_sectorsPerClusterShift);
   b88c8:	f890 5445 	ldrb.w	r5, [r0, #1093]	; 0x445
   b88cc:	4019      	ands	r1, r3
   b88ce:	6823      	ldr	r3, [r4, #0]
   b88d0:	3b02      	subs	r3, #2
   b88d2:	40ab      	lsls	r3, r5
   b88d4:	eb03 2351 	add.w	r3, r3, r1, lsr #9
   b88d8:	f8d0 142c 	ldr.w	r1, [r0, #1068]	; 0x42c
    return m_dataCache.prepare(sector, option);
   b88dc:	f500 7004 	add.w	r0, r0, #528	; 0x210
   b88e0:	4419      	add	r1, r3
   b88e2:	f001 fb5f 	bl	b9fa4 <_ZN7FsCache7prepareEmh>
  uint8_t* cache = dataCachePrepare(sector, options);
  return cache ? cache + (pos->position & m_sectorMask) : nullptr;
   b88e6:	b118      	cbz	r0, b88f0 <_ZN14ExFatPartition8dirCacheEP8DirPos_th+0x32>
   b88e8:	6863      	ldr	r3, [r4, #4]
   b88ea:	f3c3 0308 	ubfx	r3, r3, #0, #9
   b88ee:	4418      	add	r0, r3
}
   b88f0:	bd38      	pop	{r3, r4, r5, pc}

000b88f2 <_ZN14ExFatPartition6fatGetEmPm>:
  }
  return 1;
}
//------------------------------------------------------------------------------
// return -1 error, 0 EOC, 1 OK
int8_t ExFatPartition::fatGet(uint32_t cluster, uint32_t* value) {
   b88f2:	b538      	push	{r3, r4, r5, lr}
  uint8_t* cache;
  uint32_t next;
  uint32_t sector;

  if (cluster > (m_clusterCount + 1)) {
   b88f4:	f8d0 3430 	ldr.w	r3, [r0, #1072]	; 0x430
   b88f8:	3301      	adds	r3, #1
   b88fa:	428b      	cmp	r3, r1
int8_t ExFatPartition::fatGet(uint32_t cluster, uint32_t* value) {
   b88fc:	460c      	mov	r4, r1
   b88fe:	4615      	mov	r5, r2
  if (cluster > (m_clusterCount + 1)) {
   b8900:	d202      	bcs.n	b8908 <_ZN14ExFatPartition6fatGetEmPm+0x16>
    DBG_FAIL_MACRO;
    return -1;
   b8902:	f04f 30ff 	mov.w	r0, #4294967295
  if (next == EXFAT_EOC) {
    return 0;
  }
  *value = next;
  return 1;
}
   b8906:	bd38      	pop	{r3, r4, r5, pc}
  sector = m_fatStartSector + (cluster >> (m_bytesPerSectorShift - 2));
   b8908:	f8d0 1424 	ldr.w	r1, [r0, #1060]	; 0x424
   b890c:	2200      	movs	r2, #0
   b890e:	eb01 11d4 	add.w	r1, r1, r4, lsr #7
   b8912:	f500 7004 	add.w	r0, r0, #528	; 0x210
   b8916:	f001 fb45 	bl	b9fa4 <_ZN7FsCache7prepareEmh>
  if (!cache) {
   b891a:	2800      	cmp	r0, #0
   b891c:	d0f1      	beq.n	b8902 <_ZN14ExFatPartition6fatGetEmPm+0x10>
  next = getLe32(cache + ((cluster << 2) & m_sectorMask));
   b891e:	00a4      	lsls	r4, r4, #2
   b8920:	f3c4 0408 	ubfx	r4, r4, #0, #9
  return *reinterpret_cast<const uint32_t*>(src);
   b8924:	5903      	ldr	r3, [r0, r4]
  if (next == EXFAT_EOC) {
   b8926:	1c5a      	adds	r2, r3, #1
  *value = next;
   b8928:	bf1a      	itte	ne
   b892a:	602b      	strne	r3, [r5, #0]
  return 1;
   b892c:	2001      	movne	r0, #1
    return 0;
   b892e:	2000      	moveq	r0, #0
   b8930:	e7e9      	b.n	b8906 <_ZN14ExFatPartition6fatGetEmPm+0x14>

000b8932 <_ZN14ExFatPartition9chainSizeEm>:
uint32_t ExFatPartition::chainSize(uint32_t cluster) {
   b8932:	b537      	push	{r0, r1, r2, r4, r5, lr}
   b8934:	4605      	mov	r5, r0
   b8936:	9101      	str	r1, [sp, #4]
  uint32_t n = 0;
   b8938:	2400      	movs	r4, #0
    status = fatGet(cluster, &cluster);
   b893a:	9901      	ldr	r1, [sp, #4]
   b893c:	aa01      	add	r2, sp, #4
   b893e:	4628      	mov	r0, r5
   b8940:	f7ff ffd7 	bl	b88f2 <_ZN14ExFatPartition6fatGetEmPm>
    if (status < 0) return 0;
   b8944:	2800      	cmp	r0, #0
   b8946:	db05      	blt.n	b8954 <_ZN14ExFatPartition9chainSizeEm+0x22>
    n++;
   b8948:	f104 0401 	add.w	r4, r4, #1
  } while (status);
   b894c:	d1f5      	bne.n	b893a <_ZN14ExFatPartition9chainSizeEm+0x8>
}
   b894e:	4620      	mov	r0, r4
   b8950:	b003      	add	sp, #12
   b8952:	bd30      	pop	{r4, r5, pc}
    if (status < 0) return 0;
   b8954:	2400      	movs	r4, #0
   b8956:	e7fa      	b.n	b894e <_ZN14ExFatPartition9chainSizeEm+0x1c>

000b8958 <_ZN14ExFatPartition7dirSeekEP8DirPos_tm>:
int8_t ExFatPartition::dirSeek(DirPos_t* pos, uint32_t offset) {
   b8958:	b570      	push	{r4, r5, r6, lr}
  uint32_t tmp = (m_clusterMask & pos->position) + offset;
   b895a:	684b      	ldr	r3, [r1, #4]
   b895c:	f8d0 4438 	ldr.w	r4, [r0, #1080]	; 0x438
   b8960:	401c      	ands	r4, r3
  pos->position += offset;
   b8962:	4413      	add	r3, r2
   b8964:	604b      	str	r3, [r1, #4]
    return m_bytesPerSectorShift + m_sectorsPerClusterShift;
   b8966:	f890 3445 	ldrb.w	r3, [r0, #1093]	; 0x445
   b896a:	3309      	adds	r3, #9
  uint32_t tmp = (m_clusterMask & pos->position) + offset;
   b896c:	4414      	add	r4, r2
  tmp >>= bytesPerClusterShift();
   b896e:	b2db      	uxtb	r3, r3
int8_t ExFatPartition::dirSeek(DirPos_t* pos, uint32_t offset) {
   b8970:	4606      	mov	r6, r0
   b8972:	460d      	mov	r5, r1
  tmp >>= bytesPerClusterShift();
   b8974:	40dc      	lsrs	r4, r3
  while (tmp--) {
   b8976:	b16c      	cbz	r4, b8994 <_ZN14ExFatPartition7dirSeekEP8DirPos_tm+0x3c>
    if (pos->isContiguous) {
   b8978:	7a2b      	ldrb	r3, [r5, #8]
      pos->cluster++;
   b897a:	6829      	ldr	r1, [r5, #0]
    if (pos->isContiguous) {
   b897c:	b11b      	cbz	r3, b8986 <_ZN14ExFatPartition7dirSeekEP8DirPos_tm+0x2e>
      pos->cluster++;
   b897e:	3101      	adds	r1, #1
   b8980:	6029      	str	r1, [r5, #0]
   b8982:	3c01      	subs	r4, #1
   b8984:	e7f7      	b.n	b8976 <_ZN14ExFatPartition7dirSeekEP8DirPos_tm+0x1e>
      status = fatGet(pos->cluster, &pos->cluster);
   b8986:	462a      	mov	r2, r5
   b8988:	4630      	mov	r0, r6
   b898a:	f7ff ffb2 	bl	b88f2 <_ZN14ExFatPartition6fatGetEmPm>
      if (status != 1) {
   b898e:	2801      	cmp	r0, #1
   b8990:	d0f7      	beq.n	b8982 <_ZN14ExFatPartition7dirSeekEP8DirPos_tm+0x2a>
}
   b8992:	bd70      	pop	{r4, r5, r6, pc}
  return 1;
   b8994:	2001      	movs	r0, #1
   b8996:	e7fc      	b.n	b8992 <_ZN14ExFatPartition7dirSeekEP8DirPos_tm+0x3a>

000b8998 <_ZN14ExFatPartition6fatPutEmm>:
//------------------------------------------------------------------------------
bool ExFatPartition::fatPut(uint32_t cluster, uint32_t value) {
  uint32_t sector;
  uint8_t* cache;
  if (cluster < 2 || cluster > (m_clusterCount + 1)) {
   b8998:	2901      	cmp	r1, #1
bool ExFatPartition::fatPut(uint32_t cluster, uint32_t value) {
   b899a:	b538      	push	{r3, r4, r5, lr}
   b899c:	460c      	mov	r4, r1
   b899e:	4615      	mov	r5, r2
  if (cluster < 2 || cluster > (m_clusterCount + 1)) {
   b89a0:	d801      	bhi.n	b89a6 <_ZN14ExFatPartition6fatPutEmm+0xe>
  }
  setLe32(cache + ((cluster << 2) & m_sectorMask), value);
  return true;

fail:
  return false;
   b89a2:	2000      	movs	r0, #0
}
   b89a4:	bd38      	pop	{r3, r4, r5, pc}
  if (cluster < 2 || cluster > (m_clusterCount + 1)) {
   b89a6:	f8d0 3430 	ldr.w	r3, [r0, #1072]	; 0x430
   b89aa:	3301      	adds	r3, #1
   b89ac:	428b      	cmp	r3, r1
   b89ae:	d3f8      	bcc.n	b89a2 <_ZN14ExFatPartition6fatPutEmm+0xa>
  sector = m_fatStartSector + (cluster >> (m_bytesPerSectorShift - 2));
   b89b0:	f8d0 1424 	ldr.w	r1, [r0, #1060]	; 0x424
    return m_dataCache.prepare(sector, option);
   b89b4:	2201      	movs	r2, #1
   b89b6:	eb01 11d4 	add.w	r1, r1, r4, lsr #7
   b89ba:	f500 7004 	add.w	r0, r0, #528	; 0x210
   b89be:	f001 faf1 	bl	b9fa4 <_ZN7FsCache7prepareEmh>
  if (!cache) {
   b89c2:	2800      	cmp	r0, #0
   b89c4:	d0ed      	beq.n	b89a2 <_ZN14ExFatPartition6fatPutEmm+0xa>
  setLe32(cache + ((cluster << 2) & m_sectorMask), value);
   b89c6:	00a4      	lsls	r4, r4, #2
   b89c8:	f3c4 0408 	ubfx	r4, r4, #0, #9
  *reinterpret_cast<uint32_t*>(dst) = src;
   b89cc:	5105      	str	r5, [r0, r4]
  return true;
   b89ce:	2001      	movs	r0, #1
   b89d0:	e7e8      	b.n	b89a4 <_ZN14ExFatPartition6fatPutEmm+0xc>

000b89d2 <_ZN14ExFatPartition9freeChainEm>:
//------------------------------------------------------------------------------
bool ExFatPartition::freeChain(uint32_t cluster) {
   b89d2:	e92d 41f3 	stmdb	sp!, {r0, r1, r4, r5, r6, r7, r8, lr}
   b89d6:	4607      	mov	r7, r0
   b89d8:	460c      	mov	r4, r1
  uint32_t next;
  uint32_t start = cluster;
   b89da:	4688      	mov	r8, r1
  int8_t status;
  do {
    status = fatGet(cluster, &next);
   b89dc:	aa01      	add	r2, sp, #4
   b89de:	4621      	mov	r1, r4
   b89e0:	4638      	mov	r0, r7
   b89e2:	f7ff ff86 	bl	b88f2 <_ZN14ExFatPartition6fatGetEmPm>
    if (status < 0) {
   b89e6:	1e06      	subs	r6, r0, #0
   b89e8:	da04      	bge.n	b89f4 <_ZN14ExFatPartition9freeChainEm+0x22>
  } while (status);

  return true;

fail:
  return false;
   b89ea:	2500      	movs	r5, #0
}
   b89ec:	4628      	mov	r0, r5
   b89ee:	b002      	add	sp, #8
   b89f0:	e8bd 81f0 	ldmia.w	sp!, {r4, r5, r6, r7, r8, pc}
    if (!fatPut(cluster, 0)) {
   b89f4:	2200      	movs	r2, #0
   b89f6:	4621      	mov	r1, r4
   b89f8:	4638      	mov	r0, r7
   b89fa:	f7ff ffcd 	bl	b8998 <_ZN14ExFatPartition6fatPutEmm>
   b89fe:	4605      	mov	r5, r0
   b8a00:	2800      	cmp	r0, #0
   b8a02:	d0f2      	beq.n	b89ea <_ZN14ExFatPartition9freeChainEm+0x18>
    if (status == 0 || (cluster + 1) != next) {
   b8a04:	1c62      	adds	r2, r4, #1
   b8a06:	b116      	cbz	r6, b8a0e <_ZN14ExFatPartition9freeChainEm+0x3c>
   b8a08:	9b01      	ldr	r3, [sp, #4]
   b8a0a:	4293      	cmp	r3, r2
   b8a0c:	d00a      	beq.n	b8a24 <_ZN14ExFatPartition9freeChainEm+0x52>
      if (!bitmapModify(start, cluster - start + 1, 0)) {
   b8a0e:	2300      	movs	r3, #0
   b8a10:	eba2 0208 	sub.w	r2, r2, r8
   b8a14:	4641      	mov	r1, r8
   b8a16:	4638      	mov	r0, r7
   b8a18:	f7ff ff00 	bl	b881c <_ZN14ExFatPartition12bitmapModifyEmmb>
   b8a1c:	2800      	cmp	r0, #0
   b8a1e:	d0e4      	beq.n	b89ea <_ZN14ExFatPartition9freeChainEm+0x18>
      start = next;
   b8a20:	f8dd 8004 	ldr.w	r8, [sp, #4]
    cluster = next;
   b8a24:	9c01      	ldr	r4, [sp, #4]
  } while (status);
   b8a26:	2e00      	cmp	r6, #0
   b8a28:	d1d8      	bne.n	b89dc <_ZN14ExFatPartition9freeChainEm+0xa>
   b8a2a:	e7df      	b.n	b89ec <_ZN14ExFatPartition9freeChainEm+0x1a>

000b8a2c <_ZN14ExFatPartition4initEP16DedicatedSpiCardhm>:
      }
    }
  }
}
//------------------------------------------------------------------------------
bool ExFatPartition::init(FsBlockDevice* dev, uint8_t part, uint32_t volStart) {
   b8a2c:	b570      	push	{r4, r5, r6, lr}
   b8a2e:	4604      	mov	r4, r0
   b8a30:	461e      	mov	r6, r3
  pbs_t* pbs;
  BpbExFat_t* bpb;
  MbrSector_t* mbr;
  m_fatType = 0;
   b8a32:	2300      	movs	r3, #0
   b8a34:	f880 3444 	strb.w	r3, [r0, #1092]	; 0x444
  m_blockDev = dev;
   b8a38:	f8c0 1440 	str.w	r1, [r0, #1088]	; 0x440
    m_blockDev = blockDev;
   b8a3c:	6041      	str	r1, [r0, #4]
    m_status = 0;
   b8a3e:	7003      	strb	r3, [r0, #0]
    m_sector = 0XFFFFFFFF;
   b8a40:	f04f 30ff 	mov.w	r0, #4294967295
   b8a44:	60a0      	str	r0, [r4, #8]
    m_blockDev = blockDev;
   b8a46:	f8c4 1214 	str.w	r1, [r4, #532]	; 0x214
    m_status = 0;
   b8a4a:	f884 3210 	strb.w	r3, [r4, #528]	; 0x210
    m_sector = 0XFFFFFFFF;
   b8a4e:	f8c4 0218 	str.w	r0, [r4, #536]	; 0x218
  cacheInit(m_blockDev);
  // if part == 0 assume super floppy with FAT boot sector in sector zero
  // if part > 0 assume mbr volume with partition table
  if (part) {
   b8a52:	4615      	mov	r5, r2
   b8a54:	b1d2      	cbz	r2, b8a8c <_ZN14ExFatPartition4initEP16DedicatedSpiCardhm+0x60>
    if (part > 4) {
   b8a56:	2a04      	cmp	r2, #4
   b8a58:	d901      	bls.n	b8a5e <_ZN14ExFatPartition4initEP16DedicatedSpiCardhm+0x32>
  bitmapFind(0, 1);
  m_fatType = FAT_TYPE_EXFAT;
  return true;

fail:
  return false;
   b8a5a:	2000      	movs	r0, #0
}
   b8a5c:	bd70      	pop	{r4, r5, r6, pc}
   b8a5e:	461a      	mov	r2, r3
   b8a60:	4619      	mov	r1, r3
   b8a62:	f504 7004 	add.w	r0, r4, #528	; 0x210
   b8a66:	f001 fa9d 	bl	b9fa4 <_ZN7FsCache7prepareEmh>
    if (!mbr) {
   b8a6a:	2800      	cmp	r0, #0
   b8a6c:	d0f5      	beq.n	b8a5a <_ZN14ExFatPartition4initEP16DedicatedSpiCardhm+0x2e>
    MbrPart_t* mp = mbr->part + part - 1;
   b8a6e:	f105 5280 	add.w	r2, r5, #268435456	; 0x10000000
   b8a72:	3a01      	subs	r2, #1
   b8a74:	f500 70df 	add.w	r0, r0, #446	; 0x1be
   b8a78:	0113      	lsls	r3, r2, #4
   b8a7a:	eb00 1202 	add.w	r2, r0, r2, lsl #4
    if (mp->type == 0 || (mp->boot != 0 && mp->boot != 0X80)) {
   b8a7e:	7911      	ldrb	r1, [r2, #4]
   b8a80:	2900      	cmp	r1, #0
   b8a82:	d0ea      	beq.n	b8a5a <_ZN14ExFatPartition4initEP16DedicatedSpiCardhm+0x2e>
   b8a84:	5cc3      	ldrb	r3, [r0, r3]
   b8a86:	065b      	lsls	r3, r3, #25
   b8a88:	d1e7      	bne.n	b8a5a <_ZN14ExFatPartition4initEP16DedicatedSpiCardhm+0x2e>
  return *reinterpret_cast<const uint32_t*>(src);
   b8a8a:	6896      	ldr	r6, [r2, #8]
   b8a8c:	2200      	movs	r2, #0
   b8a8e:	4631      	mov	r1, r6
   b8a90:	f504 7004 	add.w	r0, r4, #528	; 0x210
   b8a94:	f001 fa86 	bl	b9fa4 <_ZN7FsCache7prepareEmh>
  if (!pbs) {
   b8a98:	4605      	mov	r5, r0
   b8a9a:	2800      	cmp	r0, #0
   b8a9c:	d0dd      	beq.n	b8a5a <_ZN14ExFatPartition4initEP16DedicatedSpiCardhm+0x2e>
  if (strncmp(pbs->oemName, "EXFAT", 5)) {
   b8a9e:	491a      	ldr	r1, [pc, #104]	; (b8b08 <_ZN14ExFatPartition4initEP16DedicatedSpiCardhm+0xdc>)
   b8aa0:	2205      	movs	r2, #5
   b8aa2:	3003      	adds	r0, #3
   b8aa4:	f002 ffaf 	bl	bba06 <strncmp>
   b8aa8:	4601      	mov	r1, r0
   b8aaa:	2800      	cmp	r0, #0
   b8aac:	d1d5      	bne.n	b8a5a <_ZN14ExFatPartition4initEP16DedicatedSpiCardhm+0x2e>
  if (bpb->bytesPerSectorShift != m_bytesPerSectorShift) {
   b8aae:	f895 306c 	ldrb.w	r3, [r5, #108]	; 0x6c
   b8ab2:	2b09      	cmp	r3, #9
   b8ab4:	d1d1      	bne.n	b8a5a <_ZN14ExFatPartition4initEP16DedicatedSpiCardhm+0x2e>
  m_fatStartSector = volStart + getLe32(bpb->fatOffset);
   b8ab6:	6d2b      	ldr	r3, [r5, #80]	; 0x50
   b8ab8:	4433      	add	r3, r6
   b8aba:	f8c4 3424 	str.w	r3, [r4, #1060]	; 0x424
   b8abe:	6d6b      	ldr	r3, [r5, #84]	; 0x54
  m_fatLength = getLe32(bpb->fatLength);
   b8ac0:	f8c4 3428 	str.w	r3, [r4, #1064]	; 0x428
  m_clusterHeapStartSector = volStart + getLe32(bpb->clusterHeapOffset);
   b8ac4:	6dab      	ldr	r3, [r5, #88]	; 0x58
   b8ac6:	4433      	add	r3, r6
   b8ac8:	f8c4 342c 	str.w	r3, [r4, #1068]	; 0x42c
   b8acc:	6deb      	ldr	r3, [r5, #92]	; 0x5c
  m_clusterCount = getLe32(bpb->clusterCount);
   b8ace:	f8c4 3430 	str.w	r3, [r4, #1072]	; 0x430
   b8ad2:	6e2b      	ldr	r3, [r5, #96]	; 0x60
  m_rootDirectoryCluster = getLe32(bpb->rootDirectoryCluster);
   b8ad4:	f8c4 3434 	str.w	r3, [r4, #1076]	; 0x434
  m_sectorsPerClusterShift = bpb->sectorsPerClusterShift;
   b8ad8:	f895 306d 	ldrb.w	r3, [r5, #109]	; 0x6d
   b8adc:	f884 3445 	strb.w	r3, [r4, #1093]	; 0x445
  m_bytesPerCluster = 1UL << (m_bytesPerSectorShift + m_sectorsPerClusterShift);
   b8ae0:	2501      	movs	r5, #1
   b8ae2:	3309      	adds	r3, #9
   b8ae4:	fa05 f303 	lsl.w	r3, r5, r3
   b8ae8:	f8c4 343c 	str.w	r3, [r4, #1084]	; 0x43c
  m_clusterMask = m_bytesPerCluster - 1;
   b8aec:	3b01      	subs	r3, #1
   b8aee:	f8c4 3438 	str.w	r3, [r4, #1080]	; 0x438
  m_bitmapStart = 0;
   b8af2:	f8c4 0420 	str.w	r0, [r4, #1056]	; 0x420
  bitmapFind(0, 1);
   b8af6:	462a      	mov	r2, r5
   b8af8:	4620      	mov	r0, r4
   b8afa:	f7ff fe3a 	bl	b8772 <_ZN14ExFatPartition10bitmapFindEmm>
  m_fatType = FAT_TYPE_EXFAT;
   b8afe:	2340      	movs	r3, #64	; 0x40
   b8b00:	f884 3444 	strb.w	r3, [r4, #1092]	; 0x444
  return true;
   b8b04:	4628      	mov	r0, r5
   b8b06:	e7a9      	b.n	b8a5c <_ZN14ExFatPartition4initEP16DedicatedSpiCardhm+0x30>
   b8b08:	000bbfad 	.word	0x000bbfad

000b8b0c <_ZN14ExFatPartition10rootLengthEv>:
//------------------------------------------------------------------------------
uint32_t ExFatPartition::rootLength() {
   b8b0c:	b510      	push	{r4, lr}
   b8b0e:	4604      	mov	r4, r0
  uint32_t nc = chainSize(m_rootDirectoryCluster);
   b8b10:	f8d0 1434 	ldr.w	r1, [r0, #1076]	; 0x434
   b8b14:	f7ff ff0d 	bl	b8932 <_ZN14ExFatPartition9chainSizeEm>
    return m_bytesPerSectorShift + m_sectorsPerClusterShift;
   b8b18:	f894 3445 	ldrb.w	r3, [r4, #1093]	; 0x445
   b8b1c:	3309      	adds	r3, #9
  return nc << bytesPerClusterShift();
   b8b1e:	b2db      	uxtb	r3, r3
}
   b8b20:	4098      	lsls	r0, r3
   b8b22:	bd10      	pop	{r4, pc}

000b8b24 <_ZL16exFatDirChecksumPKht>:
  return false;
}
//==============================================================================
#else  // EXFAT_READ_ONLY
//------------------------------------------------------------------------------
static uint16_t exFatDirChecksum(const uint8_t* data, uint16_t checksum) {
   b8b24:	b510      	push	{r4, lr}
  bool skip = data[0] == EXFAT_TYPE_FILE;
   b8b26:	7804      	ldrb	r4, [r0, #0]
  for (size_t i = 0; i < 32; i += i == 1 && skip ? 3 : 1) {
   b8b28:	2300      	movs	r3, #0
    checksum = ((checksum << 15) | (checksum >> 1)) + data[i];
   b8b2a:	084a      	lsrs	r2, r1, #1
   b8b2c:	ea42 31c1 	orr.w	r1, r2, r1, lsl #15
   b8b30:	5cc2      	ldrb	r2, [r0, r3]
  for (size_t i = 0; i < 32; i += i == 1 && skip ? 3 : 1) {
   b8b32:	2b01      	cmp	r3, #1
    checksum = ((checksum << 15) | (checksum >> 1)) + data[i];
   b8b34:	fa12 f181 	uxtah	r1, r2, r1
   b8b38:	b289      	uxth	r1, r1
  for (size_t i = 0; i < 32; i += i == 1 && skip ? 3 : 1) {
   b8b3a:	d108      	bne.n	b8b4e <_ZL16exFatDirChecksumPKht+0x2a>
   b8b3c:	2c85      	cmp	r4, #133	; 0x85
   b8b3e:	bf14      	ite	ne
   b8b40:	2201      	movne	r2, #1
   b8b42:	2203      	moveq	r2, #3
   b8b44:	4413      	add	r3, r2
   b8b46:	2b1f      	cmp	r3, #31
   b8b48:	d9ef      	bls.n	b8b2a <_ZL16exFatDirChecksumPKht+0x6>
  }
  return checksum;
}
   b8b4a:	4608      	mov	r0, r1
   b8b4c:	bd10      	pop	{r4, pc}
  for (size_t i = 0; i < 32; i += i == 1 && skip ? 3 : 1) {
   b8b4e:	2201      	movs	r2, #1
   b8b50:	e7f8      	b.n	b8b44 <_ZL16exFatDirChecksumPKht+0x20>

000b8b52 <_ZN14ExFatPartition9cacheSyncEv>:
  bool cacheSync() {
   b8b52:	b510      	push	{r4, lr}
   b8b54:	4604      	mov	r4, r0
    return m_bitmapCache.sync() && m_dataCache.sync() && syncDevice();
   b8b56:	f001 f9ff 	bl	b9f58 <_ZN7FsCache4syncEv>
   b8b5a:	b150      	cbz	r0, b8b72 <_ZN14ExFatPartition9cacheSyncEv+0x20>
   b8b5c:	f504 7004 	add.w	r0, r4, #528	; 0x210
   b8b60:	f001 f9fa 	bl	b9f58 <_ZN7FsCache4syncEv>
   b8b64:	b128      	cbz	r0, b8b72 <_ZN14ExFatPartition9cacheSyncEv+0x20>
  int8_t fatGet(uint32_t cluster, uint32_t* value);
  bool fatPut(uint32_t cluster, uint32_t value);
  uint32_t chainSize(uint32_t cluster);
  bool freeChain(uint32_t cluster);
  uint16_t sectorMask() const { return m_sectorMask; }
  bool syncDevice() { return m_blockDev->syncDevice(); }
   b8b66:	f8d4 0440 	ldr.w	r0, [r4, #1088]	; 0x440
  }
   b8b6a:	e8bd 4010 	ldmia.w	sp!, {r4, lr}
  bool syncDevice() { return m_blockDev->syncDevice(); }
   b8b6e:	f000 bffe 	b.w	b9b6e <_ZN13SharedSpiCard10syncDeviceEv>
  }
   b8b72:	2000      	movs	r0, #0
   b8b74:	bd10      	pop	{r4, pc}

000b8b76 <_ZN9ExFatFile10addClusterEv>:
//------------------------------------------------------------------------------
bool ExFatFile::addCluster() {
   b8b76:	b5f8      	push	{r3, r4, r5, r6, r7, lr}
   b8b78:	4604      	mov	r4, r0
  uint32_t find = m_vol->bitmapFind(m_curCluster ? m_curCluster + 1 : 0, 1);
   b8b7a:	6a00      	ldr	r0, [r0, #32]
   b8b7c:	69a1      	ldr	r1, [r4, #24]
   b8b7e:	b101      	cbz	r1, b8b82 <_ZN9ExFatFile10addClusterEv+0xc>
   b8b80:	3101      	adds	r1, #1
   b8b82:	2201      	movs	r2, #1
   b8b84:	f7ff fdf5 	bl	b8772 <_ZN14ExFatPartition10bitmapFindEmm>
  if (find < 2) {
   b8b88:	2801      	cmp	r0, #1
  uint32_t find = m_vol->bitmapFind(m_curCluster ? m_curCluster + 1 : 0, 1);
   b8b8a:	4605      	mov	r5, r0
  if (find < 2) {
   b8b8c:	d802      	bhi.n	b8b94 <_ZN9ExFatFile10addClusterEv+0x1e>
done:
  m_curCluster = find;
  return true;

fail:
  return false;
   b8b8e:	2600      	movs	r6, #0
}
   b8b90:	4630      	mov	r0, r6
   b8b92:	bdf8      	pop	{r3, r4, r5, r6, r7, pc}
  if (!m_vol->bitmapModify(find, 1, 1)) {
   b8b94:	2301      	movs	r3, #1
   b8b96:	4601      	mov	r1, r0
   b8b98:	461a      	mov	r2, r3
   b8b9a:	6a20      	ldr	r0, [r4, #32]
   b8b9c:	f7ff fe3e 	bl	b881c <_ZN14ExFatPartition12bitmapModifyEmmb>
   b8ba0:	4606      	mov	r6, r0
   b8ba2:	2800      	cmp	r0, #0
   b8ba4:	d0f3      	beq.n	b8b8e <_ZN9ExFatFile10addClusterEv+0x18>
  if (m_curCluster == 0) {
   b8ba6:	69a2      	ldr	r2, [r4, #24]
    m_flags |= FILE_FLAG_CONTIGUOUS;
   b8ba8:	f894 3033 	ldrb.w	r3, [r4, #51]	; 0x33
  if (m_curCluster == 0) {
   b8bac:	b92a      	cbnz	r2, b8bba <_ZN9ExFatFile10addClusterEv+0x44>
    m_flags |= FILE_FLAG_CONTIGUOUS;
   b8bae:	f043 0340 	orr.w	r3, r3, #64	; 0x40
   b8bb2:	f884 3033 	strb.w	r3, [r4, #51]	; 0x33
  m_curCluster = find;
   b8bb6:	61a5      	str	r5, [r4, #24]
  return true;
   b8bb8:	e7ea      	b.n	b8b90 <_ZN9ExFatFile10addClusterEv+0x1a>
  if (isContiguous()) {
   b8bba:	0659      	lsls	r1, r3, #25
   b8bbc:	d513      	bpl.n	b8be6 <_ZN9ExFatFile10addClusterEv+0x70>
    if (find == (m_curCluster + 1)) {
   b8bbe:	3201      	adds	r2, #1
   b8bc0:	42aa      	cmp	r2, r5
   b8bc2:	d0f8      	beq.n	b8bb6 <_ZN9ExFatFile10addClusterEv+0x40>
    m_flags &= ~FILE_FLAG_CONTIGUOUS;
   b8bc4:	f023 0340 	bic.w	r3, r3, #64	; 0x40
    for (uint32_t c = m_firstCluster; c < m_curCluster; c++) {
   b8bc8:	69e1      	ldr	r1, [r4, #28]
    m_flags &= ~FILE_FLAG_CONTIGUOUS;
   b8bca:	f884 3033 	strb.w	r3, [r4, #51]	; 0x33
    for (uint32_t c = m_firstCluster; c < m_curCluster; c++) {
   b8bce:	69a3      	ldr	r3, [r4, #24]
      if (!m_vol->fatPut(c, c + 1)) {
   b8bd0:	6a20      	ldr	r0, [r4, #32]
    for (uint32_t c = m_firstCluster; c < m_curCluster; c++) {
   b8bd2:	428b      	cmp	r3, r1
   b8bd4:	d907      	bls.n	b8be6 <_ZN9ExFatFile10addClusterEv+0x70>
      if (!m_vol->fatPut(c, c + 1)) {
   b8bd6:	1c4f      	adds	r7, r1, #1
   b8bd8:	463a      	mov	r2, r7
   b8bda:	f7ff fedd 	bl	b8998 <_ZN14ExFatPartition6fatPutEmm>
   b8bde:	2800      	cmp	r0, #0
   b8be0:	d0d5      	beq.n	b8b8e <_ZN9ExFatFile10addClusterEv+0x18>
    for (uint32_t c = m_firstCluster; c < m_curCluster; c++) {
   b8be2:	4639      	mov	r1, r7
   b8be4:	e7f3      	b.n	b8bce <_ZN9ExFatFile10addClusterEv+0x58>
  if (!m_vol->fatPut(find, EXFAT_EOC)) {
   b8be6:	6a20      	ldr	r0, [r4, #32]
   b8be8:	f04f 32ff 	mov.w	r2, #4294967295
   b8bec:	4629      	mov	r1, r5
   b8bee:	f7ff fed3 	bl	b8998 <_ZN14ExFatPartition6fatPutEmm>
   b8bf2:	2800      	cmp	r0, #0
   b8bf4:	d0cb      	beq.n	b8b8e <_ZN9ExFatFile10addClusterEv+0x18>
  if (m_curCluster) {
   b8bf6:	69a1      	ldr	r1, [r4, #24]
   b8bf8:	2900      	cmp	r1, #0
   b8bfa:	d0dc      	beq.n	b8bb6 <_ZN9ExFatFile10addClusterEv+0x40>
    if (!m_vol->fatPut(m_curCluster, find)) {
   b8bfc:	6a20      	ldr	r0, [r4, #32]
   b8bfe:	462a      	mov	r2, r5
   b8c00:	f7ff feca 	bl	b8998 <_ZN14ExFatPartition6fatPutEmm>
   b8c04:	2800      	cmp	r0, #0
   b8c06:	d1d6      	bne.n	b8bb6 <_ZN9ExFatFile10addClusterEv+0x40>
   b8c08:	e7c1      	b.n	b8b8e <_ZN9ExFatFile10addClusterEv+0x18>
	...

000b8c0c <_ZN9ExFatFile7syncDirEv>:
fail:
  m_error |= WRITE_ERROR;
  return false;
}
//------------------------------------------------------------------------------
bool ExFatFile::syncDir() {
   b8c0c:	e92d 41f3 	stmdb	sp!, {r0, r1, r4, r5, r6, r7, r8, lr}
   b8c10:	2700      	movs	r7, #0
    }
    switch (cache[0]) {
      case EXFAT_TYPE_FILE:
        df = reinterpret_cast<DirFile_t*>(cache);
        setLe16(df->attributes, m_attributes & FS_ATTRIB_COPY);
        if (FsDateTime::callback) {
   b8c12:	f8df 80d0 	ldr.w	r8, [pc, #208]	; b8ce4 <_ZN9ExFatFile7syncDirEv+0xd8>
bool ExFatFile::syncDir() {
   b8c16:	4604      	mov	r4, r0
  uint16_t checksum = 0;
   b8c18:	463e      	mov	r6, r7
    cache = dirCache(is, FsCache::CACHE_FOR_READ);
   b8c1a:	2200      	movs	r2, #0
   b8c1c:	b2f9      	uxtb	r1, r7
   b8c1e:	4620      	mov	r0, r4
   b8c20:	f000 fa48 	bl	b90b4 <_ZN9ExFatFile8dirCacheEhh>
    if (!cache) {
   b8c24:	4605      	mov	r5, r0
   b8c26:	2800      	cmp	r0, #0
   b8c28:	d03d      	beq.n	b8ca6 <_ZN9ExFatFile7syncDirEv+0x9a>
    switch (cache[0]) {
   b8c2a:	7803      	ldrb	r3, [r0, #0]
   b8c2c:	2bc0      	cmp	r3, #192	; 0xc0
   b8c2e:	d044      	beq.n	b8cba <_ZN9ExFatFile7syncDirEv+0xae>
   b8c30:	2bc1      	cmp	r3, #193	; 0xc1
   b8c32:	d021      	beq.n	b8c78 <_ZN9ExFatFile7syncDirEv+0x6c>
   b8c34:	2b85      	cmp	r3, #133	; 0x85
   b8c36:	d136      	bne.n	b8ca6 <_ZN9ExFatFile7syncDirEv+0x9a>
        setLe16(df->attributes, m_attributes & FS_ATTRIB_COPY);
   b8c38:	f894 3031 	ldrb.w	r3, [r4, #49]	; 0x31
   b8c3c:	f003 0337 	and.w	r3, r3, #55	; 0x37
   b8c40:	8083      	strh	r3, [r0, #4]
        if (FsDateTime::callback) {
   b8c42:	f8d8 3000 	ldr.w	r3, [r8]
   b8c46:	b183      	cbz	r3, b8c6a <_ZN9ExFatFile7syncDirEv+0x5e>
          uint16_t date, time;
          uint8_t ms10;
          FsDateTime::callback(&date, &time, &ms10);
   b8c48:	f10d 0203 	add.w	r2, sp, #3
   b8c4c:	f10d 0106 	add.w	r1, sp, #6
   b8c50:	a801      	add	r0, sp, #4
   b8c52:	4798      	blx	r3
          df->modifyTimeMs = ms10;
   b8c54:	f89d 3003 	ldrb.w	r3, [sp, #3]
          setLe16(df->modifyTime, time);
   b8c58:	f8bd 2006 	ldrh.w	r2, [sp, #6]
          df->modifyTimeMs = ms10;
   b8c5c:	756b      	strb	r3, [r5, #21]
          setLe16(df->modifyDate, date);
   b8c5e:	f8bd 3004 	ldrh.w	r3, [sp, #4]
  *reinterpret_cast<uint16_t*>(dst) = src;
   b8c62:	81aa      	strh	r2, [r5, #12]
   b8c64:	81eb      	strh	r3, [r5, #14]
   b8c66:	822a      	strh	r2, [r5, #16]
   b8c68:	826b      	strh	r3, [r5, #18]
          ds->flags &= ~EXFAT_FLAG_CONTIGUOUS;
        }
        setLe64(ds->validLength, m_validLength);
        setLe32(ds->firstCluster, m_firstCluster);
        setLe64(ds->dataLength, m_dataLength);
        m_vol->dataCacheDirty();
   b8c6a:	6a22      	ldr	r2, [r4, #32]
  void dirty() { m_status |= CACHE_STATUS_DIRTY; }
   b8c6c:	f892 3210 	ldrb.w	r3, [r2, #528]	; 0x210
   b8c70:	f043 0301 	orr.w	r3, r3, #1
   b8c74:	f882 3210 	strb.w	r3, [r2, #528]	; 0x210
      default:
        DBG_FAIL_MACRO;
        goto fail;
        break;
    }
    checksum = exFatDirChecksum(cache, checksum);
   b8c78:	4631      	mov	r1, r6
   b8c7a:	4628      	mov	r0, r5
   b8c7c:	f7ff ff52 	bl	b8b24 <_ZL16exFatDirChecksumPKht>
  for (uint8_t is = 0; is <= m_setCount; is++) {
   b8c80:	3701      	adds	r7, #1
   b8c82:	f894 2030 	ldrb.w	r2, [r4, #48]	; 0x30
   b8c86:	b2fb      	uxtb	r3, r7
   b8c88:	429a      	cmp	r2, r3
    checksum = exFatDirChecksum(cache, checksum);
   b8c8a:	4606      	mov	r6, r0
  for (uint8_t is = 0; is <= m_setCount; is++) {
   b8c8c:	d2c5      	bcs.n	b8c1a <_ZN9ExFatFile7syncDirEv+0xe>
  }
  df = reinterpret_cast<DirFile_t*>(
      m_vol->dirCache(&m_dirPos, FsCache::CACHE_FOR_WRITE));
   b8c8e:	6a20      	ldr	r0, [r4, #32]
   b8c90:	2201      	movs	r2, #1
   b8c92:	f104 0124 	add.w	r1, r4, #36	; 0x24
   b8c96:	f7ff fe12 	bl	b88be <_ZN14ExFatPartition8dirCacheEP8DirPos_th>
  if (!df) {
   b8c9a:	b120      	cbz	r0, b8ca6 <_ZN9ExFatFile7syncDirEv+0x9a>
   b8c9c:	8046      	strh	r6, [r0, #2]
    DBG_FAIL_MACRO;
    goto fail;
  }
  setLe16(df->setChecksum, checksum);
  if (!m_vol->cacheSync()) {
   b8c9e:	6a20      	ldr	r0, [r4, #32]
   b8ca0:	f7ff ff57 	bl	b8b52 <_ZN14ExFatPartition9cacheSyncEv>
   b8ca4:	b930      	cbnz	r0, b8cb4 <_ZN9ExFatFile7syncDirEv+0xa8>
    goto fail;
  }
  return true;

fail:
  m_error |= WRITE_ERROR;
   b8ca6:	f894 3032 	ldrb.w	r3, [r4, #50]	; 0x32
   b8caa:	f043 0301 	orr.w	r3, r3, #1
   b8cae:	f884 3032 	strb.w	r3, [r4, #50]	; 0x32
  return false;
   b8cb2:	2000      	movs	r0, #0
}
   b8cb4:	b002      	add	sp, #8
   b8cb6:	e8bd 81f0 	ldmia.w	sp!, {r4, r5, r6, r7, r8, pc}
        if (isContiguous()) {
   b8cba:	f894 2033 	ldrb.w	r2, [r4, #51]	; 0x33
          ds->flags |= EXFAT_FLAG_CONTIGUOUS;
   b8cbe:	7843      	ldrb	r3, [r0, #1]
        if (isContiguous()) {
   b8cc0:	0652      	lsls	r2, r2, #25
          ds->flags |= EXFAT_FLAG_CONTIGUOUS;
   b8cc2:	bf4c      	ite	mi
   b8cc4:	f043 0302 	orrmi.w	r3, r3, #2
          ds->flags &= ~EXFAT_FLAG_CONTIGUOUS;
   b8cc8:	f003 03fd 	andpl.w	r3, r3, #253	; 0xfd
   b8ccc:	7043      	strb	r3, [r0, #1]
        setLe64(ds->validLength, m_validLength);
   b8cce:	e9d4 2304 	ldrd	r2, r3, [r4, #16]
  *reinterpret_cast<uint64_t*>(dst) = src;
   b8cd2:	e9c0 2302 	strd	r2, r3, [r0, #8]
        setLe32(ds->firstCluster, m_firstCluster);
   b8cd6:	69e3      	ldr	r3, [r4, #28]
  *reinterpret_cast<uint32_t*>(dst) = src;
   b8cd8:	6143      	str	r3, [r0, #20]
        setLe64(ds->dataLength, m_dataLength);
   b8cda:	e9d4 2302 	ldrd	r2, r3, [r4, #8]
  *reinterpret_cast<uint64_t*>(dst) = src;
   b8cde:	e9c0 2306 	strd	r2, r3, [r0, #24]
   b8ce2:	e7c2      	b.n	b8c6a <_ZN9ExFatFile7syncDirEv+0x5e>
   b8ce4:	2003e678 	.word	0x2003e678

000b8ce8 <_ZN9ExFatFile4syncEv>:
bool ExFatFile::sync() {
   b8ce8:	b510      	push	{r4, lr}
  if (!isOpen()) {
   b8cea:	f890 3031 	ldrb.w	r3, [r0, #49]	; 0x31
bool ExFatFile::sync() {
   b8cee:	4604      	mov	r4, r0
  if (!isOpen()) {
   b8cf0:	b90b      	cbnz	r3, b8cf6 <_ZN9ExFatFile4syncEv+0xe>
    return true;
   b8cf2:	2001      	movs	r0, #1
}
   b8cf4:	bd10      	pop	{r4, pc}
  if (m_flags & FILE_FLAG_DIR_DIRTY) {
   b8cf6:	f990 2033 	ldrsb.w	r2, [r0, #51]	; 0x33
   b8cfa:	f890 3033 	ldrb.w	r3, [r0, #51]	; 0x33
   b8cfe:	2a00      	cmp	r2, #0
   b8d00:	da07      	bge.n	b8d12 <_ZN9ExFatFile4syncEv+0x2a>
    m_flags &= ~FILE_FLAG_DIR_DIRTY;
   b8d02:	f003 037f 	and.w	r3, r3, #127	; 0x7f
   b8d06:	f880 3033 	strb.w	r3, [r0, #51]	; 0x33
}
   b8d0a:	e8bd 4010 	ldmia.w	sp!, {r4, lr}
    return syncDir();
   b8d0e:	f7ff bf7d 	b.w	b8c0c <_ZN9ExFatFile7syncDirEv>
  if (!m_vol->cacheSync()) {
   b8d12:	6a00      	ldr	r0, [r0, #32]
   b8d14:	f7ff ff1d 	bl	b8b52 <_ZN14ExFatPartition9cacheSyncEv>
   b8d18:	2800      	cmp	r0, #0
   b8d1a:	d1ea      	bne.n	b8cf2 <_ZN9ExFatFile4syncEv+0xa>
  m_error |= WRITE_ERROR;
   b8d1c:	f894 3032 	ldrb.w	r3, [r4, #50]	; 0x32
   b8d20:	f043 0301 	orr.w	r3, r3, #1
   b8d24:	f884 3032 	strb.w	r3, [r4, #50]	; 0x32
  return false;
   b8d28:	e7e4      	b.n	b8cf4 <_ZN9ExFatFile4syncEv+0xc>

000b8d2a <_ZN9ExFatFile13addDirClusterEv>:
bool ExFatFile::addDirCluster() {
   b8d2a:	b5f8      	push	{r3, r4, r5, r6, r7, lr}
  uint32_t dl = isRoot() ? m_vol->rootLength() : m_dataLength;
   b8d2c:	f890 3031 	ldrb.w	r3, [r0, #49]	; 0x31
   b8d30:	065a      	lsls	r2, r3, #25
bool ExFatFile::addDirCluster() {
   b8d32:	4604      	mov	r4, r0
  uint32_t dl = isRoot() ? m_vol->rootLength() : m_dataLength;
   b8d34:	d52e      	bpl.n	b8d94 <_ZN9ExFatFile13addDirClusterEv+0x6a>
   b8d36:	6a00      	ldr	r0, [r0, #32]
   b8d38:	f7ff fee8 	bl	b8b0c <_ZN14ExFatPartition10rootLengthEv>
  uint32_t bytesPerCluster() const { return m_bytesPerCluster; }
   b8d3c:	6a23      	ldr	r3, [r4, #32]
  dl += m_vol->bytesPerCluster();
   b8d3e:	f8d3 343c 	ldr.w	r3, [r3, #1084]	; 0x43c
   b8d42:	4418      	add	r0, r3
  if (dl >= 0X4000000) {
   b8d44:	f1b0 6f80 	cmp.w	r0, #67108864	; 0x4000000
   b8d48:	d247      	bcs.n	b8dda <_ZN9ExFatFile13addDirClusterEv+0xb0>
  if (!addCluster()) {
   b8d4a:	4620      	mov	r0, r4
   b8d4c:	f7ff ff13 	bl	b8b76 <_ZN9ExFatFile10addClusterEv>
   b8d50:	2800      	cmp	r0, #0
   b8d52:	d042      	beq.n	b8dda <_ZN9ExFatFile13addDirClusterEv+0xb0>
  sector = m_vol->clusterStartSector(m_curCluster);
   b8d54:	6a23      	ldr	r3, [r4, #32]
           ((cluster - 2) << m_sectorsPerClusterShift);
   b8d56:	69a5      	ldr	r5, [r4, #24]
   b8d58:	f893 2445 	ldrb.w	r2, [r3, #1093]	; 0x445
   b8d5c:	f8d3 342c 	ldr.w	r3, [r3, #1068]	; 0x42c
   b8d60:	3d02      	subs	r5, #2
   b8d62:	4095      	lsls	r5, r2
   b8d64:	441d      	add	r5, r3
  for (uint32_t i = 0; i < m_vol->sectorsPerCluster(); i++) {
   b8d66:	2600      	movs	r6, #0
  uint32_t sectorsPerCluster() const { return 1UL << m_sectorsPerClusterShift; }
   b8d68:	2701      	movs	r7, #1
   b8d6a:	6a20      	ldr	r0, [r4, #32]
   b8d6c:	f890 3445 	ldrb.w	r3, [r0, #1093]	; 0x445
   b8d70:	fa07 f303 	lsl.w	r3, r7, r3
   b8d74:	42b3      	cmp	r3, r6
   b8d76:	d90f      	bls.n	b8d98 <_ZN9ExFatFile13addDirClusterEv+0x6e>
    return m_dataCache.prepare(sector, option);
   b8d78:	2205      	movs	r2, #5
   b8d7a:	19a9      	adds	r1, r5, r6
   b8d7c:	f500 7004 	add.w	r0, r0, #528	; 0x210
   b8d80:	f001 f910 	bl	b9fa4 <_ZN7FsCache7prepareEmh>
    if (!cache) {
   b8d84:	b348      	cbz	r0, b8dda <_ZN9ExFatFile13addDirClusterEv+0xb0>
    memset(cache, 0, m_vol->bytesPerSector());
   b8d86:	f44f 7200 	mov.w	r2, #512	; 0x200
   b8d8a:	2100      	movs	r1, #0
   b8d8c:	f002 fde7 	bl	bb95e <memset>
  for (uint32_t i = 0; i < m_vol->sectorsPerCluster(); i++) {
   b8d90:	3601      	adds	r6, #1
   b8d92:	e7ea      	b.n	b8d6a <_ZN9ExFatFile13addDirClusterEv+0x40>
  uint32_t dl = isRoot() ? m_vol->rootLength() : m_dataLength;
   b8d94:	6880      	ldr	r0, [r0, #8]
   b8d96:	e7d1      	b.n	b8d3c <_ZN9ExFatFile13addDirClusterEv+0x12>
  if (!isRoot()) {
   b8d98:	f894 3031 	ldrb.w	r3, [r4, #49]	; 0x31
   b8d9c:	065b      	lsls	r3, r3, #25
   b8d9e:	d417      	bmi.n	b8dd0 <_ZN9ExFatFile13addDirClusterEv+0xa6>
    m_flags |= FILE_FLAG_DIR_DIRTY;
   b8da0:	f894 3033 	ldrb.w	r3, [r4, #51]	; 0x33
   b8da4:	f063 037f 	orn	r3, r3, #127	; 0x7f
   b8da8:	f884 3033 	strb.w	r3, [r4, #51]	; 0x33
    m_dataLength += m_vol->bytesPerCluster();
   b8dac:	e9d4 3202 	ldrd	r3, r2, [r4, #8]
   b8db0:	f8d0 143c 	ldr.w	r1, [r0, #1084]	; 0x43c
   b8db4:	185b      	adds	r3, r3, r1
   b8db6:	f142 0200 	adc.w	r2, r2, #0
   b8dba:	e9c4 3202 	strd	r3, r2, [r4, #8]
    m_validLength += m_vol->bytesPerCluster();
   b8dbe:	e9d4 3204 	ldrd	r3, r2, [r4, #16]
   b8dc2:	f8d0 143c 	ldr.w	r1, [r0, #1084]	; 0x43c
   b8dc6:	185b      	adds	r3, r3, r1
   b8dc8:	f142 0200 	adc.w	r2, r2, #0
   b8dcc:	e9c4 3204 	strd	r3, r2, [r4, #16]
  return sync();
   b8dd0:	4620      	mov	r0, r4
}
   b8dd2:	e8bd 40f8 	ldmia.w	sp!, {r3, r4, r5, r6, r7, lr}
  return sync();
   b8dd6:	f7ff bf87 	b.w	b8ce8 <_ZN9ExFatFile4syncEv>
}
   b8dda:	2000      	movs	r0, #0
   b8ddc:	bdf8      	pop	{r3, r4, r5, r6, r7, pc}

000b8dde <_ZN9ExFatFile8truncateEv>:

fail:
  return false;
}
//------------------------------------------------------------------------------
bool ExFatFile::truncate() {
   b8dde:	b5f7      	push	{r0, r1, r2, r4, r5, r6, r7, lr}
  /** \return True if this is a sub-directory. */
  bool isSubDir() const { return m_attributes & FILE_ATTR_SUBDIR; }
  /** \return True if this is a system file. */
  bool isSystem() const { return m_attributes & FS_ATTRIB_SYSTEM; }
  /** \return True file is writable. */
  bool isWritable() const { return m_flags & FILE_FLAG_WRITE; }
   b8de0:	f890 2033 	ldrb.w	r2, [r0, #51]	; 0x33
  uint32_t toFree;
  // error if not a normal file or read-only
  if (!isWritable()) {
   b8de4:	0793      	lsls	r3, r2, #30
bool ExFatFile::truncate() {
   b8de6:	4604      	mov	r4, r0
  if (!isWritable()) {
   b8de8:	d402      	bmi.n	b8df0 <_ZN9ExFatFile8truncateEv+0x12>
  m_validLength = m_curPosition;
  m_flags |= FILE_FLAG_DIR_DIRTY;
  return sync();

fail:
  return false;
   b8dea:	2000      	movs	r0, #0
}
   b8dec:	b003      	add	sp, #12
   b8dee:	bdf0      	pop	{r4, r5, r6, r7, pc}
  if (m_firstCluster == 0) {
   b8df0:	69c3      	ldr	r3, [r0, #28]
   b8df2:	2b00      	cmp	r3, #0
   b8df4:	d056      	beq.n	b8ea4 <_ZN9ExFatFile8truncateEv+0xc6>
  if (isContiguous()) {
   b8df6:	f012 0240 	ands.w	r2, r2, #64	; 0x40
    if (m_curCluster) {
   b8dfa:	6981      	ldr	r1, [r0, #24]
  if (isContiguous()) {
   b8dfc:	d037      	beq.n	b8e6e <_ZN9ExFatFile8truncateEv+0x90>
    uint32_t nc = 1 + ((m_dataLength - 1) >> m_vol->bytesPerClusterShift());
   b8dfe:	6a00      	ldr	r0, [r0, #32]
   b8e00:	e9d4 2602 	ldrd	r2, r6, [r4, #8]
    return m_bytesPerSectorShift + m_sectorsPerClusterShift;
   b8e04:	f890 5445 	ldrb.w	r5, [r0, #1093]	; 0x445
   b8e08:	3509      	adds	r5, #9
   b8e0a:	b2ed      	uxtb	r5, r5
   b8e0c:	3a01      	subs	r2, #1
   b8e0e:	f146 36ff 	adc.w	r6, r6, #4294967295
   b8e12:	f1c5 0c20 	rsb	ip, r5, #32
   b8e16:	f1a5 0720 	sub.w	r7, r5, #32
   b8e1a:	40ea      	lsrs	r2, r5
   b8e1c:	fa06 fc0c 	lsl.w	ip, r6, ip
   b8e20:	ea42 020c 	orr.w	r2, r2, ip
   b8e24:	fa26 f707 	lsr.w	r7, r6, r7
   b8e28:	433a      	orrs	r2, r7
   b8e2a:	3201      	adds	r2, #1
    if (m_curCluster) {
   b8e2c:	b1a9      	cbz	r1, b8e5a <_ZN9ExFatFile8truncateEv+0x7c>
      nc -= 1 + m_curCluster - m_firstCluster;
   b8e2e:	3b01      	subs	r3, #1
      toFree = m_curCluster + 1;
   b8e30:	1c4d      	adds	r5, r1, #1
      nc -= 1 + m_curCluster - m_firstCluster;
   b8e32:	1a5b      	subs	r3, r3, r1
      toFree = m_curCluster + 1;
   b8e34:	9501      	str	r5, [sp, #4]
      nc -= 1 + m_curCluster - m_firstCluster;
   b8e36:	441a      	add	r2, r3
    if (nc && !m_vol->bitmapModify(toFree, nc, 0)) {
   b8e38:	b992      	cbnz	r2, b8e60 <_ZN9ExFatFile8truncateEv+0x82>
  m_dataLength = m_curPosition;
   b8e3a:	e9d4 2300 	ldrd	r2, r3, [r4]
   b8e3e:	e9c4 2302 	strd	r2, r3, [r4, #8]
  m_validLength = m_curPosition;
   b8e42:	e9c4 2304 	strd	r2, r3, [r4, #16]
  m_flags |= FILE_FLAG_DIR_DIRTY;
   b8e46:	f894 3033 	ldrb.w	r3, [r4, #51]	; 0x33
   b8e4a:	f063 037f 	orn	r3, r3, #127	; 0x7f
   b8e4e:	f884 3033 	strb.w	r3, [r4, #51]	; 0x33
  return sync();
   b8e52:	4620      	mov	r0, r4
   b8e54:	f7ff ff48 	bl	b8ce8 <_ZN9ExFatFile4syncEv>
   b8e58:	e7c8      	b.n	b8dec <_ZN9ExFatFile8truncateEv+0xe>
      toFree = m_firstCluster;
   b8e5a:	9301      	str	r3, [sp, #4]
      m_firstCluster = 0;
   b8e5c:	61e1      	str	r1, [r4, #28]
   b8e5e:	e7eb      	b.n	b8e38 <_ZN9ExFatFile8truncateEv+0x5a>
    if (nc && !m_vol->bitmapModify(toFree, nc, 0)) {
   b8e60:	9901      	ldr	r1, [sp, #4]
   b8e62:	2300      	movs	r3, #0
   b8e64:	f7ff fcda 	bl	b881c <_ZN14ExFatPartition12bitmapModifyEmmb>
      if (!m_vol->freeChain(toFree)) {
   b8e68:	2800      	cmp	r0, #0
   b8e6a:	d1e6      	bne.n	b8e3a <_ZN9ExFatFile8truncateEv+0x5c>
   b8e6c:	e7bd      	b.n	b8dea <_ZN9ExFatFile8truncateEv+0xc>
    if (m_curCluster) {
   b8e6e:	b1b1      	cbz	r1, b8e9e <_ZN9ExFatFile8truncateEv+0xc0>
      toFree = 0;
   b8e70:	9201      	str	r2, [sp, #4]
      int8_t fg = m_vol->fatGet(m_curCluster, &toFree);
   b8e72:	6a00      	ldr	r0, [r0, #32]
   b8e74:	aa01      	add	r2, sp, #4
   b8e76:	f7ff fd3c 	bl	b88f2 <_ZN14ExFatPartition6fatGetEmPm>
      if (fg < 0) {
   b8e7a:	2800      	cmp	r0, #0
   b8e7c:	dbb5      	blt.n	b8dea <_ZN9ExFatFile8truncateEv+0xc>
      if (fg) {
   b8e7e:	d007      	beq.n	b8e90 <_ZN9ExFatFile8truncateEv+0xb2>
        if (!m_vol->fatPut(m_curCluster, EXFAT_EOC)) {
   b8e80:	69a1      	ldr	r1, [r4, #24]
   b8e82:	6a20      	ldr	r0, [r4, #32]
   b8e84:	f04f 32ff 	mov.w	r2, #4294967295
   b8e88:	f7ff fd86 	bl	b8998 <_ZN14ExFatPartition6fatPutEmm>
   b8e8c:	2800      	cmp	r0, #0
   b8e8e:	d0ac      	beq.n	b8dea <_ZN9ExFatFile8truncateEv+0xc>
    if (toFree) {
   b8e90:	9901      	ldr	r1, [sp, #4]
   b8e92:	2900      	cmp	r1, #0
   b8e94:	d0d1      	beq.n	b8e3a <_ZN9ExFatFile8truncateEv+0x5c>
      if (!m_vol->freeChain(toFree)) {
   b8e96:	6a20      	ldr	r0, [r4, #32]
   b8e98:	f7ff fd9b 	bl	b89d2 <_ZN14ExFatPartition9freeChainEm>
   b8e9c:	e7e4      	b.n	b8e68 <_ZN9ExFatFile8truncateEv+0x8a>
      toFree = m_firstCluster;
   b8e9e:	9301      	str	r3, [sp, #4]
      m_firstCluster = 0;
   b8ea0:	61c1      	str	r1, [r0, #28]
   b8ea2:	e7f5      	b.n	b8e90 <_ZN9ExFatFile8truncateEv+0xb2>
    return true;
   b8ea4:	2001      	movs	r0, #1
   b8ea6:	e7a1      	b.n	b8dec <_ZN9ExFatFile8truncateEv+0xe>

000b8ea8 <_ZN9ExFatFile5writeEPKvj>:
//------------------------------------------------------------------------------
size_t ExFatFile::write(const void* buf, size_t nbyte) {
   b8ea8:	e92d 4ff7 	stmdb	sp!, {r0, r1, r2, r4, r5, r6, r7, r8, r9, sl, fp, lr}
   b8eac:	f890 3033 	ldrb.w	r3, [r0, #51]	; 0x33
   b8eb0:	4688      	mov	r8, r1

  // number of bytes left to write  -  must be before goto statements
  size_t toWrite = nbyte;
  size_t n;
  // error if not an open file or is read-only
  if (!isWritable()) {
   b8eb2:	0799      	lsls	r1, r3, #30
size_t ExFatFile::write(const void* buf, size_t nbyte) {
   b8eb4:	4604      	mov	r4, r0
   b8eb6:	4691      	mov	r9, r2
  if (!isWritable()) {
   b8eb8:	d565      	bpl.n	b8f86 <_ZN9ExFatFile5writeEPKvj+0xde>
    DBG_FAIL_MACRO;
    goto fail;
  }
  // seek to end of file if append flag
  if ((m_flags & FILE_FLAG_APPEND)) {
   b8eba:	071a      	lsls	r2, r3, #28
   b8ebc:	d45d      	bmi.n	b8f7a <_ZN9ExFatFile5writeEPKvj+0xd2>
size_t ExFatFile::write(const void* buf, size_t nbyte) {
   b8ebe:	464f      	mov	r7, r9
            fg = 1;
          } else {
            fg = 0;
          }
        } else {
          fg = m_vol->fatGet(m_curCluster, &m_curCluster);
   b8ec0:	f104 0a18 	add.w	sl, r4, #24
      if (sectorOffset == 0 && m_curPosition >= m_validLength) {
        // start of new sector don't need to read into cache
        cacheOption = FsCache::CACHE_RESERVE_FOR_WRITE;
      } else {
        // rewrite part of sector
        cacheOption = FsCache::CACHE_FOR_WRITE;
   b8ec4:	f04f 0b01 	mov.w	fp, #1
    clusterOffset = m_curPosition & m_vol->clusterMask();
   b8ec8:	e9d4 5300 	ldrd	r5, r3, [r4]
  while (toWrite) {
   b8ecc:	2f00      	cmp	r7, #0
   b8ece:	f000 80d8 	beq.w	b9082 <_ZN9ExFatFile5writeEPKvj+0x1da>
    clusterOffset = m_curPosition & m_vol->clusterMask();
   b8ed2:	6a20      	ldr	r0, [r4, #32]
   b8ed4:	f8d0 1438 	ldr.w	r1, [r0, #1080]	; 0x438
   b8ed8:	400d      	ands	r5, r1
    sectorOffset = clusterOffset & m_vol->sectorMask();
   b8eda:	f3c5 0608 	ubfx	r6, r5, #0, #9
    if (clusterOffset == 0) {
   b8ede:	bb25      	cbnz	r5, b8f2a <_ZN9ExFatFile5writeEPKvj+0x82>
      if (m_curCluster != 0) {
   b8ee0:	69a1      	ldr	r1, [r4, #24]
   b8ee2:	2900      	cmp	r1, #0
   b8ee4:	d062      	beq.n	b8fac <_ZN9ExFatFile5writeEPKvj+0x104>
        if (isContiguous()) {
   b8ee6:	f894 3033 	ldrb.w	r3, [r4, #51]	; 0x33
   b8eea:	065b      	lsls	r3, r3, #25
   b8eec:	d557      	bpl.n	b8f9e <_ZN9ExFatFile5writeEPKvj+0xf6>
          lc += (m_dataLength - 1) >> m_vol->bytesPerClusterShift();
   b8eee:	e9d4 3202 	ldrd	r3, r2, [r4, #8]
   b8ef2:	f890 0445 	ldrb.w	r0, [r0, #1093]	; 0x445
   b8ef6:	3009      	adds	r0, #9
   b8ef8:	3b01      	subs	r3, #1
   b8efa:	b2c0      	uxtb	r0, r0
   b8efc:	f142 32ff 	adc.w	r2, r2, #4294967295
   b8f00:	f1c0 0e20 	rsb	lr, r0, #32
   b8f04:	fa02 fe0e 	lsl.w	lr, r2, lr
   b8f08:	f1a0 0c20 	sub.w	ip, r0, #32
   b8f0c:	40c3      	lsrs	r3, r0
   b8f0e:	fa22 fc0c 	lsr.w	ip, r2, ip
   b8f12:	ea43 030e 	orr.w	r3, r3, lr
   b8f16:	69e2      	ldr	r2, [r4, #28]
   b8f18:	ea43 030c 	orr.w	r3, r3, ip
   b8f1c:	4413      	add	r3, r2
          if (m_curCluster < lc) {
   b8f1e:	428b      	cmp	r3, r1
   b8f20:	d83a      	bhi.n	b8f98 <_ZN9ExFatFile5writeEPKvj+0xf0>
          if (!addCluster()) {
   b8f22:	4620      	mov	r0, r4
   b8f24:	f7ff fe27 	bl	b8b76 <_ZN9ExFatFile10addClusterEv>
   b8f28:	b368      	cbz	r0, b8f86 <_ZN9ExFatFile5writeEPKvj+0xde>
    sector = m_vol->clusterStartSector(m_curCluster) +
   b8f2a:	6a20      	ldr	r0, [r4, #32]
           ((cluster - 2) << m_sectorsPerClusterShift);
   b8f2c:	69a1      	ldr	r1, [r4, #24]
   b8f2e:	f890 2445 	ldrb.w	r2, [r0, #1093]	; 0x445
   b8f32:	3902      	subs	r1, #2
   b8f34:	4091      	lsls	r1, r2
             (clusterOffset >> m_vol->bytesPerSectorShift());
   b8f36:	ea4f 2e55 	mov.w	lr, r5, lsr #9
    sector = m_vol->clusterStartSector(m_curCluster) +
   b8f3a:	eb01 2555 	add.w	r5, r1, r5, lsr #9
   b8f3e:	f8d0 142c 	ldr.w	r1, [r0, #1068]	; 0x42c
   b8f42:	4429      	add	r1, r5
    if (sectorOffset != 0 || toWrite < m_vol->bytesPerSector()) {
   b8f44:	2e00      	cmp	r6, #0
   b8f46:	d13d      	bne.n	b8fc4 <_ZN9ExFatFile5writeEPKvj+0x11c>
   b8f48:	f5b7 7f00 	cmp.w	r7, #512	; 0x200
   b8f4c:	d33a      	bcc.n	b8fc4 <_ZN9ExFatFile5writeEPKvj+0x11c>
          DBG_FAIL_MACRO;
          goto fail;
        }
      }
#if USE_MULTI_SECTOR_IO
    } else if (toWrite >= 2 * m_vol->bytesPerSector()) {
   b8f4e:	f5b7 6f80 	cmp.w	r7, #1024	; 0x400
   b8f52:	f8d0 c218 	ldr.w	ip, [r0, #536]	; 0x218
   b8f56:	d279      	bcs.n	b904c <_ZN9ExFatFile5writeEPKvj+0x1a4>
    if (isCached(sector)) {
   b8f58:	4561      	cmp	r1, ip
    m_sector = 0XFFFFFFFF;
   b8f5a:	bf02      	ittt	eq
   b8f5c:	f04f 33ff 	moveq.w	r3, #4294967295
    m_status = 0;
   b8f60:	f880 6210 	strbeq.w	r6, [r0, #528]	; 0x210
    m_sector = 0XFFFFFFFF;
   b8f64:	f8c0 3218 	streq.w	r3, [r0, #536]	; 0x218
    return m_blockDev->writeSector(sector, src);
   b8f68:	4642      	mov	r2, r8
   b8f6a:	f8d0 0214 	ldr.w	r0, [r0, #532]	; 0x214
   b8f6e:	f000 ffeb 	bl	b9f48 <_ZN16DedicatedSpiCard11writeSectorEmPKh>
        goto fail;
      }
#endif  // USE_MULTI_SECTOR_IO
    } else {
      n = m_vol->bytesPerSector();
      if (!m_vol->cacheSafeWrite(sector, src)) {
   b8f72:	b140      	cbz	r0, b8f86 <_ZN9ExFatFile5writeEPKvj+0xde>
      n = m_vol->bytesPerSector();
   b8f74:	f44f 7500 	mov.w	r5, #512	; 0x200
   b8f78:	e04d      	b.n	b9016 <_ZN9ExFatFile5writeEPKvj+0x16e>
    if (!seekSet(m_validLength)) {
   b8f7a:	e9d0 2304 	ldrd	r2, r3, [r0, #16]
   b8f7e:	f000 f9d3 	bl	b9328 <_ZN9ExFatFile7seekSetEy>
   b8f82:	2800      	cmp	r0, #0
   b8f84:	d19b      	bne.n	b8ebe <_ZN9ExFatFile5writeEPKvj+0x16>
  }
  return nbyte;

fail:
  // return for write error
  m_error |= WRITE_ERROR;
   b8f86:	f894 3032 	ldrb.w	r3, [r4, #50]	; 0x32
   b8f8a:	f043 0301 	orr.w	r3, r3, #1
   b8f8e:	f884 3032 	strb.w	r3, [r4, #50]	; 0x32
  return 0;
   b8f92:	f04f 0900 	mov.w	r9, #0
   b8f96:	e086      	b.n	b90a6 <_ZN9ExFatFile5writeEPKvj+0x1fe>
            m_curCluster++;
   b8f98:	3101      	adds	r1, #1
   b8f9a:	61a1      	str	r1, [r4, #24]
        if (fg == 0) {
   b8f9c:	e7c5      	b.n	b8f2a <_ZN9ExFatFile5writeEPKvj+0x82>
          fg = m_vol->fatGet(m_curCluster, &m_curCluster);
   b8f9e:	4652      	mov	r2, sl
   b8fa0:	f7ff fca7 	bl	b88f2 <_ZN14ExFatPartition6fatGetEmPm>
          if (fg < 0) {
   b8fa4:	2800      	cmp	r0, #0
   b8fa6:	dbee      	blt.n	b8f86 <_ZN9ExFatFile5writeEPKvj+0xde>
        if (fg == 0) {
   b8fa8:	d0bb      	beq.n	b8f22 <_ZN9ExFatFile5writeEPKvj+0x7a>
   b8faa:	e7be      	b.n	b8f2a <_ZN9ExFatFile5writeEPKvj+0x82>
        if (m_firstCluster == 0) {
   b8fac:	69e3      	ldr	r3, [r4, #28]
   b8fae:	b93b      	cbnz	r3, b8fc0 <_ZN9ExFatFile5writeEPKvj+0x118>
          if (!addCluster()) {
   b8fb0:	4620      	mov	r0, r4
   b8fb2:	f7ff fde0 	bl	b8b76 <_ZN9ExFatFile10addClusterEv>
   b8fb6:	2800      	cmp	r0, #0
   b8fb8:	d0e5      	beq.n	b8f86 <_ZN9ExFatFile5writeEPKvj+0xde>
          m_firstCluster = m_curCluster;
   b8fba:	69a3      	ldr	r3, [r4, #24]
   b8fbc:	61e3      	str	r3, [r4, #28]
   b8fbe:	e7b4      	b.n	b8f2a <_ZN9ExFatFile5writeEPKvj+0x82>
          m_curCluster = m_firstCluster;
   b8fc0:	61a3      	str	r3, [r4, #24]
   b8fc2:	e7b2      	b.n	b8f2a <_ZN9ExFatFile5writeEPKvj+0x82>
      n = m_vol->bytesPerSector() - sectorOffset;
   b8fc4:	f5c6 7500 	rsb	r5, r6, #512	; 0x200
      if (n > toWrite) {
   b8fc8:	42bd      	cmp	r5, r7
   b8fca:	bf28      	it	cs
   b8fcc:	463d      	movcs	r5, r7
      if (sectorOffset == 0 && m_curPosition >= m_validLength) {
   b8fce:	2e00      	cmp	r6, #0
   b8fd0:	d13a      	bne.n	b9048 <_ZN9ExFatFile5writeEPKvj+0x1a0>
   b8fd2:	6963      	ldr	r3, [r4, #20]
   b8fd4:	9301      	str	r3, [sp, #4]
   b8fd6:	6823      	ldr	r3, [r4, #0]
   b8fd8:	6862      	ldr	r2, [r4, #4]
   b8fda:	469c      	mov	ip, r3
   b8fdc:	6923      	ldr	r3, [r4, #16]
   b8fde:	459c      	cmp	ip, r3
   b8fe0:	9b01      	ldr	r3, [sp, #4]
   b8fe2:	eb72 0303 	sbcs.w	r3, r2, r3
   b8fe6:	d32f      	bcc.n	b9048 <_ZN9ExFatFile5writeEPKvj+0x1a0>
        cacheOption = FsCache::CACHE_RESERVE_FOR_WRITE;
   b8fe8:	2205      	movs	r2, #5
    return m_dataCache.prepare(sector, option);
   b8fea:	f500 7004 	add.w	r0, r0, #528	; 0x210
   b8fee:	f000 ffd9 	bl	b9fa4 <_ZN7FsCache7prepareEmh>
      if (!cache) {
   b8ff2:	2800      	cmp	r0, #0
   b8ff4:	d0c7      	beq.n	b8f86 <_ZN9ExFatFile5writeEPKvj+0xde>
      memcpy(dst, src, n);
   b8ff6:	4430      	add	r0, r6
   b8ff8:	462a      	mov	r2, r5
   b8ffa:	4641      	mov	r1, r8
      if (m_vol->bytesPerSector() == (n + sectorOffset)) {
   b8ffc:	442e      	add	r6, r5
      memcpy(dst, src, n);
   b8ffe:	f002 fca0 	bl	bb942 <memcpy>
      if (m_vol->bytesPerSector() == (n + sectorOffset)) {
   b9002:	f5b6 7f00 	cmp.w	r6, #512	; 0x200
   b9006:	d106      	bne.n	b9016 <_ZN9ExFatFile5writeEPKvj+0x16e>
  bool dataCacheSync() { return m_dataCache.sync(); }
   b9008:	6a20      	ldr	r0, [r4, #32]
   b900a:	f500 7004 	add.w	r0, r0, #528	; 0x210
   b900e:	f000 ffa3 	bl	b9f58 <_ZN7FsCache4syncEv>
      if (!m_vol->cacheSafeWrite(sector, src, ns)) {
   b9012:	2800      	cmp	r0, #0
   b9014:	d0b7      	beq.n	b8f86 <_ZN9ExFatFile5writeEPKvj+0xde>
    m_curPosition += n;
   b9016:	e9d4 3200 	ldrd	r3, r2, [r4]
    if (m_curPosition > m_validLength) {
   b901a:	e9d4 0104 	ldrd	r0, r1, [r4, #16]
    m_curPosition += n;
   b901e:	18eb      	adds	r3, r5, r3
   b9020:	f142 0200 	adc.w	r2, r2, #0
    if (m_curPosition > m_validLength) {
   b9024:	4298      	cmp	r0, r3
   b9026:	4191      	sbcs	r1, r2
    m_curPosition += n;
   b9028:	e9c4 3200 	strd	r3, r2, [r4]
    src += n;
   b902c:	44a8      	add	r8, r5
    toWrite -= n;
   b902e:	eba7 0705 	sub.w	r7, r7, r5
    if (m_curPosition > m_validLength) {
   b9032:	f4bf af49 	bcs.w	b8ec8 <_ZN9ExFatFile5writeEPKvj+0x20>
      m_flags |= FILE_FLAG_DIR_DIRTY;
   b9036:	f894 1033 	ldrb.w	r1, [r4, #51]	; 0x33
   b903a:	f061 017f 	orn	r1, r1, #127	; 0x7f
      m_validLength = m_curPosition;
   b903e:	e9c4 3204 	strd	r3, r2, [r4, #16]
      m_flags |= FILE_FLAG_DIR_DIRTY;
   b9042:	f884 1033 	strb.w	r1, [r4, #51]	; 0x33
      m_validLength = m_curPosition;
   b9046:	e73f      	b.n	b8ec8 <_ZN9ExFatFile5writeEPKvj+0x20>
        cacheOption = FsCache::CACHE_FOR_WRITE;
   b9048:	2201      	movs	r2, #1
   b904a:	e7ce      	b.n	b8fea <_ZN9ExFatFile5writeEPKvj+0x142>
  uint32_t sectorsPerCluster() const { return 1UL << m_sectorsPerClusterShift; }
   b904c:	fa0b f302 	lsl.w	r3, fp, r2
      uint32_t ns = toWrite >> m_vol->bytesPerSectorShift();
   b9050:	0a7d      	lsrs	r5, r7, #9
                       (clusterOffset >> m_vol->bytesPerSectorShift());
   b9052:	eba3 030e 	sub.w	r3, r3, lr
   b9056:	42ab      	cmp	r3, r5
   b9058:	bf28      	it	cs
   b905a:	462b      	movcs	r3, r5
    return sector <= m_sector && m_sector < (sector + count);
   b905c:	4561      	cmp	r1, ip
      n = ns << m_vol->bytesPerSectorShift();
   b905e:	ea4f 2543 	mov.w	r5, r3, lsl #9
   b9062:	d808      	bhi.n	b9076 <_ZN9ExFatFile5writeEPKvj+0x1ce>
   b9064:	18ca      	adds	r2, r1, r3
   b9066:	4562      	cmp	r2, ip
    m_sector = 0XFFFFFFFF;
   b9068:	bf82      	ittt	hi
   b906a:	f04f 32ff 	movhi.w	r2, #4294967295
    m_status = 0;
   b906e:	f880 6210 	strbhi.w	r6, [r0, #528]	; 0x210
    m_sector = 0XFFFFFFFF;
   b9072:	f8c0 2218 	strhi.w	r2, [r0, #536]	; 0x218
    return m_blockDev->writeSectors(sector, src, count);
   b9076:	4642      	mov	r2, r8
   b9078:	f8d0 0214 	ldr.w	r0, [r0, #532]	; 0x214
   b907c:	f000 ff37 	bl	b9eee <_ZN16DedicatedSpiCard12writeSectorsEmPKhj>
   b9080:	e7c7      	b.n	b9012 <_ZN9ExFatFile5writeEPKvj+0x16a>
  if (m_curPosition > m_dataLength) {
   b9082:	e9d4 1202 	ldrd	r1, r2, [r4, #8]
   b9086:	42a9      	cmp	r1, r5
   b9088:	419a      	sbcs	r2, r3
   b908a:	d208      	bcs.n	b909e <_ZN9ExFatFile5writeEPKvj+0x1f6>
    m_dataLength = m_curPosition;
   b908c:	e9c4 5302 	strd	r5, r3, [r4, #8]
    m_flags |= FILE_FLAG_DIR_DIRTY;
   b9090:	f894 3033 	ldrb.w	r3, [r4, #51]	; 0x33
   b9094:	f063 037f 	orn	r3, r3, #127	; 0x7f
   b9098:	f884 3033 	strb.w	r3, [r4, #51]	; 0x33
   b909c:	e003      	b.n	b90a6 <_ZN9ExFatFile5writeEPKvj+0x1fe>
  } else if (FsDateTime::callback) {
   b909e:	4b04      	ldr	r3, [pc, #16]	; (b90b0 <_ZN9ExFatFile5writeEPKvj+0x208>)
   b90a0:	681b      	ldr	r3, [r3, #0]
   b90a2:	2b00      	cmp	r3, #0
   b90a4:	d1f4      	bne.n	b9090 <_ZN9ExFatFile5writeEPKvj+0x1e8>
}
   b90a6:	4648      	mov	r0, r9
   b90a8:	b003      	add	sp, #12
   b90aa:	e8bd 8ff0 	ldmia.w	sp!, {r4, r5, r6, r7, r8, r9, sl, fp, pc}
   b90ae:	bf00      	nop
   b90b0:	2003e678 	.word	0x2003e678

000b90b4 <_ZN9ExFatFile8dirCacheEhh>:

fail:
  return false;
}
//------------------------------------------------------------------------------
uint8_t* ExFatFile::dirCache(uint8_t set, uint8_t options) {
   b90b4:	b5f0      	push	{r4, r5, r6, r7, lr}
  DirPos_t pos = m_dirPos;
   b90b6:	f100 0324 	add.w	r3, r0, #36	; 0x24
uint8_t* ExFatFile::dirCache(uint8_t set, uint8_t options) {
   b90ba:	4604      	mov	r4, r0
   b90bc:	460f      	mov	r7, r1
   b90be:	4616      	mov	r6, r2
  DirPos_t pos = m_dirPos;
   b90c0:	e893 0007 	ldmia.w	r3, {r0, r1, r2}
uint8_t* ExFatFile::dirCache(uint8_t set, uint8_t options) {
   b90c4:	b085      	sub	sp, #20
  DirPos_t pos = m_dirPos;
   b90c6:	ad01      	add	r5, sp, #4
   b90c8:	e885 0007 	stmia.w	r5, {r0, r1, r2}
  if (m_vol->dirSeek(&pos, FS_DIR_SIZE * set) != 1) {
   b90cc:	6a20      	ldr	r0, [r4, #32]
   b90ce:	017a      	lsls	r2, r7, #5
   b90d0:	4629      	mov	r1, r5
   b90d2:	f7ff fc41 	bl	b8958 <_ZN14ExFatPartition7dirSeekEP8DirPos_tm>
   b90d6:	2801      	cmp	r0, #1
   b90d8:	d106      	bne.n	b90e8 <_ZN9ExFatFile8dirCacheEhh+0x34>
    return nullptr;
  }
  return m_vol->dirCache(&pos, options);
   b90da:	6a20      	ldr	r0, [r4, #32]
   b90dc:	4632      	mov	r2, r6
   b90de:	4629      	mov	r1, r5
   b90e0:	f7ff fbed 	bl	b88be <_ZN14ExFatPartition8dirCacheEP8DirPos_th>
}
   b90e4:	b005      	add	sp, #20
   b90e6:	bdf0      	pop	{r4, r5, r6, r7, pc}
    return nullptr;
   b90e8:	2000      	movs	r0, #0
   b90ea:	e7fb      	b.n	b90e4 <_ZN9ExFatFile8dirCacheEhh+0x30>

000b90ec <_ZN9ExFatFile5closeEv>:
//------------------------------------------------------------------------------
bool ExFatFile::close() {
   b90ec:	b510      	push	{r4, lr}
   b90ee:	4604      	mov	r4, r0
  bool rtn = sync();
   b90f0:	f7ff fdfa 	bl	b8ce8 <_ZN9ExFatFile4syncEv>
  m_attributes = FILE_ATTR_CLOSED;
   b90f4:	2300      	movs	r3, #0
   b90f6:	f884 3031 	strb.w	r3, [r4, #49]	; 0x31
  m_flags = 0;
   b90fa:	f884 3033 	strb.w	r3, [r4, #51]	; 0x33
  return rtn;
}
   b90fe:	bd10      	pop	{r4, pc}

000b9100 <_ZN9ExFatFile8openRootEP11ExFatVolume>:
  m_attributes = FILE_ATTR_CLOSED;
  m_flags = 0;
  return false;
}
//------------------------------------------------------------------------------
bool ExFatFile::openRoot(ExFatVolume* vol) {
   b9100:	b538      	push	{r3, r4, r5, lr}
   b9102:	460d      	mov	r5, r1
  if (isOpen()) {
   b9104:	f890 1031 	ldrb.w	r1, [r0, #49]	; 0x31
bool ExFatFile::openRoot(ExFatVolume* vol) {
   b9108:	4604      	mov	r4, r0
  if (isOpen()) {
   b910a:	b951      	cbnz	r1, b9122 <_ZN9ExFatFile8openRootEP11ExFatVolume+0x22>
    DBG_FAIL_MACRO;
    goto fail;
  }
  memset(this, 0, sizeof(ExFatFile));
   b910c:	2238      	movs	r2, #56	; 0x38
   b910e:	f002 fc26 	bl	bb95e <memset>
  m_attributes = FILE_ATTR_ROOT;
   b9112:	2340      	movs	r3, #64	; 0x40
  m_vol = vol;
  m_flags = FILE_FLAG_READ;
   b9114:	2001      	movs	r0, #1
  m_attributes = FILE_ATTR_ROOT;
   b9116:	f884 3031 	strb.w	r3, [r4, #49]	; 0x31
  m_vol = vol;
   b911a:	6225      	str	r5, [r4, #32]
  m_flags = FILE_FLAG_READ;
   b911c:	f884 0033 	strb.w	r0, [r4, #51]	; 0x33
  return true;

fail:
  return false;
}
   b9120:	bd38      	pop	{r3, r4, r5, pc}
  return false;
   b9122:	2000      	movs	r0, #0
   b9124:	e7fc      	b.n	b9120 <_ZN9ExFatFile8openRootEP11ExFatVolume+0x20>
	...

000b9128 <_ZN9ExFatFile13parsePathNameEPKcP8ExName_tPS1_>:
//------------------------------------------------------------------------------
bool ExFatFile::parsePathName(const char* path, ExName_t* fname,
                              const char** ptr) {
   b9128:	b4f0      	push	{r4, r5, r6, r7}
  // Skip leading spaces.
  while (*path == ' ') {
   b912a:	460c      	mov	r4, r1
   b912c:	f811 5b01 	ldrb.w	r5, [r1], #1
   b9130:	2d20      	cmp	r5, #32
   b9132:	d0fa      	beq.n	b912a <_ZN9ExFatFile13parsePathNameEPKcP8ExName_tPS1_+0x2>
  return c < 0X20 || c == '"' || c == '*' || c == '/' || c == ':' || c == '<' ||
   b9134:	4f18      	ldr	r7, [pc, #96]	; (b9198 <_ZN9ExFatFile13parsePathNameEPKcP8ExName_tPS1_+0x70>)
    path++;
  }
  fname->begin = path;
   b9136:	6014      	str	r4, [r2, #0]
  fname->end = path;
   b9138:	6094      	str	r4, [r2, #8]
  while (*path && !isDirSeparator(*path)) {
   b913a:	4626      	mov	r6, r4
   b913c:	f816 5b01 	ldrb.w	r5, [r6], #1
   b9140:	b1dd      	cbz	r5, b917a <_ZN9ExFatFile13parsePathNameEPKcP8ExName_tPS1_+0x52>
   b9142:	2d2f      	cmp	r5, #47	; 0x2f
   b9144:	d019      	beq.n	b917a <_ZN9ExFatFile13parsePathNameEPKcP8ExName_tPS1_+0x52>
         c == '>' || c == '?' || c == '\\' || c == '|';
   b9146:	f1a5 0120 	sub.w	r1, r5, #32
   b914a:	295f      	cmp	r1, #95	; 0x5f
   b914c:	d821      	bhi.n	b9192 <_ZN9ExFatFile13parsePathNameEPKcP8ExName_tPS1_+0x6a>
  return c < 0X20 || c == '"' || c == '*' || c == '/' || c == ':' || c == '<' ||
   b914e:	f1a5 0122 	sub.w	r1, r5, #34	; 0x22
   b9152:	b2c9      	uxtb	r1, r1
   b9154:	291d      	cmp	r1, #29
   b9156:	d803      	bhi.n	b9160 <_ZN9ExFatFile13parsePathNameEPKcP8ExName_tPS1_+0x38>
   b9158:	fa27 f101 	lsr.w	r1, r7, r1
   b915c:	07c9      	lsls	r1, r1, #31
   b915e:	d418      	bmi.n	b9192 <_ZN9ExFatFile13parsePathNameEPKcP8ExName_tPS1_+0x6a>
   b9160:	f005 01bf 	and.w	r1, r5, #191	; 0xbf
   b9164:	293c      	cmp	r1, #60	; 0x3c
   b9166:	d014      	beq.n	b9192 <_ZN9ExFatFile13parsePathNameEPKcP8ExName_tPS1_+0x6a>
         c == '>' || c == '?' || c == '\\' || c == '|';
   b9168:	2d5c      	cmp	r5, #92	; 0x5c
   b916a:	d012      	beq.n	b9192 <_ZN9ExFatFile13parsePathNameEPKcP8ExName_tPS1_+0x6a>
    uint8_t c = *path++;
    if (!lfnLegalChar(c)) {
      DBG_FAIL_MACRO;
      goto fail;
    }
    if (c != '.' && c != ' ') {
   b916c:	2d2e      	cmp	r5, #46	; 0x2e
   b916e:	d002      	beq.n	b9176 <_ZN9ExFatFile13parsePathNameEPKcP8ExName_tPS1_+0x4e>
   b9170:	2d20      	cmp	r5, #32
   b9172:	d000      	beq.n	b9176 <_ZN9ExFatFile13parsePathNameEPKcP8ExName_tPS1_+0x4e>
      // Need to trim trailing dots spaces.
      fname->end = path;
   b9174:	6096      	str	r6, [r2, #8]
                              const char** ptr) {
   b9176:	4634      	mov	r4, r6
   b9178:	e7df      	b.n	b913a <_ZN9ExFatFile13parsePathNameEPKcP8ExName_tPS1_+0x12>
   b917a:	4625      	mov	r5, r4
    }
  }
  // Advance to next path component.
  for (; *path == ' ' || isDirSeparator(*path); path++) {
   b917c:	f814 1b01 	ldrb.w	r1, [r4], #1
   b9180:	2920      	cmp	r1, #32
   b9182:	d0fa      	beq.n	b917a <_ZN9ExFatFile13parsePathNameEPKcP8ExName_tPS1_+0x52>
   b9184:	292f      	cmp	r1, #47	; 0x2f
   b9186:	d0f8      	beq.n	b917a <_ZN9ExFatFile13parsePathNameEPKcP8ExName_tPS1_+0x52>
  }
  *ptr = path;
   b9188:	601d      	str	r5, [r3, #0]
  return hashName(fname);
   b918a:	4611      	mov	r1, r2

fail:
  return false;
}
   b918c:	bcf0      	pop	{r4, r5, r6, r7}
  return hashName(fname);
   b918e:	f7ff bac9 	b.w	b8724 <_ZN9ExFatFile8hashNameEP8ExName_t>
}
   b9192:	2000      	movs	r0, #0
   b9194:	bcf0      	pop	{r4, r5, r6, r7}
   b9196:	4770      	bx	lr
   b9198:	31000101 	.word	0x31000101

000b919c <_ZN9ExFatFile4readEPvj>:
  m_curPosition = saveCurPosition;
  m_curCluster = saveCurCluster;
  return c;
}
//------------------------------------------------------------------------------
int ExFatFile::read(void* buf, size_t count) {
   b919c:	e92d 4ff0 	stmdb	sp!, {r4, r5, r6, r7, r8, r9, sl, fp, lr}
   b91a0:	ed2d 8b02 	vpush	{d8}
  bool isReadable() const { return m_flags & FILE_FLAG_READ; }
   b91a4:	f890 3033 	ldrb.w	r3, [r0, #51]	; 0x33
  uint8_t* cache;
  uint16_t sectorOffset;
  uint32_t sector;
  uint32_t clusterOffset;

  if (!isReadable()) {
   b91a8:	07dd      	lsls	r5, r3, #31
int ExFatFile::read(void* buf, size_t count) {
   b91aa:	b083      	sub	sp, #12
   b91ac:	4604      	mov	r4, r0
   b91ae:	4689      	mov	r9, r1
   b91b0:	4616      	mov	r6, r2
  if (!isReadable()) {
   b91b2:	d567      	bpl.n	b9284 <_ZN9ExFatFile4readEPvj+0xe8>
    DBG_FAIL_MACRO;
    goto fail;
  }
  if (isContiguous() || isFile()) {
   b91b4:	0658      	lsls	r0, r3, #25
   b91b6:	d403      	bmi.n	b91c0 <_ZN9ExFatFile4readEPvj+0x24>
   b91b8:	f894 3031 	ldrb.w	r3, [r4, #49]	; 0x31
   b91bc:	0719      	lsls	r1, r3, #28
   b91be:	d50b      	bpl.n	b91d8 <_ZN9ExFatFile4readEPvj+0x3c>
    if ((m_curPosition + count) > m_validLength) {
   b91c0:	e9d4 3200 	ldrd	r3, r2, [r4]
   b91c4:	e9d4 1004 	ldrd	r1, r0, [r4, #16]
   b91c8:	18f5      	adds	r5, r6, r3
   b91ca:	f142 0200 	adc.w	r2, r2, #0
   b91ce:	42a9      	cmp	r1, r5
   b91d0:	eb70 0202 	sbcs.w	r2, r0, r2
      count = toRead = m_validLength - m_curPosition;
   b91d4:	bf38      	it	cc
   b91d6:	1ace      	subcc	r6, r1, r3
        m_curCluster =
            isRoot() ? m_vol->rootDirectoryCluster() : m_firstCluster;
      } else if (isContiguous()) {
        m_curCluster++;
      } else {
        fg = m_vol->fatGet(m_curCluster, &m_curCluster);
   b91d8:	f104 0318 	add.w	r3, r4, #24
   b91dc:	ee08 3a10 	vmov	s16, r3
int ExFatFile::read(void* buf, size_t count) {
   b91e0:	46b0      	mov	r8, r6
  while (toRead) {
   b91e2:	f1b8 0f00 	cmp.w	r8, #0
   b91e6:	f000 8098 	beq.w	b931a <_ZN9ExFatFile4readEPvj+0x17e>
    clusterOffset = m_curPosition & m_vol->clusterMask();
   b91ea:	6a20      	ldr	r0, [r4, #32]
   b91ec:	e9d4 3200 	ldrd	r3, r2, [r4]
   b91f0:	f8d0 5438 	ldr.w	r5, [r0, #1080]	; 0x438
   b91f4:	ea05 0703 	and.w	r7, r5, r3
    sectorOffset = clusterOffset & m_vol->sectorMask();
   b91f8:	f3c7 0b08 	ubfx	fp, r7, #0, #9
    if (clusterOffset == 0) {
   b91fc:	b94f      	cbnz	r7, b9212 <_ZN9ExFatFile4readEPvj+0x76>
      if (m_curPosition == 0) {
   b91fe:	4313      	orrs	r3, r2
   b9200:	d12c      	bne.n	b925c <_ZN9ExFatFile4readEPvj+0xc0>
            isRoot() ? m_vol->rootDirectoryCluster() : m_firstCluster;
   b9202:	f894 3031 	ldrb.w	r3, [r4, #49]	; 0x31
   b9206:	065a      	lsls	r2, r3, #25
  uint32_t rootDirectoryCluster() const { return m_rootDirectoryCluster; }
   b9208:	bf4c      	ite	mi
   b920a:	f8d0 3434 	ldrmi.w	r3, [r0, #1076]	; 0x434
   b920e:	69e3      	ldrpl	r3, [r4, #28]
        m_curCluster =
   b9210:	61a3      	str	r3, [r4, #24]
          DBG_FAIL_MACRO;
          goto fail;
        }
      }
    }
    sector = m_vol->clusterStartSector(m_curCluster) +
   b9212:	f8d4 a020 	ldr.w	sl, [r4, #32]
           ((cluster - 2) << m_sectorsPerClusterShift);
   b9216:	69a2      	ldr	r2, [r4, #24]
   b9218:	f89a 0445 	ldrb.w	r0, [sl, #1093]	; 0x445
   b921c:	f8da 142c 	ldr.w	r1, [sl, #1068]	; 0x42c
   b9220:	1e95      	subs	r5, r2, #2
   b9222:	4085      	lsls	r5, r0
   b9224:	eb05 2557 	add.w	r5, r5, r7, lsr #9
             (clusterOffset >> m_vol->bytesPerSectorShift());
   b9228:	ea4f 2c57 	mov.w	ip, r7, lsr #9
    sector = m_vol->clusterStartSector(m_curCluster) +
   b922c:	440d      	add	r5, r1
    if (sectorOffset != 0 || toRead < m_vol->bytesPerSector() ||
   b922e:	f1bb 0f00 	cmp.w	fp, #0
   b9232:	d130      	bne.n	b9296 <_ZN9ExFatFile4readEPvj+0xfa>
   b9234:	f5b8 7f00 	cmp.w	r8, #512	; 0x200
   b9238:	d32d      	bcc.n	b9296 <_ZN9ExFatFile4readEPvj+0xfa>
  uint32_t sector() { return m_sector; }
   b923a:	f8da 2218 	ldr.w	r2, [sl, #536]	; 0x218
   b923e:	4295      	cmp	r5, r2
   b9240:	d029      	beq.n	b9296 <_ZN9ExFatFile4readEPvj+0xfa>
        goto fail;
      }
      uint8_t* src = cache + sectorOffset;
      memcpy(dst, src, n);
#if USE_MULTI_SECTOR_IO
    } else if (toRead >= 2 * m_vol->bytesPerSector()) {
   b9242:	f5b8 6f80 	cmp.w	r8, #1024	; 0x400
   b9246:	d245      	bcs.n	b92d4 <_ZN9ExFatFile4readEPvj+0x138>
    return m_blockDev->readSector(sector, dst);
   b9248:	f8da 0214 	ldr.w	r0, [sl, #532]	; 0x214
   b924c:	464a      	mov	r2, r9
   b924e:	4629      	mov	r1, r5
   b9250:	f000 fe4a 	bl	b9ee8 <_ZN16DedicatedSpiCard10readSectorEmPh>
      }
#endif  // USE_MULTI_SECTOR_IO
    } else {
      // read single sector
      n = m_vol->bytesPerSector();
      if (!m_vol->cacheSafeRead(sector, dst)) {
   b9254:	b1b0      	cbz	r0, b9284 <_ZN9ExFatFile4readEPvj+0xe8>
      n = m_vol->bytesPerSector();
   b9256:	f44f 7700 	mov.w	r7, #512	; 0x200
   b925a:	e030      	b.n	b92be <_ZN9ExFatFile4readEPvj+0x122>
      } else if (isContiguous()) {
   b925c:	f894 3033 	ldrb.w	r3, [r4, #51]	; 0x33
        m_curCluster++;
   b9260:	69a1      	ldr	r1, [r4, #24]
      } else if (isContiguous()) {
   b9262:	065b      	lsls	r3, r3, #25
   b9264:	d502      	bpl.n	b926c <_ZN9ExFatFile4readEPvj+0xd0>
        m_curCluster++;
   b9266:	3101      	adds	r1, #1
   b9268:	61a1      	str	r1, [r4, #24]
   b926a:	e7d2      	b.n	b9212 <_ZN9ExFatFile4readEPvj+0x76>
        fg = m_vol->fatGet(m_curCluster, &m_curCluster);
   b926c:	ee18 2a10 	vmov	r2, s16
   b9270:	f7ff fb3f 	bl	b88f2 <_ZN14ExFatPartition6fatGetEmPm>
        if (fg < 0) {
   b9274:	2800      	cmp	r0, #0
   b9276:	db05      	blt.n	b9284 <_ZN9ExFatFile4readEPvj+0xe8>
        if (fg == 0) {
   b9278:	d1cb      	bne.n	b9212 <_ZN9ExFatFile4readEPvj+0x76>
          if (isDir()) {
   b927a:	f894 3031 	ldrb.w	r3, [r4, #49]	; 0x31
   b927e:	f013 0f50 	tst.w	r3, #80	; 0x50
   b9282:	d14a      	bne.n	b931a <_ZN9ExFatFile4readEPvj+0x17e>
    toRead -= n;
  }
  return count - toRead;

fail:
  m_error |= READ_ERROR;
   b9284:	f894 3032 	ldrb.w	r3, [r4, #50]	; 0x32
   b9288:	f043 0302 	orr.w	r3, r3, #2
   b928c:	f884 3032 	strb.w	r3, [r4, #50]	; 0x32
  return -1;
   b9290:	f04f 30ff 	mov.w	r0, #4294967295
   b9294:	e043      	b.n	b931e <_ZN9ExFatFile4readEPvj+0x182>
      n = m_vol->bytesPerSector() - sectorOffset;
   b9296:	f5cb 7700 	rsb	r7, fp, #512	; 0x200
      if (n > toRead) {
   b929a:	4547      	cmp	r7, r8
    return m_dataCache.prepare(sector, option);
   b929c:	f04f 0200 	mov.w	r2, #0
   b92a0:	4629      	mov	r1, r5
   b92a2:	f50a 7004 	add.w	r0, sl, #528	; 0x210
   b92a6:	bf28      	it	cs
   b92a8:	4647      	movcs	r7, r8
   b92aa:	f000 fe7b 	bl	b9fa4 <_ZN7FsCache7prepareEmh>
      if (!cache) {
   b92ae:	2800      	cmp	r0, #0
   b92b0:	d0e8      	beq.n	b9284 <_ZN9ExFatFile4readEPvj+0xe8>
      memcpy(dst, src, n);
   b92b2:	eb00 010b 	add.w	r1, r0, fp
   b92b6:	463a      	mov	r2, r7
   b92b8:	4648      	mov	r0, r9
   b92ba:	f002 fb42 	bl	bb942 <memcpy>
    m_curPosition += n;
   b92be:	e9d4 3200 	ldrd	r3, r2, [r4]
   b92c2:	19db      	adds	r3, r3, r7
   b92c4:	f142 0200 	adc.w	r2, r2, #0
   b92c8:	e9c4 3200 	strd	r3, r2, [r4]
    dst += n;
   b92cc:	44b9      	add	r9, r7
    toRead -= n;
   b92ce:	eba8 0807 	sub.w	r8, r8, r7
  while (toRead) {
   b92d2:	e786      	b.n	b91e2 <_ZN9ExFatFile4readEPvj+0x46>
  uint32_t sectorsPerCluster() const { return 1UL << m_sectorsPerClusterShift; }
   b92d4:	2101      	movs	r1, #1
   b92d6:	fa01 f000 	lsl.w	r0, r1, r0
      uint32_t ns = toRead >> m_vol->bytesPerSectorShift();
   b92da:	ea4f 2758 	mov.w	r7, r8, lsr #9
                       (clusterOffset >> m_vol->bytesPerSectorShift());
   b92de:	eba0 030c 	sub.w	r3, r0, ip
   b92e2:	42bb      	cmp	r3, r7
   b92e4:	bf28      	it	cs
   b92e6:	463b      	movcs	r3, r7
    return sector <= m_sector && m_sector < (sector + count);
   b92e8:	4295      	cmp	r5, r2
      n = ns << m_vol->bytesPerSectorShift();
   b92ea:	ea4f 2743 	mov.w	r7, r3, lsl #9
   b92ee:	d908      	bls.n	b9302 <_ZN9ExFatFile4readEPvj+0x166>
    return m_blockDev->readSectors(sector, dst, count);
   b92f0:	f8da 0214 	ldr.w	r0, [sl, #532]	; 0x214
   b92f4:	464a      	mov	r2, r9
   b92f6:	4629      	mov	r1, r5
   b92f8:	f000 fdc9 	bl	b9e8e <_ZN16DedicatedSpiCard11readSectorsEmPhj>
      if (!m_vol->cacheSafeRead(sector, dst, ns)) {
   b92fc:	2800      	cmp	r0, #0
   b92fe:	d1de      	bne.n	b92be <_ZN9ExFatFile4readEPvj+0x122>
   b9300:	e7c0      	b.n	b9284 <_ZN9ExFatFile4readEPvj+0xe8>
    return sector <= m_sector && m_sector < (sector + count);
   b9302:	18e9      	adds	r1, r5, r3
   b9304:	428a      	cmp	r2, r1
   b9306:	d2f3      	bcs.n	b92f0 <_ZN9ExFatFile4readEPvj+0x154>
    if (isCached(sector, count) && !sync()) {
   b9308:	f50a 7004 	add.w	r0, sl, #528	; 0x210
   b930c:	9301      	str	r3, [sp, #4]
   b930e:	f000 fe23 	bl	b9f58 <_ZN7FsCache4syncEv>
   b9312:	9b01      	ldr	r3, [sp, #4]
   b9314:	2800      	cmp	r0, #0
   b9316:	d1eb      	bne.n	b92f0 <_ZN9ExFatFile4readEPvj+0x154>
   b9318:	e7b4      	b.n	b9284 <_ZN9ExFatFile4readEPvj+0xe8>
  return count - toRead;
   b931a:	eba6 0008 	sub.w	r0, r6, r8
}
   b931e:	b003      	add	sp, #12
   b9320:	ecbd 8b02 	vpop	{d8}
   b9324:	e8bd 8ff0 	ldmia.w	sp!, {r4, r5, r6, r7, r8, r9, sl, fp, pc}

000b9328 <_ZN9ExFatFile7seekSetEy>:

fail:
  return false;
}
//------------------------------------------------------------------------------
bool ExFatFile::seekSet(uint64_t pos) {
   b9328:	e92d 4ff8 	stmdb	sp!, {r3, r4, r5, r6, r7, r8, r9, sl, fp, lr}
   b932c:	461f      	mov	r7, r3
  bool isOpen() const { return m_attributes; }
   b932e:	f890 3031 	ldrb.w	r3, [r0, #49]	; 0x31
  uint32_t nCur;
  uint32_t nNew;
  uint32_t tmp = m_curCluster;
   b9332:	f8d0 8018 	ldr.w	r8, [r0, #24]
bool ExFatFile::seekSet(uint64_t pos) {
   b9336:	4604      	mov	r4, r0
   b9338:	4616      	mov	r6, r2
  // error if file not open
  if (!isOpen()) {
   b933a:	2b00      	cmp	r3, #0
   b933c:	d05b      	beq.n	b93f6 <_ZN9ExFatFile7seekSetEy+0xce>
    DBG_FAIL_MACRO;
    goto fail;
  }
  // Optimize O_APPEND writes.
  if (pos == m_curPosition) {
   b933e:	e9d0 0c00 	ldrd	r0, ip, [r0]
   b9342:	45bc      	cmp	ip, r7
   b9344:	bf08      	it	eq
   b9346:	4290      	cmpeq	r0, r2
   b9348:	d006      	beq.n	b9358 <_ZN9ExFatFile7seekSetEy+0x30>
    return true;
  }
  if (pos == 0) {
   b934a:	ea56 0207 	orrs.w	r2, r6, r7
   b934e:	d105      	bne.n	b935c <_ZN9ExFatFile7seekSetEy+0x34>
    // set position to start of file
    m_curCluster = 0;
   b9350:	2300      	movs	r3, #0
    }
  }
  // calculate cluster index for new position
  nNew = (pos - 1) >> m_vol->bytesPerClusterShift();
  if (isContiguous()) {
    m_curCluster = m_firstCluster + nNew;
   b9352:	61a3      	str	r3, [r4, #24]
      goto fail;
    }
  }

done:
  m_curPosition = pos;
   b9354:	e9c4 6700 	strd	r6, r7, [r4]
    return true;
   b9358:	2001      	movs	r0, #1
   b935a:	e04f      	b.n	b93fc <_ZN9ExFatFile7seekSetEy+0xd4>
  if (isFile()) {
   b935c:	071a      	lsls	r2, r3, #28
   b935e:	d504      	bpl.n	b936a <_ZN9ExFatFile7seekSetEy+0x42>
    if (pos > m_validLength) {
   b9360:	e9d4 1204 	ldrd	r1, r2, [r4, #16]
   b9364:	42b1      	cmp	r1, r6
   b9366:	41ba      	sbcs	r2, r7
   b9368:	d345      	bcc.n	b93f6 <_ZN9ExFatFile7seekSetEy+0xce>
  nNew = (pos - 1) >> m_vol->bytesPerClusterShift();
   b936a:	f8d4 e020 	ldr.w	lr, [r4, #32]
    return m_bytesPerSectorShift + m_sectorsPerClusterShift;
   b936e:	f89e 1445 	ldrb.w	r1, [lr, #1093]	; 0x445
   b9372:	3109      	adds	r1, #9
   b9374:	b2c9      	uxtb	r1, r1
   b9376:	1e75      	subs	r5, r6, #1
   b9378:	f147 3aff 	adc.w	sl, r7, #4294967295
   b937c:	f1c1 0920 	rsb	r9, r1, #32
   b9380:	fa0a f909 	lsl.w	r9, sl, r9
   b9384:	f1a1 0220 	sub.w	r2, r1, #32
   b9388:	40cd      	lsrs	r5, r1
   b938a:	fa2a f202 	lsr.w	r2, sl, r2
   b938e:	ea45 0509 	orr.w	r5, r5, r9
   b9392:	4315      	orrs	r5, r2
  if (isContiguous()) {
   b9394:	f894 2033 	ldrb.w	r2, [r4, #51]	; 0x33
   b9398:	f012 0f40 	tst.w	r2, #64	; 0x40
   b939c:	f1c1 0920 	rsb	r9, r1, #32
   b93a0:	f1a1 0a20 	sub.w	sl, r1, #32
   b93a4:	d002      	beq.n	b93ac <_ZN9ExFatFile7seekSetEy+0x84>
    m_curCluster = m_firstCluster + nNew;
   b93a6:	69e3      	ldr	r3, [r4, #28]
   b93a8:	442b      	add	r3, r5
   b93aa:	e7d2      	b.n	b9352 <_ZN9ExFatFile7seekSetEy+0x2a>
  nCur = (m_curPosition - 1) >> m_vol->bytesPerClusterShift();
   b93ac:	f110 3bff 	adds.w	fp, r0, #4294967295
   b93b0:	f14c 32ff 	adc.w	r2, ip, #4294967295
   b93b4:	fa02 f909 	lsl.w	r9, r2, r9
   b93b8:	fa2b f101 	lsr.w	r1, fp, r1
   b93bc:	ea41 0109 	orr.w	r1, r1, r9
   b93c0:	fa22 f20a 	lsr.w	r2, r2, sl
   b93c4:	4311      	orrs	r1, r2
  if (nNew < nCur || m_curPosition == 0) {
   b93c6:	428d      	cmp	r5, r1
   b93c8:	d302      	bcc.n	b93d0 <_ZN9ExFatFile7seekSetEy+0xa8>
   b93ca:	ea50 020c 	orrs.w	r2, r0, ip
   b93ce:	d117      	bne.n	b9400 <_ZN9ExFatFile7seekSetEy+0xd8>
    m_curCluster = isRoot() ? m_vol->rootDirectoryCluster() : m_firstCluster;
   b93d0:	065b      	lsls	r3, r3, #25
  uint32_t rootDirectoryCluster() const { return m_rootDirectoryCluster; }
   b93d2:	bf4c      	ite	mi
   b93d4:	f8de 3434 	ldrmi.w	r3, [lr, #1076]	; 0x434
   b93d8:	69e3      	ldrpl	r3, [r4, #28]
   b93da:	61a3      	str	r3, [r4, #24]
    if (m_vol->fatGet(m_curCluster, &m_curCluster) <= 0) {
   b93dc:	f104 0918 	add.w	r9, r4, #24
  while (nNew--) {
   b93e0:	2d00      	cmp	r5, #0
   b93e2:	d0b7      	beq.n	b9354 <_ZN9ExFatFile7seekSetEy+0x2c>
    if (m_vol->fatGet(m_curCluster, &m_curCluster) <= 0) {
   b93e4:	69a1      	ldr	r1, [r4, #24]
   b93e6:	6a20      	ldr	r0, [r4, #32]
   b93e8:	464a      	mov	r2, r9
   b93ea:	f7ff fa82 	bl	b88f2 <_ZN14ExFatPartition6fatGetEmPm>
   b93ee:	2800      	cmp	r0, #0
   b93f0:	f105 35ff 	add.w	r5, r5, #4294967295
   b93f4:	dcf4      	bgt.n	b93e0 <_ZN9ExFatFile7seekSetEy+0xb8>
  return true;

fail:
  m_curCluster = tmp;
   b93f6:	f8c4 8018 	str.w	r8, [r4, #24]
  return false;
   b93fa:	2000      	movs	r0, #0
}
   b93fc:	e8bd 8ff8 	ldmia.w	sp!, {r3, r4, r5, r6, r7, r8, r9, sl, fp, pc}
    nNew -= nCur;
   b9400:	1a6d      	subs	r5, r5, r1
   b9402:	e7eb      	b.n	b93dc <_ZN9ExFatFile7seekSetEy+0xb4>

000b9404 <_ZN9ExFatFile11openPrivateEPS_P8ExName_ti>:
bool ExFatFile::openPrivate(ExFatFile* dir, ExName_t* fname, oflag_t oflag) {
   b9404:	e92d 4ff0 	stmdb	sp!, {r4, r5, r6, r7, r8, r9, sl, fp, lr}
   b9408:	4699      	mov	r9, r3
   b940a:	f890 3031 	ldrb.w	r3, [r0, #49]	; 0x31
   b940e:	b08d      	sub	sp, #52	; 0x34
   b9410:	4604      	mov	r4, r0
   b9412:	460e      	mov	r6, r1
   b9414:	4615      	mov	r5, r2
  if (isOpen() || !dir->isDir()) {
   b9416:	2b00      	cmp	r3, #0
   b9418:	d141      	bne.n	b949e <_ZN9ExFatFile11openPrivateEPS_P8ExName_ti+0x9a>
   b941a:	f891 3031 	ldrb.w	r3, [r1, #49]	; 0x31
   b941e:	f013 0f50 	tst.w	r3, #80	; 0x50
   b9422:	d03c      	beq.n	b949e <_ZN9ExFatFile11openPrivateEPS_P8ExName_ti+0x9a>
  switch (oflag & O_ACCMODE) {
   b9424:	f009 0303 	and.w	r3, r9, #3
   b9428:	2b03      	cmp	r3, #3
   b942a:	d038      	beq.n	b949e <_ZN9ExFatFile11openPrivateEPS_P8ExName_ti+0x9a>
  modeFlags |= oflag & O_APPEND ? FILE_FLAG_APPEND : 0;
   b942c:	f009 0a08 	and.w	sl, r9, #8
   b9430:	3301      	adds	r3, #1
   b9432:	ea4a 0a03 	orr.w	sl, sl, r3
  if (fname) {
   b9436:	2a00      	cmp	r2, #0
   b9438:	d038      	beq.n	b94ac <_ZN9ExFatFile11openPrivateEPS_P8ExName_ti+0xa8>
    freeNeed = 2 + (fname->nameLength + 14) / 15;
   b943a:	68d7      	ldr	r7, [r2, #12]
   b943c:	230f      	movs	r3, #15
   b943e:	370e      	adds	r7, #14
   *
   * \return true for success or false for failure.
   */
  bool rename(ExFatFile* dirFile, const char* newPath);
  /** Set the file's current position to zero. */
  void rewind() { seekSet(0); }
   b9440:	2200      	movs	r2, #0
   b9442:	fbb7 f7f3 	udiv	r7, r7, r3
   b9446:	4608      	mov	r0, r1
   b9448:	3702      	adds	r7, #2
   b944a:	2300      	movs	r3, #0
   b944c:	b2ff      	uxtb	r7, r7
   b944e:	f7ff ff6b 	bl	b9328 <_ZN9ExFatFile7seekSetEy>
      inSet = false;
   b9452:	f04f 0b00 	mov.w	fp, #0
   b9456:	46d8      	mov	r8, fp
    n = dir->read(buf, FS_DIR_SIZE);
   b9458:	2220      	movs	r2, #32
   b945a:	a904      	add	r1, sp, #16
   b945c:	4630      	mov	r0, r6
   b945e:	f7ff fe9d 	bl	b919c <_ZN9ExFatFile4readEPvj>
    if (n == 0) {
   b9462:	2800      	cmp	r0, #0
   b9464:	f000 80c6 	beq.w	b95f4 <_ZN9ExFatFile11openPrivateEPS_P8ExName_ti+0x1f0>
    if (n != FS_DIR_SIZE) {
   b9468:	2820      	cmp	r0, #32
   b946a:	d118      	bne.n	b949e <_ZN9ExFatFile11openPrivateEPS_P8ExName_ti+0x9a>
    if (!(buf[0] & EXFAT_TYPE_USED)) {
   b946c:	f99d 1010 	ldrsb.w	r1, [sp, #16]
   b9470:	f89d 2010 	ldrb.w	r2, [sp, #16]
   b9474:	2900      	cmp	r1, #0
   b9476:	db1e      	blt.n	b94b6 <_ZN9ExFatFile11openPrivateEPS_P8ExName_ti+0xb2>
      if (freeCount == 0) {
   b9478:	f1bb 0f00 	cmp.w	fp, #0
   b947c:	d105      	bne.n	b948a <_ZN9ExFatFile11openPrivateEPS_P8ExName_ti+0x86>
        freePos.position = dir->curPosition() - FS_DIR_SIZE;
   b947e:	6831      	ldr	r1, [r6, #0]
   b9480:	f1a1 0320 	sub.w	r3, r1, #32
   b9484:	9300      	str	r3, [sp, #0]
  uint32_t curCluster() const { return m_curCluster; }
   b9486:	69b3      	ldr	r3, [r6, #24]
   b9488:	9301      	str	r3, [sp, #4]
      if (freeCount < freeNeed) {
   b948a:	45bb      	cmp	fp, r7
        freeCount++;
   b948c:	bf3c      	itt	cc
   b948e:	f10b 0301 	addcc.w	r3, fp, #1
   b9492:	fa5f fb83 	uxtbcc.w	fp, r3
      if (buf[0] == EXFAT_TYPE_END_DIR) {
   b9496:	b95a      	cbnz	r2, b94b0 <_ZN9ExFatFile11openPrivateEPS_P8ExName_ti+0xac>
        if (fname) {
   b9498:	2d00      	cmp	r5, #0
   b949a:	f040 80ab 	bne.w	b95f4 <_ZN9ExFatFile11openPrivateEPS_P8ExName_ti+0x1f0>
  m_attributes = FILE_ATTR_CLOSED;
   b949e:	f04f 0800 	mov.w	r8, #0
   b94a2:	f884 8031 	strb.w	r8, [r4, #49]	; 0x31
  m_flags = 0;
   b94a6:	f884 8033 	strb.w	r8, [r4, #51]	; 0x33
  return false;
   b94aa:	e06d      	b.n	b9588 <_ZN9ExFatFile11openPrivateEPS_P8ExName_ti+0x184>
  uint8_t freeNeed = 3;
   b94ac:	2703      	movs	r7, #3
   b94ae:	e7d0      	b.n	b9452 <_ZN9ExFatFile11openPrivateEPS_P8ExName_ti+0x4e>
      inSet = false;
   b94b0:	2000      	movs	r0, #0
   b94b2:	4680      	mov	r8, r0
   b94b4:	e7d0      	b.n	b9458 <_ZN9ExFatFile11openPrivateEPS_P8ExName_ti+0x54>
    } else if (!inSet) {
   b94b6:	f1b8 0f00 	cmp.w	r8, #0
   b94ba:	d127      	bne.n	b950c <_ZN9ExFatFile11openPrivateEPS_P8ExName_ti+0x108>
        freeCount = 0;
   b94bc:	45bb      	cmp	fp, r7
   b94be:	bf38      	it	cc
   b94c0:	f04f 0b00 	movcc.w	fp, #0
      if (buf[0] != EXFAT_TYPE_FILE) {
   b94c4:	2a85      	cmp	r2, #133	; 0x85
   b94c6:	d1f3      	bne.n	b94b0 <_ZN9ExFatFile11openPrivateEPS_P8ExName_ti+0xac>
      memset(this, 0, sizeof(ExFatFile));
   b94c8:	2238      	movs	r2, #56	; 0x38
   b94ca:	4641      	mov	r1, r8
   b94cc:	4620      	mov	r0, r4
   b94ce:	f002 fa46 	bl	bb95e <memset>
      m_attributes = getLe16(dirFile->attributes) & FS_ATTRIB_COPY;
   b94d2:	f89d 1014 	ldrb.w	r1, [sp, #20]
      m_setCount = dirFile->setCount;
   b94d6:	f89d 2011 	ldrb.w	r2, [sp, #17]
   b94da:	f884 2030 	strb.w	r2, [r4, #48]	; 0x30
      m_attributes = getLe16(dirFile->attributes) & FS_ATTRIB_COPY;
   b94de:	f001 0237 	and.w	r2, r1, #55	; 0x37
      if (!(m_attributes & FS_ATTRIB_DIRECTORY)) {
   b94e2:	06c9      	lsls	r1, r1, #27
        m_attributes |= FILE_ATTR_FILE;
   b94e4:	bf58      	it	pl
   b94e6:	f042 0208 	orrpl.w	r2, r2, #8
   b94ea:	f884 2031 	strb.w	r2, [r4, #49]	; 0x31
  bool hashName(ExName_t* fname);
  bool mkdir(ExFatFile* parent, ExName_t* fname);

  bool openPrivate(ExFatFile* dir, ExName_t* fname, oflag_t oflag);
  bool parsePathName(const char* path, ExName_t* fname, const char** ptr);
  ExFatVolume* volume() const { return m_vol; }
   b94ee:	6a32      	ldr	r2, [r6, #32]
      m_vol = dir->volume();
   b94f0:	6222      	str	r2, [r4, #32]
  uint32_t curCluster() const { return m_curCluster; }
   b94f2:	69b2      	ldr	r2, [r6, #24]
      m_dirPos.cluster = dir->curCluster();
   b94f4:	6262      	str	r2, [r4, #36]	; 0x24
      m_dirPos.position = dir->curPosition() - FS_DIR_SIZE;
   b94f6:	6832      	ldr	r2, [r6, #0]
   b94f8:	3a20      	subs	r2, #32
   b94fa:	62a2      	str	r2, [r4, #40]	; 0x28
  bool isContiguous() const { return m_flags & FILE_FLAG_CONTIGUOUS; }
   b94fc:	f896 2033 	ldrb.w	r2, [r6, #51]	; 0x33
   b9500:	f3c2 1280 	ubfx	r2, r2, #6, #1
      m_dirPos.isContiguous = dir->isContiguous();
   b9504:	f884 202c 	strb.w	r2, [r4, #44]	; 0x2c
      inSet = true;
   b9508:	2001      	movs	r0, #1
   b950a:	e7d2      	b.n	b94b2 <_ZN9ExFatFile11openPrivateEPS_P8ExName_ti+0xae>
    } else if (buf[0] == EXFAT_TYPE_STREAM) {
   b950c:	2ac0      	cmp	r2, #192	; 0xc0
   b950e:	d150      	bne.n	b95b2 <_ZN9ExFatFile11openPrivateEPS_P8ExName_ti+0x1ae>
      m_validLength = getLe64(dirStream->validLength);
   b9510:	e9dd 0106 	ldrd	r0, r1, [sp, #24]
      if (dirStream->flags & EXFAT_FLAG_CONTIGUOUS) {
   b9514:	f89d 2011 	ldrb.w	r2, [sp, #17]
      m_flags = modeFlags;
   b9518:	f884 a033 	strb.w	sl, [r4, #51]	; 0x33
      if (dirStream->flags & EXFAT_FLAG_CONTIGUOUS) {
   b951c:	0793      	lsls	r3, r2, #30
      m_validLength = getLe64(dirStream->validLength);
   b951e:	e9c4 0104 	strd	r0, r1, [r4, #16]
      m_dataLength = getLe64(dirStream->dataLength);
   b9522:	e9dd 010a 	ldrd	r0, r1, [sp, #40]	; 0x28
        m_flags |= FILE_FLAG_CONTIGUOUS;
   b9526:	bf44      	itt	mi
   b9528:	f04a 0240 	orrmi.w	r2, sl, #64	; 0x40
   b952c:	f884 2033 	strbmi.w	r2, [r4, #51]	; 0x33
      m_firstCluster = getLe32(dirStream->firstCluster);
   b9530:	9a09      	ldr	r2, [sp, #36]	; 0x24
   b9532:	61e2      	str	r2, [r4, #28]
      m_dataLength = getLe64(dirStream->dataLength);
   b9534:	e9c4 0102 	strd	r0, r1, [r4, #8]
      if (!fname) {
   b9538:	bb55      	cbnz	r5, b9590 <_ZN9ExFatFile11openPrivateEPS_P8ExName_ti+0x18c>
  if (oflag & O_EXCL) {
   b953a:	f419 6f00 	tst.w	r9, #2048	; 0x800
   b953e:	d1ae      	bne.n	b949e <_ZN9ExFatFile11openPrivateEPS_P8ExName_ti+0x9a>
  if ((oflag & (O_TRUNC | O_AT_END)) || (m_flags & FILE_FLAG_WRITE)) {
   b9540:	f419 4f88 	tst.w	r9, #17408	; 0x4400
   b9544:	d103      	bne.n	b954e <_ZN9ExFatFile11openPrivateEPS_P8ExName_ti+0x14a>
   b9546:	f894 3033 	ldrb.w	r3, [r4, #51]	; 0x33
   b954a:	079d      	lsls	r5, r3, #30
   b954c:	d505      	bpl.n	b955a <_ZN9ExFatFile11openPrivateEPS_P8ExName_ti+0x156>
  bool isSubDir() const { return m_attributes & FILE_ATTR_SUBDIR; }
   b954e:	f894 3031 	ldrb.w	r3, [r4, #49]	; 0x31
    if (isSubDir() || isReadOnly() || EXFAT_READ_ONLY) {
   b9552:	06d8      	lsls	r0, r3, #27
   b9554:	d4a3      	bmi.n	b949e <_ZN9ExFatFile11openPrivateEPS_P8ExName_ti+0x9a>
   b9556:	07d9      	lsls	r1, r3, #31
   b9558:	d4a1      	bmi.n	b949e <_ZN9ExFatFile11openPrivateEPS_P8ExName_ti+0x9a>
  if (oflag & O_TRUNC) {
   b955a:	f419 6f80 	tst.w	r9, #1024	; 0x400
   b955e:	d039      	beq.n	b95d4 <_ZN9ExFatFile11openPrivateEPS_P8ExName_ti+0x1d0>
    if (!(m_flags & FILE_FLAG_WRITE)) {
   b9560:	f894 3033 	ldrb.w	r3, [r4, #51]	; 0x33
   b9564:	079a      	lsls	r2, r3, #30
   b9566:	d59a      	bpl.n	b949e <_ZN9ExFatFile11openPrivateEPS_P8ExName_ti+0x9a>
  bool truncate(uint64_t length) { return seekSet(length) && truncate(); }
   b9568:	2200      	movs	r2, #0
   b956a:	2300      	movs	r3, #0
   b956c:	4620      	mov	r0, r4
   b956e:	f7ff fedb 	bl	b9328 <_ZN9ExFatFile7seekSetEy>
   b9572:	2800      	cmp	r0, #0
   b9574:	d093      	beq.n	b949e <_ZN9ExFatFile11openPrivateEPS_P8ExName_ti+0x9a>
   b9576:	4620      	mov	r0, r4
   b9578:	f7ff fc31 	bl	b8dde <_ZN9ExFatFile8truncateEv>
   b957c:	2800      	cmp	r0, #0
   b957e:	d08e      	beq.n	b949e <_ZN9ExFatFile11openPrivateEPS_P8ExName_ti+0x9a>
  if (isWritable()) {
   b9580:	f894 3033 	ldrb.w	r3, [r4, #51]	; 0x33
   b9584:	079b      	lsls	r3, r3, #30
   b9586:	d42e      	bmi.n	b95e6 <_ZN9ExFatFile11openPrivateEPS_P8ExName_ti+0x1e2>
}
   b9588:	4640      	mov	r0, r8
   b958a:	b00d      	add	sp, #52	; 0x34
   b958c:	e8bd 8ff0 	ldmia.w	sp!, {r4, r5, r6, r7, r8, r9, sl, fp, pc}
  void reset() { next = begin; }
   b9590:	682a      	ldr	r2, [r5, #0]
      if (fname->nameLength != dirStream->nameLength ||
   b9592:	68e9      	ldr	r1, [r5, #12]
   b9594:	606a      	str	r2, [r5, #4]
   b9596:	f89d 2013 	ldrb.w	r2, [sp, #19]
   b959a:	4291      	cmp	r1, r2
   b959c:	d188      	bne.n	b94b0 <_ZN9ExFatFile11openPrivateEPS_P8ExName_ti+0xac>
   b959e:	8a28      	ldrh	r0, [r5, #16]
   b95a0:	f8bd 2014 	ldrh.w	r2, [sp, #20]
   b95a4:	eba0 0c02 	sub.w	ip, r0, r2
   b95a8:	f1dc 0000 	rsbs	r0, ip, #0
   b95ac:	eb40 000c 	adc.w	r0, r0, ip
   b95b0:	e77f      	b.n	b94b2 <_ZN9ExFatFile11openPrivateEPS_P8ExName_ti+0xae>
    } else if (buf[0] == EXFAT_TYPE_NAME) {
   b95b2:	2ac1      	cmp	r2, #193	; 0xc1
   b95b4:	f47f af7c 	bne.w	b94b0 <_ZN9ExFatFile11openPrivateEPS_P8ExName_ti+0xac>
      if (!cmpName(dirName, fname)) {
   b95b8:	462a      	mov	r2, r5
   b95ba:	a904      	add	r1, sp, #16
   b95bc:	4620      	mov	r0, r4
   b95be:	f7ff f889 	bl	b86d4 <_ZN9ExFatFile7cmpNameEPK9DirName_tP8ExName_t>
   b95c2:	2800      	cmp	r0, #0
   b95c4:	f43f af75 	beq.w	b94b2 <_ZN9ExFatFile11openPrivateEPS_P8ExName_ti+0xae>
      if (fname->atEnd()) {
   b95c8:	e9d5 2101 	ldrd	r2, r1, [r5, #4]
   b95cc:	4291      	cmp	r1, r2
   b95ce:	f47f af70 	bne.w	b94b2 <_ZN9ExFatFile11openPrivateEPS_P8ExName_ti+0xae>
   b95d2:	e7b2      	b.n	b953a <_ZN9ExFatFile11openPrivateEPS_P8ExName_ti+0x136>
  } else if ((oflag & O_AT_END) && !seekSet(fileSize())) {
   b95d4:	f419 4f80 	tst.w	r9, #16384	; 0x4000
   b95d8:	d0d2      	beq.n	b9580 <_ZN9ExFatFile11openPrivateEPS_P8ExName_ti+0x17c>
   b95da:	e9d4 2304 	ldrd	r2, r3, [r4, #16]
   b95de:	4620      	mov	r0, r4
   b95e0:	f7ff fea2 	bl	b9328 <_ZN9ExFatFile7seekSetEy>
   b95e4:	e7ca      	b.n	b957c <_ZN9ExFatFile11openPrivateEPS_P8ExName_ti+0x178>
    m_attributes |= FS_ATTRIB_ARCHIVE;
   b95e6:	f894 3031 	ldrb.w	r3, [r4, #49]	; 0x31
   b95ea:	f043 0320 	orr.w	r3, r3, #32
   b95ee:	f884 3031 	strb.w	r3, [r4, #49]	; 0x31
   b95f2:	e7c9      	b.n	b9588 <_ZN9ExFatFile11openPrivateEPS_P8ExName_ti+0x184>
  if (!(oflag & O_CREAT) || !(modeFlags & FILE_FLAG_WRITE) || !fname) {
   b95f4:	f419 7f00 	tst.w	r9, #512	; 0x200
   b95f8:	f43f af51 	beq.w	b949e <_ZN9ExFatFile11openPrivateEPS_P8ExName_ti+0x9a>
   b95fc:	f01a 0f02 	tst.w	sl, #2
   b9600:	f43f af4d 	beq.w	b949e <_ZN9ExFatFile11openPrivateEPS_P8ExName_ti+0x9a>
   b9604:	2d00      	cmp	r5, #0
   b9606:	f43f af4a 	beq.w	b949e <_ZN9ExFatFile11openPrivateEPS_P8ExName_ti+0x9a>
  while (freeCount < freeNeed) {
   b960a:	45bb      	cmp	fp, r7
   b960c:	d221      	bcs.n	b9652 <_ZN9ExFatFile11openPrivateEPS_P8ExName_ti+0x24e>
    n = dir->read(buf, FS_DIR_SIZE);
   b960e:	2220      	movs	r2, #32
   b9610:	a904      	add	r1, sp, #16
   b9612:	4630      	mov	r0, r6
   b9614:	f7ff fdc2 	bl	b919c <_ZN9ExFatFile4readEPvj>
    if (n == 0) {
   b9618:	b950      	cbnz	r0, b9630 <_ZN9ExFatFile11openPrivateEPS_P8ExName_ti+0x22c>
      if (!dir->addDirCluster()) {
   b961a:	4630      	mov	r0, r6
      uint32_t saveCurCluster = dir->m_curCluster;
   b961c:	f8d6 8018 	ldr.w	r8, [r6, #24]
      if (!dir->addDirCluster()) {
   b9620:	f7ff fb83 	bl	b8d2a <_ZN9ExFatFile13addDirClusterEv>
   b9624:	2800      	cmp	r0, #0
   b9626:	f43f af3a 	beq.w	b949e <_ZN9ExFatFile11openPrivateEPS_P8ExName_ti+0x9a>
      dir->m_curCluster = saveCurCluster;
   b962a:	f8c6 8018 	str.w	r8, [r6, #24]
      continue;
   b962e:	e7ec      	b.n	b960a <_ZN9ExFatFile11openPrivateEPS_P8ExName_ti+0x206>
    if (n != FS_DIR_SIZE) {
   b9630:	2820      	cmp	r0, #32
   b9632:	f47f af34 	bne.w	b949e <_ZN9ExFatFile11openPrivateEPS_P8ExName_ti+0x9a>
    if (freeCount == 0) {
   b9636:	f1bb 0f00 	cmp.w	fp, #0
   b963a:	d105      	bne.n	b9648 <_ZN9ExFatFile11openPrivateEPS_P8ExName_ti+0x244>
      freePos.position = dir->curPosition() - FS_DIR_SIZE;
   b963c:	6832      	ldr	r2, [r6, #0]
   b963e:	f1a2 0320 	sub.w	r3, r2, #32
   b9642:	9300      	str	r3, [sp, #0]
  uint32_t curCluster() const { return m_curCluster; }
   b9644:	69b3      	ldr	r3, [r6, #24]
   b9646:	9301      	str	r3, [sp, #4]
    freeCount++;
   b9648:	f10b 0301 	add.w	r3, fp, #1
   b964c:	fa5f fb83 	uxtb.w	fp, r3
   b9650:	e7db      	b.n	b960a <_ZN9ExFatFile11openPrivateEPS_P8ExName_ti+0x206>
  memset(this, 0, sizeof(ExFatFile));
   b9652:	2238      	movs	r2, #56	; 0x38
   b9654:	2100      	movs	r1, #0
   b9656:	4620      	mov	r0, r4
  bool isContiguous() const { return m_flags & FILE_FLAG_CONTIGUOUS; }
   b9658:	f896 8033 	ldrb.w	r8, [r6, #51]	; 0x33
   b965c:	f002 f97f 	bl	bb95e <memset>
  ExFatVolume* volume() const { return m_vol; }
   b9660:	6a33      	ldr	r3, [r6, #32]
  m_vol = dir->volume();
   b9662:	6223      	str	r3, [r4, #32]
  m_attributes = FILE_ATTR_FILE | FS_ATTRIB_ARCHIVE;
   b9664:	2328      	movs	r3, #40	; 0x28
   b9666:	f884 3031 	strb.w	r3, [r4, #49]	; 0x31
  m_dirPos = freePos;
   b966a:	9b01      	ldr	r3, [sp, #4]
   b966c:	6263      	str	r3, [r4, #36]	; 0x24
  freePos.isContiguous = dir->isContiguous();
   b966e:	f3c8 1880 	ubfx	r8, r8, #6, #1
  m_dirPos = freePos;
   b9672:	9b00      	ldr	r3, [sp, #0]
   b9674:	f884 802c 	strb.w	r8, [r4, #44]	; 0x2c
   b9678:	62a3      	str	r3, [r4, #40]	; 0x28
   b967a:	682b      	ldr	r3, [r5, #0]
   b967c:	606b      	str	r3, [r5, #4]
      m_setCount = freeNeed - 1;
   b967e:	f107 38ff 	add.w	r8, r7, #4294967295
   b9682:	f04f 0900 	mov.w	r9, #0
   b9686:	fa5f f888 	uxtb.w	r8, r8
   b968a:	fa5f fb89 	uxtb.w	fp, r9
  for (uint8_t i = 0; i < freeNeed; i++) {
   b968e:	45bb      	cmp	fp, r7
   b9690:	d255      	bcs.n	b973e <_ZN9ExFatFile11openPrivateEPS_P8ExName_ti+0x33a>
    cache = dirCache(i, FsCache::CACHE_FOR_WRITE);
   b9692:	2201      	movs	r2, #1
   b9694:	4659      	mov	r1, fp
   b9696:	4620      	mov	r0, r4
   b9698:	f7ff fd0c 	bl	b90b4 <_ZN9ExFatFile8dirCacheEhh>
    if (!cache || (cache[0] & 0x80)) {
   b969c:	4606      	mov	r6, r0
   b969e:	2800      	cmp	r0, #0
   b96a0:	f43f aefd 	beq.w	b949e <_ZN9ExFatFile11openPrivateEPS_P8ExName_ti+0x9a>
   b96a4:	f990 2000 	ldrsb.w	r2, [r0]
   b96a8:	2a00      	cmp	r2, #0
   b96aa:	f6ff aef8 	blt.w	b949e <_ZN9ExFatFile11openPrivateEPS_P8ExName_ti+0x9a>
    memset(cache, 0, FS_DIR_SIZE);
   b96ae:	2220      	movs	r2, #32
   b96b0:	2100      	movs	r1, #0
   b96b2:	f002 f954 	bl	bb95e <memset>
    if (i == 0) {
   b96b6:	f1bb 0f00 	cmp.w	fp, #0
   b96ba:	d120      	bne.n	b96fe <_ZN9ExFatFile11openPrivateEPS_P8ExName_ti+0x2fa>
      dirFile->type = EXFAT_TYPE_FILE;
   b96bc:	2385      	movs	r3, #133	; 0x85
   b96be:	7033      	strb	r3, [r6, #0]
      if (FsDateTime::callback) {
   b96c0:	4b21      	ldr	r3, [pc, #132]	; (b9748 <_ZN9ExFatFile11openPrivateEPS_P8ExName_ti+0x344>)
      m_setCount = freeNeed - 1;
   b96c2:	f884 8030 	strb.w	r8, [r4, #48]	; 0x30
      dirFile->setCount = m_setCount;
   b96c6:	f886 8001 	strb.w	r8, [r6, #1]
      if (FsDateTime::callback) {
   b96ca:	681b      	ldr	r3, [r3, #0]
   b96cc:	b18b      	cbz	r3, b96f2 <_ZN9ExFatFile11openPrivateEPS_P8ExName_ti+0x2ee>
        FsDateTime::callback(&date, &time, &ms10);
   b96ce:	f10d 020b 	add.w	r2, sp, #11
   b96d2:	f10d 010e 	add.w	r1, sp, #14
   b96d6:	a803      	add	r0, sp, #12
   b96d8:	4798      	blx	r3
  *reinterpret_cast<uint16_t*>(dst) = src;
   b96da:	f8bd 300c 	ldrh.w	r3, [sp, #12]
   b96de:	8173      	strh	r3, [r6, #10]
   b96e0:	f8bd 300e 	ldrh.w	r3, [sp, #14]
   b96e4:	8133      	strh	r3, [r6, #8]
        dirFile->createTimeMs = ms10;
   b96e6:	f89d 300b 	ldrb.w	r3, [sp, #11]
   b96ea:	7533      	strb	r3, [r6, #20]
  for (uint8_t i = 0; i < freeNeed; i++) {
   b96ec:	f109 0901 	add.w	r9, r9, #1
   b96f0:	e7cb      	b.n	b968a <_ZN9ExFatFile11openPrivateEPS_P8ExName_ti+0x286>
   b96f2:	f645 2321 	movw	r3, #23073	; 0x5a21
   b96f6:	8173      	strh	r3, [r6, #10]
   b96f8:	81f3      	strh	r3, [r6, #14]
   b96fa:	8273      	strh	r3, [r6, #18]
   b96fc:	e7f6      	b.n	b96ec <_ZN9ExFatFile11openPrivateEPS_P8ExName_ti+0x2e8>
    } else if (i == 1) {
   b96fe:	f1bb 0f01 	cmp.w	fp, #1
   b9702:	d10c      	bne.n	b971e <_ZN9ExFatFile11openPrivateEPS_P8ExName_ti+0x31a>
      m_flags = modeFlags | FILE_FLAG_DIR_DIRTY;
   b9704:	f06a 037f 	orn	r3, sl, #127	; 0x7f
      dirStream->type = EXFAT_TYPE_STREAM;
   b9708:	22c0      	movs	r2, #192	; 0xc0
   b970a:	7032      	strb	r2, [r6, #0]
      dirStream->flags = EXFAT_FLAG_ALWAYS1;
   b970c:	f886 b001 	strb.w	fp, [r6, #1]
      m_flags = modeFlags | FILE_FLAG_DIR_DIRTY;
   b9710:	f884 3033 	strb.w	r3, [r4, #51]	; 0x33
      dirStream->nameLength = fname->nameLength;
   b9714:	68eb      	ldr	r3, [r5, #12]
   b9716:	70f3      	strb	r3, [r6, #3]
      setLe16(dirStream->nameHash, fname->nameHash);
   b9718:	8a2b      	ldrh	r3, [r5, #16]
   b971a:	80b3      	strh	r3, [r6, #4]
}
   b971c:	e7e6      	b.n	b96ec <_ZN9ExFatFile11openPrivateEPS_P8ExName_ti+0x2e8>
      dirName->type = EXFAT_TYPE_NAME;
   b971e:	23c1      	movs	r3, #193	; 0xc1
   b9720:	7033      	strb	r3, [r6, #0]
      for (size_t k = 0; k < 15; k++) {
   b9722:	f106 021e 	add.w	r2, r6, #30
        if (fname->atEnd()) {
   b9726:	e9d5 3101 	ldrd	r3, r1, [r5, #4]
   b972a:	428b      	cmp	r3, r1
   b972c:	d0de      	beq.n	b96ec <_ZN9ExFatFile11openPrivateEPS_P8ExName_ti+0x2e8>
  uint16_t get16() { return atEnd() ? 0 : *next++; }
   b972e:	1c59      	adds	r1, r3, #1
   b9730:	6069      	str	r1, [r5, #4]
   b9732:	781b      	ldrb	r3, [r3, #0]
   b9734:	f826 3f02 	strh.w	r3, [r6, #2]!
      for (size_t k = 0; k < 15; k++) {
   b9738:	42b2      	cmp	r2, r6
   b973a:	d1f4      	bne.n	b9726 <_ZN9ExFatFile11openPrivateEPS_P8ExName_ti+0x322>
   b973c:	e7d6      	b.n	b96ec <_ZN9ExFatFile11openPrivateEPS_P8ExName_ti+0x2e8>
  return sync();
   b973e:	4620      	mov	r0, r4
   b9740:	f7ff fad2 	bl	b8ce8 <_ZN9ExFatFile4syncEv>
   b9744:	4680      	mov	r8, r0
   b9746:	e71f      	b.n	b9588 <_ZN9ExFatFile11openPrivateEPS_P8ExName_ti+0x184>
   b9748:	2003e678 	.word	0x2003e678

000b974c <_ZN9ExFatFile4openEPS_PKci>:
bool ExFatFile::open(ExFatFile* dirFile, const char* path, oflag_t oflag) {
   b974c:	e92d 41f0 	stmdb	sp!, {r4, r5, r6, r7, r8, lr}
   b9750:	b096      	sub	sp, #88	; 0x58
   b9752:	4698      	mov	r8, r3
  ExFatFile() {}
   b9754:	2300      	movs	r3, #0
   b9756:	9314      	str	r3, [sp, #80]	; 0x50
  if (isOpen() || !dirFile->isDir()) {
   b9758:	f890 3031 	ldrb.w	r3, [r0, #49]	; 0x31
bool ExFatFile::open(ExFatFile* dirFile, const char* path, oflag_t oflag) {
   b975c:	9201      	str	r2, [sp, #4]
   b975e:	4605      	mov	r5, r0
   b9760:	460c      	mov	r4, r1
  if (isOpen() || !dirFile->isDir()) {
   b9762:	b11b      	cbz	r3, b976c <_ZN9ExFatFile4openEPS_PKci+0x20>
  return false;
   b9764:	2000      	movs	r0, #0
}
   b9766:	b016      	add	sp, #88	; 0x58
   b9768:	e8bd 81f0 	ldmia.w	sp!, {r4, r5, r6, r7, r8, pc}
  if (isOpen() || !dirFile->isDir()) {
   b976c:	f891 3031 	ldrb.w	r3, [r1, #49]	; 0x31
   b9770:	f013 0f50 	tst.w	r3, #80	; 0x50
   b9774:	d0f6      	beq.n	b9764 <_ZN9ExFatFile4openEPS_PKci+0x18>
  if (isDirSeparator(*path)) {
   b9776:	7813      	ldrb	r3, [r2, #0]
   b9778:	2b2f      	cmp	r3, #47	; 0x2f
   b977a:	d11a      	bne.n	b97b2 <_ZN9ExFatFile4openEPS_PKci+0x66>
    while (isDirSeparator(*path)) {
   b977c:	9a01      	ldr	r2, [sp, #4]
   b977e:	7813      	ldrb	r3, [r2, #0]
   b9780:	2b2f      	cmp	r3, #47	; 0x2f
   b9782:	d102      	bne.n	b978a <_ZN9ExFatFile4openEPS_PKci+0x3e>
      path++;
   b9784:	3201      	adds	r2, #1
   b9786:	9201      	str	r2, [sp, #4]
    while (isDirSeparator(*path)) {
   b9788:	e7f8      	b.n	b977c <_ZN9ExFatFile4openEPS_PKci+0x30>
      return openRoot(dirFile->m_vol);
   b978a:	6a24      	ldr	r4, [r4, #32]
    if (*path == 0) {
   b978c:	b923      	cbnz	r3, b9798 <_ZN9ExFatFile4openEPS_PKci+0x4c>
      return openRoot(dirFile->m_vol);
   b978e:	4621      	mov	r1, r4
   b9790:	4628      	mov	r0, r5
   b9792:	f7ff fcb5 	bl	b9100 <_ZN9ExFatFile8openRootEP11ExFatVolume>
   b9796:	e7e6      	b.n	b9766 <_ZN9ExFatFile4openEPS_PKci+0x1a>
  memset(this, 0, sizeof(ExFatFile));
   b9798:	2238      	movs	r2, #56	; 0x38
   b979a:	2100      	movs	r1, #0
   b979c:	a808      	add	r0, sp, #32
   b979e:	f002 f8de 	bl	bb95e <memset>
  m_attributes = FILE_ATTR_ROOT;
   b97a2:	2340      	movs	r3, #64	; 0x40
   b97a4:	f88d 3051 	strb.w	r3, [sp, #81]	; 0x51
  m_flags = FILE_FLAG_READ;
   b97a8:	2301      	movs	r3, #1
  m_vol = vol;
   b97aa:	9410      	str	r4, [sp, #64]	; 0x40
  m_flags = FILE_FLAG_READ;
   b97ac:	f88d 3053 	strb.w	r3, [sp, #83]	; 0x53
    dirFile = &tmpDir;
   b97b0:	ac08      	add	r4, sp, #32
    if (!parsePathName(path, &fname, &path)) {
   b97b2:	9901      	ldr	r1, [sp, #4]
   b97b4:	ab01      	add	r3, sp, #4
   b97b6:	aa03      	add	r2, sp, #12
   b97b8:	4628      	mov	r0, r5
   b97ba:	f7ff fcb5 	bl	b9128 <_ZN9ExFatFile13parsePathNameEPKcP8ExName_tPS1_>
   b97be:	2800      	cmp	r0, #0
   b97c0:	d0d0      	beq.n	b9764 <_ZN9ExFatFile4openEPS_PKci+0x18>
    if (*path == 0) {
   b97c2:	9b01      	ldr	r3, [sp, #4]
   b97c4:	781b      	ldrb	r3, [r3, #0]
   b97c6:	b1d3      	cbz	r3, b97fe <_ZN9ExFatFile4openEPS_PKci+0xb2>
    if (!openPrivate(dirFile, &fname, O_RDONLY)) {
   b97c8:	2300      	movs	r3, #0
   b97ca:	aa03      	add	r2, sp, #12
   b97cc:	4621      	mov	r1, r4
   b97ce:	4628      	mov	r0, r5
   b97d0:	f7ff fe18 	bl	b9404 <_ZN9ExFatFile11openPrivateEPS_P8ExName_ti>
   b97d4:	2800      	cmp	r0, #0
   b97d6:	d0c5      	beq.n	b9764 <_ZN9ExFatFile4openEPS_PKci+0x18>
      *this = *from;
   b97d8:	ae08      	add	r6, sp, #32
   b97da:	462a      	mov	r2, r5
   b97dc:	f105 0330 	add.w	r3, r5, #48	; 0x30
   b97e0:	4634      	mov	r4, r6
   b97e2:	6810      	ldr	r0, [r2, #0]
   b97e4:	6851      	ldr	r1, [r2, #4]
   b97e6:	4637      	mov	r7, r6
   b97e8:	c703      	stmia	r7!, {r0, r1}
   b97ea:	3208      	adds	r2, #8
   b97ec:	429a      	cmp	r2, r3
   b97ee:	463e      	mov	r6, r7
   b97f0:	d1f7      	bne.n	b97e2 <_ZN9ExFatFile4openEPS_PKci+0x96>
   b97f2:	6810      	ldr	r0, [r2, #0]
   b97f4:	6038      	str	r0, [r7, #0]
    close();
   b97f6:	4628      	mov	r0, r5
   b97f8:	f7ff fc78 	bl	b90ec <_ZN9ExFatFile5closeEv>
    if (!parsePathName(path, &fname, &path)) {
   b97fc:	e7d9      	b.n	b97b2 <_ZN9ExFatFile4openEPS_PKci+0x66>
  return openPrivate(dirFile, &fname, oflag);
   b97fe:	4643      	mov	r3, r8
   b9800:	aa03      	add	r2, sp, #12
   b9802:	4621      	mov	r1, r4
   b9804:	4628      	mov	r0, r5
   b9806:	f7ff fdfd 	bl	b9404 <_ZN9ExFatFile11openPrivateEPS_P8ExName_ti>
   b980a:	e7ac      	b.n	b9766 <_ZN9ExFatFile4openEPS_PKci+0x1a>

000b980c <_ZN9ExFatFile4openEP11ExFatVolumePKci>:
  return vol && open(vol->vwd(), path, oflag);
   b980c:	b119      	cbz	r1, b9816 <_ZN9ExFatFile4openEP11ExFatVolumePKci+0xa>
   b980e:	f501 6189 	add.w	r1, r1, #1096	; 0x448
   b9812:	f7ff bf9b 	b.w	b974c <_ZN9ExFatFile4openEPS_PKci>
}
   b9816:	4608      	mov	r0, r1
   b9818:	4770      	bx	lr

000b981a <_ZN10FsBaseFile5closeEv>:
    from->m_fFile = nullptr;
    from->m_xFile = nullptr;
  }
}
//------------------------------------------------------------------------------
bool FsBaseFile::close() {
   b981a:	b510      	push	{r4, lr}
   b981c:	4604      	mov	r4, r0
  bool rtn = m_fFile ? m_fFile->close() : m_xFile ? m_xFile->close() : true;
   b981e:	6b80      	ldr	r0, [r0, #56]	; 0x38
   b9820:	b138      	cbz	r0, b9832 <_ZN10FsBaseFile5closeEv+0x18>
   b9822:	f7fe fe39 	bl	b8498 <_ZN7FatFile5closeEv>
  m_fFile = nullptr;
   b9826:	2300      	movs	r3, #0
  m_xFile = nullptr;
   b9828:	e9c4 330e 	strd	r3, r3, [r4, #56]	; 0x38
  return rtn;
}
   b982c:	f000 0001 	and.w	r0, r0, #1
   b9830:	bd10      	pop	{r4, pc}
  bool rtn = m_fFile ? m_fFile->close() : m_xFile ? m_xFile->close() : true;
   b9832:	6be0      	ldr	r0, [r4, #60]	; 0x3c
   b9834:	b110      	cbz	r0, b983c <_ZN10FsBaseFile5closeEv+0x22>
   b9836:	f7ff fc59 	bl	b90ec <_ZN9ExFatFile5closeEv>
   b983a:	e7f4      	b.n	b9826 <_ZN10FsBaseFile5closeEv+0xc>
   b983c:	2001      	movs	r0, #1
   b983e:	e7f2      	b.n	b9826 <_ZN10FsBaseFile5closeEv+0xc>

000b9840 <_ZN10FsBaseFile4openEP8FsVolumePKci>:
    m_xFile = nullptr;
  }
  return false;
}
//------------------------------------------------------------------------------
bool FsBaseFile::open(FsVolume* vol, const char* path, oflag_t oflag) {
   b9840:	b573      	push	{r0, r1, r4, r5, r6, lr}
   b9842:	4604      	mov	r4, r0
  if (!vol) {
   b9844:	460d      	mov	r5, r1
   b9846:	b911      	cbnz	r1, b984e <_ZN10FsBaseFile4openEP8FsVolumePKci+0xe>
    return false;
   b9848:	2000      	movs	r0, #0
      return true;
    }
    m_xFile = nullptr;
  }
  return false;
}
   b984a:	b002      	add	sp, #8
   b984c:	bd70      	pop	{r4, r5, r6, pc}
   b984e:	e9cd 2300 	strd	r2, r3, [sp]
  close();
   b9852:	f7ff ffe2 	bl	b981a <_ZN10FsBaseFile5closeEv>
  if (vol->m_fVol) {
   b9856:	f8d5 6480 	ldr.w	r6, [r5, #1152]	; 0x480
   b985a:	e9dd 2300 	ldrd	r2, r3, [sp]
   b985e:	b1b6      	cbz	r6, b988e <_ZN10FsBaseFile4openEP8FsVolumePKci+0x4e>
    m_fFile = new (m_fileMem) FatFile;
   b9860:	4621      	mov	r1, r4
   b9862:	2024      	movs	r0, #36	; 0x24
   b9864:	f000 f8b0 	bl	b99c8 <_ZnwjPm>
   b9868:	e9dd 2300 	ldrd	r2, r3, [sp]
   b986c:	b110      	cbz	r0, b9874 <_ZN10FsBaseFile4openEP8FsVolumePKci+0x34>
  FatFile() {}
   b986e:	2100      	movs	r1, #0
   b9870:	8001      	strh	r1, [r0, #0]
   b9872:	7081      	strb	r1, [r0, #2]
   b9874:	63a0      	str	r0, [r4, #56]	; 0x38
    if (m_fFile && m_fFile->open(vol->m_fVol, path, oflag)) {
   b9876:	b910      	cbnz	r0, b987e <_ZN10FsBaseFile4openEP8FsVolumePKci+0x3e>
    m_fFile = nullptr;
   b9878:	2000      	movs	r0, #0
   b987a:	63a0      	str	r0, [r4, #56]	; 0x38
   b987c:	e7e5      	b.n	b984a <_ZN10FsBaseFile4openEP8FsVolumePKci+0xa>
    if (m_fFile && m_fFile->open(vol->m_fVol, path, oflag)) {
   b987e:	f8d5 1480 	ldr.w	r1, [r5, #1152]	; 0x480
   b9882:	f7fe fe5a 	bl	b853a <_ZN7FatFile4openEP9FatVolumePKci>
   b9886:	2800      	cmp	r0, #0
   b9888:	d0f6      	beq.n	b9878 <_ZN10FsBaseFile4openEP8FsVolumePKci+0x38>
      return true;
   b988a:	2001      	movs	r0, #1
   b988c:	e7dd      	b.n	b984a <_ZN10FsBaseFile4openEP8FsVolumePKci+0xa>
  } else if (vol->m_xVol) {
   b988e:	f8d5 1484 	ldr.w	r1, [r5, #1156]	; 0x484
   b9892:	e9cd 2300 	strd	r2, r3, [sp]
   b9896:	2900      	cmp	r1, #0
   b9898:	d0d6      	beq.n	b9848 <_ZN10FsBaseFile4openEP8FsVolumePKci+0x8>
    m_xFile = new (m_fileMem) ExFatFile;
   b989a:	4621      	mov	r1, r4
   b989c:	2038      	movs	r0, #56	; 0x38
   b989e:	f000 f893 	bl	b99c8 <_ZnwjPm>
   b98a2:	e9dd 2300 	ldrd	r2, r3, [sp]
   b98a6:	b110      	cbz	r0, b98ae <_ZN10FsBaseFile4openEP8FsVolumePKci+0x6e>
  ExFatFile() {}
   b98a8:	f880 6031 	strb.w	r6, [r0, #49]	; 0x31
   b98ac:	8646      	strh	r6, [r0, #50]	; 0x32
   b98ae:	63e0      	str	r0, [r4, #60]	; 0x3c
    if (m_xFile && m_xFile->open(vol->m_xVol, path, oflag)) {
   b98b0:	b910      	cbnz	r0, b98b8 <_ZN10FsBaseFile4openEP8FsVolumePKci+0x78>
    m_xFile = nullptr;
   b98b2:	2000      	movs	r0, #0
   b98b4:	63e0      	str	r0, [r4, #60]	; 0x3c
   b98b6:	e7c8      	b.n	b984a <_ZN10FsBaseFile4openEP8FsVolumePKci+0xa>
    if (m_xFile && m_xFile->open(vol->m_xVol, path, oflag)) {
   b98b8:	f8d5 1484 	ldr.w	r1, [r5, #1156]	; 0x484
   b98bc:	f7ff ffa6 	bl	b980c <_ZN9ExFatFile4openEP11ExFatVolumePKci>
   b98c0:	2800      	cmp	r0, #0
   b98c2:	d0f6      	beq.n	b98b2 <_ZN10FsBaseFile4openEP8FsVolumePKci+0x72>
   b98c4:	e7e1      	b.n	b988a <_ZN10FsBaseFile4openEP8FsVolumePKci+0x4a>
	...

000b98c8 <_ZN8FsVolume5beginEP16DedicatedSpiCardbhm>:
 */
#include "FsLib.h"
FsVolume* FsVolume::m_cwv = nullptr;
//------------------------------------------------------------------------------
bool FsVolume::begin(FsBlockDevice* blockDev, bool setCwv, uint8_t part,
                     uint32_t volStart) {
   b98c8:	e92d 47f0 	stmdb	sp!, {r4, r5, r6, r7, r8, r9, sl, lr}
  m_fVol = nullptr;
   b98cc:	2600      	movs	r6, #0
   b98ce:	f8c0 6480 	str.w	r6, [r0, #1152]	; 0x480
                     uint32_t volStart) {
   b98d2:	4605      	mov	r5, r0
   b98d4:	460f      	mov	r7, r1
  m_xVol = new (m_volMem) ExFatVolume;
   b98d6:	4601      	mov	r1, r0
   b98d8:	f44f 6090 	mov.w	r0, #1152	; 0x480
                     uint32_t volStart) {
   b98dc:	f8dd 9020 	ldr.w	r9, [sp, #32]
   b98e0:	4690      	mov	r8, r2
   b98e2:	469a      	mov	sl, r3
  m_xVol = new (m_volMem) ExFatVolume;
   b98e4:	f000 f870 	bl	b99c8 <_ZnwjPm>
   b98e8:	4604      	mov	r4, r0
   b98ea:	b180      	cbz	r0, b990e <_ZN8FsVolume5beginEP16DedicatedSpiCardbhm+0x46>
    m_sector = 0XFFFFFFFF;
   b98ec:	f04f 33ff 	mov.w	r3, #4294967295
    m_blockDev = blockDev;
   b98f0:	6046      	str	r6, [r0, #4]
    m_status = 0;
   b98f2:	7006      	strb	r6, [r0, #0]
    m_sector = 0XFFFFFFFF;
   b98f4:	6083      	str	r3, [r0, #8]
    m_blockDev = blockDev;
   b98f6:	f8c0 6214 	str.w	r6, [r0, #532]	; 0x214
    m_status = 0;
   b98fa:	f880 6210 	strb.w	r6, [r0, #528]	; 0x210
    m_sector = 0XFFFFFFFF;
   b98fe:	f8c0 3218 	str.w	r3, [r0, #536]	; 0x218
  ExFatPartition() = default;
   b9902:	f880 6444 	strb.w	r6, [r0, #1092]	; 0x444
   b9906:	f880 6479 	strb.w	r6, [r0, #1145]	; 0x479
   b990a:	f8a0 647a 	strh.w	r6, [r0, #1146]	; 0x47a
   b990e:	f8c5 4484 	str.w	r4, [r5, #1156]	; 0x484
  if (m_xVol && m_xVol->begin(blockDev, false, part, volStart)) {
   b9912:	b1ec      	cbz	r4, b9950 <_ZN8FsVolume5beginEP16DedicatedSpiCardbhm+0x88>
   * \param[in] volStart Start sector of volume if part is zero.
   * \return true for success or false for failure.
   */
  bool begin(FsBlockDevice* dev, bool setCwv = true, uint8_t part = 1,
             uint32_t volStart = 0) {
    if (!init(dev, part, volStart)) {
   b9914:	464b      	mov	r3, r9
   b9916:	4652      	mov	r2, sl
   b9918:	4639      	mov	r1, r7
   b991a:	4620      	mov	r0, r4
   b991c:	f7ff f886 	bl	b8a2c <_ZN14ExFatPartition4initEP16DedicatedSpiCardhm>
   b9920:	b1b0      	cbz	r0, b9950 <_ZN8FsVolume5beginEP16DedicatedSpiCardbhm+0x88>
  /**
   * Set volume working directory to root.
   * \return true for success or false for failure.
   */
  bool chdir() {
    m_vwd.close();
   b9922:	f504 6689 	add.w	r6, r4, #1096	; 0x448
   b9926:	4630      	mov	r0, r6
   b9928:	f7ff fbe0 	bl	b90ec <_ZN9ExFatFile5closeEv>
    return m_vwd.openRoot(this);
   b992c:	4621      	mov	r1, r4
   b992e:	4630      	mov	r0, r6
   b9930:	f7ff fbe6 	bl	b9100 <_ZN9ExFatFile8openRootEP11ExFatVolume>
    if (!chdir()) {
   b9934:	b160      	cbz	r0, b9950 <_ZN8FsVolume5beginEP16DedicatedSpiCardbhm+0x88>
    if (setCwv || !m_cwv) {
   b9936:	4b21      	ldr	r3, [pc, #132]	; (b99bc <_ZN8FsVolume5beginEP16DedicatedSpiCardbhm+0xf4>)
      return false;
    }
    if (!chdir()) {
      return false;
    }
    if (setCwv || !m_cwv) {
   b9938:	681a      	ldr	r2, [r3, #0]
   b993a:	b902      	cbnz	r2, b993e <_ZN8FsVolume5beginEP16DedicatedSpiCardbhm+0x76>
      m_cwv = this;
   b993c:	601c      	str	r4, [r3, #0]
  }
  m_fVol = nullptr;
  return false;

done:
  if (setCwv || !m_cwv) {
   b993e:	4b20      	ldr	r3, [pc, #128]	; (b99c0 <_ZN8FsVolume5beginEP16DedicatedSpiCardbhm+0xf8>)
   b9940:	f1b8 0f00 	cmp.w	r8, #0
   b9944:	d101      	bne.n	b994a <_ZN8FsVolume5beginEP16DedicatedSpiCardbhm+0x82>
   b9946:	681a      	ldr	r2, [r3, #0]
   b9948:	b902      	cbnz	r2, b994c <_ZN8FsVolume5beginEP16DedicatedSpiCardbhm+0x84>
    m_cwv = this;
   b994a:	601d      	str	r5, [r3, #0]
  }
  return true;
   b994c:	2001      	movs	r0, #1
   b994e:	e033      	b.n	b99b8 <_ZN8FsVolume5beginEP16DedicatedSpiCardbhm+0xf0>
  m_xVol = nullptr;
   b9950:	2600      	movs	r6, #0
   b9952:	f8c5 6484 	str.w	r6, [r5, #1156]	; 0x484
  m_fVol = new (m_volMem) FatVolume;
   b9956:	4629      	mov	r1, r5
   b9958:	f44f 608d 	mov.w	r0, #1128	; 0x468
   b995c:	f000 f834 	bl	b99c8 <_ZnwjPm>
   b9960:	4604      	mov	r4, r0
   b9962:	b180      	cbz	r0, b9986 <_ZN8FsVolume5beginEP16DedicatedSpiCardbhm+0xbe>
   b9964:	f04f 33ff 	mov.w	r3, #4294967295
  FatPartition() = default;
   b9968:	71c6      	strb	r6, [r0, #7]
    m_blockDev = blockDev;
   b996a:	6286      	str	r6, [r0, #40]	; 0x28
    m_status = 0;
   b996c:	f880 6024 	strb.w	r6, [r0, #36]	; 0x24
    m_sector = 0XFFFFFFFF;
   b9970:	62c3      	str	r3, [r0, #44]	; 0x2c
    m_blockDev = blockDev;
   b9972:	f8c0 6238 	str.w	r6, [r0, #568]	; 0x238
    m_status = 0;
   b9976:	f880 6234 	strb.w	r6, [r0, #564]	; 0x234
    m_sector = 0XFFFFFFFF;
   b997a:	f8c0 323c 	str.w	r3, [r0, #572]	; 0x23c
   b997e:	f8a0 6444 	strh.w	r6, [r0, #1092]	; 0x444
   b9982:	f880 6446 	strb.w	r6, [r0, #1094]	; 0x446
   b9986:	f8c5 4480 	str.w	r4, [r5, #1152]	; 0x480
  if (m_fVol && m_fVol->begin(blockDev, false, part, volStart)) {
   b998a:	b194      	cbz	r4, b99b2 <_ZN8FsVolume5beginEP16DedicatedSpiCardbhm+0xea>
    if (!init(dev, part, volStart)) {
   b998c:	464b      	mov	r3, r9
   b998e:	4652      	mov	r2, sl
   b9990:	4639      	mov	r1, r7
   b9992:	4620      	mov	r0, r4
   b9994:	f7fe fa91 	bl	b7eba <_ZN12FatPartition4initEP16DedicatedSpiCardhm>
   b9998:	b158      	cbz	r0, b99b2 <_ZN8FsVolume5beginEP16DedicatedSpiCardbhm+0xea>
  /**
   * Set volume working directory to root.
   * \return true for success or false for failure.
   */
  bool chdir() {
    m_vwd.close();
   b999a:	f204 4644 	addw	r6, r4, #1092	; 0x444
   b999e:	4630      	mov	r0, r6
   b99a0:	f7fe fd7a 	bl	b8498 <_ZN7FatFile5closeEv>
    return m_vwd.openRoot(this);
   b99a4:	4621      	mov	r1, r4
   b99a6:	4630      	mov	r0, r6
   b99a8:	f7fe fb93 	bl	b80d2 <_ZN7FatFile8openRootEP9FatVolume>
    if (!chdir()) {
   b99ac:	b108      	cbz	r0, b99b2 <_ZN8FsVolume5beginEP16DedicatedSpiCardbhm+0xea>
    if (setCwv || !m_cwv) {
   b99ae:	4b05      	ldr	r3, [pc, #20]	; (b99c4 <_ZN8FsVolume5beginEP16DedicatedSpiCardbhm+0xfc>)
   b99b0:	e7c2      	b.n	b9938 <_ZN8FsVolume5beginEP16DedicatedSpiCardbhm+0x70>
  m_fVol = nullptr;
   b99b2:	2000      	movs	r0, #0
   b99b4:	f8c5 0480 	str.w	r0, [r5, #1152]	; 0x480
}
   b99b8:	e8bd 87f0 	ldmia.w	sp!, {r4, r5, r6, r7, r8, r9, sl, pc}
   b99bc:	2003e670 	.word	0x2003e670
   b99c0:	2003e674 	.word	0x2003e674
   b99c4:	2003e66c 	.word	0x2003e66c

000b99c8 <_ZnwjPm>:
 */
#include "FsNew.h"
void* operator new(size_t size, newalign_t* ptr) {
  (void)size;
  return ptr;
}
   b99c8:	4608      	mov	r0, r1
   b99ca:	4770      	bx	lr

000b99cc <_ZN7Timeout8timedOutEv.isra.0>:
 public:
  Timeout() {}
  explicit Timeout(uint16_t ms) { set(ms); }
  uint16_t millis16() { return millis(); }
  void set(uint16_t ms) { m_endTime = ms + millis16(); }
  bool timedOut() { return (int16_t)(m_endTime - millis16()) < 0; }
   b99cc:	b510      	push	{r4, lr}
   b99ce:	4604      	mov	r4, r0
   b99d0:	f000 fbb2 	bl	ba138 <HAL_Timer_Get_Milli_Seconds>
   b99d4:	1a20      	subs	r0, r4, r0
   b99d6:	f3c0 30c0 	ubfx	r0, r0, #15, #1
   b99da:	bd10      	pop	{r4, pc}

000b99dc <_ZN18SdSpiArduinoDriver11setSckSpeedEm>:
class SPISettings : public Printable {
   b99dc:	2300      	movs	r3, #0
   b99de:	7203      	strb	r3, [r0, #8]
   b99e0:	2301      	movs	r3, #1
   b99e2:	60c1      	str	r1, [r0, #12]
   b99e4:	8203      	strh	r3, [r0, #16]
   *
   * \param[in] maxSck Maximum SCK frequency.
   */
  void setSckSpeed(uint32_t maxSck) {
    m_spiSettings = SPISettings(maxSck, MSBFIRST, SPI_MODE0);
  }
   b99e6:	4770      	bx	lr

000b99e8 <_ZN13SharedSpiCard8spiStartEv>:
uint32_t SharedSpiCard::sectorCount() {
  csd_t csd;
  return readCSD(&csd) ? csd.capacity() : 0;
}
//------------------------------------------------------------------------------
void SharedSpiCard::spiStart() {
   b99e8:	b538      	push	{r3, r4, r5, lr}
  SPI_ASSERT_NOT_ACTIVE;
  if (!m_spiActive) {
   b99ea:	7dc5      	ldrb	r5, [r0, #23]
void SharedSpiCard::spiStart() {
   b99ec:	4604      	mov	r4, r0
  if (!m_spiActive) {
   b99ee:	b96d      	cbnz	r5, b9a0c <_ZN13SharedSpiCard8spiStartEv+0x24>
  void spiActivate() { m_spiDriver.activate(); }
   b99f0:	f000 fb08 	bl	ba004 <_ZN18SdSpiArduinoDriver8activateEv>
    spiActivate();
    m_spiActive = true;
   b99f4:	2301      	movs	r3, #1
  void spiSelect() { sdCsWrite(m_csPin, false); }
   b99f6:	7d60      	ldrb	r0, [r4, #21]
   b99f8:	75e3      	strb	r3, [r4, #23]
   b99fa:	4629      	mov	r1, r5
   b99fc:	f000 fafa 	bl	b9ff4 <_Z9sdCsWritehb>
    m_spiDriver.send(data);
   b9a00:	4620      	mov	r0, r4
   b9a02:	21ff      	movs	r1, #255	; 0xff
    spiSelect();
    // Dummy byte to drive MISO busy status.
    spiSend(0XFF);
  }
}
   b9a04:	e8bd 4038 	ldmia.w	sp!, {r3, r4, r5, lr}
   b9a08:	f000 bb46 	b.w	ba098 <_ZN18SdSpiArduinoDriver4sendEh>
   b9a0c:	bd38      	pop	{r3, r4, r5, pc}

000b9a0e <_ZN13SharedSpiCard7spiStopEv>:
//------------------------------------------------------------------------------
void SharedSpiCard::spiStop() {
   b9a0e:	b510      	push	{r4, lr}
  SPI_ASSERT_ACTIVE;
  if (m_spiActive) {
   b9a10:	7dc3      	ldrb	r3, [r0, #23]
void SharedSpiCard::spiStop() {
   b9a12:	4604      	mov	r4, r0
  if (m_spiActive) {
   b9a14:	b163      	cbz	r3, b9a30 <_ZN13SharedSpiCard7spiStopEv+0x22>
  void spiUnselect() { sdCsWrite(m_csPin, true); }
   b9a16:	7d40      	ldrb	r0, [r0, #21]
   b9a18:	2101      	movs	r1, #1
   b9a1a:	f000 faeb 	bl	b9ff4 <_Z9sdCsWritehb>
    m_spiDriver.send(data);
   b9a1e:	21ff      	movs	r1, #255	; 0xff
   b9a20:	4620      	mov	r0, r4
   b9a22:	f000 fb39 	bl	ba098 <_ZN18SdSpiArduinoDriver4sendEh>
  void spiDeactivate() { m_spiDriver.deactivate(); }
   b9a26:	4620      	mov	r0, r4
   b9a28:	f000 fb18 	bl	ba05c <_ZN18SdSpiArduinoDriver10deactivateEv>
    spiUnselect();
    // Insure MISO goes to low Z.
    spiSend(0XFF);
    spiDeactivate();
    m_spiActive = false;
   b9a2c:	2300      	movs	r3, #0
   b9a2e:	75e3      	strb	r3, [r4, #23]
  }
}
   b9a30:	bd10      	pop	{r4, pc}

000b9a32 <_ZN13SharedSpiCard8readDataEPhj>:
bool SharedSpiCard::readData(uint8_t* dst, size_t count) {
   b9a32:	b5f8      	push	{r3, r4, r5, r6, r7, lr}
   b9a34:	4604      	mov	r4, r0
   b9a36:	460e      	mov	r6, r1
   b9a38:	4617      	mov	r7, r2
   b9a3a:	f000 fb7d 	bl	ba138 <HAL_Timer_Get_Milli_Seconds>
  void set(uint16_t ms) { m_endTime = ms + millis16(); }
   b9a3e:	f500 7096 	add.w	r0, r0, #300	; 0x12c
   b9a42:	b285      	uxth	r5, r0
    return m_spiDriver.receive();
   b9a44:	4620      	mov	r0, r4
   b9a46:	f000 fb0c 	bl	ba062 <_ZN18SdSpiArduinoDriver7receiveEv>
  while ((m_status = spiReceive()) == 0XFF) {
   b9a4a:	28ff      	cmp	r0, #255	; 0xff
   b9a4c:	7660      	strb	r0, [r4, #25]
   b9a4e:	d10b      	bne.n	b9a68 <_ZN13SharedSpiCard8readDataEPhj+0x36>
    if (timeout.timedOut()) {
   b9a50:	4628      	mov	r0, r5
   b9a52:	f7ff ffbb 	bl	b99cc <_ZN7Timeout8timedOutEv.isra.0>
   b9a56:	2800      	cmp	r0, #0
   b9a58:	d0f4      	beq.n	b9a44 <_ZN13SharedSpiCard8readDataEPhj+0x12>
    m_errorCode = code;
   b9a5a:	231e      	movs	r3, #30
  spiStop();
   b9a5c:	4620      	mov	r0, r4
   b9a5e:	75a3      	strb	r3, [r4, #22]
   b9a60:	f7ff ffd5 	bl	b9a0e <_ZN13SharedSpiCard7spiStopEv>
  return false;
   b9a64:	2000      	movs	r0, #0
}
   b9a66:	bdf8      	pop	{r3, r4, r5, r6, r7, pc}
  if (m_status != DATA_START_SECTOR) {
   b9a68:	28fe      	cmp	r0, #254	; 0xfe
   b9a6a:	d001      	beq.n	b9a70 <_ZN13SharedSpiCard8readDataEPhj+0x3e>
   b9a6c:	2319      	movs	r3, #25
   b9a6e:	e7f5      	b.n	b9a5c <_ZN13SharedSpiCard8readDataEPhj+0x2a>
    return m_spiDriver.receive(buf, n);
   b9a70:	463a      	mov	r2, r7
   b9a72:	4631      	mov	r1, r6
   b9a74:	4620      	mov	r0, r4
   b9a76:	f000 faf9 	bl	ba06c <_ZN18SdSpiArduinoDriver7receiveEPhj>
  if ((m_status = spiReceive(dst, count))) {
   b9a7a:	7660      	strb	r0, [r4, #25]
   b9a7c:	b108      	cbz	r0, b9a82 <_ZN13SharedSpiCard8readDataEPhj+0x50>
    m_errorCode = code;
   b9a7e:	2326      	movs	r3, #38	; 0x26
   b9a80:	e7ec      	b.n	b9a5c <_ZN13SharedSpiCard8readDataEPhj+0x2a>
    return m_spiDriver.receive();
   b9a82:	4620      	mov	r0, r4
   b9a84:	f000 faed 	bl	ba062 <_ZN18SdSpiArduinoDriver7receiveEv>
   b9a88:	4620      	mov	r0, r4
   b9a8a:	f000 faea 	bl	ba062 <_ZN18SdSpiArduinoDriver7receiveEv>
  return true;
   b9a8e:	2001      	movs	r0, #1
   b9a90:	e7e9      	b.n	b9a66 <_ZN13SharedSpiCard8readDataEPhj+0x34>

000b9a92 <_ZN13SharedSpiCard8readDataEPh>:
bool SharedSpiCard::readData(uint8_t* dst) { return readData(dst, 512); }
   b9a92:	f44f 7200 	mov.w	r2, #512	; 0x200
   b9a96:	f7ff bfcc 	b.w	b9a32 <_ZN13SharedSpiCard8readDataEPhj>

000b9a9a <_ZN13SharedSpiCard9waitReadyEt>:
    return readStop();
  }
  return true;
}
//------------------------------------------------------------------------------
bool SharedSpiCard::waitReady(uint16_t ms) {
   b9a9a:	b538      	push	{r3, r4, r5, lr}
   b9a9c:	460c      	mov	r4, r1
   b9a9e:	4605      	mov	r5, r0
   b9aa0:	f000 fb4a 	bl	ba138 <HAL_Timer_Get_Milli_Seconds>
  void set(uint16_t ms) { m_endTime = ms + millis16(); }
   b9aa4:	4404      	add	r4, r0
   b9aa6:	b2a4      	uxth	r4, r4
   b9aa8:	4628      	mov	r0, r5
   b9aaa:	f000 fada 	bl	ba062 <_ZN18SdSpiArduinoDriver7receiveEv>
  Timeout timeout(ms);
  while (spiReceive() != 0XFF) {
   b9aae:	28ff      	cmp	r0, #255	; 0xff
   b9ab0:	d006      	beq.n	b9ac0 <_ZN13SharedSpiCard9waitReadyEt+0x26>
    if (timeout.timedOut()) {
   b9ab2:	4620      	mov	r0, r4
   b9ab4:	f7ff ff8a 	bl	b99cc <_ZN7Timeout8timedOutEv.isra.0>
   b9ab8:	2800      	cmp	r0, #0
   b9aba:	d0f5      	beq.n	b9aa8 <_ZN13SharedSpiCard9waitReadyEt+0xe>
      return false;
   b9abc:	2000      	movs	r0, #0
    }
  }
  return true;
}
   b9abe:	bd38      	pop	{r3, r4, r5, pc}
  return true;
   b9ac0:	2001      	movs	r0, #1
   b9ac2:	e7fc      	b.n	b9abe <_ZN13SharedSpiCard9waitReadyEt+0x24>

000b9ac4 <_ZN13SharedSpiCard9writeDataEhPKh>:
  spiStop();
  return false;
}
//------------------------------------------------------------------------------
// send one sector of data for write sector or write multiple sectors
bool SharedSpiCard::writeData(uint8_t token, const uint8_t* src) {
   b9ac4:	b538      	push	{r3, r4, r5, lr}
   b9ac6:	4604      	mov	r4, r0
   b9ac8:	4615      	mov	r5, r2
    m_spiDriver.send(data);
   b9aca:	f000 fae5 	bl	ba098 <_ZN18SdSpiArduinoDriver4sendEh>
    m_spiDriver.send(buf, n);
   b9ace:	f44f 7200 	mov.w	r2, #512	; 0x200
   b9ad2:	4629      	mov	r1, r5
   b9ad4:	4620      	mov	r0, r4
   b9ad6:	f000 fae3 	bl	ba0a0 <_ZN18SdSpiArduinoDriver4sendEPKhj>
    m_spiDriver.send(data);
   b9ada:	21ff      	movs	r1, #255	; 0xff
   b9adc:	4620      	mov	r0, r4
   b9ade:	f000 fadb 	bl	ba098 <_ZN18SdSpiArduinoDriver4sendEh>
   b9ae2:	21ff      	movs	r1, #255	; 0xff
   b9ae4:	4620      	mov	r0, r4
   b9ae6:	f000 fad7 	bl	ba098 <_ZN18SdSpiArduinoDriver4sendEh>
    return m_spiDriver.receive();
   b9aea:	4620      	mov	r0, r4
   b9aec:	f000 fab9 	bl	ba062 <_ZN18SdSpiArduinoDriver7receiveEv>
  spiSend(token);
  spiSend(src, 512);
  spiSend(crc >> 8);
  spiSend(crc & 0XFF);

  m_status = spiReceive();
   b9af0:	7660      	strb	r0, [r4, #25]
  if ((m_status & DATA_RES_MASK) != DATA_RES_ACCEPTED) {
   b9af2:	f000 001f 	and.w	r0, r0, #31
   b9af6:	2805      	cmp	r0, #5
   b9af8:	d006      	beq.n	b9b08 <_ZN13SharedSpiCard9writeDataEhPKh+0x44>
    m_errorCode = code;
   b9afa:	2321      	movs	r3, #33	; 0x21
    goto fail;
  }
  return true;

fail:
  spiStop();
   b9afc:	4620      	mov	r0, r4
   b9afe:	75a3      	strb	r3, [r4, #22]
   b9b00:	f7ff ff85 	bl	b9a0e <_ZN13SharedSpiCard7spiStopEv>
  return false;
   b9b04:	2000      	movs	r0, #0
}
   b9b06:	bd38      	pop	{r3, r4, r5, pc}
  return true;
   b9b08:	2001      	movs	r0, #1
   b9b0a:	e7fc      	b.n	b9b06 <_ZN13SharedSpiCard9writeDataEhPKh+0x42>

000b9b0c <_ZN13SharedSpiCard9writeDataEPKh>:
bool SharedSpiCard::writeData(const uint8_t* src) {
   b9b0c:	b513      	push	{r0, r1, r4, lr}
   b9b0e:	9101      	str	r1, [sp, #4]
  if (!waitReady(SD_WRITE_TIMEOUT)) {
   b9b10:	f44f 7116 	mov.w	r1, #600	; 0x258
bool SharedSpiCard::writeData(const uint8_t* src) {
   b9b14:	4604      	mov	r4, r0
  if (!waitReady(SD_WRITE_TIMEOUT)) {
   b9b16:	f7ff ffc0 	bl	b9a9a <_ZN13SharedSpiCard9waitReadyEt>
   b9b1a:	9a01      	ldr	r2, [sp, #4]
   b9b1c:	b930      	cbnz	r0, b9b2c <_ZN13SharedSpiCard9writeDataEPKh+0x20>
   b9b1e:	2325      	movs	r3, #37	; 0x25
   b9b20:	75a3      	strb	r3, [r4, #22]
  spiStop();
   b9b22:	4620      	mov	r0, r4
   b9b24:	f7ff ff73 	bl	b9a0e <_ZN13SharedSpiCard7spiStopEv>
  return false;
   b9b28:	2000      	movs	r0, #0
   b9b2a:	e005      	b.n	b9b38 <_ZN13SharedSpiCard9writeDataEPKh+0x2c>
  if (!writeData(WRITE_MULTIPLE_TOKEN, src)) {
   b9b2c:	21fc      	movs	r1, #252	; 0xfc
   b9b2e:	4620      	mov	r0, r4
   b9b30:	f7ff ffc8 	bl	b9ac4 <_ZN13SharedSpiCard9writeDataEhPKh>
   b9b34:	2800      	cmp	r0, #0
   b9b36:	d0f4      	beq.n	b9b22 <_ZN13SharedSpiCard9writeDataEPKh+0x16>
}
   b9b38:	b002      	add	sp, #8
   b9b3a:	bd10      	pop	{r4, pc}

000b9b3c <_ZN13SharedSpiCard9writeStopEv>:
fail:
  spiStop();
  return false;
}
//------------------------------------------------------------------------------
bool SharedSpiCard::writeStop() {
   b9b3c:	b538      	push	{r3, r4, r5, lr}
  if (!waitReady(SD_WRITE_TIMEOUT)) {
   b9b3e:	f44f 7116 	mov.w	r1, #600	; 0x258
bool SharedSpiCard::writeStop() {
   b9b42:	4604      	mov	r4, r0
  if (!waitReady(SD_WRITE_TIMEOUT)) {
   b9b44:	f7ff ffa9 	bl	b9a9a <_ZN13SharedSpiCard9waitReadyEt>
   b9b48:	4605      	mov	r5, r0
   b9b4a:	b930      	cbnz	r0, b9b5a <_ZN13SharedSpiCard9writeStopEv+0x1e>
   b9b4c:	231f      	movs	r3, #31
   b9b4e:	75a3      	strb	r3, [r4, #22]
  m_state = IDLE_STATE;
  return true;

fail:
  error(SD_CARD_ERROR_STOP_TRAN);
  spiStop();
   b9b50:	4620      	mov	r0, r4
   b9b52:	f7ff ff5c 	bl	b9a0e <_ZN13SharedSpiCard7spiStopEv>
  return false;
}
   b9b56:	4628      	mov	r0, r5
   b9b58:	bd38      	pop	{r3, r4, r5, pc}
    m_spiDriver.send(data);
   b9b5a:	21fd      	movs	r1, #253	; 0xfd
   b9b5c:	4620      	mov	r0, r4
   b9b5e:	f000 fa9b 	bl	ba098 <_ZN18SdSpiArduinoDriver4sendEh>
  spiStop();
   b9b62:	4620      	mov	r0, r4
   b9b64:	f7ff ff53 	bl	b9a0e <_ZN13SharedSpiCard7spiStopEv>
  m_state = IDLE_STATE;
   b9b68:	2300      	movs	r3, #0
   b9b6a:	7623      	strb	r3, [r4, #24]
  return true;
   b9b6c:	e7f3      	b.n	b9b56 <_ZN13SharedSpiCard9writeStopEv+0x1a>

000b9b6e <_ZN13SharedSpiCard10syncDeviceEv>:
  if (m_state == WRITE_STATE) {
   b9b6e:	7e03      	ldrb	r3, [r0, #24]
   b9b70:	2b02      	cmp	r3, #2
   b9b72:	d101      	bne.n	b9b78 <_ZN13SharedSpiCard10syncDeviceEv+0xa>
    return writeStop();
   b9b74:	f7ff bfe2 	b.w	b9b3c <_ZN13SharedSpiCard9writeStopEv>
  if (m_state == READ_STATE) {
   b9b78:	2b01      	cmp	r3, #1
   b9b7a:	d101      	bne.n	b9b80 <_ZN13SharedSpiCard10syncDeviceEv+0x12>
    return readStop();
   b9b7c:	f000 b913 	b.w	b9da6 <_ZN13SharedSpiCard8readStopEv>
}
   b9b80:	2001      	movs	r0, #1
   b9b82:	4770      	bx	lr

000b9b84 <_ZN13SharedSpiCard11cardCommandEhm>:
uint8_t SharedSpiCard::cardCommand(uint8_t cmd, uint32_t arg) {
   b9b84:	b5f7      	push	{r0, r1, r2, r4, r5, r6, r7, lr}
   b9b86:	4604      	mov	r4, r0
   b9b88:	460d      	mov	r5, r1
   b9b8a:	9201      	str	r2, [sp, #4]
  if (!syncDevice()) {
   b9b8c:	f7ff ffef 	bl	b9b6e <_ZN13SharedSpiCard10syncDeviceEv>
   b9b90:	b390      	cbz	r0, b9bf8 <_ZN13SharedSpiCard11cardCommandEhm+0x74>
  if (!m_spiActive) {
   b9b92:	7de3      	ldrb	r3, [r4, #23]
   b9b94:	b913      	cbnz	r3, b9b9c <_ZN13SharedSpiCard11cardCommandEhm+0x18>
    spiStart();
   b9b96:	4620      	mov	r0, r4
   b9b98:	f7ff ff26 	bl	b99e8 <_ZN13SharedSpiCard8spiStartEv>
  if (cmd != CMD0 && cmd != CMD12 && !waitReady(SD_CMD_TIMEOUT)) {
   b9b9c:	bb1d      	cbnz	r5, b9be6 <_ZN13SharedSpiCard11cardCommandEhm+0x62>
   b9b9e:	f045 0140 	orr.w	r1, r5, #64	; 0x40
   b9ba2:	4620      	mov	r0, r4
   b9ba4:	f000 fa78 	bl	ba098 <_ZN18SdSpiArduinoDriver4sendEh>
   b9ba8:	2603      	movs	r6, #3
    spiSend(pa[i]);
   b9baa:	af01      	add	r7, sp, #4
   b9bac:	5db9      	ldrb	r1, [r7, r6]
   b9bae:	4620      	mov	r0, r4
   b9bb0:	f000 fa72 	bl	ba098 <_ZN18SdSpiArduinoDriver4sendEh>
  for (int8_t i = 3; i >= 0; i--) {
   b9bb4:	3e01      	subs	r6, #1
   b9bb6:	d2f9      	bcs.n	b9bac <_ZN13SharedSpiCard11cardCommandEhm+0x28>
  spiSend(cmd == CMD0 ? 0X95 : 0X87);
   b9bb8:	2d00      	cmp	r5, #0
   b9bba:	bf0c      	ite	eq
   b9bbc:	2195      	moveq	r1, #149	; 0x95
   b9bbe:	2187      	movne	r1, #135	; 0x87
   b9bc0:	4620      	mov	r0, r4
   b9bc2:	f000 fa69 	bl	ba098 <_ZN18SdSpiArduinoDriver4sendEh>
    return m_spiDriver.receive();
   b9bc6:	4620      	mov	r0, r4
   b9bc8:	f000 fa4b 	bl	ba062 <_ZN18SdSpiArduinoDriver7receiveEv>
   b9bcc:	250a      	movs	r5, #10
   b9bce:	4620      	mov	r0, r4
   b9bd0:	f000 fa47 	bl	ba062 <_ZN18SdSpiArduinoDriver7receiveEv>
  } while (m_status & 0X80 && ++n < 10);
   b9bd4:	0603      	lsls	r3, r0, #24
    m_status = spiReceive();
   b9bd6:	7660      	strb	r0, [r4, #25]
  } while (m_status & 0X80 && ++n < 10);
   b9bd8:	d503      	bpl.n	b9be2 <_ZN13SharedSpiCard11cardCommandEhm+0x5e>
   b9bda:	3d01      	subs	r5, #1
   b9bdc:	f015 05ff 	ands.w	r5, r5, #255	; 0xff
   b9be0:	d1f5      	bne.n	b9bce <_ZN13SharedSpiCard11cardCommandEhm+0x4a>
}
   b9be2:	b003      	add	sp, #12
   b9be4:	bdf0      	pop	{r4, r5, r6, r7, pc}
  if (cmd != CMD0 && cmd != CMD12 && !waitReady(SD_CMD_TIMEOUT)) {
   b9be6:	2d0c      	cmp	r5, #12
   b9be8:	d0d9      	beq.n	b9b9e <_ZN13SharedSpiCard11cardCommandEhm+0x1a>
   b9bea:	f44f 7196 	mov.w	r1, #300	; 0x12c
   b9bee:	4620      	mov	r0, r4
   b9bf0:	f7ff ff53 	bl	b9a9a <_ZN13SharedSpiCard9waitReadyEt>
   b9bf4:	2800      	cmp	r0, #0
   b9bf6:	d1d2      	bne.n	b9b9e <_ZN13SharedSpiCard11cardCommandEhm+0x1a>
    return 0XFF;
   b9bf8:	20ff      	movs	r0, #255	; 0xff
   b9bfa:	e7f2      	b.n	b9be2 <_ZN13SharedSpiCard11cardCommandEhm+0x5e>

000b9bfc <_ZN13SharedSpiCard8cardAcmdEhm>:
  uint8_t cardAcmd(uint8_t cmd, uint32_t arg) {
   b9bfc:	b570      	push	{r4, r5, r6, lr}
   b9bfe:	4604      	mov	r4, r0
   b9c00:	460d      	mov	r5, r1
   b9c02:	4616      	mov	r6, r2
    cardCommand(CMD55, 0);
   b9c04:	2137      	movs	r1, #55	; 0x37
   b9c06:	2200      	movs	r2, #0
   b9c08:	f7ff ffbc 	bl	b9b84 <_ZN13SharedSpiCard11cardCommandEhm>
    return cardCommand(cmd, arg);
   b9c0c:	4632      	mov	r2, r6
   b9c0e:	4629      	mov	r1, r5
   b9c10:	4620      	mov	r0, r4
  }
   b9c12:	e8bd 4070 	ldmia.w	sp!, {r4, r5, r6, lr}
    return cardCommand(cmd, arg);
   b9c16:	f7ff bfb5 	b.w	b9b84 <_ZN13SharedSpiCard11cardCommandEhm>
	...

000b9c1c <_ZN13SharedSpiCard5beginE11SdSpiConfig>:
bool SharedSpiCard::begin(SdSpiConfig spiConfig) {
   b9c1c:	e92d 43f0 	stmdb	sp!, {r4, r5, r6, r7, r8, r9, lr}
   b9c20:	b089      	sub	sp, #36	; 0x24
   b9c22:	ad01      	add	r5, sp, #4
   b9c24:	e885 000e 	stmia.w	r5, {r1, r2, r3}
   b9c28:	4604      	mov	r4, r0
    m_beginCalled = false;
   b9c2a:	2300      	movs	r3, #0
   b9c2c:	f89d 0004 	ldrb.w	r0, [sp, #4]
   b9c30:	7523      	strb	r3, [r4, #20]
  m_errorCode = SD_CARD_ERROR_NONE;
   b9c32:	82e3      	strh	r3, [r4, #22]
    m_state = IDLE_STATE;
   b9c34:	8323      	strh	r3, [r4, #24]
    m_type = 0;
   b9c36:	76a3      	strb	r3, [r4, #26]
  m_csPin = spiConfig.csPin;
   b9c38:	7560      	strb	r0, [r4, #21]
   b9c3a:	4617      	mov	r7, r2
  sdCsInit(m_csPin);
   b9c3c:	f000 f9d7 	bl	b9fee <_Z8sdCsInith>
  void spiUnselect() { sdCsWrite(m_csPin, true); }
   b9c40:	7d60      	ldrb	r0, [r4, #21]
   b9c42:	2101      	movs	r1, #1
   b9c44:	f000 f9d6 	bl	b9ff4 <_Z9sdCsWritehb>
  void spiSetSckSpeed(uint32_t maxSck) { m_spiDriver.setSckSpeed(maxSck); }
   b9c48:	494b      	ldr	r1, [pc, #300]	; (b9d78 <_ZN13SharedSpiCard5beginE11SdSpiConfig+0x15c>)
   b9c4a:	4620      	mov	r0, r4
   b9c4c:	f7ff fec6 	bl	b99dc <_ZN18SdSpiArduinoDriver11setSckSpeedEm>
  spiBegin(spiConfig);
   b9c50:	e895 0007 	ldmia.w	r5, {r0, r1, r2}
   b9c54:	ab05      	add	r3, sp, #20
   b9c56:	e883 0007 	stmia.w	r3, {r0, r1, r2}
  m_beginCalled = true;
   b9c5a:	2501      	movs	r5, #1
  void spiBegin(SdSpiConfig spiConfig) { m_spiDriver.begin(spiConfig); }
   b9c5c:	cb0e      	ldmia	r3, {r1, r2, r3}
   b9c5e:	4620      	mov	r0, r4
   b9c60:	f000 f9d4 	bl	ba00c <_ZN18SdSpiArduinoDriver5beginE11SdSpiConfig>
   b9c64:	7525      	strb	r5, [r4, #20]
  spiStart();
   b9c66:	4620      	mov	r0, r4
   b9c68:	f7ff febe 	bl	b99e8 <_ZN13SharedSpiCard8spiStartEv>
  void spiUnselect() { sdCsWrite(m_csPin, true); }
   b9c6c:	4629      	mov	r1, r5
   b9c6e:	7d60      	ldrb	r0, [r4, #21]
   b9c70:	f000 f9c0 	bl	b9ff4 <_Z9sdCsWritehb>
   b9c74:	250a      	movs	r5, #10
    return m_spiDriver.receive();
   b9c76:	4620      	mov	r0, r4
  for (uint8_t i = 0; i < 10; i++) {
   b9c78:	3d01      	subs	r5, #1
   b9c7a:	f000 f9f2 	bl	ba062 <_ZN18SdSpiArduinoDriver7receiveEv>
   b9c7e:	f015 05ff 	ands.w	r5, r5, #255	; 0xff
   b9c82:	d1f8      	bne.n	b9c76 <_ZN13SharedSpiCard5beginE11SdSpiConfig+0x5a>
  void spiSelect() { sdCsWrite(m_csPin, false); }
   b9c84:	4629      	mov	r1, r5
   b9c86:	7d60      	ldrb	r0, [r4, #21]
   b9c88:	f000 f9b4 	bl	b9ff4 <_Z9sdCsWritehb>
   b9c8c:	f000 fa54 	bl	ba138 <HAL_Timer_Get_Milli_Seconds>
  void set(uint16_t ms) { m_endTime = ms + millis16(); }
   b9c90:	f500 60fa 	add.w	r0, r0, #2000	; 0x7d0
   b9c94:	b285      	uxth	r5, r0
    if (cardCommand(CMD0, 0) == R1_IDLE_STATE) {
   b9c96:	2200      	movs	r2, #0
   b9c98:	4611      	mov	r1, r2
   b9c9a:	4620      	mov	r0, r4
   b9c9c:	f7ff ff72 	bl	b9b84 <_ZN13SharedSpiCard11cardCommandEhm>
   b9ca0:	2801      	cmp	r0, #1
   b9ca2:	4606      	mov	r6, r0
   b9ca4:	d00d      	beq.n	b9cc2 <_ZN13SharedSpiCard5beginE11SdSpiConfig+0xa6>
    if (timeout.timedOut()) {
   b9ca6:	4628      	mov	r0, r5
   b9ca8:	f7ff fe90 	bl	b99cc <_ZN7Timeout8timedOutEv.isra.0>
   b9cac:	2800      	cmp	r0, #0
   b9cae:	d0f2      	beq.n	b9c96 <_ZN13SharedSpiCard5beginE11SdSpiConfig+0x7a>
    m_errorCode = code;
   b9cb0:	2301      	movs	r3, #1
  spiStop();
   b9cb2:	4620      	mov	r0, r4
   b9cb4:	75a3      	strb	r3, [r4, #22]
   b9cb6:	f7ff feaa 	bl	b9a0e <_ZN13SharedSpiCard7spiStopEv>
  return false;
   b9cba:	2000      	movs	r0, #0
}
   b9cbc:	b009      	add	sp, #36	; 0x24
   b9cbe:	e8bd 83f0 	ldmia.w	sp!, {r4, r5, r6, r7, r8, r9, pc}
    if (cardCommand(CMD8, 0x1AA) & R1_ILLEGAL_COMMAND) {
   b9cc2:	f44f 72d5 	mov.w	r2, #426	; 0x1aa
   b9cc6:	2108      	movs	r1, #8
   b9cc8:	4620      	mov	r0, r4
   b9cca:	f7ff ff5b 	bl	b9b84 <_ZN13SharedSpiCard11cardCommandEhm>
   b9cce:	0743      	lsls	r3, r0, #29
   b9cd0:	d413      	bmi.n	b9cfa <_ZN13SharedSpiCard5beginE11SdSpiConfig+0xde>
   b9cd2:	f04f 0804 	mov.w	r8, #4
    return m_spiDriver.receive();
   b9cd6:	4620      	mov	r0, r4
   b9cd8:	f000 f9c3 	bl	ba062 <_ZN18SdSpiArduinoDriver7receiveEv>
    for (uint8_t i = 0; i < 4; i++) {
   b9cdc:	f108 38ff 	add.w	r8, r8, #4294967295
   b9ce0:	f018 08ff 	ands.w	r8, r8, #255	; 0xff
      m_status = spiReceive();
   b9ce4:	7660      	strb	r0, [r4, #25]
    for (uint8_t i = 0; i < 4; i++) {
   b9ce6:	d1f6      	bne.n	b9cd6 <_ZN13SharedSpiCard5beginE11SdSpiConfig+0xba>
    if (m_status == 0XAA) {
   b9ce8:	28aa      	cmp	r0, #170	; 0xaa
   b9cea:	d018      	beq.n	b9d1e <_ZN13SharedSpiCard5beginE11SdSpiConfig+0x102>
    if (timeout.timedOut()) {
   b9cec:	4628      	mov	r0, r5
   b9cee:	f7ff fe6d 	bl	b99cc <_ZN7Timeout8timedOutEv.isra.0>
   b9cf2:	2800      	cmp	r0, #0
   b9cf4:	d0e5      	beq.n	b9cc2 <_ZN13SharedSpiCard5beginE11SdSpiConfig+0xa6>
    m_errorCode = code;
   b9cf6:	2306      	movs	r3, #6
   b9cf8:	e7db      	b.n	b9cb2 <_ZN13SharedSpiCard5beginE11SdSpiConfig+0x96>
      cardType = SD_CARD_TYPE_SD1;
   b9cfa:	f04f 0801 	mov.w	r8, #1
  arg = cardType == SD_CARD_TYPE_SD2 ? 0X40000000 : 0;
   b9cfe:	f04f 0900 	mov.w	r9, #0
  while (cardAcmd(ACMD41, arg) != R1_READY_STATE) {
   b9d02:	464a      	mov	r2, r9
   b9d04:	2129      	movs	r1, #41	; 0x29
   b9d06:	4620      	mov	r0, r4
   b9d08:	f7ff ff78 	bl	b9bfc <_ZN13SharedSpiCard8cardAcmdEhm>
   b9d0c:	4602      	mov	r2, r0
   b9d0e:	b158      	cbz	r0, b9d28 <_ZN13SharedSpiCard5beginE11SdSpiConfig+0x10c>
    if (timeout.timedOut()) {
   b9d10:	4628      	mov	r0, r5
   b9d12:	f7ff fe5b 	bl	b99cc <_ZN7Timeout8timedOutEv.isra.0>
   b9d16:	2800      	cmp	r0, #0
   b9d18:	d0f3      	beq.n	b9d02 <_ZN13SharedSpiCard5beginE11SdSpiConfig+0xe6>
   b9d1a:	2317      	movs	r3, #23
   b9d1c:	e7c9      	b.n	b9cb2 <_ZN13SharedSpiCard5beginE11SdSpiConfig+0x96>
      cardType = SD_CARD_TYPE_SD2;
   b9d1e:	f04f 0802 	mov.w	r8, #2
  arg = cardType == SD_CARD_TYPE_SD2 ? 0X40000000 : 0;
   b9d22:	f04f 4980 	mov.w	r9, #1073741824	; 0x40000000
   b9d26:	e7ec      	b.n	b9d02 <_ZN13SharedSpiCard5beginE11SdSpiConfig+0xe6>
  if (cardType == SD_CARD_TYPE_SD2) {
   b9d28:	f1b8 0f02 	cmp.w	r8, #2
   b9d2c:	d119      	bne.n	b9d62 <_ZN13SharedSpiCard5beginE11SdSpiConfig+0x146>
    if (cardCommand(CMD58, 0)) {
   b9d2e:	213a      	movs	r1, #58	; 0x3a
   b9d30:	4620      	mov	r0, r4
   b9d32:	f7ff ff27 	bl	b9b84 <_ZN13SharedSpiCard11cardCommandEhm>
   b9d36:	b108      	cbz	r0, b9d3c <_ZN13SharedSpiCard5beginE11SdSpiConfig+0x120>
   b9d38:	2312      	movs	r3, #18
   b9d3a:	e7ba      	b.n	b9cb2 <_ZN13SharedSpiCard5beginE11SdSpiConfig+0x96>
    return m_spiDriver.receive();
   b9d3c:	4620      	mov	r0, r4
   b9d3e:	f000 f990 	bl	ba062 <_ZN18SdSpiArduinoDriver7receiveEv>
    if ((spiReceive() & 0XC0) == 0XC0) {
   b9d42:	f000 00c0 	and.w	r0, r0, #192	; 0xc0
      cardType = SD_CARD_TYPE_SDHC;
   b9d46:	28c0      	cmp	r0, #192	; 0xc0
   b9d48:	4620      	mov	r0, r4
   b9d4a:	bf08      	it	eq
   b9d4c:	f04f 0803 	moveq.w	r8, #3
   b9d50:	f000 f987 	bl	ba062 <_ZN18SdSpiArduinoDriver7receiveEv>
   b9d54:	4620      	mov	r0, r4
   b9d56:	f000 f984 	bl	ba062 <_ZN18SdSpiArduinoDriver7receiveEv>
   b9d5a:	4620      	mov	r0, r4
   b9d5c:	f000 f981 	bl	ba062 <_ZN18SdSpiArduinoDriver7receiveEv>
    for (uint8_t i = 0; i < 3; i++) {
   b9d60:	4646      	mov	r6, r8
  spiStop();
   b9d62:	4620      	mov	r0, r4
   b9d64:	f7ff fe53 	bl	b9a0e <_ZN13SharedSpiCard7spiStopEv>
  void spiSetSckSpeed(uint32_t maxSck) { m_spiDriver.setSckSpeed(maxSck); }
   b9d68:	4620      	mov	r0, r4
   b9d6a:	4639      	mov	r1, r7
   b9d6c:	f7ff fe36 	bl	b99dc <_ZN18SdSpiArduinoDriver11setSckSpeedEm>
  m_type = cardType;
   b9d70:	76a6      	strb	r6, [r4, #26]
  return true;
   b9d72:	2001      	movs	r0, #1
   b9d74:	e7a2      	b.n	b9cbc <_ZN13SharedSpiCard5beginE11SdSpiConfig+0xa0>
   b9d76:	bf00      	nop
   b9d78:	00061a80 	.word	0x00061a80

000b9d7c <_ZN13SharedSpiCard9readStartEm>:
bool SharedSpiCard::readStart(uint32_t sector) {
   b9d7c:	b510      	push	{r4, lr}
  if (type() != SD_CARD_TYPE_SDHC) {
   b9d7e:	7e83      	ldrb	r3, [r0, #26]
   b9d80:	2b03      	cmp	r3, #3
bool SharedSpiCard::readStart(uint32_t sector) {
   b9d82:	460a      	mov	r2, r1
    sector <<= 9;
   b9d84:	bf18      	it	ne
   b9d86:	024a      	lslne	r2, r1, #9
  if (cardCommand(CMD18, sector)) {
   b9d88:	2112      	movs	r1, #18
bool SharedSpiCard::readStart(uint32_t sector) {
   b9d8a:	4604      	mov	r4, r0
  if (cardCommand(CMD18, sector)) {
   b9d8c:	f7ff fefa 	bl	b9b84 <_ZN13SharedSpiCard11cardCommandEhm>
   b9d90:	b130      	cbz	r0, b9da0 <_ZN13SharedSpiCard9readStartEm+0x24>
    m_errorCode = code;
   b9d92:	230c      	movs	r3, #12
  spiStop();
   b9d94:	4620      	mov	r0, r4
   b9d96:	75a3      	strb	r3, [r4, #22]
   b9d98:	f7ff fe39 	bl	b9a0e <_ZN13SharedSpiCard7spiStopEv>
  return false;
   b9d9c:	2000      	movs	r0, #0
}
   b9d9e:	bd10      	pop	{r4, pc}
  m_state = READ_STATE;
   b9da0:	2001      	movs	r0, #1
   b9da2:	7620      	strb	r0, [r4, #24]
  return true;
   b9da4:	e7fb      	b.n	b9d9e <_ZN13SharedSpiCard9readStartEm+0x22>

000b9da6 <_ZN13SharedSpiCard8readStopEv>:
bool SharedSpiCard::readStop() {
   b9da6:	b538      	push	{r3, r4, r5, lr}
  m_state = IDLE_STATE;
   b9da8:	2400      	movs	r4, #0
   b9daa:	7604      	strb	r4, [r0, #24]
  if (cardCommand(CMD12, 0)) {
   b9dac:	4622      	mov	r2, r4
   b9dae:	210c      	movs	r1, #12
bool SharedSpiCard::readStop() {
   b9db0:	4605      	mov	r5, r0
  if (cardCommand(CMD12, 0)) {
   b9db2:	f7ff fee7 	bl	b9b84 <_ZN13SharedSpiCard11cardCommandEhm>
   b9db6:	b130      	cbz	r0, b9dc6 <_ZN13SharedSpiCard8readStopEv+0x20>
   b9db8:	2309      	movs	r3, #9
  spiStop();
   b9dba:	4628      	mov	r0, r5
   b9dbc:	75ab      	strb	r3, [r5, #22]
   b9dbe:	f7ff fe26 	bl	b9a0e <_ZN13SharedSpiCard7spiStopEv>
  return false;
   b9dc2:	4620      	mov	r0, r4
}
   b9dc4:	bd38      	pop	{r3, r4, r5, pc}
  spiStop();
   b9dc6:	4628      	mov	r0, r5
   b9dc8:	f7ff fe21 	bl	b9a0e <_ZN13SharedSpiCard7spiStopEv>
  return true;
   b9dcc:	2001      	movs	r0, #1
   b9dce:	e7f9      	b.n	b9dc4 <_ZN13SharedSpiCard8readStopEv+0x1e>

000b9dd0 <_ZN13SharedSpiCard11writeSectorEmPKh>:
bool SharedSpiCard::writeSector(uint32_t sector, const uint8_t* src) {
   b9dd0:	b570      	push	{r4, r5, r6, lr}
  if (type() != SD_CARD_TYPE_SDHC) {
   b9dd2:	7e83      	ldrb	r3, [r0, #26]
   b9dd4:	2b03      	cmp	r3, #3
    sector <<= 9;
   b9dd6:	bf18      	it	ne
   b9dd8:	0249      	lslne	r1, r1, #9
bool SharedSpiCard::writeSector(uint32_t sector, const uint8_t* src) {
   b9dda:	4615      	mov	r5, r2
  if (cardCommand(CMD24, sector)) {
   b9ddc:	460a      	mov	r2, r1
   b9dde:	2118      	movs	r1, #24
bool SharedSpiCard::writeSector(uint32_t sector, const uint8_t* src) {
   b9de0:	4604      	mov	r4, r0
  if (cardCommand(CMD24, sector)) {
   b9de2:	f7ff fecf 	bl	b9b84 <_ZN13SharedSpiCard11cardCommandEhm>
   b9de6:	4606      	mov	r6, r0
   b9de8:	b130      	cbz	r0, b9df8 <_ZN13SharedSpiCard11writeSectorEmPKh+0x28>
   b9dea:	230d      	movs	r3, #13
   b9dec:	75a3      	strb	r3, [r4, #22]
  spiStop();
   b9dee:	4620      	mov	r0, r4
   b9df0:	f7ff fe0d 	bl	b9a0e <_ZN13SharedSpiCard7spiStopEv>
  return false;
   b9df4:	2500      	movs	r5, #0
   b9df6:	e01f      	b.n	b9e38 <_ZN13SharedSpiCard11writeSectorEmPKh+0x68>
  if (!writeData(DATA_START_SECTOR, src)) {
   b9df8:	462a      	mov	r2, r5
   b9dfa:	21fe      	movs	r1, #254	; 0xfe
   b9dfc:	4620      	mov	r0, r4
   b9dfe:	f7ff fe61 	bl	b9ac4 <_ZN13SharedSpiCard9writeDataEhPKh>
   b9e02:	2800      	cmp	r0, #0
   b9e04:	d0f3      	beq.n	b9dee <_ZN13SharedSpiCard11writeSectorEmPKh+0x1e>
  if (!waitReady(SD_WRITE_TIMEOUT)) {
   b9e06:	f44f 7116 	mov.w	r1, #600	; 0x258
   b9e0a:	4620      	mov	r0, r4
   b9e0c:	f7ff fe45 	bl	b9a9a <_ZN13SharedSpiCard9waitReadyEt>
   b9e10:	4605      	mov	r5, r0
   b9e12:	b908      	cbnz	r0, b9e18 <_ZN13SharedSpiCard11writeSectorEmPKh+0x48>
   b9e14:	2324      	movs	r3, #36	; 0x24
   b9e16:	e7e9      	b.n	b9dec <_ZN13SharedSpiCard11writeSectorEmPKh+0x1c>
  if (cardCommand(CMD13, 0) || spiReceive()) {
   b9e18:	4632      	mov	r2, r6
   b9e1a:	210d      	movs	r1, #13
   b9e1c:	4620      	mov	r0, r4
   b9e1e:	f7ff feb1 	bl	b9b84 <_ZN13SharedSpiCard11cardCommandEhm>
   b9e22:	b108      	cbz	r0, b9e28 <_ZN13SharedSpiCard11writeSectorEmPKh+0x58>
   b9e24:	230a      	movs	r3, #10
   b9e26:	e7e1      	b.n	b9dec <_ZN13SharedSpiCard11writeSectorEmPKh+0x1c>
    return m_spiDriver.receive();
   b9e28:	4620      	mov	r0, r4
   b9e2a:	f000 f91a 	bl	ba062 <_ZN18SdSpiArduinoDriver7receiveEv>
   b9e2e:	2800      	cmp	r0, #0
   b9e30:	d1f8      	bne.n	b9e24 <_ZN13SharedSpiCard11writeSectorEmPKh+0x54>
  spiStop();
   b9e32:	4620      	mov	r0, r4
   b9e34:	f7ff fdeb 	bl	b9a0e <_ZN13SharedSpiCard7spiStopEv>
}
   b9e38:	4628      	mov	r0, r5
   b9e3a:	bd70      	pop	{r4, r5, r6, pc}

000b9e3c <_ZN13SharedSpiCard10writeStartEm>:
bool SharedSpiCard::writeStart(uint32_t sector) {
   b9e3c:	b510      	push	{r4, lr}
  if (type() != SD_CARD_TYPE_SDHC) {
   b9e3e:	7e83      	ldrb	r3, [r0, #26]
   b9e40:	2b03      	cmp	r3, #3
bool SharedSpiCard::writeStart(uint32_t sector) {
   b9e42:	460a      	mov	r2, r1
    sector <<= 9;
   b9e44:	bf18      	it	ne
   b9e46:	024a      	lslne	r2, r1, #9
  if (cardCommand(CMD25, sector)) {
   b9e48:	2119      	movs	r1, #25
bool SharedSpiCard::writeStart(uint32_t sector) {
   b9e4a:	4604      	mov	r4, r0
  if (cardCommand(CMD25, sector)) {
   b9e4c:	f7ff fe9a 	bl	b9b84 <_ZN13SharedSpiCard11cardCommandEhm>
   b9e50:	b130      	cbz	r0, b9e60 <_ZN13SharedSpiCard10writeStartEm+0x24>
    m_errorCode = code;
   b9e52:	230e      	movs	r3, #14
  spiStop();
   b9e54:	4620      	mov	r0, r4
   b9e56:	75a3      	strb	r3, [r4, #22]
   b9e58:	f7ff fdd9 	bl	b9a0e <_ZN13SharedSpiCard7spiStopEv>
  return false;
   b9e5c:	2000      	movs	r0, #0
}
   b9e5e:	bd10      	pop	{r4, pc}
  m_state = WRITE_STATE;
   b9e60:	2302      	movs	r3, #2
   b9e62:	7623      	strb	r3, [r4, #24]
  return true;
   b9e64:	2001      	movs	r0, #1
   b9e66:	e7fa      	b.n	b9e5e <_ZN13SharedSpiCard10writeStartEm+0x22>

000b9e68 <_ZN16DedicatedSpiCard5beginE11SdSpiConfig>:
//==============================================================================
bool DedicatedSpiCard::begin(SdSpiConfig spiConfig) {
   b9e68:	b530      	push	{r4, r5, lr}
   b9e6a:	b085      	sub	sp, #20
   b9e6c:	ac01      	add	r4, sp, #4
   b9e6e:	e884 000e 	stmia.w	r4, {r1, r2, r3}
  if (!SharedSpiCard::begin(spiConfig)) {
   b9e72:	e894 000e 	ldmia.w	r4, {r1, r2, r3}
bool DedicatedSpiCard::begin(SdSpiConfig spiConfig) {
   b9e76:	4605      	mov	r5, r0
  if (!SharedSpiCard::begin(spiConfig)) {
   b9e78:	f7ff fed0 	bl	b9c1c <_ZN13SharedSpiCard5beginE11SdSpiConfig>
   b9e7c:	b128      	cbz	r0, b9e8a <_ZN16DedicatedSpiCard5beginE11SdSpiConfig+0x22>
const uint8_t DEDICATED_SPI = 1;
/**
 * \param[in] opt option field of SdSpiConfig.
 * \return true for dedicated SPI.
 */
inline bool spiOptionDedicated(uint8_t opt) { return opt & DEDICATED_SPI; }
   b9e7e:	f89d 3005 	ldrb.w	r3, [sp, #5]
   b9e82:	f003 0301 	and.w	r3, r3, #1
   b9e86:	f885 3020 	strb.w	r3, [r5, #32]
    return false;
  }
  m_dedicatedSpi = spiOptionDedicated(spiConfig.options);
  return true;
}
   b9e8a:	b005      	add	sp, #20
   b9e8c:	bd30      	pop	{r4, r5, pc}

000b9e8e <_ZN16DedicatedSpiCard11readSectorsEmPhj>:
//------------------------------------------------------------------------------
bool DedicatedSpiCard::readSector(uint32_t sector, uint8_t* dst) {
  return readSectors(sector, dst, 1);
}
//------------------------------------------------------------------------------
bool DedicatedSpiCard::readSectors(uint32_t sector, uint8_t* dst, size_t ns) {
   b9e8e:	b5f8      	push	{r3, r4, r5, r6, r7, lr}
   b9e90:	461f      	mov	r7, r3
  if (sdState() != READ_STATE || sector != m_curSector) {
   b9e92:	7e03      	ldrb	r3, [r0, #24]
   b9e94:	2b01      	cmp	r3, #1
bool DedicatedSpiCard::readSectors(uint32_t sector, uint8_t* dst, size_t ns) {
   b9e96:	4604      	mov	r4, r0
   b9e98:	460d      	mov	r5, r1
   b9e9a:	4616      	mov	r6, r2
  if (sdState() != READ_STATE || sector != m_curSector) {
   b9e9c:	d102      	bne.n	b9ea4 <_ZN16DedicatedSpiCard11readSectorsEmPhj+0x16>
   b9e9e:	69c3      	ldr	r3, [r0, #28]
   b9ea0:	428b      	cmp	r3, r1
   b9ea2:	d007      	beq.n	b9eb4 <_ZN16DedicatedSpiCard11readSectorsEmPhj+0x26>
    if (!readStart(sector)) {
   b9ea4:	4629      	mov	r1, r5
   b9ea6:	4620      	mov	r0, r4
   b9ea8:	f7ff ff68 	bl	b9d7c <_ZN13SharedSpiCard9readStartEm>
   b9eac:	b908      	cbnz	r0, b9eb2 <_ZN16DedicatedSpiCard11readSectorsEmPhj+0x24>
  }
  m_curSector += ns;
  return m_dedicatedSpi ? true : readStop();

fail:
  return false;
   b9eae:	2000      	movs	r0, #0
}
   b9eb0:	bdf8      	pop	{r3, r4, r5, r6, r7, pc}
    m_curSector = sector;
   b9eb2:	61e5      	str	r5, [r4, #28]
bool DedicatedSpiCard::readSectors(uint32_t sector, uint8_t* dst, size_t ns) {
   b9eb4:	2500      	movs	r5, #0
  for (size_t i = 0; i < ns; i++, dst += 512) {
   b9eb6:	42bd      	cmp	r5, r7
   b9eb8:	eb06 2145 	add.w	r1, r6, r5, lsl #9
   b9ebc:	d006      	beq.n	b9ecc <_ZN16DedicatedSpiCard11readSectorsEmPhj+0x3e>
    if (!readData(dst)) {
   b9ebe:	4620      	mov	r0, r4
   b9ec0:	f7ff fde7 	bl	b9a92 <_ZN13SharedSpiCard8readDataEPh>
   b9ec4:	2800      	cmp	r0, #0
   b9ec6:	d0f2      	beq.n	b9eae <_ZN16DedicatedSpiCard11readSectorsEmPhj+0x20>
  for (size_t i = 0; i < ns; i++, dst += 512) {
   b9ec8:	3501      	adds	r5, #1
   b9eca:	e7f4      	b.n	b9eb6 <_ZN16DedicatedSpiCard11readSectorsEmPhj+0x28>
  m_curSector += ns;
   b9ecc:	69e3      	ldr	r3, [r4, #28]
   b9ece:	442b      	add	r3, r5
   b9ed0:	61e3      	str	r3, [r4, #28]
  return m_dedicatedSpi ? true : readStop();
   b9ed2:	f894 3020 	ldrb.w	r3, [r4, #32]
   b9ed6:	b92b      	cbnz	r3, b9ee4 <_ZN16DedicatedSpiCard11readSectorsEmPhj+0x56>
   b9ed8:	4620      	mov	r0, r4
   b9eda:	f7ff ff64 	bl	b9da6 <_ZN13SharedSpiCard8readStopEv>
   b9ede:	f000 0001 	and.w	r0, r0, #1
   b9ee2:	e7e5      	b.n	b9eb0 <_ZN16DedicatedSpiCard11readSectorsEmPhj+0x22>
   b9ee4:	2001      	movs	r0, #1
   b9ee6:	e7fa      	b.n	b9ede <_ZN16DedicatedSpiCard11readSectorsEmPhj+0x50>

000b9ee8 <_ZN16DedicatedSpiCard10readSectorEmPh>:
  return readSectors(sector, dst, 1);
   b9ee8:	2301      	movs	r3, #1
   b9eea:	f7ff bfd0 	b.w	b9e8e <_ZN16DedicatedSpiCard11readSectorsEmPhj>

000b9eee <_ZN16DedicatedSpiCard12writeSectorsEmPKhj>:
  }
  return SharedSpiCard::writeSector(sector, src);
}
//------------------------------------------------------------------------------
bool DedicatedSpiCard::writeSectors(uint32_t sector, const uint8_t* src,
                                    size_t ns) {
   b9eee:	b5f8      	push	{r3, r4, r5, r6, r7, lr}
   b9ef0:	461f      	mov	r7, r3
  if (sdState() != WRITE_STATE || m_curSector != sector) {
   b9ef2:	7e03      	ldrb	r3, [r0, #24]
   b9ef4:	2b02      	cmp	r3, #2
                                    size_t ns) {
   b9ef6:	4604      	mov	r4, r0
   b9ef8:	460d      	mov	r5, r1
   b9efa:	4616      	mov	r6, r2
  if (sdState() != WRITE_STATE || m_curSector != sector) {
   b9efc:	d102      	bne.n	b9f04 <_ZN16DedicatedSpiCard12writeSectorsEmPKhj+0x16>
   b9efe:	69c3      	ldr	r3, [r0, #28]
   b9f00:	428b      	cmp	r3, r1
   b9f02:	d007      	beq.n	b9f14 <_ZN16DedicatedSpiCard12writeSectorsEmPKhj+0x26>
    if (!writeStart(sector)) {
   b9f04:	4629      	mov	r1, r5
   b9f06:	4620      	mov	r0, r4
   b9f08:	f7ff ff98 	bl	b9e3c <_ZN13SharedSpiCard10writeStartEm>
   b9f0c:	b908      	cbnz	r0, b9f12 <_ZN16DedicatedSpiCard12writeSectorsEmPKhj+0x24>
  }
  m_curSector += ns;
  return m_dedicatedSpi ? true : writeStop();

fail:
  return false;
   b9f0e:	2000      	movs	r0, #0
}
   b9f10:	bdf8      	pop	{r3, r4, r5, r6, r7, pc}
    m_curSector = sector;
   b9f12:	61e5      	str	r5, [r4, #28]
                                    size_t ns) {
   b9f14:	2500      	movs	r5, #0
  for (size_t i = 0; i < ns; i++, src += 512) {
   b9f16:	42bd      	cmp	r5, r7
   b9f18:	eb06 2145 	add.w	r1, r6, r5, lsl #9
   b9f1c:	d006      	beq.n	b9f2c <_ZN16DedicatedSpiCard12writeSectorsEmPKhj+0x3e>
    if (!writeData(src)) {
   b9f1e:	4620      	mov	r0, r4
   b9f20:	f7ff fdf4 	bl	b9b0c <_ZN13SharedSpiCard9writeDataEPKh>
   b9f24:	2800      	cmp	r0, #0
   b9f26:	d0f2      	beq.n	b9f0e <_ZN16DedicatedSpiCard12writeSectorsEmPKhj+0x20>
  for (size_t i = 0; i < ns; i++, src += 512) {
   b9f28:	3501      	adds	r5, #1
   b9f2a:	e7f4      	b.n	b9f16 <_ZN16DedicatedSpiCard12writeSectorsEmPKhj+0x28>
  m_curSector += ns;
   b9f2c:	69e3      	ldr	r3, [r4, #28]
   b9f2e:	442b      	add	r3, r5
   b9f30:	61e3      	str	r3, [r4, #28]
  return m_dedicatedSpi ? true : writeStop();
   b9f32:	f894 3020 	ldrb.w	r3, [r4, #32]
   b9f36:	b92b      	cbnz	r3, b9f44 <_ZN16DedicatedSpiCard12writeSectorsEmPKhj+0x56>
   b9f38:	4620      	mov	r0, r4
   b9f3a:	f7ff fdff 	bl	b9b3c <_ZN13SharedSpiCard9writeStopEv>
   b9f3e:	f000 0001 	and.w	r0, r0, #1
   b9f42:	e7e5      	b.n	b9f10 <_ZN16DedicatedSpiCard12writeSectorsEmPKhj+0x22>
   b9f44:	2001      	movs	r0, #1
   b9f46:	e7fa      	b.n	b9f3e <_ZN16DedicatedSpiCard12writeSectorsEmPKhj+0x50>

000b9f48 <_ZN16DedicatedSpiCard11writeSectorEmPKh>:
  if (m_dedicatedSpi) {
   b9f48:	f890 3020 	ldrb.w	r3, [r0, #32]
   b9f4c:	b113      	cbz	r3, b9f54 <_ZN16DedicatedSpiCard11writeSectorEmPKh+0xc>
    return writeSectors(sector, src, 1);
   b9f4e:	2301      	movs	r3, #1
   b9f50:	f7ff bfcd 	b.w	b9eee <_ZN16DedicatedSpiCard12writeSectorsEmPKhj>
  return SharedSpiCard::writeSector(sector, src);
   b9f54:	f7ff bf3c 	b.w	b9dd0 <_ZN13SharedSpiCard11writeSectorEmPKh>

000b9f58 <_ZN7FsCache4syncEv>:

fail:
  return nullptr;
}
//------------------------------------------------------------------------------
bool FsCache::sync() {
   b9f58:	b537      	push	{r0, r1, r2, r4, r5, lr}
  if (m_status & CACHE_STATUS_DIRTY) {
   b9f5a:	7803      	ldrb	r3, [r0, #0]
   b9f5c:	07da      	lsls	r2, r3, #31
bool FsCache::sync() {
   b9f5e:	4604      	mov	r4, r0
  if (m_status & CACHE_STATUS_DIRTY) {
   b9f60:	d51e      	bpl.n	b9fa0 <_ZN7FsCache4syncEv+0x48>
    if (!m_blockDev->writeSector(m_sector, m_buffer)) {
   b9f62:	f100 0210 	add.w	r2, r0, #16
   b9f66:	e9d0 0101 	ldrd	r0, r1, [r0, #4]
   b9f6a:	9201      	str	r2, [sp, #4]
   b9f6c:	f7ff ffec 	bl	b9f48 <_ZN16DedicatedSpiCard11writeSectorEmPKh>
   b9f70:	9a01      	ldr	r2, [sp, #4]
   b9f72:	4605      	mov	r5, r0
   b9f74:	b918      	cbnz	r0, b9f7e <_ZN7FsCache4syncEv+0x26>
    m_status &= ~CACHE_STATUS_DIRTY;
  }
  return true;

fail:
  return false;
   b9f76:	2500      	movs	r5, #0
}
   b9f78:	4628      	mov	r0, r5
   b9f7a:	b003      	add	sp, #12
   b9f7c:	bd30      	pop	{r4, r5, pc}
    if (m_status & CACHE_STATUS_MIRROR_FAT) {
   b9f7e:	7823      	ldrb	r3, [r4, #0]
   b9f80:	079b      	lsls	r3, r3, #30
   b9f82:	d404      	bmi.n	b9f8e <_ZN7FsCache4syncEv+0x36>
    m_status &= ~CACHE_STATUS_DIRTY;
   b9f84:	7823      	ldrb	r3, [r4, #0]
   b9f86:	f023 0301 	bic.w	r3, r3, #1
   b9f8a:	7023      	strb	r3, [r4, #0]
   b9f8c:	e7f4      	b.n	b9f78 <_ZN7FsCache4syncEv+0x20>
      if (!m_blockDev->writeSector(m_sector + m_mirrorOffset, m_buffer)) {
   b9f8e:	e9d4 1302 	ldrd	r1, r3, [r4, #8]
   b9f92:	6860      	ldr	r0, [r4, #4]
   b9f94:	4419      	add	r1, r3
   b9f96:	f7ff ffd7 	bl	b9f48 <_ZN16DedicatedSpiCard11writeSectorEmPKh>
   b9f9a:	2800      	cmp	r0, #0
   b9f9c:	d1f2      	bne.n	b9f84 <_ZN7FsCache4syncEv+0x2c>
   b9f9e:	e7ea      	b.n	b9f76 <_ZN7FsCache4syncEv+0x1e>
  return true;
   b9fa0:	2501      	movs	r5, #1
   b9fa2:	e7e9      	b.n	b9f78 <_ZN7FsCache4syncEv+0x20>

000b9fa4 <_ZN7FsCache7prepareEmh>:
uint8_t* FsCache::prepare(uint32_t sector, uint8_t option) {
   b9fa4:	b570      	push	{r4, r5, r6, lr}
  if (!m_blockDev) {
   b9fa6:	6843      	ldr	r3, [r0, #4]
uint8_t* FsCache::prepare(uint32_t sector, uint8_t option) {
   b9fa8:	4604      	mov	r4, r0
   b9faa:	460e      	mov	r6, r1
   b9fac:	4615      	mov	r5, r2
  if (!m_blockDev) {
   b9fae:	b90b      	cbnz	r3, b9fb4 <_ZN7FsCache7prepareEmh+0x10>
  return nullptr;
   b9fb0:	2000      	movs	r0, #0
}
   b9fb2:	bd70      	pop	{r4, r5, r6, pc}
  if (m_sector != sector) {
   b9fb4:	6883      	ldr	r3, [r0, #8]
   b9fb6:	428b      	cmp	r3, r1
   b9fb8:	d008      	beq.n	b9fcc <_ZN7FsCache7prepareEmh+0x28>
    if (!sync()) {
   b9fba:	f7ff ffcd 	bl	b9f58 <_ZN7FsCache4syncEv>
   b9fbe:	2800      	cmp	r0, #0
   b9fc0:	d0f6      	beq.n	b9fb0 <_ZN7FsCache7prepareEmh+0xc>
    if (!(option & CACHE_OPTION_NO_READ)) {
   b9fc2:	076b      	lsls	r3, r5, #29
   b9fc4:	d50a      	bpl.n	b9fdc <_ZN7FsCache7prepareEmh+0x38>
    m_status = 0;
   b9fc6:	2300      	movs	r3, #0
   b9fc8:	7023      	strb	r3, [r4, #0]
    m_sector = sector;
   b9fca:	60a6      	str	r6, [r4, #8]
  m_status |= option & CACHE_STATUS_MASK;
   b9fcc:	7822      	ldrb	r2, [r4, #0]
   b9fce:	f005 0503 	and.w	r5, r5, #3
   b9fd2:	4620      	mov	r0, r4
   b9fd4:	4315      	orrs	r5, r2
   b9fd6:	f800 5b10 	strb.w	r5, [r0], #16
  return m_buffer;
   b9fda:	e7ea      	b.n	b9fb2 <_ZN7FsCache7prepareEmh+0xe>
      if (!m_blockDev->readSector(sector, m_buffer)) {
   b9fdc:	6860      	ldr	r0, [r4, #4]
   b9fde:	f104 0210 	add.w	r2, r4, #16
   b9fe2:	4631      	mov	r1, r6
   b9fe4:	f7ff ff80 	bl	b9ee8 <_ZN16DedicatedSpiCard10readSectorEmPh>
   b9fe8:	2800      	cmp	r0, #0
   b9fea:	d1ec      	bne.n	b9fc6 <_ZN7FsCache7prepareEmh+0x22>
   b9fec:	e7e0      	b.n	b9fb0 <_ZN7FsCache7prepareEmh+0xc>

000b9fee <_Z8sdCsInith>:
 */
#include "SdSpiDriver.h"
#if ENABLE_ARDUINO_FEATURES
#if SD_CHIP_SELECT_MODE == 0
//------------------------------------------------------------------------------
void sdCsInit(SdCsPin_t pin) { pinMode(pin, OUTPUT); }
   b9fee:	2101      	movs	r1, #1
   b9ff0:	f001 bbe2 	b.w	bb7b8 <pinMode>

000b9ff4 <_Z9sdCsWritehb>:
//------------------------------------------------------------------------------
void sdCsWrite(SdCsPin_t pin, bool level) { digitalWrite(pin, level); }
   b9ff4:	f001 bbf1 	b.w	bb7da <digitalWrite>

000b9ff8 <_ZL36SD_SPI_DMA_TransferComplete_Callbackv>:
#include "SdSpiDriver.h"
#if defined(SD_USE_CUSTOM_SPI) && defined(PLATFORM_ID)
static volatile bool SPI_DMA_TransferCompleted = false;
//-----------------------------------------------------------------------------
static void SD_SPI_DMA_TransferComplete_Callback() {
  SPI_DMA_TransferCompleted = true;
   b9ff8:	4b01      	ldr	r3, [pc, #4]	; (ba000 <_ZL36SD_SPI_DMA_TransferComplete_Callbackv+0x8>)
   b9ffa:	2201      	movs	r2, #1
   b9ffc:	701a      	strb	r2, [r3, #0]
}
   b9ffe:	4770      	bx	lr
   ba000:	2003e688 	.word	0x2003e688

000ba004 <_ZN18SdSpiArduinoDriver8activateEv>:
//------------------------------------------------------------------------------
void SdSpiArduinoDriver::activate() { m_spi->beginTransaction(m_spiSettings); }
   ba004:	1d01      	adds	r1, r0, #4
   ba006:	6800      	ldr	r0, [r0, #0]
   ba008:	f000 bb6c 	b.w	ba6e4 <_ZN8SPIClass16beginTransactionERKN8particle11SPISettingsE>

000ba00c <_ZN18SdSpiArduinoDriver5beginE11SdSpiConfig>:
//------------------------------------------------------------------------------
void SdSpiArduinoDriver::begin(SdSpiConfig spiConfig) {
   ba00c:	b530      	push	{r4, r5, lr}
   ba00e:	b085      	sub	sp, #20
   ba010:	4604      	mov	r4, r0
   ba012:	a804      	add	r0, sp, #16
   ba014:	e900 000e 	stmdb	r0, {r1, r2, r3}
  if (spiConfig.spiPort) {
   ba018:	b133      	cbz	r3, ba028 <_ZN18SdSpiArduinoDriver5beginE11SdSpiConfig+0x1c>
    m_spi = spiConfig.spiPort;
  } else {
    m_spi = &SPI;
   ba01a:	6023      	str	r3, [r4, #0]
  }
  m_spi->begin();
   ba01c:	6820      	ldr	r0, [r4, #0]
}
   ba01e:	b005      	add	sp, #20
   ba020:	e8bd 4030 	ldmia.w	sp!, {r4, r5, lr}
  m_spi->begin();
   ba024:	f000 bb30 	b.w	ba688 <_ZN8SPIClass5beginEv>

template <hal_spi_interface_t Interface>
class SpiProxy {
public:
    static SPIClass& instance() {
        static SPIClass instance(Interface);
   ba028:	4d0a      	ldr	r5, [pc, #40]	; (ba054 <_ZN18SdSpiArduinoDriver5beginE11SdSpiConfig+0x48>)
   ba02a:	7829      	ldrb	r1, [r5, #0]
   ba02c:	f3bf 8f5b 	dmb	ish
   ba030:	f011 0101 	ands.w	r1, r1, #1
   ba034:	d10b      	bne.n	ba04e <_ZN18SdSpiArduinoDriver5beginE11SdSpiConfig+0x42>
   ba036:	4628      	mov	r0, r5
   ba038:	9100      	str	r1, [sp, #0]
   ba03a:	f7fa fcec 	bl	b4a16 <__cxa_guard_acquire>
   ba03e:	9900      	ldr	r1, [sp, #0]
   ba040:	b128      	cbz	r0, ba04e <_ZN18SdSpiArduinoDriver5beginE11SdSpiConfig+0x42>
   ba042:	4805      	ldr	r0, [pc, #20]	; (ba058 <_ZN18SdSpiArduinoDriver5beginE11SdSpiConfig+0x4c>)
   ba044:	f000 fb16 	bl	ba674 <_ZN8SPIClassC1E19hal_spi_interface_t>
   ba048:	4628      	mov	r0, r5
   ba04a:	f7fa fce9 	bl	b4a20 <__cxa_guard_release>
    m_spi = &SPI;
   ba04e:	4b02      	ldr	r3, [pc, #8]	; (ba058 <_ZN18SdSpiArduinoDriver5beginE11SdSpiConfig+0x4c>)
   ba050:	e7e3      	b.n	ba01a <_ZN18SdSpiArduinoDriver5beginE11SdSpiConfig+0xe>
   ba052:	bf00      	nop
   ba054:	2003e67c 	.word	0x2003e67c
   ba058:	2003e680 	.word	0x2003e680

000ba05c <_ZN18SdSpiArduinoDriver10deactivateEv>:
//------------------------------------------------------------------------------
void SdSpiArduinoDriver::deactivate() { m_spi->endTransaction(); }
   ba05c:	6800      	ldr	r0, [r0, #0]
   ba05e:	f000 bb27 	b.w	ba6b0 <_ZN8SPIClass14endTransactionEv>

000ba062 <_ZN18SdSpiArduinoDriver7receiveEv>:
//------------------------------------------------------------------------------
void SdSpiArduinoDriver::end() { m_spi->end(); }
//------------------------------------------------------------------------------
uint8_t SdSpiArduinoDriver::receive() { return m_spi->transfer(0XFF); }
   ba062:	6800      	ldr	r0, [r0, #0]
   ba064:	21ff      	movs	r1, #255	; 0xff
   ba066:	f000 bbab 	b.w	ba7c0 <_ZN8SPIClass8transferEh>
	...

000ba06c <_ZN18SdSpiArduinoDriver7receiveEPhj>:
//------------------------------------------------------------------------------
uint8_t SdSpiArduinoDriver::receive(uint8_t* buf, size_t count) {
   ba06c:	b537      	push	{r0, r1, r2, r4, r5, lr}
   ba06e:	4613      	mov	r3, r2
  SPI_DMA_TransferCompleted = false;
  m_spi->transfer(nullptr, buf, count, SD_SPI_DMA_TransferComplete_Callback);
   ba070:	4a07      	ldr	r2, [pc, #28]	; (ba090 <_ZN18SdSpiArduinoDriver7receiveEPhj+0x24>)
   ba072:	9200      	str	r2, [sp, #0]
  SPI_DMA_TransferCompleted = false;
   ba074:	2500      	movs	r5, #0
   ba076:	4c07      	ldr	r4, [pc, #28]	; (ba094 <_ZN18SdSpiArduinoDriver7receiveEPhj+0x28>)
  m_spi->transfer(nullptr, buf, count, SD_SPI_DMA_TransferComplete_Callback);
   ba078:	6800      	ldr	r0, [r0, #0]
  SPI_DMA_TransferCompleted = false;
   ba07a:	7025      	strb	r5, [r4, #0]
  m_spi->transfer(nullptr, buf, count, SD_SPI_DMA_TransferComplete_Callback);
   ba07c:	460a      	mov	r2, r1
   ba07e:	4629      	mov	r1, r5
   ba080:	f000 fba4 	bl	ba7cc <_ZN8SPIClass8transferEPKvPvjPFvvE>
  while (!SPI_DMA_TransferCompleted) {
   ba084:	7823      	ldrb	r3, [r4, #0]
   ba086:	2b00      	cmp	r3, #0
   ba088:	d0fc      	beq.n	ba084 <_ZN18SdSpiArduinoDriver7receiveEPhj+0x18>
  }
  return 0;
}
   ba08a:	2000      	movs	r0, #0
   ba08c:	b003      	add	sp, #12
   ba08e:	bd30      	pop	{r4, r5, pc}
   ba090:	000b9ff9 	.word	0x000b9ff9
   ba094:	2003e688 	.word	0x2003e688

000ba098 <_ZN18SdSpiArduinoDriver4sendEh>:
//------------------------------------------------------------------------------
void SdSpiArduinoDriver::send(uint8_t data) { m_spi->transfer(data); }
   ba098:	6800      	ldr	r0, [r0, #0]
   ba09a:	f000 bb91 	b.w	ba7c0 <_ZN8SPIClass8transferEh>
	...

000ba0a0 <_ZN18SdSpiArduinoDriver4sendEPKhj>:
//------------------------------------------------------------------------------
void SdSpiArduinoDriver::send(const uint8_t* buf, size_t count) {
   ba0a0:	b537      	push	{r0, r1, r2, r4, r5, lr}
   ba0a2:	4613      	mov	r3, r2
  SPI_DMA_TransferCompleted = false;

  m_spi->transfer(const_cast<uint8_t*>(buf), nullptr, count,
   ba0a4:	4a06      	ldr	r2, [pc, #24]	; (ba0c0 <_ZN18SdSpiArduinoDriver4sendEPKhj+0x20>)
   ba0a6:	9200      	str	r2, [sp, #0]
  SPI_DMA_TransferCompleted = false;
   ba0a8:	2500      	movs	r5, #0
   ba0aa:	4c06      	ldr	r4, [pc, #24]	; (ba0c4 <_ZN18SdSpiArduinoDriver4sendEPKhj+0x24>)
  m_spi->transfer(const_cast<uint8_t*>(buf), nullptr, count,
   ba0ac:	6800      	ldr	r0, [r0, #0]
  SPI_DMA_TransferCompleted = false;
   ba0ae:	7025      	strb	r5, [r4, #0]
  m_spi->transfer(const_cast<uint8_t*>(buf), nullptr, count,
   ba0b0:	462a      	mov	r2, r5
   ba0b2:	f000 fb8b 	bl	ba7cc <_ZN8SPIClass8transferEPKvPvjPFvvE>
                  SD_SPI_DMA_TransferComplete_Callback);

  while (!SPI_DMA_TransferCompleted) {
   ba0b6:	7823      	ldrb	r3, [r4, #0]
   ba0b8:	2b00      	cmp	r3, #0
   ba0ba:	d0fc      	beq.n	ba0b6 <_ZN18SdSpiArduinoDriver4sendEPKhj+0x16>
  }
}
   ba0bc:	b003      	add	sp, #12
   ba0be:	bd30      	pop	{r4, r5, pc}
   ba0c0:	000b9ff9 	.word	0x000b9ff9
   ba0c4:	2003e688 	.word	0x2003e688

000ba0c8 <netdb_freeaddrinfo>:

DYNALIB_BEGIN(hal_netdb)

DYNALIB_FN(0, hal_netdb, netdb_gethostbyname, struct hostent*(const char*))
DYNALIB_FN(1, hal_netdb, netdb_gethostbyname_r, int(const char*, struct hostent*, char*, size_t, struct hostent**, int*))
DYNALIB_FN(2, hal_netdb, netdb_freeaddrinfo, void(struct addrinfo*))
   ba0c8:	b508      	push	{r3, lr}
   ba0ca:	4b02      	ldr	r3, [pc, #8]	; (ba0d4 <netdb_freeaddrinfo+0xc>)
   ba0cc:	681b      	ldr	r3, [r3, #0]
   ba0ce:	689b      	ldr	r3, [r3, #8]
   ba0d0:	9301      	str	r3, [sp, #4]
   ba0d2:	bd08      	pop	{r3, pc}
   ba0d4:	00030268 	.word	0x00030268

000ba0d8 <netdb_getaddrinfo>:
DYNALIB_FN(3, hal_netdb, netdb_getaddrinfo, int(const char*, const char*, const struct addrinfo*, struct addrinfo**))
   ba0d8:	b508      	push	{r3, lr}
   ba0da:	4b02      	ldr	r3, [pc, #8]	; (ba0e4 <netdb_getaddrinfo+0xc>)
   ba0dc:	681b      	ldr	r3, [r3, #0]
   ba0de:	68db      	ldr	r3, [r3, #12]
   ba0e0:	9301      	str	r3, [sp, #4]
   ba0e2:	bd08      	pop	{r3, pc}
   ba0e4:	00030268 	.word	0x00030268

000ba0e8 <hal_gpio_mode>:

DYNALIB_BEGIN(hal_gpio)

DYNALIB_FN(0, hal_gpio, hal_pin_map, hal_pin_info_t*(void))
DYNALIB_FN(1, hal_gpio, hal_pin_validate_function, PinFunction(hal_pin_t, PinFunction))
DYNALIB_FN(2, hal_gpio, hal_gpio_mode, void(hal_pin_t, PinMode))
   ba0e8:	b508      	push	{r3, lr}
   ba0ea:	4b02      	ldr	r3, [pc, #8]	; (ba0f4 <hal_gpio_mode+0xc>)
   ba0ec:	681b      	ldr	r3, [r3, #0]
   ba0ee:	689b      	ldr	r3, [r3, #8]
   ba0f0:	9301      	str	r3, [sp, #4]
   ba0f2:	bd08      	pop	{r3, pc}
   ba0f4:	0003022c 	.word	0x0003022c

000ba0f8 <hal_gpio_get_mode>:
DYNALIB_FN(3, hal_gpio, hal_gpio_get_mode, PinMode(hal_pin_t))
   ba0f8:	b508      	push	{r3, lr}
   ba0fa:	4b02      	ldr	r3, [pc, #8]	; (ba104 <hal_gpio_get_mode+0xc>)
   ba0fc:	681b      	ldr	r3, [r3, #0]
   ba0fe:	68db      	ldr	r3, [r3, #12]
   ba100:	9301      	str	r3, [sp, #4]
   ba102:	bd08      	pop	{r3, pc}
   ba104:	0003022c 	.word	0x0003022c

000ba108 <hal_gpio_write>:
DYNALIB_FN(4, hal_gpio, hal_gpio_write, void(hal_pin_t, uint8_t))
   ba108:	b508      	push	{r3, lr}
   ba10a:	4b02      	ldr	r3, [pc, #8]	; (ba114 <hal_gpio_write+0xc>)
   ba10c:	681b      	ldr	r3, [r3, #0]
   ba10e:	691b      	ldr	r3, [r3, #16]
   ba110:	9301      	str	r3, [sp, #4]
   ba112:	bd08      	pop	{r3, pc}
   ba114:	0003022c 	.word	0x0003022c

000ba118 <HAL_RNG_GetRandomNumber>:

DYNALIB_BEGIN(hal)

#if PLATFORM_ID > PLATFORM_GCC
DYNALIB_FN(0, hal, HAL_RNG_Configuration, void(void))
DYNALIB_FN(1, hal, HAL_RNG_GetRandomNumber, uint32_t(void))
   ba118:	b508      	push	{r3, lr}
   ba11a:	4b02      	ldr	r3, [pc, #8]	; (ba124 <HAL_RNG_GetRandomNumber+0xc>)
   ba11c:	681b      	ldr	r3, [r3, #0]
   ba11e:	685b      	ldr	r3, [r3, #4]
   ba120:	9301      	str	r3, [sp, #4]
   ba122:	bd08      	pop	{r3, pc}
   ba124:	00030218 	.word	0x00030218

000ba128 <HAL_Delay_Microseconds>:
#else
#define BASE_IDX 0
#endif // PLATFORM_ID > PLATFORM_GCC

DYNALIB_FN(BASE_IDX + 0, hal, HAL_Delay_Milliseconds, void(uint32_t))
DYNALIB_FN(BASE_IDX + 1, hal, HAL_Delay_Microseconds, void(uint32_t))
   ba128:	b508      	push	{r3, lr}
   ba12a:	4b02      	ldr	r3, [pc, #8]	; (ba134 <HAL_Delay_Microseconds+0xc>)
   ba12c:	681b      	ldr	r3, [r3, #0]
   ba12e:	68db      	ldr	r3, [r3, #12]
   ba130:	9301      	str	r3, [sp, #4]
   ba132:	bd08      	pop	{r3, pc}
   ba134:	00030218 	.word	0x00030218

000ba138 <HAL_Timer_Get_Milli_Seconds>:
DYNALIB_FN(BASE_IDX + 2, hal, HAL_Timer_Get_Micro_Seconds, system_tick_t(void))
DYNALIB_FN(BASE_IDX + 3, hal, HAL_Timer_Get_Milli_Seconds, system_tick_t(void))
   ba138:	b508      	push	{r3, lr}
   ba13a:	4b02      	ldr	r3, [pc, #8]	; (ba144 <HAL_Timer_Get_Milli_Seconds+0xc>)
   ba13c:	681b      	ldr	r3, [r3, #0]
   ba13e:	695b      	ldr	r3, [r3, #20]
   ba140:	9301      	str	r3, [sp, #4]
   ba142:	bd08      	pop	{r3, pc}
   ba144:	00030218 	.word	0x00030218

000ba148 <os_thread_yield>:

#if PLATFORM_THREADING
DYNALIB_FN(0, hal_concurrent, __gthread_equal, bool(__gthread_t, __gthread_t))
DYNALIB_FN(1, hal_concurrent, os_thread_create, os_result_t(os_thread_t*, const char*, os_thread_prio_t, os_thread_fn_t, void*, size_t))
DYNALIB_FN(2, hal_concurrent, os_thread_is_current, bool(os_thread_t))
DYNALIB_FN(3, hal_concurrent, os_thread_yield, os_result_t(void))
   ba148:	b508      	push	{r3, lr}
   ba14a:	4b02      	ldr	r3, [pc, #8]	; (ba154 <os_thread_yield+0xc>)
   ba14c:	681b      	ldr	r3, [r3, #0]
   ba14e:	68db      	ldr	r3, [r3, #12]
   ba150:	9301      	str	r3, [sp, #4]
   ba152:	bd08      	pop	{r3, pc}
   ba154:	00030248 	.word	0x00030248

000ba158 <os_mutex_recursive_create>:
DYNALIB_FN(13, hal_concurrent, os_mutex_destroy, int(os_mutex_t))
DYNALIB_FN(14, hal_concurrent, os_mutex_lock, int(os_mutex_t))
DYNALIB_FN(15, hal_concurrent, os_mutex_trylock, int(os_mutex_t))
DYNALIB_FN(16, hal_concurrent, os_mutex_unlock, int(os_mutex_t))

DYNALIB_FN(17, hal_concurrent, os_mutex_recursive_create, int(os_mutex_recursive_t*))
   ba158:	b508      	push	{r3, lr}
   ba15a:	4b02      	ldr	r3, [pc, #8]	; (ba164 <os_mutex_recursive_create+0xc>)
   ba15c:	681b      	ldr	r3, [r3, #0]
   ba15e:	6c5b      	ldr	r3, [r3, #68]	; 0x44
   ba160:	9301      	str	r3, [sp, #4]
   ba162:	bd08      	pop	{r3, pc}
   ba164:	00030248 	.word	0x00030248

000ba168 <inet_inet_ntop>:
DYNALIB_FN(0, hal_inet, inet_inet_addr, in_addr_t(const char*))
DYNALIB_FN(1, hal_inet, inet_inet_aton, int(const char*, struct in_addr*))
DYNALIB_FN(2, hal_inet, inet_inet_network, in_addr_t(const char*))
DYNALIB_FN(3, hal_inet, inet_inet_ntoa, char*(struct in_addr))
DYNALIB_FN(4, hal_inet, inet_inet_ntoa_r, char*(struct in_addr, char*, socklen_t))
DYNALIB_FN(5, hal_inet, inet_inet_ntop, const char*(int, const void*, char*, socklen_t))
   ba168:	b508      	push	{r3, lr}
   ba16a:	4b02      	ldr	r3, [pc, #8]	; (ba174 <inet_inet_ntop+0xc>)
   ba16c:	681b      	ldr	r3, [r3, #0]
   ba16e:	695b      	ldr	r3, [r3, #20]
   ba170:	9301      	str	r3, [sp, #4]
   ba172:	bd08      	pop	{r3, pc}
   ba174:	00030264 	.word	0x00030264

000ba178 <hal_usart_write>:
#endif

DYNALIB_FN(BASE_IDX + 0, hal_usart, hal_usart_init, void(hal_usart_interface_t, hal_usart_ring_buffer_t*, hal_usart_ring_buffer_t*))
DYNALIB_FN(BASE_IDX + 1, hal_usart, hal_usart_begin, void(hal_usart_interface_t, uint32_t))
DYNALIB_FN(BASE_IDX + 2, hal_usart, hal_usart_end, void(hal_usart_interface_t))
DYNALIB_FN(BASE_IDX + 3, hal_usart, hal_usart_write, uint32_t(hal_usart_interface_t, uint8_t))
   ba178:	b508      	push	{r3, lr}
   ba17a:	4b02      	ldr	r3, [pc, #8]	; (ba184 <hal_usart_write+0xc>)
   ba17c:	681b      	ldr	r3, [r3, #0]
   ba17e:	68db      	ldr	r3, [r3, #12]
   ba180:	9301      	str	r3, [sp, #4]
   ba182:	bd08      	pop	{r3, pc}
   ba184:	0003023c 	.word	0x0003023c

000ba188 <hal_usart_available>:
DYNALIB_FN(BASE_IDX + 4, hal_usart, hal_usart_available, int32_t(hal_usart_interface_t))
   ba188:	b508      	push	{r3, lr}
   ba18a:	4b02      	ldr	r3, [pc, #8]	; (ba194 <hal_usart_available+0xc>)
   ba18c:	681b      	ldr	r3, [r3, #0]
   ba18e:	691b      	ldr	r3, [r3, #16]
   ba190:	9301      	str	r3, [sp, #4]
   ba192:	bd08      	pop	{r3, pc}
   ba194:	0003023c 	.word	0x0003023c

000ba198 <hal_usart_read>:
DYNALIB_FN(BASE_IDX + 5, hal_usart, hal_usart_read, int32_t(hal_usart_interface_t))
   ba198:	b508      	push	{r3, lr}
   ba19a:	4b02      	ldr	r3, [pc, #8]	; (ba1a4 <hal_usart_read+0xc>)
   ba19c:	681b      	ldr	r3, [r3, #0]
   ba19e:	695b      	ldr	r3, [r3, #20]
   ba1a0:	9301      	str	r3, [sp, #4]
   ba1a2:	bd08      	pop	{r3, pc}
   ba1a4:	0003023c 	.word	0x0003023c

000ba1a8 <hal_usart_peek>:
DYNALIB_FN(BASE_IDX + 6, hal_usart, hal_usart_peek, int32_t(hal_usart_interface_t))
   ba1a8:	b508      	push	{r3, lr}
   ba1aa:	4b02      	ldr	r3, [pc, #8]	; (ba1b4 <hal_usart_peek+0xc>)
   ba1ac:	681b      	ldr	r3, [r3, #0]
   ba1ae:	699b      	ldr	r3, [r3, #24]
   ba1b0:	9301      	str	r3, [sp, #4]
   ba1b2:	bd08      	pop	{r3, pc}
   ba1b4:	0003023c 	.word	0x0003023c

000ba1b8 <hal_usart_flush>:
DYNALIB_FN(BASE_IDX + 7, hal_usart, hal_usart_flush, void(hal_usart_interface_t))
   ba1b8:	b508      	push	{r3, lr}
   ba1ba:	4b02      	ldr	r3, [pc, #8]	; (ba1c4 <hal_usart_flush+0xc>)
   ba1bc:	681b      	ldr	r3, [r3, #0]
   ba1be:	69db      	ldr	r3, [r3, #28]
   ba1c0:	9301      	str	r3, [sp, #4]
   ba1c2:	bd08      	pop	{r3, pc}
   ba1c4:	0003023c 	.word	0x0003023c

000ba1c8 <hal_usart_is_enabled>:
DYNALIB_FN(BASE_IDX + 8, hal_usart, hal_usart_is_enabled, bool(hal_usart_interface_t))
   ba1c8:	b508      	push	{r3, lr}
   ba1ca:	4b02      	ldr	r3, [pc, #8]	; (ba1d4 <hal_usart_is_enabled+0xc>)
   ba1cc:	681b      	ldr	r3, [r3, #0]
   ba1ce:	6a1b      	ldr	r3, [r3, #32]
   ba1d0:	9301      	str	r3, [sp, #4]
   ba1d2:	bd08      	pop	{r3, pc}
   ba1d4:	0003023c 	.word	0x0003023c

000ba1d8 <hal_usart_available_data_for_write>:
DYNALIB_FN(BASE_IDX + 9, hal_usart, hal_usart_half_duplex, void(hal_usart_interface_t, bool))
DYNALIB_FN(BASE_IDX + 10, hal_usart, hal_usart_available_data_for_write, int32_t(hal_usart_interface_t))
   ba1d8:	b508      	push	{r3, lr}
   ba1da:	4b02      	ldr	r3, [pc, #8]	; (ba1e4 <hal_usart_available_data_for_write+0xc>)
   ba1dc:	681b      	ldr	r3, [r3, #0]
   ba1de:	6a9b      	ldr	r3, [r3, #40]	; 0x28
   ba1e0:	9301      	str	r3, [sp, #4]
   ba1e2:	bd08      	pop	{r3, pc}
   ba1e4:	0003023c 	.word	0x0003023c

000ba1e8 <hal_usart_init_ex>:
DYNALIB_FN(BASE_IDX2 + 0, hal_usart, hal_usart_begin_config, void(hal_usart_interface_t serial, uint32_t baud, uint32_t config, void *ptr))
DYNALIB_FN(BASE_IDX2 + 1, hal_usart, hal_usart_write_nine_bits, uint32_t(hal_usart_interface_t serial, uint16_t data))
DYNALIB_FN(BASE_IDX2 + 2, hal_usart, hal_usart_send_break, void(hal_usart_interface_t, void*))
DYNALIB_FN(BASE_IDX2 + 3, hal_usart, hal_usart_break_detected, uint8_t(hal_usart_interface_t))
DYNALIB_FN(BASE_IDX2 + 4, hal_usart, hal_usart_sleep, int(hal_usart_interface_t serial, bool, void*))
DYNALIB_FN(BASE_IDX2 + 5, hal_usart, hal_usart_init_ex, int(hal_usart_interface_t, const hal_usart_buffer_config_t*, void*))
   ba1e8:	b508      	push	{r3, lr}
   ba1ea:	4b02      	ldr	r3, [pc, #8]	; (ba1f4 <hal_usart_init_ex+0xc>)
   ba1ec:	681b      	ldr	r3, [r3, #0]
   ba1ee:	6c1b      	ldr	r3, [r3, #64]	; 0x40
   ba1f0:	9301      	str	r3, [sp, #4]
   ba1f2:	bd08      	pop	{r3, pc}
   ba1f4:	0003023c 	.word	0x0003023c

000ba1f8 <hal_i2c_begin>:
DYNALIB_BEGIN(hal_i2c)

DYNALIB_FN(0, hal_i2c, hal_i2c_set_speed, void(hal_i2c_interface_t, uint32_t, void*))
DYNALIB_FN(1, hal_i2c, hal_i2c_enable_dma_mode, void(hal_i2c_interface_t, bool, void*))
DYNALIB_FN(2, hal_i2c, hal_i2c_stretch_clock, void(hal_i2c_interface_t, bool, void*))
DYNALIB_FN(3, hal_i2c, hal_i2c_begin, void(hal_i2c_interface_t, hal_i2c_mode_t, uint8_t, void*))
   ba1f8:	b508      	push	{r3, lr}
   ba1fa:	4b02      	ldr	r3, [pc, #8]	; (ba204 <hal_i2c_begin+0xc>)
   ba1fc:	681b      	ldr	r3, [r3, #0]
   ba1fe:	68db      	ldr	r3, [r3, #12]
   ba200:	9301      	str	r3, [sp, #4]
   ba202:	bd08      	pop	{r3, pc}
   ba204:	00030228 	.word	0x00030228

000ba208 <hal_i2c_begin_transmission>:
DYNALIB_FN(4, hal_i2c, hal_i2c_end, void(hal_i2c_interface_t, void*))
DYNALIB_FN(5, hal_i2c, hal_i2c_request, uint32_t(hal_i2c_interface_t, uint8_t, uint8_t, uint8_t, void*))
DYNALIB_FN(6, hal_i2c, hal_i2c_begin_transmission, void(hal_i2c_interface_t, uint8_t, const hal_i2c_transmission_config_t*))
   ba208:	b508      	push	{r3, lr}
   ba20a:	4b02      	ldr	r3, [pc, #8]	; (ba214 <hal_i2c_begin_transmission+0xc>)
   ba20c:	681b      	ldr	r3, [r3, #0]
   ba20e:	699b      	ldr	r3, [r3, #24]
   ba210:	9301      	str	r3, [sp, #4]
   ba212:	bd08      	pop	{r3, pc}
   ba214:	00030228 	.word	0x00030228

000ba218 <hal_i2c_end_transmission>:
DYNALIB_FN(7, hal_i2c, hal_i2c_end_transmission, uint8_t(hal_i2c_interface_t, uint8_t, void*))
   ba218:	b508      	push	{r3, lr}
   ba21a:	4b02      	ldr	r3, [pc, #8]	; (ba224 <hal_i2c_end_transmission+0xc>)
   ba21c:	681b      	ldr	r3, [r3, #0]
   ba21e:	69db      	ldr	r3, [r3, #28]
   ba220:	9301      	str	r3, [sp, #4]
   ba222:	bd08      	pop	{r3, pc}
   ba224:	00030228 	.word	0x00030228

000ba228 <hal_i2c_write>:
DYNALIB_FN(8, hal_i2c, hal_i2c_write, uint32_t(hal_i2c_interface_t, uint8_t, void*))
   ba228:	b508      	push	{r3, lr}
   ba22a:	4b02      	ldr	r3, [pc, #8]	; (ba234 <hal_i2c_write+0xc>)
   ba22c:	681b      	ldr	r3, [r3, #0]
   ba22e:	6a1b      	ldr	r3, [r3, #32]
   ba230:	9301      	str	r3, [sp, #4]
   ba232:	bd08      	pop	{r3, pc}
   ba234:	00030228 	.word	0x00030228

000ba238 <hal_i2c_available>:
DYNALIB_FN(9, hal_i2c, hal_i2c_available, int32_t(hal_i2c_interface_t, void*))
   ba238:	b508      	push	{r3, lr}
   ba23a:	4b02      	ldr	r3, [pc, #8]	; (ba244 <hal_i2c_available+0xc>)
   ba23c:	681b      	ldr	r3, [r3, #0]
   ba23e:	6a5b      	ldr	r3, [r3, #36]	; 0x24
   ba240:	9301      	str	r3, [sp, #4]
   ba242:	bd08      	pop	{r3, pc}
   ba244:	00030228 	.word	0x00030228

000ba248 <hal_i2c_read>:
DYNALIB_FN(10, hal_i2c, hal_i2c_read, int32_t(hal_i2c_interface_t, void*))
   ba248:	b508      	push	{r3, lr}
   ba24a:	4b02      	ldr	r3, [pc, #8]	; (ba254 <hal_i2c_read+0xc>)
   ba24c:	681b      	ldr	r3, [r3, #0]
   ba24e:	6a9b      	ldr	r3, [r3, #40]	; 0x28
   ba250:	9301      	str	r3, [sp, #4]
   ba252:	bd08      	pop	{r3, pc}
   ba254:	00030228 	.word	0x00030228

000ba258 <hal_i2c_peek>:
DYNALIB_FN(11, hal_i2c, hal_i2c_peek, int32_t(hal_i2c_interface_t, void*))
   ba258:	b508      	push	{r3, lr}
   ba25a:	4b02      	ldr	r3, [pc, #8]	; (ba264 <hal_i2c_peek+0xc>)
   ba25c:	681b      	ldr	r3, [r3, #0]
   ba25e:	6adb      	ldr	r3, [r3, #44]	; 0x2c
   ba260:	9301      	str	r3, [sp, #4]
   ba262:	bd08      	pop	{r3, pc}
   ba264:	00030228 	.word	0x00030228

000ba268 <hal_i2c_flush>:
DYNALIB_FN(12, hal_i2c, hal_i2c_flush, void(hal_i2c_interface_t, void*))
   ba268:	b508      	push	{r3, lr}
   ba26a:	4b02      	ldr	r3, [pc, #8]	; (ba274 <hal_i2c_flush+0xc>)
   ba26c:	681b      	ldr	r3, [r3, #0]
   ba26e:	6b1b      	ldr	r3, [r3, #48]	; 0x30
   ba270:	9301      	str	r3, [sp, #4]
   ba272:	bd08      	pop	{r3, pc}
   ba274:	00030228 	.word	0x00030228

000ba278 <hal_i2c_is_enabled>:
DYNALIB_FN(13, hal_i2c, hal_i2c_is_enabled, bool(hal_i2c_interface_t, void*))
   ba278:	b508      	push	{r3, lr}
   ba27a:	4b02      	ldr	r3, [pc, #8]	; (ba284 <hal_i2c_is_enabled+0xc>)
   ba27c:	681b      	ldr	r3, [r3, #0]
   ba27e:	6b5b      	ldr	r3, [r3, #52]	; 0x34
   ba280:	9301      	str	r3, [sp, #4]
   ba282:	bd08      	pop	{r3, pc}
   ba284:	00030228 	.word	0x00030228

000ba288 <hal_i2c_init>:
DYNALIB_FN(14, hal_i2c, hal_i2c_set_callback_on_received, void(hal_i2c_interface_t, void(*)(int), void*))
DYNALIB_FN(15, hal_i2c, hal_i2c_set_callback_on_requested, void(hal_i2c_interface_t, void(*)(void), void*))
DYNALIB_FN(16, hal_i2c, hal_i2c_init, int(hal_i2c_interface_t, const hal_i2c_config_t*))
   ba288:	b508      	push	{r3, lr}
   ba28a:	4b02      	ldr	r3, [pc, #8]	; (ba294 <hal_i2c_init+0xc>)
   ba28c:	681b      	ldr	r3, [r3, #0]
   ba28e:	6c1b      	ldr	r3, [r3, #64]	; 0x40
   ba290:	9301      	str	r3, [sp, #4]
   ba292:	bd08      	pop	{r3, pc}
   ba294:	00030228 	.word	0x00030228

000ba298 <hal_i2c_request_ex>:
DYNALIB_FN(17, hal_i2c, hal_i2c_reset, int(hal_i2c_interface_t, uint32_t, void*))
DYNALIB_FN(18, hal_i2c, hal_i2c_lock, int32_t(hal_i2c_interface_t, void*))
DYNALIB_FN(19, hal_i2c, hal_i2c_unlock, int32_t(hal_i2c_interface_t, void*))
DYNALIB_FN(20, hal_i2c, hal_i2c_request_ex, int32_t(hal_i2c_interface_t, const hal_i2c_transmission_config_t*, void*))
   ba298:	b508      	push	{r3, lr}
   ba29a:	4b02      	ldr	r3, [pc, #8]	; (ba2a4 <hal_i2c_request_ex+0xc>)
   ba29c:	681b      	ldr	r3, [r3, #0]
   ba29e:	6d1b      	ldr	r3, [r3, #80]	; 0x50
   ba2a0:	9301      	str	r3, [sp, #4]
   ba2a2:	bd08      	pop	{r3, pc}
   ba2a4:	00030228 	.word	0x00030228

000ba2a8 <hal_spi_begin>:
// New HAL functions must be added to the end of this list.
// GNINRAW

DYNALIB_BEGIN(hal_spi)

DYNALIB_FN(0, hal_spi, hal_spi_begin, void(hal_spi_interface_t, uint16_t))
   ba2a8:	b508      	push	{r3, lr}
   ba2aa:	4b02      	ldr	r3, [pc, #8]	; (ba2b4 <hal_spi_begin+0xc>)
   ba2ac:	681b      	ldr	r3, [r3, #0]
   ba2ae:	681b      	ldr	r3, [r3, #0]
   ba2b0:	9301      	str	r3, [sp, #4]
   ba2b2:	bd08      	pop	{r3, pc}
   ba2b4:	00030230 	.word	0x00030230

000ba2b8 <hal_spi_transfer>:
DYNALIB_FN(1, hal_spi, hal_spi_end, void(hal_spi_interface_t))
DYNALIB_FN(2, hal_spi, hal_spi_set_bit_order, void(hal_spi_interface_t, uint8_t))
DYNALIB_FN(3, hal_spi, hal_spi_set_data_mode, void(hal_spi_interface_t, uint8_t))
DYNALIB_FN(4, hal_spi, hal_spi_set_clock_divider, void(hal_spi_interface_t, uint8_t))
DYNALIB_FN(5, hal_spi, hal_spi_transfer, uint16_t(hal_spi_interface_t, uint16_t))
   ba2b8:	b508      	push	{r3, lr}
   ba2ba:	4b02      	ldr	r3, [pc, #8]	; (ba2c4 <hal_spi_transfer+0xc>)
   ba2bc:	681b      	ldr	r3, [r3, #0]
   ba2be:	695b      	ldr	r3, [r3, #20]
   ba2c0:	9301      	str	r3, [sp, #4]
   ba2c2:	bd08      	pop	{r3, pc}
   ba2c4:	00030230 	.word	0x00030230

000ba2c8 <hal_spi_init>:
DYNALIB_FN(6, hal_spi, hal_spi_is_enabled_deprecated, bool(void))
DYNALIB_FN(7, hal_spi, hal_spi_init, void(hal_spi_interface_t))
   ba2c8:	b508      	push	{r3, lr}
   ba2ca:	4b02      	ldr	r3, [pc, #8]	; (ba2d4 <hal_spi_init+0xc>)
   ba2cc:	681b      	ldr	r3, [r3, #0]
   ba2ce:	69db      	ldr	r3, [r3, #28]
   ba2d0:	9301      	str	r3, [sp, #4]
   ba2d2:	bd08      	pop	{r3, pc}
   ba2d4:	00030230 	.word	0x00030230

000ba2d8 <hal_spi_is_enabled>:
DYNALIB_FN(8, hal_spi, hal_spi_is_enabled, bool(hal_spi_interface_t))
   ba2d8:	b508      	push	{r3, lr}
   ba2da:	4b02      	ldr	r3, [pc, #8]	; (ba2e4 <hal_spi_is_enabled+0xc>)
   ba2dc:	681b      	ldr	r3, [r3, #0]
   ba2de:	6a1b      	ldr	r3, [r3, #32]
   ba2e0:	9301      	str	r3, [sp, #4]
   ba2e2:	bd08      	pop	{r3, pc}
   ba2e4:	00030230 	.word	0x00030230

000ba2e8 <hal_spi_info>:
DYNALIB_FN(9, hal_spi, hal_spi_info, void(hal_spi_interface_t, hal_spi_info_t*, void*))
   ba2e8:	b508      	push	{r3, lr}
   ba2ea:	4b02      	ldr	r3, [pc, #8]	; (ba2f4 <hal_spi_info+0xc>)
   ba2ec:	681b      	ldr	r3, [r3, #0]
   ba2ee:	6a5b      	ldr	r3, [r3, #36]	; 0x24
   ba2f0:	9301      	str	r3, [sp, #4]
   ba2f2:	bd08      	pop	{r3, pc}
   ba2f4:	00030230 	.word	0x00030230

000ba2f8 <hal_spi_transfer_dma>:
DYNALIB_FN(10, hal_spi, hal_spi_transfer_dma, void(hal_spi_interface_t, const void*, void*, uint32_t, hal_spi_dma_user_callback))
   ba2f8:	b508      	push	{r3, lr}
   ba2fa:	4b02      	ldr	r3, [pc, #8]	; (ba304 <hal_spi_transfer_dma+0xc>)
   ba2fc:	681b      	ldr	r3, [r3, #0]
   ba2fe:	6a9b      	ldr	r3, [r3, #40]	; 0x28
   ba300:	9301      	str	r3, [sp, #4]
   ba302:	bd08      	pop	{r3, pc}
   ba304:	00030230 	.word	0x00030230

000ba308 <hal_spi_transfer_dma_status>:
DYNALIB_FN(11, hal_spi, hal_spi_begin_ext, void(hal_spi_interface_t, hal_spi_mode_t, uint16_t, const hal_spi_config_t*))
DYNALIB_FN(12, hal_spi, hal_spi_set_callback_on_selected, void(hal_spi_interface_t, hal_spi_select_user_callback, void*))
DYNALIB_FN(13, hal_spi, hal_spi_transfer_dma_cancel, void(hal_spi_interface_t))
DYNALIB_FN(14, hal_spi, hal_spi_transfer_dma_status, int32_t(hal_spi_interface_t, hal_spi_transfer_status_t*))
   ba308:	b508      	push	{r3, lr}
   ba30a:	4b02      	ldr	r3, [pc, #8]	; (ba314 <hal_spi_transfer_dma_status+0xc>)
   ba30c:	681b      	ldr	r3, [r3, #0]
   ba30e:	6b9b      	ldr	r3, [r3, #56]	; 0x38
   ba310:	9301      	str	r3, [sp, #4]
   ba312:	bd08      	pop	{r3, pc}
   ba314:	00030230 	.word	0x00030230

000ba318 <hal_spi_set_settings>:
DYNALIB_FN(15, hal_spi, hal_spi_set_settings, int32_t(hal_spi_interface_t, uint8_t, uint8_t, uint8_t, uint8_t, void*))
   ba318:	b508      	push	{r3, lr}
   ba31a:	4b02      	ldr	r3, [pc, #8]	; (ba324 <hal_spi_set_settings+0xc>)
   ba31c:	681b      	ldr	r3, [r3, #0]
   ba31e:	6bdb      	ldr	r3, [r3, #60]	; 0x3c
   ba320:	9301      	str	r3, [sp, #4]
   ba322:	bd08      	pop	{r3, pc}
   ba324:	00030230 	.word	0x00030230

000ba328 <hal_spi_acquire>:
#if HAL_PLATFORM_SPI_HAL_THREAD_SAFETY
DYNALIB_FN(16, hal_spi, hal_spi_acquire, int32_t(hal_spi_interface_t, const hal_spi_acquire_config_t*))
   ba328:	b508      	push	{r3, lr}
   ba32a:	4b02      	ldr	r3, [pc, #8]	; (ba334 <hal_spi_acquire+0xc>)
   ba32c:	681b      	ldr	r3, [r3, #0]
   ba32e:	6c1b      	ldr	r3, [r3, #64]	; 0x40
   ba330:	9301      	str	r3, [sp, #4]
   ba332:	bd08      	pop	{r3, pc}
   ba334:	00030230 	.word	0x00030230

000ba338 <hal_spi_release>:
DYNALIB_FN(17, hal_spi, hal_spi_release, int32_t(hal_spi_interface_t, void*))
   ba338:	b508      	push	{r3, lr}
   ba33a:	4b02      	ldr	r3, [pc, #8]	; (ba344 <hal_spi_release+0xc>)
   ba33c:	681b      	ldr	r3, [r3, #0]
   ba33e:	6c5b      	ldr	r3, [r3, #68]	; 0x44
   ba340:	9301      	str	r3, [sp, #4]
   ba342:	bd08      	pop	{r3, pc}
   ba344:	00030230 	.word	0x00030230

000ba348 <HAL_USB_USART_Init>:
// GNINRAW

DYNALIB_BEGIN(hal_usb)

#ifdef USB_CDC_ENABLE
DYNALIB_FN(0, hal_usb, HAL_USB_USART_Init, void(HAL_USB_USART_Serial, const HAL_USB_USART_Config*))
   ba348:	b508      	push	{r3, lr}
   ba34a:	4b02      	ldr	r3, [pc, #8]	; (ba354 <HAL_USB_USART_Init+0xc>)
   ba34c:	681b      	ldr	r3, [r3, #0]
   ba34e:	681b      	ldr	r3, [r3, #0]
   ba350:	9301      	str	r3, [sp, #4]
   ba352:	bd08      	pop	{r3, pc}
   ba354:	0003024c 	.word	0x0003024c

000ba358 <HAL_USB_USART_Begin>:
DYNALIB_FN(1, hal_usb, HAL_USB_USART_Begin, void(HAL_USB_USART_Serial, uint32_t, void *))
   ba358:	b508      	push	{r3, lr}
   ba35a:	4b02      	ldr	r3, [pc, #8]	; (ba364 <HAL_USB_USART_Begin+0xc>)
   ba35c:	681b      	ldr	r3, [r3, #0]
   ba35e:	685b      	ldr	r3, [r3, #4]
   ba360:	9301      	str	r3, [sp, #4]
   ba362:	bd08      	pop	{r3, pc}
   ba364:	0003024c 	.word	0x0003024c

000ba368 <HAL_USB_USART_Available_Data>:
DYNALIB_FN(2, hal_usb, HAL_USB_USART_End, void(HAL_USB_USART_Serial))
DYNALIB_FN(3, hal_usb, HAL_USB_USART_Baud_Rate, unsigned int(HAL_USB_USART_Serial))
DYNALIB_FN_WRAP(4, hal_usb, HAL_USB_USART_Available_Data, protected, int32_t(HAL_USB_USART_Serial))
   ba368:	b508      	push	{r3, lr}
   ba36a:	4b02      	ldr	r3, [pc, #8]	; (ba374 <HAL_USB_USART_Available_Data+0xc>)
   ba36c:	681b      	ldr	r3, [r3, #0]
   ba36e:	691b      	ldr	r3, [r3, #16]
   ba370:	9301      	str	r3, [sp, #4]
   ba372:	bd08      	pop	{r3, pc}
   ba374:	0003024c 	.word	0x0003024c

000ba378 <HAL_USB_USART_Available_Data_For_Write>:
DYNALIB_FN_WRAP(5, hal_usb, HAL_USB_USART_Available_Data_For_Write, protected, int32_t(HAL_USB_USART_Serial))
   ba378:	b508      	push	{r3, lr}
   ba37a:	4b02      	ldr	r3, [pc, #8]	; (ba384 <HAL_USB_USART_Available_Data_For_Write+0xc>)
   ba37c:	681b      	ldr	r3, [r3, #0]
   ba37e:	695b      	ldr	r3, [r3, #20]
   ba380:	9301      	str	r3, [sp, #4]
   ba382:	bd08      	pop	{r3, pc}
   ba384:	0003024c 	.word	0x0003024c

000ba388 <HAL_USB_USART_Receive_Data>:
DYNALIB_FN_WRAP(6, hal_usb, HAL_USB_USART_Receive_Data, protected, int32_t(HAL_USB_USART_Serial, uint8_t))
   ba388:	b508      	push	{r3, lr}
   ba38a:	4b02      	ldr	r3, [pc, #8]	; (ba394 <HAL_USB_USART_Receive_Data+0xc>)
   ba38c:	681b      	ldr	r3, [r3, #0]
   ba38e:	699b      	ldr	r3, [r3, #24]
   ba390:	9301      	str	r3, [sp, #4]
   ba392:	bd08      	pop	{r3, pc}
   ba394:	0003024c 	.word	0x0003024c

000ba398 <HAL_USB_USART_Send_Data>:
DYNALIB_FN_WRAP(7, hal_usb, HAL_USB_USART_Send_Data, protected, int32_t(HAL_USB_USART_Serial, uint8_t))
   ba398:	b508      	push	{r3, lr}
   ba39a:	4b02      	ldr	r3, [pc, #8]	; (ba3a4 <HAL_USB_USART_Send_Data+0xc>)
   ba39c:	681b      	ldr	r3, [r3, #0]
   ba39e:	69db      	ldr	r3, [r3, #28]
   ba3a0:	9301      	str	r3, [sp, #4]
   ba3a2:	bd08      	pop	{r3, pc}
   ba3a4:	0003024c 	.word	0x0003024c

000ba3a8 <HAL_USB_USART_Flush_Data>:
DYNALIB_FN_WRAP(8, hal_usb, HAL_USB_USART_Flush_Data, protected, void(HAL_USB_USART_Serial))
   ba3a8:	b508      	push	{r3, lr}
   ba3aa:	4b02      	ldr	r3, [pc, #8]	; (ba3b4 <HAL_USB_USART_Flush_Data+0xc>)
   ba3ac:	681b      	ldr	r3, [r3, #0]
   ba3ae:	6a1b      	ldr	r3, [r3, #32]
   ba3b0:	9301      	str	r3, [sp, #4]
   ba3b2:	bd08      	pop	{r3, pc}
   ba3b4:	0003024c 	.word	0x0003024c

000ba3b8 <set_system_mode>:
#endif

DYNALIB_BEGIN(system)

DYNALIB_FN(0, system, system_mode, System_Mode_TypeDef(void))
DYNALIB_FN(1, system, set_system_mode, void(System_Mode_TypeDef))
   ba3b8:	b508      	push	{r3, lr}
   ba3ba:	4b02      	ldr	r3, [pc, #8]	; (ba3c4 <set_system_mode+0xc>)
   ba3bc:	681b      	ldr	r3, [r3, #0]
   ba3be:	685b      	ldr	r3, [r3, #4]
   ba3c0:	9301      	str	r3, [sp, #4]
   ba3c2:	bd08      	pop	{r3, pc}
   ba3c4:	00030220 	.word	0x00030220

000ba3c8 <system_delay_ms>:

DYNALIB_FN(2, system, set_ymodem_serial_flash_update_handler_deprecated, void(void*))
DYNALIB_FN(3, system, system_firmwareUpdate_deprecated, bool(Stream*, void*))
DYNALIB_FN(4, system, system_fileTransfer_deprecated, bool(system_file_transfer_t*, void*))

DYNALIB_FN(5, system, system_delay_ms, void(unsigned long, bool))
   ba3c8:	b508      	push	{r3, lr}
   ba3ca:	4b02      	ldr	r3, [pc, #8]	; (ba3d4 <system_delay_ms+0xc>)
   ba3cc:	681b      	ldr	r3, [r3, #0]
   ba3ce:	695b      	ldr	r3, [r3, #20]
   ba3d0:	9301      	str	r3, [sp, #4]
   ba3d2:	bd08      	pop	{r3, pc}
   ba3d4:	00030220 	.word	0x00030220

000ba3d8 <application_thread_current>:
DYNALIB_FN(15, system, system_get_flag, int(system_flag_t, uint8_t*, void*))
DYNALIB_FN_WRAP(16, system, Spark_Prepare_For_Firmware_Update, protected, int(FileTransfer::Descriptor&, uint32_t, void*))
DYNALIB_FN_WRAP(17, system, Spark_Save_Firmware_Chunk, protected, int(FileTransfer::Descriptor&, const uint8_t*, void*))
DYNALIB_FN_WRAP(18, system, Spark_Finish_Firmware_Update, protected, int(FileTransfer::Descriptor&, uint32_t, void*))

DYNALIB_FN(19, system, application_thread_current, uint8_t(void*))
   ba3d8:	b508      	push	{r3, lr}
   ba3da:	4b02      	ldr	r3, [pc, #8]	; (ba3e4 <application_thread_current+0xc>)
   ba3dc:	681b      	ldr	r3, [r3, #0]
   ba3de:	6cdb      	ldr	r3, [r3, #76]	; 0x4c
   ba3e0:	9301      	str	r3, [sp, #4]
   ba3e2:	bd08      	pop	{r3, pc}
   ba3e4:	00030220 	.word	0x00030220

000ba3e8 <application_thread_invoke>:
DYNALIB_FN(20, system, system_thread_current, uint8_t(void*))
DYNALIB_FN(21, system, application_thread_invoke, uint8_t(void(*)(void*), void*, void*))
   ba3e8:	b508      	push	{r3, lr}
   ba3ea:	4b02      	ldr	r3, [pc, #8]	; (ba3f4 <application_thread_invoke+0xc>)
   ba3ec:	681b      	ldr	r3, [r3, #0]
   ba3ee:	6d5b      	ldr	r3, [r3, #84]	; 0x54
   ba3f0:	9301      	str	r3, [sp, #4]
   ba3f2:	bd08      	pop	{r3, pc}
   ba3f4:	00030220 	.word	0x00030220

000ba3f8 <system_ctrl_set_app_request_handler>:
DYNALIB_FN(BASE_IDX + 6, system, led_pattern_period, uint16_t(int, int, void*))
DYNALIB_FN(BASE_IDX + 7, system, system_set_tester_handlers, int(system_tester_handlers_t*, void*))
DYNALIB_FN(BASE_IDX + 8, system, system_format_diag_data, int(const uint16_t*, size_t, unsigned, appender_fn, void*, void*))

// Control requests
DYNALIB_FN(BASE_IDX + 9, system, system_ctrl_set_app_request_handler, int(ctrl_request_handler_fn, void*))
   ba3f8:	b508      	push	{r3, lr}
   ba3fa:	4b03      	ldr	r3, [pc, #12]	; (ba408 <system_ctrl_set_app_request_handler+0x10>)
   ba3fc:	681b      	ldr	r3, [r3, #0]
   ba3fe:	f8d3 3088 	ldr.w	r3, [r3, #136]	; 0x88
   ba402:	9301      	str	r3, [sp, #4]
   ba404:	bd08      	pop	{r3, pc}
   ba406:	0000      	.short	0x0000
   ba408:	00030220 	.word	0x00030220

000ba40c <system_ctrl_set_result>:
DYNALIB_FN(BASE_IDX + 10, system, system_ctrl_alloc_reply_data, int(ctrl_request*, size_t, void*))
DYNALIB_FN(BASE_IDX + 11, system, system_ctrl_free_request_data, void(ctrl_request*, void*))
DYNALIB_FN(BASE_IDX + 12, system, system_ctrl_set_result, void(ctrl_request*, int, ctrl_completion_handler_fn, void*, void*))
   ba40c:	b508      	push	{r3, lr}
   ba40e:	4b03      	ldr	r3, [pc, #12]	; (ba41c <system_ctrl_set_result+0x10>)
   ba410:	681b      	ldr	r3, [r3, #0]
   ba412:	f8d3 3094 	ldr.w	r3, [r3, #148]	; 0x94
   ba416:	9301      	str	r3, [sp, #4]
   ba418:	bd08      	pop	{r3, pc}
   ba41a:	0000      	.short	0x0000
   ba41c:	00030220 	.word	0x00030220

000ba420 <network_connect>:
#endif

DYNALIB_BEGIN(system_net)

DYNALIB_FN(0, system_net, network_config, const void*(network_handle_t, uint32_t, void*))
DYNALIB_FN(1, system_net, network_connect, void(network_handle_t, uint32_t, uint32_t, void*))
   ba420:	b508      	push	{r3, lr}
   ba422:	4b02      	ldr	r3, [pc, #8]	; (ba42c <network_connect+0xc>)
   ba424:	681b      	ldr	r3, [r3, #0]
   ba426:	685b      	ldr	r3, [r3, #4]
   ba428:	9301      	str	r3, [sp, #4]
   ba42a:	bd08      	pop	{r3, pc}
   ba42c:	00030240 	.word	0x00030240

000ba430 <network_connecting>:
DYNALIB_FN(2, system_net, network_connecting, bool(network_handle_t, uint32_t, void*))
   ba430:	b508      	push	{r3, lr}
   ba432:	4b02      	ldr	r3, [pc, #8]	; (ba43c <network_connecting+0xc>)
   ba434:	681b      	ldr	r3, [r3, #0]
   ba436:	689b      	ldr	r3, [r3, #8]
   ba438:	9301      	str	r3, [sp, #4]
   ba43a:	bd08      	pop	{r3, pc}
   ba43c:	00030240 	.word	0x00030240

000ba440 <network_disconnect>:
DYNALIB_FN(3, system_net, network_disconnect, void(network_handle_t, uint32_t, void*))
   ba440:	b508      	push	{r3, lr}
   ba442:	4b02      	ldr	r3, [pc, #8]	; (ba44c <network_disconnect+0xc>)
   ba444:	681b      	ldr	r3, [r3, #0]
   ba446:	68db      	ldr	r3, [r3, #12]
   ba448:	9301      	str	r3, [sp, #4]
   ba44a:	bd08      	pop	{r3, pc}
   ba44c:	00030240 	.word	0x00030240

000ba450 <network_ready>:
DYNALIB_FN(4, system_net, network_ready, bool(network_handle_t, uint32_t, void*))
   ba450:	b508      	push	{r3, lr}
   ba452:	4b02      	ldr	r3, [pc, #8]	; (ba45c <network_ready+0xc>)
   ba454:	681b      	ldr	r3, [r3, #0]
   ba456:	691b      	ldr	r3, [r3, #16]
   ba458:	9301      	str	r3, [sp, #4]
   ba45a:	bd08      	pop	{r3, pc}
   ba45c:	00030240 	.word	0x00030240

000ba460 <network_on>:
DYNALIB_FN(5, system_net, network_on, void(network_handle_t, uint32_t, uint32_t, void*))
   ba460:	b508      	push	{r3, lr}
   ba462:	4b02      	ldr	r3, [pc, #8]	; (ba46c <network_on+0xc>)
   ba464:	681b      	ldr	r3, [r3, #0]
   ba466:	695b      	ldr	r3, [r3, #20]
   ba468:	9301      	str	r3, [sp, #4]
   ba46a:	bd08      	pop	{r3, pc}
   ba46c:	00030240 	.word	0x00030240

000ba470 <network_off>:
DYNALIB_FN(6, system_net, network_off, void(network_handle_t, uint32_t, uint32_t, void*))
   ba470:	b508      	push	{r3, lr}
   ba472:	4b02      	ldr	r3, [pc, #8]	; (ba47c <network_off+0xc>)
   ba474:	681b      	ldr	r3, [r3, #0]
   ba476:	699b      	ldr	r3, [r3, #24]
   ba478:	9301      	str	r3, [sp, #4]
   ba47a:	bd08      	pop	{r3, pc}
   ba47c:	00030240 	.word	0x00030240

000ba480 <network_listen>:
DYNALIB_FN(7, system_net, network_listen, void(network_handle_t, uint32_t, void*))
   ba480:	b508      	push	{r3, lr}
   ba482:	4b02      	ldr	r3, [pc, #8]	; (ba48c <network_listen+0xc>)
   ba484:	681b      	ldr	r3, [r3, #0]
   ba486:	69db      	ldr	r3, [r3, #28]
   ba488:	9301      	str	r3, [sp, #4]
   ba48a:	bd08      	pop	{r3, pc}
   ba48c:	00030240 	.word	0x00030240

000ba490 <network_listening>:
DYNALIB_FN(8, system_net, network_listening, bool(network_handle_t, uint32_t, void*))
   ba490:	b508      	push	{r3, lr}
   ba492:	4b02      	ldr	r3, [pc, #8]	; (ba49c <network_listening+0xc>)
   ba494:	681b      	ldr	r3, [r3, #0]
   ba496:	6a1b      	ldr	r3, [r3, #32]
   ba498:	9301      	str	r3, [sp, #4]
   ba49a:	bd08      	pop	{r3, pc}
   ba49c:	00030240 	.word	0x00030240

000ba4a0 <network_set_listen_timeout>:
DYNALIB_FN(9, system_net, network_has_credentials, bool(network_handle_t, uint32_t, void*))
DYNALIB_FN(10, system_net, network_set_credentials, int(network_handle_t, uint32_t, NetworkCredentials*, void*))
DYNALIB_FN(11, system_net, network_clear_credentials, bool(network_handle_t, uint32_t, NetworkCredentials*, void*))
DYNALIB_FN(12, system_net, network_set_listen_timeout, void(network_handle_t, uint16_t, void*))
   ba4a0:	b508      	push	{r3, lr}
   ba4a2:	4b02      	ldr	r3, [pc, #8]	; (ba4ac <network_set_listen_timeout+0xc>)
   ba4a4:	681b      	ldr	r3, [r3, #0]
   ba4a6:	6b1b      	ldr	r3, [r3, #48]	; 0x30
   ba4a8:	9301      	str	r3, [sp, #4]
   ba4aa:	bd08      	pop	{r3, pc}
   ba4ac:	00030240 	.word	0x00030240

000ba4b0 <network_get_listen_timeout>:
DYNALIB_FN(13, system_net, network_get_listen_timeout, uint16_t(network_handle_t, uint32_t, void*))
   ba4b0:	b508      	push	{r3, lr}
   ba4b2:	4b02      	ldr	r3, [pc, #8]	; (ba4bc <network_get_listen_timeout+0xc>)
   ba4b4:	681b      	ldr	r3, [r3, #0]
   ba4b6:	6b5b      	ldr	r3, [r3, #52]	; 0x34
   ba4b8:	9301      	str	r3, [sp, #4]
   ba4ba:	bd08      	pop	{r3, pc}
   ba4bc:	00030240 	.word	0x00030240

000ba4c0 <network_is_on>:
DYNALIB_FN(14, system_net, network_set_hostname, int(network_handle_t, uint32_t, const char*, void*))
DYNALIB_FN(15, system_net, network_get_hostname, int(network_handle_t, uint32_t, char*, size_t, void*))
DYNALIB_FN(16, system_net, network_is_on, bool(network_handle_t, void*))
   ba4c0:	b508      	push	{r3, lr}
   ba4c2:	4b02      	ldr	r3, [pc, #8]	; (ba4cc <network_is_on+0xc>)
   ba4c4:	681b      	ldr	r3, [r3, #0]
   ba4c6:	6c1b      	ldr	r3, [r3, #64]	; 0x40
   ba4c8:	9301      	str	r3, [sp, #4]
   ba4ca:	bd08      	pop	{r3, pc}
   ba4cc:	00030240 	.word	0x00030240

000ba4d0 <network_is_off>:
DYNALIB_FN(17, system_net, network_is_off, bool(network_handle_t, void*))
   ba4d0:	b508      	push	{r3, lr}
   ba4d2:	4b02      	ldr	r3, [pc, #8]	; (ba4dc <network_is_off+0xc>)
   ba4d4:	681b      	ldr	r3, [r3, #0]
   ba4d6:	6c5b      	ldr	r3, [r3, #68]	; 0x44
   ba4d8:	9301      	str	r3, [sp, #4]
   ba4da:	bd08      	pop	{r3, pc}
   ba4dc:	00030240 	.word	0x00030240

000ba4e0 <network_prefer>:
DYNALIB_FN(18, system_net, network_set_configuration, int(network_handle_t, const network_configuration_t*, void*))
DYNALIB_FN(19, system_net, network_get_configuration, int(network_handle_t, network_configuration_t**, size_t*, const char*, size_t, void*))
DYNALIB_FN(20, system_net, network_free_configuration, int(network_configuration_t*, size_t, void*))
DYNALIB_FN(21, system_net, network_prefer, network_handle_t(network_handle_t, bool, void*))
   ba4e0:	b508      	push	{r3, lr}
   ba4e2:	4b02      	ldr	r3, [pc, #8]	; (ba4ec <network_prefer+0xc>)
   ba4e4:	681b      	ldr	r3, [r3, #0]
   ba4e6:	6d5b      	ldr	r3, [r3, #84]	; 0x54
   ba4e8:	9301      	str	r3, [sp, #4]
   ba4ea:	bd08      	pop	{r3, pc}
   ba4ec:	00030240 	.word	0x00030240

000ba4f0 <network_is_preferred>:
DYNALIB_FN(22, system_net, network_is_preferred, bool(network_handle_t, void*))
   ba4f0:	b508      	push	{r3, lr}
   ba4f2:	4b02      	ldr	r3, [pc, #8]	; (ba4fc <network_is_preferred+0xc>)
   ba4f4:	681b      	ldr	r3, [r3, #0]
   ba4f6:	6d9b      	ldr	r3, [r3, #88]	; 0x58
   ba4f8:	9301      	str	r3, [sp, #4]
   ba4fa:	bd08      	pop	{r3, pc}
   ba4fc:	00030240 	.word	0x00030240

000ba500 <spark_cloud_flag_connected>:
DYNALIB_FN(0, system_cloud, spark_variable, bool(const char*, const void*, Spark_Data_TypeDef, spark_variable_t*))
DYNALIB_FN(1, system_cloud, spark_function, bool(const char*, p_user_function_int_str_t, void*))
DYNALIB_FN(2, system_cloud, spark_process, bool(void))
DYNALIB_FN(3, system_cloud, spark_cloud_flag_connect, void(void))
DYNALIB_FN(4, system_cloud, spark_cloud_flag_disconnect, void(void))
DYNALIB_FN(5, system_cloud, spark_cloud_flag_connected, bool(void))
   ba500:	b508      	push	{r3, lr}
   ba502:	4b02      	ldr	r3, [pc, #8]	; (ba50c <spark_cloud_flag_connected+0xc>)
   ba504:	681b      	ldr	r3, [r3, #0]
   ba506:	695b      	ldr	r3, [r3, #20]
   ba508:	9301      	str	r3, [sp, #4]
   ba50a:	bd08      	pop	{r3, pc}
   ba50c:	00030244 	.word	0x00030244

000ba510 <spark_send_event>:
DYNALIB_FN(6, system_cloud, system_cloud_protocol_instance, ProtocolFacade*(void))
DYNALIB_FN(7, system_cloud, spark_deviceID, String(void))
DYNALIB_FN(8, system_cloud, spark_send_event, bool(const char*, const char*, int, uint32_t, void*))
   ba510:	b508      	push	{r3, lr}
   ba512:	4b02      	ldr	r3, [pc, #8]	; (ba51c <spark_send_event+0xc>)
   ba514:	681b      	ldr	r3, [r3, #0]
   ba516:	6a1b      	ldr	r3, [r3, #32]
   ba518:	9301      	str	r3, [sp, #4]
   ba51a:	bd08      	pop	{r3, pc}
   ba51c:	00030244 	.word	0x00030244

000ba520 <spark_set_random_seed_from_cloud_handler>:
DYNALIB_FN(10, system_cloud, spark_unsubscribe, void(void*))
DYNALIB_FN(11, system_cloud, spark_sync_time, bool(void*))
DYNALIB_FN(12, system_cloud, spark_sync_time_pending, bool(void*))
DYNALIB_FN(13, system_cloud, spark_sync_time_last, system_tick_t(time32_t*, time_t*))
DYNALIB_FN(14, system_cloud, spark_set_connection_property, int(unsigned, unsigned, const void*, void*))
DYNALIB_FN(15, system_cloud, spark_set_random_seed_from_cloud_handler, int(void (*handler)(unsigned int), void*))
   ba520:	b508      	push	{r3, lr}
   ba522:	4b02      	ldr	r3, [pc, #8]	; (ba52c <spark_set_random_seed_from_cloud_handler+0xc>)
   ba524:	681b      	ldr	r3, [r3, #0]
   ba526:	6bdb      	ldr	r3, [r3, #60]	; 0x3c
   ba528:	9301      	str	r3, [sp, #4]
   ba52a:	bd08      	pop	{r3, pc}
   ba52c:	00030244 	.word	0x00030244

000ba530 <malloc>:
#include "hal_platform.h"
#endif // defined(DYNALIB_EXPORT) || (defined(DYNALIB_IMPORT) && !defined(RT_DYNALIB_NO_DEPENDENCY_BREAKING_IMPORTS))

DYNALIB_BEGIN(rt)

DYNALIB_FN(0, rt, malloc, void*(size_t))
   ba530:	b508      	push	{r3, lr}
   ba532:	4b02      	ldr	r3, [pc, #8]	; (ba53c <malloc+0xc>)
   ba534:	681b      	ldr	r3, [r3, #0]
   ba536:	681b      	ldr	r3, [r3, #0]
   ba538:	9301      	str	r3, [sp, #4]
   ba53a:	bd08      	pop	{r3, pc}
   ba53c:	0003021c 	.word	0x0003021c

000ba540 <free>:
DYNALIB_FN(1, rt, free, void(void*))
   ba540:	b508      	push	{r3, lr}
   ba542:	4b02      	ldr	r3, [pc, #8]	; (ba54c <free+0xc>)
   ba544:	681b      	ldr	r3, [r3, #0]
   ba546:	685b      	ldr	r3, [r3, #4]
   ba548:	9301      	str	r3, [sp, #4]
   ba54a:	bd08      	pop	{r3, pc}
   ba54c:	0003021c 	.word	0x0003021c

000ba550 <sprintf>:
DYNALIB_FN(2, rt, realloc, void*(void*, size_t))
DYNALIB_FN(3, rt, sprintf, int(char*, const char*, ...))
   ba550:	b508      	push	{r3, lr}
   ba552:	4b02      	ldr	r3, [pc, #8]	; (ba55c <sprintf+0xc>)
   ba554:	681b      	ldr	r3, [r3, #0]
   ba556:	68db      	ldr	r3, [r3, #12]
   ba558:	9301      	str	r3, [sp, #4]
   ba55a:	bd08      	pop	{r3, pc}
   ba55c:	0003021c 	.word	0x0003021c

000ba560 <snprintf>:
DYNALIB_FN(4, rt, siprintf, int(char*, const char*, ...))
DYNALIB_FN(5, rt, sscanf, int(const char*, const char*, ...))
DYNALIB_FN(6, rt, siscanf, int(const char*, const char*, ...))
DYNALIB_FN(7, rt, snprintf, int(char*, size_t, const char*, ...))
   ba560:	b508      	push	{r3, lr}
   ba562:	4b02      	ldr	r3, [pc, #8]	; (ba56c <snprintf+0xc>)
   ba564:	681b      	ldr	r3, [r3, #0]
   ba566:	69db      	ldr	r3, [r3, #28]
   ba568:	9301      	str	r3, [sp, #4]
   ba56a:	bd08      	pop	{r3, pc}
   ba56c:	0003021c 	.word	0x0003021c

000ba570 <vsnprintf>:
DYNALIB_FN(8, rt, sniprintf, int(char*, size_t, const char*, ...))
DYNALIB_FN(9, rt, vsnprintf, int(char*, size_t, const char*, va_list))
   ba570:	b508      	push	{r3, lr}
   ba572:	4b02      	ldr	r3, [pc, #8]	; (ba57c <vsnprintf+0xc>)
   ba574:	681b      	ldr	r3, [r3, #0]
   ba576:	6a5b      	ldr	r3, [r3, #36]	; 0x24
   ba578:	9301      	str	r3, [sp, #4]
   ba57a:	bd08      	pop	{r3, pc}
   ba57c:	0003021c 	.word	0x0003021c

000ba580 <abort>:
DYNALIB_FN(10, rt, vsniprintf, int(char*, size_t, const char*, va_list))
DYNALIB_FN(11, rt, abort, void(void))
   ba580:	b508      	push	{r3, lr}
   ba582:	4b02      	ldr	r3, [pc, #8]	; (ba58c <abort+0xc>)
   ba584:	681b      	ldr	r3, [r3, #0]
   ba586:	6adb      	ldr	r3, [r3, #44]	; 0x2c
   ba588:	9301      	str	r3, [sp, #4]
   ba58a:	bd08      	pop	{r3, pc}
   ba58c:	0003021c 	.word	0x0003021c

000ba590 <_malloc_r>:
DYNALIB_FN(12, rt, _malloc_r, void*(struct _reent*, size_t))
   ba590:	b508      	push	{r3, lr}
   ba592:	4b02      	ldr	r3, [pc, #8]	; (ba59c <_malloc_r+0xc>)
   ba594:	681b      	ldr	r3, [r3, #0]
   ba596:	6b1b      	ldr	r3, [r3, #48]	; 0x30
   ba598:	9301      	str	r3, [sp, #4]
   ba59a:	bd08      	pop	{r3, pc}
   ba59c:	0003021c 	.word	0x0003021c

000ba5a0 <__assert_func>:
DYNALIB_FN(13, rt, _free_r, void(struct _reent*, void*))
DYNALIB_FN(14, rt, _realloc_r, void*(struct _reent*, void*, size_t))
DYNALIB_FN(15, rt, __errno, int*())

#if defined(DYNALIB_EXPORT) || (defined(DYNALIB_IMPORT) && !defined(RT_DYNALIB_NO_DEPENDENCY_BREAKING_IMPORTS))
DYNALIB_FN(16, rt, __assert_func, void(const char*, int, const char*, const char*))
   ba5a0:	b508      	push	{r3, lr}
   ba5a2:	4b02      	ldr	r3, [pc, #8]	; (ba5ac <__assert_func+0xc>)
   ba5a4:	681b      	ldr	r3, [r3, #0]
   ba5a6:	6c1b      	ldr	r3, [r3, #64]	; 0x40
   ba5a8:	9301      	str	r3, [sp, #4]
   ba5aa:	bd08      	pop	{r3, pc}
   ba5ac:	0003021c 	.word	0x0003021c

000ba5b0 <newlib_impure_ptr_callback>:
DYNALIB_FN(17, rt, newlib_impure_ptr_callback, void(void (*)(struct _reent*, size_t, uint32_t, void*), void*))
   ba5b0:	b508      	push	{r3, lr}
   ba5b2:	4b02      	ldr	r3, [pc, #8]	; (ba5bc <newlib_impure_ptr_callback+0xc>)
   ba5b4:	681b      	ldr	r3, [r3, #0]
   ba5b6:	6c5b      	ldr	r3, [r3, #68]	; 0x44
   ba5b8:	9301      	str	r3, [sp, #4]
   ba5ba:	bd08      	pop	{r3, pc}
   ba5bc:	0003021c 	.word	0x0003021c

000ba5c0 <_ZN5spark13EthernetClass9listeningEv>:
    uint16_t getListenTimeout(void) {
        return network_get_listen_timeout(*this, 0, NULL);
    }

    bool listening(void) {
        return network_listening(*this, 0, NULL);
   ba5c0:	2200      	movs	r2, #0
   ba5c2:	6840      	ldr	r0, [r0, #4]
   ba5c4:	4611      	mov	r1, r2
   ba5c6:	f7ff bf63 	b.w	ba490 <network_listening>

000ba5ca <_ZN5spark13EthernetClass16getListenTimeoutEv>:
        return network_get_listen_timeout(*this, 0, NULL);
   ba5ca:	2200      	movs	r2, #0
   ba5cc:	6840      	ldr	r0, [r0, #4]
   ba5ce:	4611      	mov	r1, r2
   ba5d0:	f7ff bf6e 	b.w	ba4b0 <network_get_listen_timeout>

000ba5d4 <_ZN5spark13EthernetClass16setListenTimeoutEt>:
        network_set_listen_timeout(*this, timeout, NULL);
   ba5d4:	6840      	ldr	r0, [r0, #4]
   ba5d6:	2200      	movs	r2, #0
   ba5d8:	f7ff bf62 	b.w	ba4a0 <network_set_listen_timeout>

000ba5dc <_ZN5spark13EthernetClass6listenEb>:
        network_listen(*this, begin ? 0 : 1, NULL);
   ba5dc:	6840      	ldr	r0, [r0, #4]
   ba5de:	2200      	movs	r2, #0
   ba5e0:	f081 0101 	eor.w	r1, r1, #1
   ba5e4:	f7ff bf4c 	b.w	ba480 <network_listen>

000ba5e8 <_ZN5spark13EthernetClass3offEv>:
        network_off(*this, 0, 0, NULL);
   ba5e8:	2300      	movs	r3, #0
   ba5ea:	6840      	ldr	r0, [r0, #4]
   ba5ec:	461a      	mov	r2, r3
   ba5ee:	4619      	mov	r1, r3
   ba5f0:	f7ff bf3e 	b.w	ba470 <network_off>

000ba5f4 <_ZN5spark13EthernetClass2onEv>:
        network_on(*this, 0, 0, NULL);
   ba5f4:	2300      	movs	r3, #0
   ba5f6:	6840      	ldr	r0, [r0, #4]
   ba5f8:	461a      	mov	r2, r3
   ba5fa:	4619      	mov	r1, r3
   ba5fc:	f7ff bf30 	b.w	ba460 <network_on>

000ba600 <_ZN5spark13EthernetClass5readyEv>:
    }

    bool ready() {
        return network_ready(*this, 0,  NULL);
   ba600:	2200      	movs	r2, #0
   ba602:	6840      	ldr	r0, [r0, #4]
   ba604:	4611      	mov	r1, r2
   ba606:	f7ff bf23 	b.w	ba450 <network_ready>

000ba60a <_ZN5spark13EthernetClass10connectingEv>:
        return network_connecting(*this, 0, NULL);
   ba60a:	2200      	movs	r2, #0
   ba60c:	6840      	ldr	r0, [r0, #4]
   ba60e:	4611      	mov	r1, r2
   ba610:	f7ff bf0e 	b.w	ba430 <network_connecting>

000ba614 <_ZN5spark13EthernetClass10disconnectEv>:
        network_disconnect(*this, NETWORK_DISCONNECT_REASON_USER, NULL);
   ba614:	6840      	ldr	r0, [r0, #4]
   ba616:	2200      	movs	r2, #0
   ba618:	2102      	movs	r1, #2
   ba61a:	f7ff bf11 	b.w	ba440 <network_disconnect>

000ba61e <_ZN5spark13EthernetClass7connectEj>:
        network_connect(*this, flags, 0, NULL);
   ba61e:	2300      	movs	r3, #0
   ba620:	6840      	ldr	r0, [r0, #4]
   ba622:	461a      	mov	r2, r3
   ba624:	f7ff befc 	b.w	ba420 <network_connect>

000ba628 <_GLOBAL__sub_I__ZN5spark8EthernetE>:
    static NetworkClass& from(network_interface_t nif);

    virtual IPAddress resolve(const char* name);

    explicit NetworkClass(network_interface_t iface)
            : iface_(iface) {
   ba628:	4b02      	ldr	r3, [pc, #8]	; (ba634 <_GLOBAL__sub_I__ZN5spark8EthernetE+0xc>)
   ba62a:	2203      	movs	r2, #3
   ba62c:	605a      	str	r2, [r3, #4]
            NetworkClass(NETWORK_INTERFACE_ETHERNET) {
   ba62e:	4a02      	ldr	r2, [pc, #8]	; (ba638 <_GLOBAL__sub_I__ZN5spark8EthernetE+0x10>)
   ba630:	601a      	str	r2, [r3, #0]

namespace spark {

EthernetClass Ethernet;

} // spark
   ba632:	4770      	bx	lr
   ba634:	2003e68c 	.word	0x2003e68c
   ba638:	000bbfbc 	.word	0x000bbfbc

000ba63c <_ZNSt14__shared_countILN9__gnu_cxx12_Lock_policyE0EED1Ev>:
      ~__shared_count() noexcept
   ba63c:	b538      	push	{r3, r4, r5, lr}
	if (_M_pi != nullptr)
   ba63e:	6804      	ldr	r4, [r0, #0]
      ~__shared_count() noexcept
   ba640:	4605      	mov	r5, r0
	if (_M_pi != nullptr)
   ba642:	b17c      	cbz	r4, ba664 <_ZNSt14__shared_countILN9__gnu_cxx12_Lock_policyE0EED1Ev+0x28>
      if (--_M_use_count == 0)
   ba644:	6863      	ldr	r3, [r4, #4]
   ba646:	3b01      	subs	r3, #1
   ba648:	6063      	str	r3, [r4, #4]
   ba64a:	b95b      	cbnz	r3, ba664 <_ZNSt14__shared_countILN9__gnu_cxx12_Lock_policyE0EED1Ev+0x28>
          _M_dispose();
   ba64c:	6823      	ldr	r3, [r4, #0]
   ba64e:	4620      	mov	r0, r4
   ba650:	689b      	ldr	r3, [r3, #8]
   ba652:	4798      	blx	r3
          if (--_M_weak_count == 0)
   ba654:	68a3      	ldr	r3, [r4, #8]
   ba656:	3b01      	subs	r3, #1
   ba658:	60a3      	str	r3, [r4, #8]
   ba65a:	b91b      	cbnz	r3, ba664 <_ZNSt14__shared_countILN9__gnu_cxx12_Lock_policyE0EED1Ev+0x28>
            _M_destroy();
   ba65c:	6823      	ldr	r3, [r4, #0]
   ba65e:	4620      	mov	r0, r4
   ba660:	68db      	ldr	r3, [r3, #12]
   ba662:	4798      	blx	r3
	  _M_pi->_M_release();
      }
   ba664:	4628      	mov	r0, r5
   ba666:	bd38      	pop	{r3, r4, r5, pc}

000ba668 <_ZN8SPIClass6unlockEv.isra.0>:
  }

  void unlock()
  {
#if HAL_PLATFORM_SPI_HAL_THREAD_SAFETY
    hal_spi_release(_spi, nullptr);
   ba668:	2100      	movs	r1, #0
   ba66a:	f7ff be65 	b.w	ba338 <hal_spi_release>

000ba66e <_ZN8SPIClass4lockEv.isra.0>:
    return hal_spi_acquire(_spi, nullptr);
   ba66e:	2100      	movs	r1, #0
   ba670:	f7ff be5a 	b.w	ba328 <hal_spi_acquire>

000ba674 <_ZN8SPIClassC1E19hal_spi_interface_t>:
    }
    return particle::SPISettings(info->clock, info->bit_order, info->data_mode);
}
} // namespace

SPIClass::SPIClass(hal_spi_interface_t spi)
   ba674:	b510      	push	{r4, lr}
   ba676:	4604      	mov	r4, r0
   ba678:	4608      	mov	r0, r1
{
    _spi = spi;
   ba67a:	7021      	strb	r1, [r4, #0]
    hal_spi_init(_spi);
   ba67c:	f7ff fe24 	bl	ba2c8 <hal_spi_init>
    _dividerReference = SPI_CLK_SYSTEM; // 0 indicates the system clock
   ba680:	2300      	movs	r3, #0
   ba682:	6063      	str	r3, [r4, #4]
}
   ba684:	4620      	mov	r0, r4
   ba686:	bd10      	pop	{r4, pc}

000ba688 <_ZN8SPIClass5beginEv>:

void SPIClass::begin()
{
   ba688:	b513      	push	{r0, r1, r4, lr}
   ba68a:	4604      	mov	r4, r0
    // TODO: Fetch default pin from HAL
    if (!lock())
   ba68c:	7800      	ldrb	r0, [r0, #0]
   ba68e:	f7ff ffee 	bl	ba66e <_ZN8SPIClass4lockEv.isra.0>
   ba692:	b958      	cbnz	r0, ba6ac <_ZN8SPIClass5beginEv+0x24>
   ba694:	7820      	ldrb	r0, [r4, #0]
    {
        hal_spi_begin(_spi, SPI_DEFAULT_SS);
   ba696:	9001      	str	r0, [sp, #4]
   ba698:	f64f 71ff 	movw	r1, #65535	; 0xffff
   ba69c:	f7ff fe04 	bl	ba2a8 <hal_spi_begin>
        unlock();
   ba6a0:	9801      	ldr	r0, [sp, #4]
    }
}
   ba6a2:	b002      	add	sp, #8
   ba6a4:	e8bd 4010 	ldmia.w	sp!, {r4, lr}
   ba6a8:	f7ff bfde 	b.w	ba668 <_ZN8SPIClass6unlockEv.isra.0>
   ba6ac:	b002      	add	sp, #8
   ba6ae:	bd10      	pop	{r4, pc}

000ba6b0 <_ZN8SPIClass14endTransactionEv>:
}

void SPIClass::endTransaction()
{
    // Release peripheral
    unlock();
   ba6b0:	7800      	ldrb	r0, [r0, #0]
   ba6b2:	f7ff bfd9 	b.w	ba668 <_ZN8SPIClass6unlockEv.isra.0>
	...

000ba6b8 <_ZN8SPIClass19computeClockDividerEjjRhRj>:
void SPIClass::computeClockDivider(unsigned reference, unsigned targetSpeed, uint8_t& divider,
                                   unsigned& clock)
{
    clock = reference;
    uint8_t scale = 0;
    clock >>= 1; // div2 is the first
   ba6b8:	0840      	lsrs	r0, r0, #1
{
   ba6ba:	b530      	push	{r4, r5, lr}
    clock >>= 1; // div2 is the first
   ba6bc:	6018      	str	r0, [r3, #0]
   ba6be:	2400      	movs	r4, #0
    while (clock > targetSpeed && scale < 7)
   ba6c0:	6818      	ldr	r0, [r3, #0]
   ba6c2:	4288      	cmp	r0, r1
   ba6c4:	b2e5      	uxtb	r5, r4
   ba6c6:	d906      	bls.n	ba6d6 <_ZN8SPIClass19computeClockDividerEjjRhRj+0x1e>
   ba6c8:	3401      	adds	r4, #1
   ba6ca:	2c08      	cmp	r4, #8
   ba6cc:	d002      	beq.n	ba6d4 <_ZN8SPIClass19computeClockDividerEjjRhRj+0x1c>
    {
        clock >>= 1;
   ba6ce:	0840      	lsrs	r0, r0, #1
   ba6d0:	6018      	str	r0, [r3, #0]
    while (clock > targetSpeed && scale < 7)
   ba6d2:	e7f5      	b.n	ba6c0 <_ZN8SPIClass19computeClockDividerEjjRhRj+0x8>
   ba6d4:	2507      	movs	r5, #7
        scale++;
    }
    divider = clock_divisors[scale];
   ba6d6:	4b02      	ldr	r3, [pc, #8]	; (ba6e0 <_ZN8SPIClass19computeClockDividerEjjRhRj+0x28>)
   ba6d8:	5d5b      	ldrb	r3, [r3, r5]
   ba6da:	7013      	strb	r3, [r2, #0]
}
   ba6dc:	bd30      	pop	{r4, r5, pc}
   ba6de:	bf00      	nop
   ba6e0:	000bbff8 	.word	0x000bbff8

000ba6e4 <_ZN8SPIClass16beginTransactionERKN8particle11SPISettingsE>:
{
   ba6e4:	e92d 43f0 	stmdb	sp!, {r4, r5, r6, r7, r8, r9, lr}
   ba6e8:	4606      	mov	r6, r0
   ba6ea:	b08f      	sub	sp, #60	; 0x3c
    CHECK(lock());
   ba6ec:	7800      	ldrb	r0, [r0, #0]
{
   ba6ee:	460c      	mov	r4, r1
    CHECK(lock());
   ba6f0:	f7ff ffbd 	bl	ba66e <_ZN8SPIClass4lockEv.isra.0>
   ba6f4:	2800      	cmp	r0, #0
   ba6f6:	db1b      	blt.n	ba730 <_ZN8SPIClass16beginTransactionERKN8particle11SPISettingsE+0x4c>
    querySpiInfo(_spi, &spi_info);
   ba6f8:	7835      	ldrb	r5, [r6, #0]
    memset(info, 0, sizeof(hal_spi_info_t));
   ba6fa:	2214      	movs	r2, #20
   ba6fc:	2100      	movs	r1, #0
   ba6fe:	a809      	add	r0, sp, #36	; 0x24
   ba700:	f001 f92d 	bl	bb95e <memset>
    info->version = HAL_SPI_INFO_VERSION_1;
   ba704:	230b      	movs	r3, #11
    hal_spi_info(spi, info, nullptr);
   ba706:	2200      	movs	r2, #0
   ba708:	a909      	add	r1, sp, #36	; 0x24
   ba70a:	4628      	mov	r0, r5
    info->version = HAL_SPI_INFO_VERSION_1;
   ba70c:	f8ad 3024 	strh.w	r3, [sp, #36]	; 0x24
    hal_spi_info(spi, info, nullptr);
   ba710:	f7ff fdea 	bl	ba2e8 <hal_spi_info>
    if (!info || !info->enabled || info->default_settings)
   ba714:	f89d 302d 	ldrb.w	r3, [sp, #45]	; 0x2d
   ba718:	b113      	cbz	r3, ba720 <_ZN8SPIClass16beginTransactionERKN8particle11SPISettingsE+0x3c>
   ba71a:	f89d 502c 	ldrb.w	r5, [sp, #44]	; 0x2c
   ba71e:	b155      	cbz	r5, ba736 <_ZN8SPIClass16beginTransactionERKN8particle11SPISettingsE+0x52>
  {
   ba720:	2700      	movs	r7, #0
   ba722:	46b9      	mov	r9, r7
   ba724:	46b8      	mov	r8, r7
   ba726:	2501      	movs	r5, #1
    if (default_ && other.default_)
   ba728:	7923      	ldrb	r3, [r4, #4]
   ba72a:	b15d      	cbz	r5, ba744 <_ZN8SPIClass16beginTransactionERKN8particle11SPISettingsE+0x60>
   ba72c:	b1c3      	cbz	r3, ba760 <_ZN8SPIClass16beginTransactionERKN8particle11SPISettingsE+0x7c>
    return 0;
   ba72e:	2000      	movs	r0, #0
}
   ba730:	b00f      	add	sp, #60	; 0x3c
   ba732:	e8bd 83f0 	ldmia.w	sp!, {r4, r5, r6, r7, r8, r9, pc}
    return particle::SPISettings(info->clock, info->bit_order, info->data_mode);
   ba736:	f8dd 8030 	ldr.w	r8, [sp, #48]	; 0x30
   ba73a:	f89d 9034 	ldrb.w	r9, [sp, #52]	; 0x34
   ba73e:	f89d 7035 	ldrb.w	r7, [sp, #53]	; 0x35
  }
   ba742:	e7f1      	b.n	ba728 <_ZN8SPIClass16beginTransactionERKN8particle11SPISettingsE+0x44>
    if (default_ == other.default_ &&
   ba744:	2b00      	cmp	r3, #0
   ba746:	d135      	bne.n	ba7b4 <_ZN8SPIClass16beginTransactionERKN8particle11SPISettingsE+0xd0>
   ba748:	68a3      	ldr	r3, [r4, #8]
   ba74a:	4543      	cmp	r3, r8
   ba74c:	d108      	bne.n	ba760 <_ZN8SPIClass16beginTransactionERKN8particle11SPISettingsE+0x7c>
        bitOrder_ == other.bitOrder_ &&
   ba74e:	f88d 9020 	strb.w	r9, [sp, #32]
   ba752:	f88d 7021 	strb.w	r7, [sp, #33]	; 0x21
   ba756:	f8bd 2020 	ldrh.w	r2, [sp, #32]
   ba75a:	89a3      	ldrh	r3, [r4, #12]
   ba75c:	429a      	cmp	r2, r3
   ba75e:	d0e6      	beq.n	ba72e <_ZN8SPIClass16beginTransactionERKN8particle11SPISettingsE+0x4a>
            uint8_t divisor = 0;
   ba760:	2300      	movs	r3, #0
            computeClockDivider((unsigned int)spi_info.system_clock, settings.clock_, divisor,
   ba762:	68a1      	ldr	r1, [r4, #8]
            uint8_t divisor = 0;
   ba764:	f88d 300f 	strb.w	r3, [sp, #15]
            computeClockDivider((unsigned int)spi_info.system_clock, settings.clock_, divisor,
   ba768:	980a      	ldr	r0, [sp, #40]	; 0x28
   ba76a:	ab04      	add	r3, sp, #16
   ba76c:	f10d 020f 	add.w	r2, sp, #15
   ba770:	f7ff ffa2 	bl	ba6b8 <_ZN8SPIClass19computeClockDividerEjjRhRj>
    if (default_ && other.default_)
   ba774:	7921      	ldrb	r1, [r4, #4]
   ba776:	b985      	cbnz	r5, ba79a <_ZN8SPIClass16beginTransactionERKN8particle11SPISettingsE+0xb6>
    if (default_ == other.default_ &&
   ba778:	b989      	cbnz	r1, ba79e <_ZN8SPIClass16beginTransactionERKN8particle11SPISettingsE+0xba>
   ba77a:	68a3      	ldr	r3, [r4, #8]
   ba77c:	4543      	cmp	r3, r8
   ba77e:	d30e      	bcc.n	ba79e <_ZN8SPIClass16beginTransactionERKN8particle11SPISettingsE+0xba>
        bitOrder_ == other.bitOrder_ &&
   ba780:	f88d 9020 	strb.w	r9, [sp, #32]
   ba784:	f88d 7021 	strb.w	r7, [sp, #33]	; 0x21
   ba788:	f8bd 2020 	ldrh.w	r2, [sp, #32]
   ba78c:	89a3      	ldrh	r3, [r4, #12]
   ba78e:	429a      	cmp	r2, r3
   ba790:	d105      	bne.n	ba79e <_ZN8SPIClass16beginTransactionERKN8particle11SPISettingsE+0xba>
            if (!(spi_settings <= settings && clock == spi_settings.clock_))
   ba792:	9b04      	ldr	r3, [sp, #16]
   ba794:	4543      	cmp	r3, r8
   ba796:	d102      	bne.n	ba79e <_ZN8SPIClass16beginTransactionERKN8particle11SPISettingsE+0xba>
   ba798:	e7c9      	b.n	ba72e <_ZN8SPIClass16beginTransactionERKN8particle11SPISettingsE+0x4a>
    if (default_ && other.default_)
   ba79a:	2900      	cmp	r1, #0
   ba79c:	d1f9      	bne.n	ba792 <_ZN8SPIClass16beginTransactionERKN8particle11SPISettingsE+0xae>
                hal_spi_set_settings(_spi, settings.default_, divisor, settings.bitOrder_,
   ba79e:	2300      	movs	r3, #0
   ba7a0:	9301      	str	r3, [sp, #4]
   ba7a2:	7b63      	ldrb	r3, [r4, #13]
   ba7a4:	9300      	str	r3, [sp, #0]
   ba7a6:	f89d 200f 	ldrb.w	r2, [sp, #15]
   ba7aa:	7b23      	ldrb	r3, [r4, #12]
            hal_spi_set_settings(_spi, settings.default_, 0, 0, 0, nullptr);
   ba7ac:	7830      	ldrb	r0, [r6, #0]
   ba7ae:	f7ff fdb3 	bl	ba318 <hal_spi_set_settings>
   ba7b2:	e7bc      	b.n	ba72e <_ZN8SPIClass16beginTransactionERKN8particle11SPISettingsE+0x4a>
   ba7b4:	e9cd 5500 	strd	r5, r5, [sp]
   ba7b8:	462b      	mov	r3, r5
   ba7ba:	462a      	mov	r2, r5
   ba7bc:	2101      	movs	r1, #1
   ba7be:	e7f5      	b.n	ba7ac <_ZN8SPIClass16beginTransactionERKN8particle11SPISettingsE+0xc8>

000ba7c0 <_ZN8SPIClass8transferEh>:

    return clock;
}

byte SPIClass::transfer(byte _data)
{
   ba7c0:	b508      	push	{r3, lr}
    return static_cast<byte>(hal_spi_transfer(_spi, _data));
   ba7c2:	7800      	ldrb	r0, [r0, #0]
   ba7c4:	f7ff fd78 	bl	ba2b8 <hal_spi_transfer>
}
   ba7c8:	b2c0      	uxtb	r0, r0
   ba7ca:	bd08      	pop	{r3, pc}

000ba7cc <_ZN8SPIClass8transferEPKvPvjPFvvE>:

void SPIClass::transfer(const void* tx_buffer, void* rx_buffer, size_t length,
                        wiring_spi_dma_transfercomplete_callback_t user_callback)
{
   ba7cc:	b530      	push	{r4, r5, lr}
   ba7ce:	b087      	sub	sp, #28
   ba7d0:	4604      	mov	r4, r0
   ba7d2:	9d0a      	ldr	r5, [sp, #40]	; 0x28
    hal_spi_transfer_dma(_spi, tx_buffer, rx_buffer, length, user_callback);
   ba7d4:	9500      	str	r5, [sp, #0]
   ba7d6:	7800      	ldrb	r0, [r0, #0]
   ba7d8:	f7ff fd8e 	bl	ba2f8 <hal_spi_transfer_dma>
    if (user_callback == NULL)
   ba7dc:	b93d      	cbnz	r5, ba7ee <_ZN8SPIClass8transferEPKvPvjPFvvE+0x22>
    {
        hal_spi_transfer_status_t st;
        do
        {
            hal_spi_transfer_dma_status(_spi, &st);
   ba7de:	7820      	ldrb	r0, [r4, #0]
   ba7e0:	a902      	add	r1, sp, #8
   ba7e2:	f7ff fd91 	bl	ba308 <hal_spi_transfer_dma_status>
        } while (st.transfer_ongoing);
   ba7e6:	f89d 3014 	ldrb.w	r3, [sp, #20]
   ba7ea:	07db      	lsls	r3, r3, #31
   ba7ec:	d4f7      	bmi.n	ba7de <_ZN8SPIClass8transferEPKvPvjPFvvE+0x12>
    }
}
   ba7ee:	b007      	add	sp, #28
   ba7f0:	bd30      	pop	{r4, r5, pc}

000ba7f2 <_ZN8particle11TetherClass9listeningEv>:
    uint16_t getListenTimeout(void) {
        return network_get_listen_timeout(*this, 0, NULL);
    }

    bool listening(void) {
        return network_listening(*this, 0, NULL);
   ba7f2:	2200      	movs	r2, #0
   ba7f4:	6840      	ldr	r0, [r0, #4]
   ba7f6:	4611      	mov	r1, r2
   ba7f8:	f7ff be4a 	b.w	ba490 <network_listening>

000ba7fc <_ZN8particle11TetherClass16getListenTimeoutEv>:
        return network_get_listen_timeout(*this, 0, NULL);
   ba7fc:	2200      	movs	r2, #0
   ba7fe:	6840      	ldr	r0, [r0, #4]
   ba800:	4611      	mov	r1, r2
   ba802:	f7ff be55 	b.w	ba4b0 <network_get_listen_timeout>

000ba806 <_ZN8particle11TetherClass16setListenTimeoutEt>:
        network_set_listen_timeout(*this, timeout, NULL);
   ba806:	6840      	ldr	r0, [r0, #4]
   ba808:	2200      	movs	r2, #0
   ba80a:	f7ff be49 	b.w	ba4a0 <network_set_listen_timeout>

000ba80e <_ZN8particle11TetherClass6listenEb>:
        network_listen(*this, begin ? 0 : 1, NULL);
   ba80e:	6840      	ldr	r0, [r0, #4]
   ba810:	2200      	movs	r2, #0
   ba812:	f081 0101 	eor.w	r1, r1, #1
   ba816:	f7ff be33 	b.w	ba480 <network_listen>

000ba81a <_ZN8particle11TetherClass3offEv>:
        network_off(*this, 0, 0, NULL);
   ba81a:	2300      	movs	r3, #0
   ba81c:	6840      	ldr	r0, [r0, #4]
   ba81e:	461a      	mov	r2, r3
   ba820:	4619      	mov	r1, r3
   ba822:	f7ff be25 	b.w	ba470 <network_off>

000ba826 <_ZN8particle11TetherClass2onEv>:
        network_on(*this, 0, 0, NULL);
   ba826:	2300      	movs	r3, #0
   ba828:	6840      	ldr	r0, [r0, #4]
   ba82a:	461a      	mov	r2, r3
   ba82c:	4619      	mov	r1, r3
   ba82e:	f7ff be17 	b.w	ba460 <network_on>

000ba832 <_ZN8particle11TetherClass5readyEv>:
    }

    bool ready() {
        return network_ready(*this, 0,  NULL);
   ba832:	2200      	movs	r2, #0
   ba834:	6840      	ldr	r0, [r0, #4]
   ba836:	4611      	mov	r1, r2
   ba838:	f7ff be0a 	b.w	ba450 <network_ready>

000ba83c <_ZN8particle11TetherClass10connectingEv>:
        return network_connecting(*this, 0, NULL);
   ba83c:	2200      	movs	r2, #0
   ba83e:	6840      	ldr	r0, [r0, #4]
   ba840:	4611      	mov	r1, r2
   ba842:	f7ff bdf5 	b.w	ba430 <network_connecting>

000ba846 <_ZN8particle11TetherClass10disconnectEv>:
        network_disconnect(*this, NETWORK_DISCONNECT_REASON_USER, NULL);
   ba846:	6840      	ldr	r0, [r0, #4]
   ba848:	2200      	movs	r2, #0
   ba84a:	2102      	movs	r1, #2
   ba84c:	f7ff bdf8 	b.w	ba440 <network_disconnect>

000ba850 <_ZN8particle11TetherClass7connectEj>:
        network_connect(*this, flags, 0, NULL);
   ba850:	2300      	movs	r3, #0
   ba852:	6840      	ldr	r0, [r0, #4]
   ba854:	461a      	mov	r2, r3
   ba856:	f7ff bde3 	b.w	ba420 <network_connect>
	...

000ba85c <_GLOBAL__sub_I__ZN8particle6TetherE>:
   ba85c:	4b02      	ldr	r3, [pc, #8]	; (ba868 <_GLOBAL__sub_I__ZN8particle6TetherE+0xc>)
   ba85e:	2206      	movs	r2, #6
   ba860:	605a      	str	r2, [r3, #4]
            NetworkClass(NETWORK_INTERFACE_PPP_SERVER) {
   ba862:	4a02      	ldr	r2, [pc, #8]	; (ba86c <_GLOBAL__sub_I__ZN8particle6TetherE+0x10>)
   ba864:	601a      	str	r2, [r3, #0]
        return if_request(iface, IF_REQ_DRIVER_SPECIFIC, &settings, sizeof(settings), nullptr);
    }
    return SYSTEM_ERROR_NOT_FOUND;
}

} // spark
   ba866:	4770      	bx	lr
   ba868:	2003e694 	.word	0x2003e694
   ba86c:	000bc008 	.word	0x000bc008

000ba870 <_ZNSt14_Function_baseD1Ev>:
	{ __functor._M_access<_Functor*>() = new _Functor(std::move(__f)); }
      };

    _Function_base() : _M_manager(nullptr) { }

    ~_Function_base()
   ba870:	b510      	push	{r4, lr}
    {
      if (_M_manager)
   ba872:	6883      	ldr	r3, [r0, #8]
    ~_Function_base()
   ba874:	4604      	mov	r4, r0
      if (_M_manager)
   ba876:	b113      	cbz	r3, ba87e <_ZNSt14_Function_baseD1Ev+0xe>
	_M_manager(_M_functor, _M_functor, __destroy_functor);
   ba878:	2203      	movs	r2, #3
   ba87a:	4601      	mov	r1, r0
   ba87c:	4798      	blx	r3
    }
   ba87e:	4620      	mov	r0, r4
   ba880:	bd10      	pop	{r4, pc}
	...

000ba884 <_GLOBAL__sub_I_System>:
} // namespace particle

// particle::Flag<TagT, ValueT>
template<typename TagT, typename ValueT>
inline particle::Flag<TagT, ValueT>::Flag(ValueT val) :
        val_(val) {
   ba884:	4b05      	ldr	r3, [pc, #20]	; (ba89c <_GLOBAL__sub_I_System+0x18>)
   ba886:	2202      	movs	r2, #2
   ba888:	601a      	str	r2, [r3, #0]

class SystemSleepResult {
public:
    SystemSleepResult()
            : wakeupSource_(nullptr),
              error_(SYSTEM_ERROR_NONE) {
   ba88a:	4b05      	ldr	r3, [pc, #20]	; (ba8a0 <_GLOBAL__sub_I_System+0x1c>)
    SleepResult() {}
   ba88c:	4a05      	ldr	r2, [pc, #20]	; (ba8a4 <_GLOBAL__sub_I_System+0x20>)
   ba88e:	609a      	str	r2, [r3, #8]
              error_(SYSTEM_ERROR_NONE) {
   ba890:	2000      	movs	r0, #0
   ba892:	e9c3 0000 	strd	r0, r0, [r3]

class SystemClass {
public:

    SystemClass(System_Mode_TypeDef mode = DEFAULT) {
        set_system_mode(mode);
   ba896:	f7ff bd8f 	b.w	ba3b8 <set_system_mode>
   ba89a:	bf00      	nop
   ba89c:	2003e6a8 	.word	0x2003e6a8
   ba8a0:	2003e69c 	.word	0x2003e69c
   ba8a4:	ffff0000 	.word	0xffff0000

000ba8a8 <_ZSt4swapISt9_Any_dataENSt9enable_ifIXsrSt6__and_IJSt6__not_ISt15__is_tuple_likeIT_EESt21is_move_constructibleIS5_ESt18is_move_assignableIS5_EEE5valueEvE4typeERS5_SF_>:
			      is_move_constructible<_Tp>,
			      is_move_assignable<_Tp>>::value>::type
#else
    void
#endif
    swap(_Tp& __a, _Tp& __b)
   ba8a8:	b513      	push	{r0, r1, r4, lr}
   ba8aa:	460b      	mov	r3, r1
   ba8ac:	4602      	mov	r2, r0
    {
#if __cplusplus < 201103L
      // concept requirements
      __glibcxx_function_requires(_SGIAssignableConcept<_Tp>)
#endif
      _Tp __tmp = _GLIBCXX_MOVE(__a);
   ba8ae:	e9d0 0100 	ldrd	r0, r1, [r0]
   ba8b2:	466c      	mov	r4, sp
   ba8b4:	e884 0003 	stmia.w	r4, {r0, r1}
      __a = _GLIBCXX_MOVE(__b);
   ba8b8:	e893 0003 	ldmia.w	r3, {r0, r1}
   ba8bc:	e882 0003 	stmia.w	r2, {r0, r1}
      __b = _GLIBCXX_MOVE(__tmp);
   ba8c0:	e894 0003 	ldmia.w	r4, {r0, r1}
   ba8c4:	e883 0003 	stmia.w	r3, {r0, r1}
    }
   ba8c8:	b002      	add	sp, #8
   ba8ca:	bd10      	pop	{r4, pc}

000ba8cc <_GLOBAL__sub_I__ZN8particle3ble13WiringBleLock6mutex_E>:
    /**
     * Creates a shared mutex.
     */
    RecursiveMutex(os_mutex_recursive_t handle) : handle_(handle) {}

    RecursiveMutex() : handle_(nullptr)
   ba8cc:	4802      	ldr	r0, [pc, #8]	; (ba8d8 <_GLOBAL__sub_I__ZN8particle3ble13WiringBleLock6mutex_E+0xc>)
   ba8ce:	2300      	movs	r3, #0
   ba8d0:	6003      	str	r3, [r0, #0]
    {
        os_mutex_recursive_create(&handle_);
   ba8d2:	f7ff bc41 	b.w	ba158 <os_mutex_recursive_create>
   ba8d6:	bf00      	nop
   ba8d8:	2003e6ac 	.word	0x2003e6ac

000ba8dc <_ZN5Print5writeEPKhj>:

// Public Methods //////////////////////////////////////////////////////////////

/* default implementation: may be overridden */
size_t Print::write(const uint8_t *buffer, size_t size)
{
   ba8dc:	b5f8      	push	{r3, r4, r5, r6, r7, lr}
   ba8de:	4606      	mov	r6, r0
   ba8e0:	460d      	mov	r5, r1
  size_t n = 0;
   ba8e2:	188f      	adds	r7, r1, r2
   ba8e4:	2400      	movs	r4, #0
  while (size--) {
   ba8e6:	42bd      	cmp	r5, r7
   ba8e8:	d00c      	beq.n	ba904 <_ZN5Print5writeEPKhj+0x28>
     int chunk = write(*buffer++);
   ba8ea:	6833      	ldr	r3, [r6, #0]
   ba8ec:	f815 1b01 	ldrb.w	r1, [r5], #1
   ba8f0:	689b      	ldr	r3, [r3, #8]
   ba8f2:	4630      	mov	r0, r6
   ba8f4:	4798      	blx	r3
     if (chunk>=0)
   ba8f6:	1e03      	subs	r3, r0, #0
   ba8f8:	db01      	blt.n	ba8fe <_ZN5Print5writeEPKhj+0x22>
         n += chunk;
   ba8fa:	441c      	add	r4, r3
  while (size--) {
   ba8fc:	e7f3      	b.n	ba8e6 <_ZN5Print5writeEPKhj+0xa>
     int chunk = write(*buffer++);
   ba8fe:	2c00      	cmp	r4, #0
   ba900:	bf08      	it	eq
   ba902:	461c      	moveq	r4, r3
             n = chunk;
         break;
     }
  }
  return n;
}
   ba904:	4620      	mov	r0, r4
   ba906:	bdf8      	pop	{r3, r4, r5, r6, r7, pc}

000ba908 <_ZN5Print5writeEPKc>:

    int getWriteError() const { return write_error; }
    void clearWriteError() { setWriteError(0); }

    virtual size_t write(uint8_t) = 0;
    size_t write(const char *str) {
   ba908:	b513      	push	{r0, r1, r4, lr}
   ba90a:	4604      	mov	r4, r0
      if (str == NULL) return 0;
      return write((const uint8_t *)str, strlen(str));
    }
   ba90c:	4608      	mov	r0, r1
      if (str == NULL) return 0;
   ba90e:	b159      	cbz	r1, ba928 <_ZN5Print5writeEPKc+0x20>
      return write((const uint8_t *)str, strlen(str));
   ba910:	9101      	str	r1, [sp, #4]
   ba912:	f7fa f837 	bl	b4984 <strlen>
   ba916:	6823      	ldr	r3, [r4, #0]
   ba918:	9901      	ldr	r1, [sp, #4]
   ba91a:	68db      	ldr	r3, [r3, #12]
   ba91c:	4602      	mov	r2, r0
   ba91e:	4620      	mov	r0, r4
    }
   ba920:	b002      	add	sp, #8
   ba922:	e8bd 4010 	ldmia.w	sp!, {r4, lr}
      return write((const uint8_t *)str, strlen(str));
   ba926:	4718      	bx	r3
    }
   ba928:	b002      	add	sp, #8
   ba92a:	bd10      	pop	{r4, pc}

000ba92c <_ZN5Print5printEPKc>:

size_t Print::print(const char str[])
{
   ba92c:	b508      	push	{r3, lr}
  return write(str);
   ba92e:	f7ff ffeb 	bl	ba908 <_ZN5Print5writeEPKc>
}
   ba932:	bd08      	pop	{r3, pc}

000ba934 <_ZN5Print5printEc>:

size_t Print::print(char c)
{
  return write(c);
   ba934:	6803      	ldr	r3, [r0, #0]
   ba936:	689b      	ldr	r3, [r3, #8]
   ba938:	4718      	bx	r3

000ba93a <_ZN5Print5printEPK19__FlashStringHelper>:
   ba93a:	b508      	push	{r3, lr}
   ba93c:	f7ff ffe4 	bl	ba908 <_ZN5Print5writeEPKc>
   ba940:	bd08      	pop	{r3, pc}

000ba942 <_ZN5Print7printlnEv>:
{
  return print(reinterpret_cast<const char*>(str));
}

size_t Print::println(void)
{
   ba942:	b538      	push	{r3, r4, r5, lr}
  size_t n = print('\r');
   ba944:	210d      	movs	r1, #13
{
   ba946:	4605      	mov	r5, r0
  size_t n = print('\r');
   ba948:	f7ff fff4 	bl	ba934 <_ZN5Print5printEc>
  n += print('\n');
   ba94c:	210a      	movs	r1, #10
  size_t n = print('\r');
   ba94e:	4604      	mov	r4, r0
  n += print('\n');
   ba950:	4628      	mov	r0, r5
   ba952:	f7ff ffef 	bl	ba934 <_ZN5Print5printEc>
  return n;
}
   ba956:	4420      	add	r0, r4
   ba958:	bd38      	pop	{r3, r4, r5, pc}

000ba95a <_ZN5Print7printlnEPKc>:

size_t Print::println(const char c[])
{
   ba95a:	b538      	push	{r3, r4, r5, lr}
   ba95c:	4605      	mov	r5, r0
  return write(str);
   ba95e:	f7ff ffd3 	bl	ba908 <_ZN5Print5writeEPKc>
   ba962:	4604      	mov	r4, r0
  size_t n = print(c);
  n += println();
   ba964:	4628      	mov	r0, r5
   ba966:	f7ff ffec 	bl	ba942 <_ZN5Print7printlnEv>
  return n;
}
   ba96a:	4420      	add	r0, r4
   ba96c:	bd38      	pop	{r3, r4, r5, pc}

000ba96e <_ZN5Print7printlnEPK19__FlashStringHelper>:
   return n;
 }

size_t Print::println(const __FlashStringHelper* str)
{
  return println(reinterpret_cast<const char*>(str));
   ba96e:	f7ff bff4 	b.w	ba95a <_ZN5Print7printlnEPKc>

000ba972 <_ZN5Print11printNumberEmh>:
}

// Private Methods /////////////////////////////////////////////////////////////

size_t Print::printNumber(unsigned long n, uint8_t base) {
   ba972:	b530      	push	{r4, r5, lr}
   ba974:	b08b      	sub	sp, #44	; 0x2c
  char buf[8 * sizeof(n) + 1]; // Assumes 8-bit chars plus zero byte.
  char *str = &buf[sizeof(buf) - 1];

  *str = '\0';
   ba976:	2300      	movs	r3, #0

  // prevent crash if called with base == 1
  if (base < 2) base = 10;
   ba978:	2a01      	cmp	r2, #1
  *str = '\0';
   ba97a:	f88d 3024 	strb.w	r3, [sp, #36]	; 0x24
  if (base < 2) base = 10;
   ba97e:	bf98      	it	ls
   ba980:	220a      	movls	r2, #10
   ba982:	ac09      	add	r4, sp, #36	; 0x24

  do {
   decltype(n) m = n;
   n /= base;
   ba984:	460d      	mov	r5, r1
   ba986:	fbb1 f1f2 	udiv	r1, r1, r2
   char c = m - base * n;
   ba98a:	fb01 5312 	mls	r3, r1, r2, r5
   ba98e:	f003 03ff 	and.w	r3, r3, #255	; 0xff
   *--str = c < 10 ? c + '0' : c + 'A' - 10;
   ba992:	2b09      	cmp	r3, #9
   ba994:	bf94      	ite	ls
   ba996:	3330      	addls	r3, #48	; 0x30
   ba998:	3337      	addhi	r3, #55	; 0x37
   ba99a:	b2db      	uxtb	r3, r3
  } while(n);
   ba99c:	42aa      	cmp	r2, r5
   *--str = c < 10 ? c + '0' : c + 'A' - 10;
   ba99e:	f804 3d01 	strb.w	r3, [r4, #-1]!
  } while(n);
   ba9a2:	d9ef      	bls.n	ba984 <_ZN5Print11printNumberEmh+0x12>

  return write(str);
   ba9a4:	4621      	mov	r1, r4
   ba9a6:	f7ff ffaf 	bl	ba908 <_ZN5Print5writeEPKc>
}
   ba9aa:	b00b      	add	sp, #44	; 0x2c
   ba9ac:	bd30      	pop	{r4, r5, pc}

000ba9ae <_ZN5Print7vprintfEbPKcSt9__va_list>:
    writeVariant(var, writer);
    return writer.bytesWritten();
}

size_t Print::vprintf(bool newline, const char* format, va_list args)
{
   ba9ae:	e92d 41f0 	stmdb	sp!, {r4, r5, r6, r7, r8, lr}
   ba9b2:	b086      	sub	sp, #24
   ba9b4:	af00      	add	r7, sp, #0
   ba9b6:	4605      	mov	r5, r0
   ba9b8:	460e      	mov	r6, r1
    const int bufsize = 20;
    char test[bufsize];
    va_list args2;
    va_copy(args2, args);
    size_t n = vsnprintf(test, bufsize, format, args);
   ba9ba:	1d38      	adds	r0, r7, #4
   ba9bc:	2114      	movs	r1, #20
{
   ba9be:	4614      	mov	r4, r2
    va_copy(args2, args);
   ba9c0:	603b      	str	r3, [r7, #0]
    size_t n = vsnprintf(test, bufsize, format, args);
   ba9c2:	f7ff fdd5 	bl	ba570 <vsnprintf>

    if (n<bufsize)
   ba9c6:	2813      	cmp	r0, #19
   ba9c8:	d80e      	bhi.n	ba9e8 <_ZN5Print7vprintfEbPKcSt9__va_list+0x3a>
  return write(str);
   ba9ca:	1d39      	adds	r1, r7, #4
   ba9cc:	4628      	mov	r0, r5
   ba9ce:	f7ff ff9b 	bl	ba908 <_ZN5Print5writeEPKc>
   ba9d2:	4604      	mov	r4, r0
    {
        char bigger[n+1];
        n = vsnprintf(bigger, n+1, format, args2);
        n = print(bigger);
    }
    if (newline)
   ba9d4:	b11e      	cbz	r6, ba9de <_ZN5Print7vprintfEbPKcSt9__va_list+0x30>
        n += println();
   ba9d6:	4628      	mov	r0, r5
   ba9d8:	f7ff ffb3 	bl	ba942 <_ZN5Print7printlnEv>
   ba9dc:	4404      	add	r4, r0

    va_end(args2);
    return n;
}
   ba9de:	4620      	mov	r0, r4
   ba9e0:	3718      	adds	r7, #24
   ba9e2:	46bd      	mov	sp, r7
   ba9e4:	e8bd 81f0 	ldmia.w	sp!, {r4, r5, r6, r7, r8, pc}
        char bigger[n+1];
   ba9e8:	f100 0308 	add.w	r3, r0, #8
   ba9ec:	f023 0307 	bic.w	r3, r3, #7
        n = print(bigger);
   ba9f0:	46e8      	mov	r8, sp
        char bigger[n+1];
   ba9f2:	ebad 0d03 	sub.w	sp, sp, r3
        n = vsnprintf(bigger, n+1, format, args2);
   ba9f6:	4622      	mov	r2, r4
   ba9f8:	1c41      	adds	r1, r0, #1
   ba9fa:	683b      	ldr	r3, [r7, #0]
   ba9fc:	4668      	mov	r0, sp
   ba9fe:	f7ff fdb7 	bl	ba570 <vsnprintf>
  return write(str);
   baa02:	4669      	mov	r1, sp
   baa04:	4628      	mov	r0, r5
   baa06:	f7ff ff7f 	bl	ba908 <_ZN5Print5writeEPKc>
   baa0a:	4604      	mov	r4, r0
   baa0c:	46c5      	mov	sp, r8
   baa0e:	e7e1      	b.n	ba9d4 <_ZN5Print7vprintfEbPKcSt9__va_list+0x26>

000baa10 <_ZN6Stream9timedReadEv>:
#define PARSE_TIMEOUT 1000  // default number of milli-seconds to wait
#define NO_SKIP_CHAR  1  // a magic char not found in a valid ASCII numeric field

// private method to read stream with timeout
int Stream::timedRead()
{
   baa10:	b510      	push	{r4, lr}
   baa12:	4604      	mov	r4, r0

#ifdef __cplusplus
extern "C" {
#endif

inline system_tick_t millis(void) { return HAL_Timer_Get_Milli_Seconds(); }
   baa14:	f7ff fb90 	bl	ba138 <HAL_Timer_Get_Milli_Seconds>
  int c;
  _startMillis = millis();
   baa18:	60e0      	str	r0, [r4, #12]
  do {
    c = read();
   baa1a:	6823      	ldr	r3, [r4, #0]
   baa1c:	4620      	mov	r0, r4
   baa1e:	695b      	ldr	r3, [r3, #20]
   baa20:	4798      	blx	r3
    if (c >= 0) return c;
   baa22:	2800      	cmp	r0, #0
   baa24:	da08      	bge.n	baa38 <_ZN6Stream9timedReadEv+0x28>
   baa26:	f7ff fb87 	bl	ba138 <HAL_Timer_Get_Milli_Seconds>
  } while(millis() - _startMillis < _timeout);
   baa2a:	68e3      	ldr	r3, [r4, #12]
   baa2c:	1ac0      	subs	r0, r0, r3
   baa2e:	68a3      	ldr	r3, [r4, #8]
   baa30:	4298      	cmp	r0, r3
   baa32:	d3f2      	bcc.n	baa1a <_ZN6Stream9timedReadEv+0xa>
  return -1;     // -1 indicates timeout
   baa34:	f04f 30ff 	mov.w	r0, #4294967295
}
   baa38:	bd10      	pop	{r4, pc}

000baa3a <_ZN6Stream9readBytesEPcj>:
// terminates if length characters have been read, or timeout (see setTimeout)
// returns the number of characters placed in the buffer
// the buffer is NOT null terminated.
//
size_t Stream::readBytes(char *buffer, size_t length)
{
   baa3a:	e92d 41f0 	stmdb	sp!, {r4, r5, r6, r7, r8, lr}
   baa3e:	4607      	mov	r7, r0
   baa40:	460c      	mov	r4, r1
   baa42:	188e      	adds	r6, r1, r2
   baa44:	460d      	mov	r5, r1
  size_t count = 0;
  while (count < length) {
   baa46:	42b5      	cmp	r5, r6
   baa48:	eba5 0804 	sub.w	r8, r5, r4
   baa4c:	d007      	beq.n	baa5e <_ZN6Stream9readBytesEPcj+0x24>
    int c = timedRead();
   baa4e:	4638      	mov	r0, r7
   baa50:	f7ff ffde 	bl	baa10 <_ZN6Stream9timedReadEv>
    if (c < 0) break;
   baa54:	1e03      	subs	r3, r0, #0
   baa56:	db02      	blt.n	baa5e <_ZN6Stream9readBytesEPcj+0x24>
    *buffer++ = (char)c;
   baa58:	f805 3b01 	strb.w	r3, [r5], #1
  while (count < length) {
   baa5c:	e7f3      	b.n	baa46 <_ZN6Stream9readBytesEPcj+0xc>
    count++;
  }
  return count;
}
   baa5e:	4640      	mov	r0, r8
   baa60:	e8bd 81f0 	ldmia.w	sp!, {r4, r5, r6, r7, r8, pc}

000baa64 <_GLOBAL__sub_I__ZN5spark3LogE>:
    // This handler doesn't support direct logging
}

// spark::Logger
inline spark::Logger::Logger(const char *name) :
        name_(name) {
   baa64:	4b01      	ldr	r3, [pc, #4]	; (baa6c <_GLOBAL__sub_I__ZN5spark3LogE+0x8>)
   baa66:	4a02      	ldr	r2, [pc, #8]	; (baa70 <_GLOBAL__sub_I__ZN5spark3LogE+0xc>)
   baa68:	601a      	str	r2, [r3, #0]
#if Wiring_LogConfig

// spark::
void spark::logProcessControlRequest(ctrl_request* req) {
    JSONRequestHandler::process(req);
}
   baa6a:	4770      	bx	lr
   baa6c:	2003e6b0 	.word	0x2003e6b0
   baa70:	000bc044 	.word	0x000bc044

000baa74 <_GLOBAL__sub_I_TIME_FORMAT_DEFAULT>:
            calendar_time_cache = Convert_UnixTime_To_CalendarTime(unix_time);
            unix_time_cache = unix_time;
    }
}

const char* TimeClass::format_spec = TIME_FORMAT_DEFAULT;
   baa74:	4b02      	ldr	r3, [pc, #8]	; (baa80 <_GLOBAL__sub_I_TIME_FORMAT_DEFAULT+0xc>)
   baa76:	681a      	ldr	r2, [r3, #0]
   baa78:	4b02      	ldr	r3, [pc, #8]	; (baa84 <_GLOBAL__sub_I_TIME_FORMAT_DEFAULT+0x10>)
   baa7a:	601a      	str	r2, [r3, #0]
{
  return isValid();
}


TimeClass Time;
   baa7c:	4770      	bx	lr
   baa7e:	bf00      	nop
   baa80:	2003dad4 	.word	0x2003dad4
   baa84:	2003e6b4 	.word	0x2003e6b4

000baa88 <delay>:
    return (value - fromStart) * (toEnd - toStart) / (fromEnd - fromStart) + toStart;
}

void delay(unsigned long ms)
{
    system_delay_ms(ms, false);
   baa88:	2100      	movs	r1, #0
   baa8a:	f7ff bc9d 	b.w	ba3c8 <system_delay_ms>
	...

000baa90 <_GLOBAL__sub_I_RGB>:
    _Function_base() : _M_manager(nullptr) { }
   baa90:	4b01      	ldr	r3, [pc, #4]	; (baa98 <_GLOBAL__sub_I_RGB+0x8>)
   baa92:	2200      	movs	r2, #0
   baa94:	609a      	str	r2, [r3, #8]
{
    RGBClass* const d = static_cast<RGBClass*>(data);
    if (d->changeHandler_) {
        d->changeHandler_(r, g, b);
    }
}
   baa96:	4770      	bx	lr
   baa98:	2003e6b8 	.word	0x2003e6b8

000baa9c <_ZZ21module_user_init_hookENUlP6_reentjmPvE_4_FUNES0_jmS1_>:

void module_user_init_hook()
{
#if HAL_PLATFORM_NEWLIB
    newlib_impure_ptr_callback([](struct _reent* r, size_t size, uint32_t version, void* ctx) -> void {
        _impure_ptr = r;
   baa9c:	4b01      	ldr	r3, [pc, #4]	; (baaa4 <_ZZ21module_user_init_hookENUlP6_reentjmPvE_4_FUNES0_jmS1_+0x8>)
   baa9e:	6018      	str	r0, [r3, #0]
    }, nullptr);
   baaa0:	4770      	bx	lr
   baaa2:	bf00      	nop
   baaa4:	2003dad8 	.word	0x2003dad8

000baaa8 <serialEventRun>:
{
   baaa8:	b508      	push	{r3, lr}
    if (serialEvent && Serial.available()>0)
   baaaa:	4b0b      	ldr	r3, [pc, #44]	; (baad8 <serialEventRun+0x30>)
   baaac:	b143      	cbz	r3, baac0 <serialEventRun+0x18>
   baaae:	f000 fc0b 	bl	bb2c8 <_Z16_fetch_usbserialv>
   baab2:	6803      	ldr	r3, [r0, #0]
   baab4:	691b      	ldr	r3, [r3, #16]
   baab6:	4798      	blx	r3
   baab8:	2800      	cmp	r0, #0
   baaba:	dd01      	ble.n	baac0 <serialEventRun+0x18>
        serialEvent();
   baabc:	f3af 8000 	nop.w
    if (serialEvent1 && Serial1.available()>0)
   baac0:	4b06      	ldr	r3, [pc, #24]	; (baadc <serialEventRun+0x34>)
   baac2:	b143      	cbz	r3, baad6 <serialEventRun+0x2e>
   baac4:	f000 febe 	bl	bb844 <_Z22__fetch_global_Serial1v>
   baac8:	6803      	ldr	r3, [r0, #0]
   baaca:	691b      	ldr	r3, [r3, #16]
   baacc:	4798      	blx	r3
   baace:	2800      	cmp	r0, #0
   baad0:	dd01      	ble.n	baad6 <serialEventRun+0x2e>
        serialEvent1();
   baad2:	f3af 8000 	nop.w
}
   baad6:	bd08      	pop	{r3, pc}
	...

000baae0 <_post_loop>:
{
   baae0:	b508      	push	{r3, lr}
	serialEventRun();
   baae2:	f7ff ffe1 	bl	baaa8 <serialEventRun>
		return !thread || !thread->isRunning();
	}

	static inline system_tick_t current_time()
	{
		return HAL_Timer_Get_Milli_Seconds();
   baae6:	f7ff fb27 	bl	ba138 <HAL_Timer_Get_Milli_Seconds>
	/**
	 * Lifesign that the application is still working normally.
	 */
	static void checkin()
	{
		last_checkin = current_time();
   baaea:	4b01      	ldr	r3, [pc, #4]	; (baaf0 <_post_loop+0x10>)
   baaec:	6018      	str	r0, [r3, #0]
}
   baaee:	bd08      	pop	{r3, pc}
   baaf0:	2003e74c 	.word	0x2003e74c

000baaf4 <_Z33system_initialize_user_backup_ramv>:
    memcpy(&link_global_retained_start, &link_global_retained_initial_values, len);
   baaf4:	4805      	ldr	r0, [pc, #20]	; (bab0c <_Z33system_initialize_user_backup_ramv+0x18>)
   baaf6:	4a06      	ldr	r2, [pc, #24]	; (bab10 <_Z33system_initialize_user_backup_ramv+0x1c>)
   baaf8:	4906      	ldr	r1, [pc, #24]	; (bab14 <_Z33system_initialize_user_backup_ramv+0x20>)
{
   baafa:	b508      	push	{r3, lr}
    memcpy(&link_global_retained_start, &link_global_retained_initial_values, len);
   baafc:	1a12      	subs	r2, r2, r0
   baafe:	f000 ff20 	bl	bb942 <memcpy>
    __backup_sram_signature = signature;
   bab02:	4b05      	ldr	r3, [pc, #20]	; (bab18 <_Z33system_initialize_user_backup_ramv+0x24>)
   bab04:	4a05      	ldr	r2, [pc, #20]	; (bab1c <_Z33system_initialize_user_backup_ramv+0x28>)
   bab06:	601a      	str	r2, [r3, #0]
}
   bab08:	bd08      	pop	{r3, pc}
   bab0a:	bf00      	nop
   bab0c:	2003f400 	.word	0x2003f400
   bab10:	2003f404 	.word	0x2003f404
   bab14:	000bc318 	.word	0x000bc318
   bab18:	2003f400 	.word	0x2003f400
   bab1c:	9a271c1e 	.word	0x9a271c1e

000bab20 <_Z27ctrl_request_custom_handlerP12ctrl_request>:
void __attribute((weak)) ctrl_request_custom_handler(ctrl_request* req) {
   bab20:	b507      	push	{r0, r1, r2, lr}
    system_ctrl_set_result(req, SYSTEM_ERROR_NOT_SUPPORTED, nullptr, nullptr, nullptr);
   bab22:	2300      	movs	r3, #0
   bab24:	9300      	str	r3, [sp, #0]
   bab26:	461a      	mov	r2, r3
   bab28:	f06f 0177 	mvn.w	r1, #119	; 0x77
   bab2c:	f7ff fc6e 	bl	ba40c <system_ctrl_set_result>
}
   bab30:	b003      	add	sp, #12
   bab32:	f85d fb04 	ldr.w	pc, [sp], #4
	...

000bab38 <_ZL20ctrl_request_handlerP12ctrl_request>:
static void ctrl_request_handler(ctrl_request* req) {
   bab38:	b507      	push	{r0, r1, r2, lr}
    switch (req->type) {
   bab3a:	8843      	ldrh	r3, [r0, #2]
   bab3c:	2b0a      	cmp	r3, #10
   bab3e:	d008      	beq.n	bab52 <_ZL20ctrl_request_handlerP12ctrl_request+0x1a>
   bab40:	2b50      	cmp	r3, #80	; 0x50
   bab42:	d10b      	bne.n	bab5c <_ZL20ctrl_request_handlerP12ctrl_request+0x24>
        if (log_process_ctrl_request_callback) {
   bab44:	4b09      	ldr	r3, [pc, #36]	; (bab6c <_ZL20ctrl_request_handlerP12ctrl_request+0x34>)
   bab46:	681b      	ldr	r3, [r3, #0]
   bab48:	b14b      	cbz	r3, bab5e <_ZL20ctrl_request_handlerP12ctrl_request+0x26>
}
   bab4a:	b003      	add	sp, #12
   bab4c:	f85d eb04 	ldr.w	lr, [sp], #4
            log_process_ctrl_request_callback(req);
   bab50:	4718      	bx	r3
        ctrl_request_custom_handler(req);
   bab52:	f7ff ffe5 	bl	bab20 <_Z27ctrl_request_custom_handlerP12ctrl_request>
}
   bab56:	b003      	add	sp, #12
   bab58:	f85d fb04 	ldr.w	pc, [sp], #4
        system_ctrl_set_result(req, SYSTEM_ERROR_NOT_SUPPORTED, nullptr, nullptr, nullptr);
   bab5c:	2300      	movs	r3, #0
   bab5e:	9300      	str	r3, [sp, #0]
   bab60:	461a      	mov	r2, r3
   bab62:	f06f 0177 	mvn.w	r1, #119	; 0x77
   bab66:	f7ff fc51 	bl	ba40c <system_ctrl_set_result>
}
   bab6a:	e7f4      	b.n	bab56 <_ZL20ctrl_request_handlerP12ctrl_request+0x1e>
   bab6c:	2003e6cc 	.word	0x2003e6cc

000bab70 <module_user_init_hook>:
{
   bab70:	b510      	push	{r4, lr}
    newlib_impure_ptr_callback([](struct _reent* r, size_t size, uint32_t version, void* ctx) -> void {
   bab72:	4812      	ldr	r0, [pc, #72]	; (babbc <module_user_init_hook+0x4c>)
   bab74:	2100      	movs	r1, #0
   bab76:	f7ff fd1b 	bl	ba5b0 <newlib_impure_ptr_callback>
#endif // HAL_PLATFORM_NEWLIB

#if HAL_PLATFORM_BACKUP_RAM
    backup_ram_was_valid_ = __backup_sram_signature == signature;
   bab7a:	4b11      	ldr	r3, [pc, #68]	; (babc0 <module_user_init_hook+0x50>)
   bab7c:	681a      	ldr	r2, [r3, #0]
   bab7e:	4b11      	ldr	r3, [pc, #68]	; (babc4 <module_user_init_hook+0x54>)
   bab80:	429a      	cmp	r2, r3
   bab82:	4b11      	ldr	r3, [pc, #68]	; (babc8 <module_user_init_hook+0x58>)
   bab84:	bf0c      	ite	eq
   bab86:	2201      	moveq	r2, #1
   bab88:	2200      	movne	r2, #0
   bab8a:	701a      	strb	r2, [r3, #0]
    if (!backup_ram_was_valid_) {
   bab8c:	d001      	beq.n	bab92 <module_user_init_hook+0x22>
        system_initialize_user_backup_ram();
   bab8e:	f7ff ffb1 	bl	baaf4 <_Z33system_initialize_user_backup_ramv>
    }
#endif

#if HAL_PLATFORM_RNG
    // Initialize the default stdlib PRNG using hardware RNG as a seed
    const uint32_t seed = HAL_RNG_GetRandomNumber();
   bab92:	f7ff fac1 	bl	ba118 <HAL_RNG_GetRandomNumber>
   bab96:	4604      	mov	r4, r0
    srand(seed);
   bab98:	f000 feea 	bl	bb970 <srand>

    // If the user defines random_seed_from_cloud, call it with a seed value
    // generated by a hardware RNG as well.
    if (random_seed_from_cloud) {
   bab9c:	4b0b      	ldr	r3, [pc, #44]	; (babcc <module_user_init_hook+0x5c>)
   bab9e:	b113      	cbz	r3, baba6 <module_user_init_hook+0x36>
        random_seed_from_cloud(seed);
   baba0:	4620      	mov	r0, r4
   baba2:	f3af 8000 	nop.w
    }
#endif
    // Register the random_seed_from_cloud handler
    spark_set_random_seed_from_cloud_handler(&random_seed_from_cloud, nullptr);
   baba6:	2100      	movs	r1, #0
   baba8:	4808      	ldr	r0, [pc, #32]	; (babcc <module_user_init_hook+0x5c>)
   babaa:	f7ff fcb9 	bl	ba520 <spark_set_random_seed_from_cloud_handler>

    // Register application handler for the control requests
    system_ctrl_set_app_request_handler(ctrl_request_handler, nullptr);
}
   babae:	e8bd 4010 	ldmia.w	sp!, {r4, lr}
    system_ctrl_set_app_request_handler(ctrl_request_handler, nullptr);
   babb2:	4807      	ldr	r0, [pc, #28]	; (babd0 <module_user_init_hook+0x60>)
   babb4:	2100      	movs	r1, #0
   babb6:	f7ff bc1f 	b.w	ba3f8 <system_ctrl_set_app_request_handler>
   babba:	bf00      	nop
   babbc:	000baa9d 	.word	0x000baa9d
   babc0:	2003f400 	.word	0x2003f400
   babc4:	9a271c1e 	.word	0x9a271c1e
   babc8:	2003e6c8 	.word	0x2003e6c8
   babcc:	00000000 	.word	0x00000000
   babd0:	000bab39 	.word	0x000bab39

000babd4 <_ZNSt15_Sp_counted_ptrIPN8particle6detail10FutureImplIbNS1_13FutureContextEEELN9__gnu_cxx12_Lock_policyE0EED1Ev>:
    class _Sp_counted_ptr final : public _Sp_counted_base<_Lp>
   babd4:	4770      	bx	lr

000babd6 <_ZNSt15_Sp_counted_ptrIPN8particle6detail10FutureImplIbNS1_13FutureContextEEELN9__gnu_cxx12_Lock_policyE0EE14_M_get_deleterERKSt9type_info>:
      { return nullptr; }
   babd6:	2000      	movs	r0, #0
   babd8:	4770      	bx	lr

000babda <_ZNSt15_Sp_counted_ptrIPN8particle6detail10FutureImplIbNS1_13FutureContextEEELN9__gnu_cxx12_Lock_policyE0EED0Ev>:
    class _Sp_counted_ptr final : public _Sp_counted_base<_Lp>
   babda:	b510      	push	{r4, lr}
   babdc:	2110      	movs	r1, #16
   babde:	4604      	mov	r4, r0
   babe0:	f7f9 ff17 	bl	b4a12 <_ZdlPvj>
   babe4:	4620      	mov	r0, r4
   babe6:	bd10      	pop	{r4, pc}

000babe8 <_ZNSt15_Sp_counted_ptrIPN8particle6detail10FutureImplIbNS1_13FutureContextEEELN9__gnu_cxx12_Lock_policyE0EE10_M_destroyEv>:
      _M_destroy() noexcept
   babe8:	b508      	push	{r3, lr}
      { delete this; }
   babea:	f7ff fff6 	bl	babda <_ZNSt15_Sp_counted_ptrIPN8particle6detail10FutureImplIbNS1_13FutureContextEEELN9__gnu_cxx12_Lock_policyE0EED0Ev>
   babee:	bd08      	pop	{r3, pc}

000babf0 <_ZN8particle5ErrorC1EOS0_>:

inline particle::Error::Error(const Error& error) :
        Error(error.type_, error.msg_) {
}

inline particle::Error::Error(Error&& error) :
   babf0:	b530      	push	{r4, r5, lr}
        type_(type) {
   babf2:	2200      	movs	r2, #0
   babf4:	f64f 749c 	movw	r4, #65436	; 0xff9c
   babf8:	6002      	str	r2, [r0, #0]
   babfa:	8084      	strh	r4, [r0, #4]
      __a = _GLIBCXX_MOVE(__b);
   babfc:	888d      	ldrh	r5, [r1, #4]
      __b = _GLIBCXX_MOVE(__tmp);
   babfe:	808c      	strh	r4, [r1, #4]
      __a = _GLIBCXX_MOVE(__b);
   bac00:	680c      	ldr	r4, [r1, #0]
   bac02:	8085      	strh	r5, [r0, #4]
   bac04:	6004      	str	r4, [r0, #0]
      __b = _GLIBCXX_MOVE(__tmp);
   bac06:	600a      	str	r2, [r1, #0]
        Error() {
    swap(*this, error);
}
   bac08:	bd30      	pop	{r4, r5, pc}

000bac0a <_ZN8particle5ErrorD1Ev>:

inline particle::Error::~Error() {
   bac0a:	b510      	push	{r4, lr}
   bac0c:	4604      	mov	r4, r0
    free((void*)msg_);
   bac0e:	6800      	ldr	r0, [r0, #0]
   bac10:	f7ff fc96 	bl	ba540 <free>
}
   bac14:	4620      	mov	r0, r4
   bac16:	bd10      	pop	{r4, pc}

000bac18 <_ZNSt15_Sp_counted_ptrIPN8particle6detail10FutureImplIbNS1_13FutureContextEEELN9__gnu_cxx12_Lock_policyE0EE10_M_disposeEv>:
      _M_dispose() noexcept
   bac18:	b538      	push	{r3, r4, r5, lr}
      { delete _M_ptr; }
   bac1a:	68c4      	ldr	r4, [r0, #12]
   bac1c:	b1f4      	cbz	r4, bac5c <_ZNSt15_Sp_counted_ptrIPN8particle6detail10FutureImplIbNS1_13FutureContextEEELN9__gnu_cxx12_Lock_policyE0EE10_M_disposeEv+0x44>
      _Tp
      load(memory_order __m = memory_order_seq_cst) const noexcept
      {
	alignas(_Tp) unsigned char __buf[sizeof(_Tp)];
	_Tp* __ptr = reinterpret_cast<_Tp*>(__buf);
	__atomic_load(std::__addressof(_M_i), __ptr, int(__m));
   bac1e:	7823      	ldrb	r3, [r4, #0]
    ~FutureImpl() {
        // Call destructor of the appropriate unnamed enum's field
        const State s = this->state();
        if (s == State::SUCCEEDED) {
            result_.~ResultT();
        } else if (s == State::FAILED) {
   bac20:	2b02      	cmp	r3, #2
   bac22:	d103      	bne.n	bac2c <_ZNSt15_Sp_counted_ptrIPN8particle6detail10FutureImplIbNS1_13FutureContextEEELN9__gnu_cxx12_Lock_policyE0EE10_M_disposeEv+0x14>
            error_.~Error();
   bac24:	f104 000c 	add.w	r0, r4, #12
   bac28:	f7ff ffef 	bl	bac0a <_ZN8particle5ErrorD1Ev>
      {
	memory_order __b = __m & __memory_order_mask;
	__glibcxx_assert(__b != memory_order_release);
	__glibcxx_assert(__b != memory_order_acq_rel);

	return __atomic_load_n(&_M_p, int(__m));
   bac2c:	6865      	ldr	r5, [r4, #4]
        delete onSuccess_.load(std::memory_order_relaxed);
   bac2e:	b135      	cbz	r5, bac3e <_ZNSt15_Sp_counted_ptrIPN8particle6detail10FutureImplIbNS1_13FutureContextEEELN9__gnu_cxx12_Lock_policyE0EE10_M_disposeEv+0x26>
   *  @ingroup functors
   *
   *  Polymorphic function wrapper.
   */
  template<typename _Res, typename... _ArgTypes>
    class function<_Res(_ArgTypes...)>
   bac30:	4628      	mov	r0, r5
   bac32:	f7ff fe1d 	bl	ba870 <_ZNSt14_Function_baseD1Ev>
   bac36:	2110      	movs	r1, #16
   bac38:	4628      	mov	r0, r5
   bac3a:	f7f9 feea 	bl	b4a12 <_ZdlPvj>
   bac3e:	68a5      	ldr	r5, [r4, #8]
        delete onError_.load(std::memory_order_relaxed);
   bac40:	b135      	cbz	r5, bac50 <_ZNSt15_Sp_counted_ptrIPN8particle6detail10FutureImplIbNS1_13FutureContextEEELN9__gnu_cxx12_Lock_policyE0EE10_M_disposeEv+0x38>
   bac42:	4628      	mov	r0, r5
   bac44:	f7ff fe14 	bl	ba870 <_ZNSt14_Function_baseD1Ev>
   bac48:	2110      	movs	r1, #16
   bac4a:	4628      	mov	r0, r5
   bac4c:	f7f9 fee1 	bl	b4a12 <_ZdlPvj>
   bac50:	4620      	mov	r0, r4
   bac52:	2114      	movs	r1, #20
   bac54:	e8bd 4038 	ldmia.w	sp!, {r3, r4, r5, lr}
   bac58:	f7f9 bedb 	b.w	b4a12 <_ZdlPvj>
   bac5c:	bd38      	pop	{r3, r4, r5, pc}

000bac5e <_ZNSt12__shared_ptrIN8particle6detail10FutureImplIbNS1_13FutureContextEEELN9__gnu_cxx12_Lock_policyE0EEC1ERKS7_>:
	{
	  _M_refcount._M_swap(__r._M_refcount);
	  __r._M_ptr = 0;
	}

      __shared_ptr(const __shared_ptr&) noexcept = default;
   bac5e:	680b      	ldr	r3, [r1, #0]
   bac60:	6003      	str	r3, [r0, #0]
      : _M_pi(__r._M_pi)
   bac62:	684b      	ldr	r3, [r1, #4]
   bac64:	6043      	str	r3, [r0, #4]
	if (_M_pi != 0)
   bac66:	b113      	cbz	r3, bac6e <_ZNSt12__shared_ptrIN8particle6detail10FutureImplIbNS1_13FutureContextEEELN9__gnu_cxx12_Lock_policyE0EEC1ERKS7_+0x10>
    { ++_M_use_count; }
   bac68:	685a      	ldr	r2, [r3, #4]
   bac6a:	3201      	adds	r2, #1
   bac6c:	605a      	str	r2, [r3, #4]
      __shared_ptr(const __shared_ptr&) noexcept = default;
   bac6e:	4770      	bx	lr

000bac70 <_ZN8particle11PromiseBaseIbNS_6detail13FutureContextEE11fromDataPtrEPv>:
        // TODO: Use custom reference counting object to avoid unnecessary memory allocation
        return new detail::FutureImplPtr<ResultT, ContextT>(p_);
    }

    // Unwraps promise from an object pointer created via dataPtr() method
    static Promise<ResultT, ContextT> fromDataPtr(void* data) {
   bac70:	b537      	push	{r0, r1, r2, r4, r5, lr}
   bac72:	4604      	mov	r4, r0
       *  @brief  Construct an empty %shared_ptr.
       *  @post   use_count()==0 && get()==0
       */
      constexpr shared_ptr() noexcept : __shared_ptr<_Tp>() { }

      shared_ptr(const shared_ptr&) noexcept = default; ///< Copy constructor
   bac74:	4668      	mov	r0, sp
   bac76:	460d      	mov	r5, r1
   bac78:	f7ff fff1 	bl	bac5e <_ZNSt12__shared_ptrIN8particle6detail10FutureImplIbNS1_13FutureContextEEELN9__gnu_cxx12_Lock_policyE0EEC1ERKS7_>
	__shared_ptr(const __shared_ptr<_Yp, _Lp>& __r) noexcept
	: _M_ptr(__r._M_ptr), _M_refcount(__r._M_refcount)
	{ }

      __shared_ptr(__shared_ptr&& __r) noexcept
      : _M_ptr(__r._M_ptr), _M_refcount()
   bac7c:	9b00      	ldr	r3, [sp, #0]
	_Sp_counted_base<_Lp>* __tmp = __r._M_pi;
   bac7e:	9a01      	ldr	r2, [sp, #4]
      : _M_ptr(__r._M_ptr), _M_refcount()
   bac80:	6023      	str	r3, [r4, #0]
	_M_pi = __tmp;
   bac82:	6062      	str	r2, [r4, #4]
	__r._M_pi = _M_pi;
   bac84:	2300      	movs	r3, #0
      ~__shared_ptr() = default;
   bac86:	a801      	add	r0, sp, #4
	__r._M_pi = _M_pi;
   bac88:	9301      	str	r3, [sp, #4]
      {
	_M_refcount._M_swap(__r._M_refcount);
	__r._M_ptr = 0;
   bac8a:	9300      	str	r3, [sp, #0]
      ~__shared_ptr() = default;
   bac8c:	f7ff fcd6 	bl	ba63c <_ZNSt14__shared_countILN9__gnu_cxx12_Lock_policyE0EED1Ev>
        auto d = static_cast<detail::FutureImplPtr<ResultT, ContextT>*>(data);
        const Promise<ResultT, ContextT> p(*d);
        delete d;
   bac90:	b135      	cbz	r5, baca0 <_ZN8particle11PromiseBaseIbNS_6detail13FutureContextEE11fromDataPtrEPv+0x30>
   bac92:	1d28      	adds	r0, r5, #4
   bac94:	f7ff fcd2 	bl	ba63c <_ZNSt14__shared_countILN9__gnu_cxx12_Lock_policyE0EED1Ev>
   bac98:	2108      	movs	r1, #8
   bac9a:	4628      	mov	r0, r5
   bac9c:	f7f9 feb9 	bl	b4a12 <_ZdlPvj>
        return p;
    }
   baca0:	4620      	mov	r0, r4
   baca2:	b003      	add	sp, #12
   baca4:	bd30      	pop	{r4, r5, pc}

000baca6 <_ZNKSt8functionIFvRKN8particle5ErrorEEEclES3_>:
  template<typename _Res, typename... _ArgTypes>
    _Res
    function<_Res(_ArgTypes...)>::
    operator()(_ArgTypes... __args) const
    {
      if (_M_empty())
   baca6:	6882      	ldr	r2, [r0, #8]
    function<_Res(_ArgTypes...)>::
   baca8:	b510      	push	{r4, lr}
      if (_M_empty())
   bacaa:	b90a      	cbnz	r2, bacb0 <_ZNKSt8functionIFvRKN8particle5ErrorEEEclES3_+0xa>
	__throw_bad_function_call();
   bacac:	f000 fe30 	bl	bb910 <_ZSt25__throw_bad_function_callv>
      return _M_invoker(_M_functor, std::forward<_ArgTypes>(__args)...);
    }
   bacb0:	e8bd 4010 	ldmia.w	sp!, {r4, lr}
      return _M_invoker(_M_functor, std::forward<_ArgTypes>(__args)...);
   bacb4:	68c3      	ldr	r3, [r0, #12]
   bacb6:	4718      	bx	r3

000bacb8 <_ZNSt17_Function_handlerIFvvESt5_BindIFSt8functionIFvRKN8particle5ErrorEEES4_EEE9_M_invokeERKSt9_Any_data>:
      _M_invoke(const _Any_data& __functor, _ArgTypes&&... __args)
   bacb8:	b508      	push	{r3, lr}
	    return __source._M_access<_Functor*>();
   bacba:	6800      	ldr	r0, [r0, #0]
    { return static_cast<_Up&&>(__t); }

  template<typename _Res, typename _Fn, typename... _Args>
    constexpr _Res
    __invoke_impl(__invoke_other, _Fn&& __f, _Args&&... __args)
    { return std::forward<_Fn>(__f)(std::forward<_Args>(__args)...); }
   bacbc:	f100 0110 	add.w	r1, r0, #16
   bacc0:	f7ff fff1 	bl	baca6 <_ZNKSt8functionIFvRKN8particle5ErrorEEEclES3_>
      }
   bacc4:	bd08      	pop	{r3, pc}

000bacc6 <_ZNKSt8functionIFvRKbEEclES1_>:
      if (_M_empty())
   bacc6:	6882      	ldr	r2, [r0, #8]
    function<_Res(_ArgTypes...)>::
   bacc8:	b510      	push	{r4, lr}
      if (_M_empty())
   bacca:	b90a      	cbnz	r2, bacd0 <_ZNKSt8functionIFvRKbEEclES1_+0xa>
	__throw_bad_function_call();
   baccc:	f000 fe20 	bl	bb910 <_ZSt25__throw_bad_function_callv>
    }
   bacd0:	e8bd 4010 	ldmia.w	sp!, {r4, lr}
      return _M_invoker(_M_functor, std::forward<_ArgTypes>(__args)...);
   bacd4:	68c3      	ldr	r3, [r0, #12]
   bacd6:	4718      	bx	r3

000bacd8 <_ZNSt17_Function_handlerIFvvESt5_BindIFSt8functionIFvRKbEEbEEE9_M_invokeERKSt9_Any_data>:
      _M_invoke(const _Any_data& __functor, _ArgTypes&&... __args)
   bacd8:	b508      	push	{r3, lr}
	    return __source._M_access<_Functor*>();
   bacda:	6800      	ldr	r0, [r0, #0]
   bacdc:	f100 0110 	add.w	r1, r0, #16
   bace0:	f7ff fff1 	bl	bacc6 <_ZNKSt8functionIFvRKbEEclES1_>
      }
   bace4:	bd08      	pop	{r3, pc}
	...

000bace8 <_ZNSt14__shared_countILN9__gnu_cxx12_Lock_policyE0EEC1IPN8particle6detail10FutureImplIbNS5_13FutureContextEEEEET_>:
	__shared_count(_Ptr __p) : _M_pi(0)
   bace8:	b538      	push	{r3, r4, r5, lr}
   bacea:	2300      	movs	r3, #0
   bacec:	4604      	mov	r4, r0
   bacee:	6003      	str	r3, [r0, #0]
	      _M_pi = new _Sp_counted_ptr<_Ptr, _Lp>(__p);
   bacf0:	2010      	movs	r0, #16
	__shared_count(_Ptr __p) : _M_pi(0)
   bacf2:	460d      	mov	r5, r1
	      _M_pi = new _Sp_counted_ptr<_Ptr, _Lp>(__p);
   bacf4:	f7f9 fe89 	bl	b4a0a <_Znwj>
   bacf8:	b128      	cbz	r0, bad06 <_ZNSt14__shared_countILN9__gnu_cxx12_Lock_policyE0EEC1IPN8particle6detail10FutureImplIbNS5_13FutureContextEEEEET_+0x1e>
      : _M_use_count(1), _M_weak_count(1) { }
   bacfa:	2301      	movs	r3, #1
   bacfc:	e9c0 3301 	strd	r3, r3, [r0, #4]
      : _M_ptr(__p) { }
   bad00:	4b02      	ldr	r3, [pc, #8]	; (bad0c <_ZNSt14__shared_countILN9__gnu_cxx12_Lock_policyE0EEC1IPN8particle6detail10FutureImplIbNS5_13FutureContextEEEEET_+0x24>)
   bad02:	6003      	str	r3, [r0, #0]
   bad04:	60c5      	str	r5, [r0, #12]
	      _M_pi = new _Sp_counted_ptr<_Ptr, _Lp>(__p);
   bad06:	6020      	str	r0, [r4, #0]
	}
   bad08:	4620      	mov	r0, r4
   bad0a:	bd38      	pop	{r3, r4, r5, pc}
   bad0c:	000bc06c 	.word	0x000bc06c

000bad10 <_ZN8particle10FutureBaseIbNS_6detail13FutureContextEEC1ENS_5Error4TypeE>:
    // Construct failed future
    explicit FutureBase(Error error) :
            p_(new detail::FutureImpl<ResultT, ContextT>(std::move(error))) {
    }

    explicit FutureBase(Error::Type error) :
   bad10:	b57f      	push	{r0, r1, r2, r3, r4, r5, r6, lr}
   bad12:	4605      	mov	r5, r0
        type_(type) {
   bad14:	f8ad 1004 	strh.w	r1, [sp, #4]
   bad18:	2600      	movs	r6, #0
            p_(new detail::FutureImpl<ResultT, ContextT>(std::move(error))) {
   bad1a:	4669      	mov	r1, sp
   bad1c:	a802      	add	r0, sp, #8
   bad1e:	9600      	str	r6, [sp, #0]
   bad20:	f7ff ff66 	bl	babf0 <_ZN8particle5ErrorC1EOS0_>
   bad24:	2014      	movs	r0, #20
   bad26:	f7f9 fe70 	bl	b4a0a <_Znwj>
   bad2a:	4604      	mov	r4, r0
   bad2c:	b148      	cbz	r0, bad42 <_ZN8particle10FutureBaseIbNS_6detail13FutureContextEEC1ENS_5Error4TypeE+0x32>
      constexpr atomic(_Tp __i) noexcept : _M_i(__i) { }
   bad2e:	2302      	movs	r3, #2
   bad30:	7003      	strb	r3, [r0, #0]
      constexpr __atomic_base(__int_type __i) noexcept : _M_i (__i) { }
   bad32:	2301      	movs	r3, #1
      constexpr __atomic_base(__pointer_type __p) noexcept : _M_p (__p) { }
   bad34:	e9c0 6601 	strd	r6, r6, [r0, #4]
      constexpr __atomic_base(__int_type __i) noexcept : _M_i (__i) { }
   bad38:	7043      	strb	r3, [r0, #1]
            error_(std::move(error)) {
   bad3a:	a902      	add	r1, sp, #8
   bad3c:	300c      	adds	r0, #12
   bad3e:	f7ff ff57 	bl	babf0 <_ZN8particle5ErrorC1EOS0_>
	: _M_ptr(__p), _M_refcount(__p, typename is_array<_Tp>::type())
   bad42:	4628      	mov	r0, r5
	: __shared_count(__p)
   bad44:	4621      	mov	r1, r4
	: _M_ptr(__p), _M_refcount(__p, typename is_array<_Tp>::type())
   bad46:	f840 4b04 	str.w	r4, [r0], #4
	: __shared_count(__p)
   bad4a:	f7ff ffcd 	bl	bace8 <_ZNSt14__shared_countILN9__gnu_cxx12_Lock_policyE0EEC1IPN8particle6detail10FutureImplIbNS5_13FutureContextEEEEET_>
            p_(new detail::FutureImpl<ResultT, ContextT>(std::move(error))) {
   bad4e:	a802      	add	r0, sp, #8
   bad50:	f7ff ff5b 	bl	bac0a <_ZN8particle5ErrorD1Ev>
            FutureBase(Error(error)) {
   bad54:	4668      	mov	r0, sp
   bad56:	f7ff ff58 	bl	bac0a <_ZN8particle5ErrorD1Ev>
    }
   bad5a:	4628      	mov	r0, r5
   bad5c:	b004      	add	sp, #16
   bad5e:	bd70      	pop	{r4, r5, r6, pc}

000bad60 <_ZNSt8functionIFvRKN8particle5ErrorEEEC1ERKS5_>:
    function<_Res(_ArgTypes...)>::
   bad60:	b538      	push	{r3, r4, r5, lr}
    _Function_base() : _M_manager(nullptr) { }
   bad62:	2300      	movs	r3, #0
   bad64:	6083      	str	r3, [r0, #8]
    bool _M_empty() const { return !_M_manager; }
   bad66:	688b      	ldr	r3, [r1, #8]
    function<_Res(_ArgTypes...)>::
   bad68:	4604      	mov	r4, r0
   bad6a:	460d      	mov	r5, r1
      if (static_cast<bool>(__x))
   bad6c:	b12b      	cbz	r3, bad7a <_ZNSt8functionIFvRKN8particle5ErrorEEEC1ERKS5_+0x1a>
	  __x._M_manager(_M_functor, __x._M_functor, __clone_functor);
   bad6e:	2202      	movs	r2, #2
   bad70:	4798      	blx	r3
	  _M_invoker = __x._M_invoker;
   bad72:	68eb      	ldr	r3, [r5, #12]
   bad74:	60e3      	str	r3, [r4, #12]
	  _M_manager = __x._M_manager;
   bad76:	68ab      	ldr	r3, [r5, #8]
   bad78:	60a3      	str	r3, [r4, #8]
    }
   bad7a:	4620      	mov	r0, r4
   bad7c:	bd38      	pop	{r3, r4, r5, pc}
	...

000bad80 <_ZN8particle11PromiseBaseIbNS_6detail13FutureContextEE8setErrorENS_5ErrorE>:
    void setError(Error error) {
   bad80:	b5f0      	push	{r4, r5, r6, r7, lr}
   bad82:	b089      	sub	sp, #36	; 0x24
        { __shared_ptr(__p, std::move(__d), std::move(__a)).swap(*this); }

      /// Return the stored pointer.
      element_type*
      get() const noexcept
      { return _M_ptr; }
   bad84:	6804      	ldr	r4, [r0, #0]
        p_->setError(std::move(error));
   bad86:	4668      	mov	r0, sp
   bad88:	f7ff ff32 	bl	babf0 <_ZN8particle5ErrorC1EOS0_>

      bool
      compare_exchange_strong(_Tp& __e, _Tp __i, memory_order __s,
			      memory_order __f) noexcept
      {
	return __atomic_compare_exchange(std::__addressof(_M_i),
   bad8c:	f04f 0302 	mov.w	r3, #2
   bad90:	e8d4 2f4f 	ldrexb	r2, [r4]
   bad94:	2a00      	cmp	r2, #0
   bad96:	d103      	bne.n	bada0 <_ZN8particle11PromiseBaseIbNS_6detail13FutureContextEE8setErrorENS_5ErrorE+0x20>
   bad98:	e8c4 3f41 	strexb	r1, r3, [r4]
   bad9c:	2900      	cmp	r1, #0
   bad9e:	d1f7      	bne.n	bad90 <_ZN8particle11PromiseBaseIbNS_6detail13FutureContextEE8setErrorENS_5ErrorE+0x10>
        if (this->changeState(State::FAILED)) {
   bada0:	d125      	bne.n	badee <_ZN8particle11PromiseBaseIbNS_6detail13FutureContextEE8setErrorENS_5ErrorE+0x6e>
            new(&error_) Error(std::move(error));
   bada2:	f104 050c 	add.w	r5, r4, #12
   bada6:	4669      	mov	r1, sp
   bada8:	4628      	mov	r0, r5
   badaa:	f7ff ff21 	bl	babf0 <_ZN8particle5ErrorC1EOS0_>
	__atomic_store_n(&_M_i, __i, int(__m));
   badae:	f3bf 8f5b 	dmb	ish
   badb2:	2301      	movs	r3, #1
   badb4:	7063      	strb	r3, [r4, #1]

      _GLIBCXX_ALWAYS_INLINE __pointer_type
      exchange(__pointer_type __p,
	       memory_order __m = memory_order_seq_cst) noexcept
      {
	return __atomic_exchange_n(&_M_p, __p, int(__m));
   badb6:	2000      	movs	r0, #0
   badb8:	f104 0308 	add.w	r3, r4, #8
   badbc:	f3bf 8f5b 	dmb	ish
   badc0:	e853 6f00 	ldrex	r6, [r3]
   badc4:	e843 0200 	strex	r2, r0, [r3]
   badc8:	2a00      	cmp	r2, #0
   badca:	d1f9      	bne.n	badc0 <_ZN8particle11PromiseBaseIbNS_6detail13FutureContextEE8setErrorENS_5ErrorE+0x40>
   badcc:	f3bf 8f5b 	dmb	ish
        if (callbackPtr) {
   badd0:	b16e      	cbz	r6, badee <_ZN8particle11PromiseBaseIbNS_6detail13FutureContextEE8setErrorENS_5ErrorE+0x6e>
        return (application_thread_current(nullptr) != 0);
   badd2:	f7ff fb01 	bl	ba3d8 <application_thread_current>
        if (ContextT::isApplicationThreadCurrent()) {
   badd6:	b178      	cbz	r0, badf8 <_ZN8particle11PromiseBaseIbNS_6detail13FutureContextEE8setErrorENS_5ErrorE+0x78>
            callback(std::forward<ArgsT>(args)...); // Synchronous call
   badd8:	4629      	mov	r1, r5
   badda:	4630      	mov	r0, r6
   baddc:	f7ff ff63 	bl	baca6 <_ZNKSt8functionIFvRKN8particle5ErrorEEEclES3_>
    class function<_Res(_ArgTypes...)>
   bade0:	4630      	mov	r0, r6
   bade2:	f7ff fd45 	bl	ba870 <_ZNSt14_Function_baseD1Ev>
            delete callbackPtr;
   bade6:	2110      	movs	r1, #16
   bade8:	4630      	mov	r0, r6
   badea:	f7f9 fe12 	bl	b4a12 <_ZdlPvj>
        p_->setError(std::move(error));
   badee:	4668      	mov	r0, sp
   badf0:	f7ff ff0b 	bl	bac0a <_ZN8particle5ErrorD1Ev>
    }
   badf4:	b009      	add	sp, #36	; 0x24
   badf6:	bdf0      	pop	{r4, r5, r6, r7, pc}

     public:
      template<typename... _Args>
	explicit _GLIBCXX20_CONSTEXPR
	_Bind(const _Functor& __f, _Args&&... __args)
	: _M_f(__f), _M_bound_args(std::forward<_Args>(__args)...)
   badf8:	4631      	mov	r1, r6
   badfa:	a802      	add	r0, sp, #8
   badfc:	f7ff ffb0 	bl	bad60 <_ZNSt8functionIFvRKN8particle5ErrorEEEC1ERKS5_>
        Error(error.type_, error.msg_) {
   bae00:	68e0      	ldr	r0, [r4, #12]
   bae02:	f9b4 5010 	ldrsh.w	r5, [r4, #16]
        msg_(msg ? (const char*)strdup(msg) : nullptr),
   bae06:	b108      	cbz	r0, bae0c <_ZN8particle11PromiseBaseIbNS_6detail13FutureContextEE8setErrorENS_5ErrorE+0x8c>
   bae08:	f000 fde0 	bl	bb9cc <strdup>
        type_(type) {
   bae0c:	9006      	str	r0, [sp, #24]
            auto callbackPtr = new std::function<void()>(std::bind(callback, std::forward<ArgsT>(args)...));
   bae0e:	2010      	movs	r0, #16
   bae10:	f8ad 501c 	strh.w	r5, [sp, #28]
   bae14:	f7f9 fdf9 	bl	b4a0a <_Znwj>
   bae18:	4605      	mov	r5, r0
   bae1a:	b1e8      	cbz	r0, bae58 <_ZN8particle11PromiseBaseIbNS_6detail13FutureContextEE8setErrorENS_5ErrorE+0xd8>
    _Function_base() : _M_manager(nullptr) { }
   bae1c:	2700      	movs	r7, #0
   bae1e:	6087      	str	r7, [r0, #8]
	{ __functor._M_access<_Functor*>() = new _Functor(std::move(__f)); }
   bae20:	2018      	movs	r0, #24
   bae22:	f7f9 fdf2 	bl	b4a0a <_Znwj>
   bae26:	4604      	mov	r4, r0
   bae28:	b188      	cbz	r0, bae4e <_ZN8particle11PromiseBaseIbNS_6detail13FutureContextEE8setErrorENS_5ErrorE+0xce>
	std::swap(_M_functor, __x._M_functor);
   bae2a:	4601      	mov	r1, r0
    _Function_base() : _M_manager(nullptr) { }
   bae2c:	6087      	str	r7, [r0, #8]
	std::swap(_M_functor, __x._M_functor);
   bae2e:	a802      	add	r0, sp, #8
   bae30:	f7ff fd3a 	bl	ba8a8 <_ZSt4swapISt9_Any_dataENSt9enable_ifIXsrSt6__and_IJSt6__not_ISt15__is_tuple_likeIT_EESt21is_move_constructibleIS5_ESt18is_move_assignableIS5_EEE5valueEvE4typeERS5_SF_>
      _Tp __tmp = _GLIBCXX_MOVE(__a);
   bae34:	9b04      	ldr	r3, [sp, #16]
      __a = _GLIBCXX_MOVE(__b);
   bae36:	68a2      	ldr	r2, [r4, #8]
      __b = _GLIBCXX_MOVE(__tmp);
   bae38:	60a3      	str	r3, [r4, #8]
      _Tp __tmp = _GLIBCXX_MOVE(__a);
   bae3a:	9b05      	ldr	r3, [sp, #20]
      __a = _GLIBCXX_MOVE(__b);
   bae3c:	9204      	str	r2, [sp, #16]
      constexpr _Head_base(const _Head_base&) = default;
      constexpr _Head_base(_Head_base&&) = default;

      template<typename _UHead>
        constexpr _Head_base(_UHead&& __h)
	: _M_head_impl(std::forward<_UHead>(__h)) { }
   bae3e:	a906      	add	r1, sp, #24
   bae40:	68e2      	ldr	r2, [r4, #12]
      __b = _GLIBCXX_MOVE(__tmp);
   bae42:	60e3      	str	r3, [r4, #12]
   bae44:	f104 0010 	add.w	r0, r4, #16
      __a = _GLIBCXX_MOVE(__b);
   bae48:	9205      	str	r2, [sp, #20]
   bae4a:	f7ff fed1 	bl	babf0 <_ZN8particle5ErrorC1EOS0_>
	    _M_invoker = &_My_handler::_M_invoke;
   bae4e:	4b08      	ldr	r3, [pc, #32]	; (bae70 <_ZN8particle11PromiseBaseIbNS_6detail13FutureContextEE8setErrorENS_5ErrorE+0xf0>)
   bae50:	60eb      	str	r3, [r5, #12]
	    _M_manager = &_My_handler::_M_manager;
   bae52:	4b08      	ldr	r3, [pc, #32]	; (bae74 <_ZN8particle11PromiseBaseIbNS_6detail13FutureContextEE8setErrorENS_5ErrorE+0xf4>)
	{ __functor._M_access<_Functor*>() = new _Functor(std::move(__f)); }
   bae54:	602c      	str	r4, [r5, #0]
	    _M_manager = &_My_handler::_M_manager;
   bae56:	60ab      	str	r3, [r5, #8]
    struct _Head_base<_Idx, _Head, false>
   bae58:	a806      	add	r0, sp, #24
   bae5a:	f7ff fed6 	bl	bac0a <_ZN8particle5ErrorD1Ev>
    class function<_Res(_ArgTypes...)>
   bae5e:	a802      	add	r0, sp, #8
   bae60:	f7ff fd06 	bl	ba870 <_ZNSt14_Function_baseD1Ev>
        return (application_thread_invoke(callback, data, nullptr) == 0);
   bae64:	2200      	movs	r2, #0
   bae66:	4629      	mov	r1, r5
   bae68:	4803      	ldr	r0, [pc, #12]	; (bae78 <_ZN8particle11PromiseBaseIbNS_6detail13FutureContextEE8setErrorENS_5ErrorE+0xf8>)
   bae6a:	f7ff fabd 	bl	ba3e8 <application_thread_invoke>
   bae6e:	e7b7      	b.n	bade0 <_ZN8particle11PromiseBaseIbNS_6detail13FutureContextEE8setErrorENS_5ErrorE+0x60>
   bae70:	000bacb9 	.word	0x000bacb9
   bae74:	000baf55 	.word	0x000baf55
   bae78:	000bb451 	.word	0x000bb451

000bae7c <_ZN10CloudClass13publish_eventEPKcS1_jiiN8particle5FlagsI15PublishFlagTypehEE>:
    desc.funcKey = funcKey;
    return spark_function(NULL, (user_function_int_str_t*)&desc, NULL);
}

Future<bool> CloudClass::publish_event(const char* name, const char* data, size_t size, int type, int ttl,
        PublishFlags flags) {
   bae7c:	e92d 43f0 	stmdb	sp!, {r4, r5, r6, r7, r8, r9, lr}
   bae80:	b08d      	sub	sp, #52	; 0x34
   bae82:	4604      	mov	r4, r0
   bae84:	f89d 8058 	ldrb.w	r8, [sp, #88]	; 0x58
   bae88:	460e      	mov	r6, r1
   bae8a:	4617      	mov	r7, r2
   bae8c:	4699      	mov	r9, r3
    static void sleep(Spark_Sleep_TypeDef sleepMode, long seconds=0) __attribute__ ((deprecated("Please use System.sleep() instead.")))
    { SystemClass::sleep(sleepMode, seconds); }
    static void sleep(uint16_t wakeUpPin, InterruptMode edgeTriggerMode, long seconds=0) __attribute__ ((deprecated("Please use System.sleep() instead.")))
    { SystemClass::sleep(wakeUpPin, edgeTriggerMode, seconds); }

    static bool connected(void) { return spark_cloud_flag_connected(); }
   bae8e:	f7ff fb37 	bl	ba500 <spark_cloud_flag_connected>
    if (!connected()) {
   bae92:	b940      	cbnz	r0, baea6 <_ZN10CloudClass13publish_eventEPKcS1_jiiN8particle5FlagsI15PublishFlagTypehEE+0x2a>
};

template<typename ResultT, typename ContextT = detail::FutureContext>
class Future: public FutureBase<ResultT, ContextT> {
public:
    using FutureBase<ResultT, ContextT>::FutureBase;
   bae94:	f06f 01d1 	mvn.w	r1, #209	; 0xd1
   bae98:	4620      	mov	r0, r4
   bae9a:	f7ff ff39 	bl	bad10 <_ZN8particle10FutureBaseIbNS_6detail13FutureContextEEC1ENS_5Error4TypeE>
        p.setError(Error::UNKNOWN);
        p.fromDataPtr(d.handler_data); // Free wrapper object
    }

    return p.future();
}
   bae9e:	4620      	mov	r0, r4
   baea0:	b00d      	add	sp, #52	; 0x34
   baea2:	e8bd 83f0 	ldmia.w	sp!, {r4, r5, r6, r7, r8, r9, pc}
    d.content_type = static_cast<int>(type);
   baea6:	9b14      	ldr	r3, [sp, #80]	; 0x50
    d.data_size = size;
   baea8:	f8cd 9028 	str.w	r9, [sp, #40]	; 0x28
    d.size = sizeof(spark_send_event_data);
   baeac:	2014      	movs	r0, #20
    spark_send_event_data d = {};
   baeae:	2500      	movs	r5, #0
   baeb0:	e9cd 5508 	strd	r5, r5, [sp, #32]
    d.size = sizeof(spark_send_event_data);
   baeb4:	9007      	str	r0, [sp, #28]
    d.content_type = static_cast<int>(type);
   baeb6:	930b      	str	r3, [sp, #44]	; 0x2c
            p_(new detail::FutureImpl<ResultT, ContextT>(State::RUNNING)) {
   baeb8:	f7f9 fda7 	bl	b4a0a <_Znwj>
   baebc:	4601      	mov	r1, r0
   baebe:	b118      	cbz	r0, baec8 <_ZN10CloudClass13publish_eventEPKcS1_jiiN8particle5FlagsI15PublishFlagTypehEE+0x4c>
      constexpr __atomic_base(__pointer_type __p) noexcept : _M_p (__p) { }
   baec0:	e9c0 5501 	strd	r5, r5, [r0, #4]
      constexpr atomic(_Tp __i) noexcept : _M_i(__i) { }
   baec4:	7005      	strb	r5, [r0, #0]
      constexpr __atomic_base(__int_type __i) noexcept : _M_i (__i) { }
   baec6:	7045      	strb	r5, [r0, #1]
	: __shared_count(__p)
   baec8:	a804      	add	r0, sp, #16
	: _M_ptr(__p), _M_refcount(__p, typename is_array<_Tp>::type())
   baeca:	9103      	str	r1, [sp, #12]
	: __shared_count(__p)
   baecc:	f7ff ff0c 	bl	bace8 <_ZNSt14__shared_countILN9__gnu_cxx12_Lock_policyE0EEC1IPN8particle6detail10FutureImplIbNS5_13FutureContextEEEEET_>
    d.handler_callback = publishCompletionCallback;
   baed0:	4b1f      	ldr	r3, [pc, #124]	; (baf50 <_ZN10CloudClass13publish_eventEPKcS1_jiiN8particle5FlagsI15PublishFlagTypehEE+0xd4>)
   baed2:	9308      	str	r3, [sp, #32]
        return new detail::FutureImplPtr<ResultT, ContextT>(p_);
   baed4:	2008      	movs	r0, #8
   baed6:	f7f9 fd98 	bl	b4a0a <_Znwj>
   baeda:	4605      	mov	r5, r0
   baedc:	b110      	cbz	r0, baee4 <_ZN10CloudClass13publish_eventEPKcS1_jiiN8particle5FlagsI15PublishFlagTypehEE+0x68>
   baede:	a903      	add	r1, sp, #12
   baee0:	f7ff febd 	bl	bac5e <_ZNSt12__shared_ptrIN8particle6detail10FutureImplIbNS1_13FutureContextEEELN9__gnu_cxx12_Lock_policyE0EEC1ERKS7_>
    if (!spark_send_event(name, data, ttl, flags.value(), &d) && !p.isDone()) {
   baee4:	ab07      	add	r3, sp, #28
   baee6:	9300      	str	r3, [sp, #0]
   baee8:	9a15      	ldr	r2, [sp, #84]	; 0x54
    d.handler_data = p.dataPtr();
   baeea:	9509      	str	r5, [sp, #36]	; 0x24
    if (!spark_send_event(name, data, ttl, flags.value(), &d) && !p.isDone()) {
   baeec:	fa5f f388 	uxtb.w	r3, r8
   baef0:	4639      	mov	r1, r7
   baef2:	4630      	mov	r0, r6
   baef4:	f7ff fb0c 	bl	ba510 <spark_send_event>
   baef8:	b9b8      	cbnz	r0, baf2a <_ZN10CloudClass13publish_eventEPKcS1_jiiN8particle5FlagsI15PublishFlagTypehEE+0xae>
	return __atomic_load_n(&_M_i, int(__m));
   baefa:	9b03      	ldr	r3, [sp, #12]
   baefc:	785b      	ldrb	r3, [r3, #1]
   baefe:	f003 02ff 	and.w	r2, r3, #255	; 0xff
   baf02:	b993      	cbnz	r3, baf2a <_ZN10CloudClass13publish_eventEPKcS1_jiiN8particle5FlagsI15PublishFlagTypehEE+0xae>
        type_(type) {
   baf04:	f64f 739c 	movw	r3, #65436	; 0xff9c
        p.setError(Error::UNKNOWN);
   baf08:	a905      	add	r1, sp, #20
   baf0a:	a803      	add	r0, sp, #12
   baf0c:	9205      	str	r2, [sp, #20]
   baf0e:	f8ad 3018 	strh.w	r3, [sp, #24]
   baf12:	f7ff ff35 	bl	bad80 <_ZN8particle11PromiseBaseIbNS_6detail13FutureContextEE8setErrorENS_5ErrorE>
   baf16:	a805      	add	r0, sp, #20
   baf18:	f7ff fe77 	bl	bac0a <_ZN8particle5ErrorD1Ev>
        p.fromDataPtr(d.handler_data); // Free wrapper object
   baf1c:	a805      	add	r0, sp, #20
   baf1e:	9909      	ldr	r1, [sp, #36]	; 0x24
   baf20:	f7ff fea6 	bl	bac70 <_ZN8particle11PromiseBaseIbNS_6detail13FutureContextEE11fromDataPtrEPv>
      ~__shared_ptr() = default;
   baf24:	a806      	add	r0, sp, #24
   baf26:	f7ff fb89 	bl	ba63c <_ZNSt14__shared_countILN9__gnu_cxx12_Lock_policyE0EED1Ev>
   baf2a:	a903      	add	r1, sp, #12
   baf2c:	a805      	add	r0, sp, #20
   baf2e:	f7ff fe96 	bl	bac5e <_ZNSt12__shared_ptrIN8particle6detail10FutureImplIbNS1_13FutureContextEEELN9__gnu_cxx12_Lock_policyE0EEC1ERKS7_>
      : _M_ptr(__r._M_ptr), _M_refcount()
   baf32:	9b05      	ldr	r3, [sp, #20]
	_Sp_counted_base<_Lp>* __tmp = __r._M_pi;
   baf34:	9a06      	ldr	r2, [sp, #24]
      : _M_ptr(__r._M_ptr), _M_refcount()
   baf36:	6023      	str	r3, [r4, #0]
	_M_pi = __tmp;
   baf38:	6062      	str	r2, [r4, #4]
	__r._M_pi = _M_pi;
   baf3a:	2300      	movs	r3, #0
      ~__shared_ptr() = default;
   baf3c:	a806      	add	r0, sp, #24
	__r._M_pi = _M_pi;
   baf3e:	9306      	str	r3, [sp, #24]
	__r._M_ptr = 0;
   baf40:	9305      	str	r3, [sp, #20]
      ~__shared_ptr() = default;
   baf42:	f7ff fb7b 	bl	ba63c <_ZNSt14__shared_countILN9__gnu_cxx12_Lock_policyE0EED1Ev>
   baf46:	a804      	add	r0, sp, #16
   baf48:	f7ff fb78 	bl	ba63c <_ZNSt14__shared_countILN9__gnu_cxx12_Lock_policyE0EED1Ev>
class Promise: public PromiseBase<ResultT, ContextT> {
   baf4c:	e7a7      	b.n	bae9e <_ZN10CloudClass13publish_eventEPKcS1_jiiN8particle5FlagsI15PublishFlagTypehEE+0x22>
   baf4e:	bf00      	nop
   baf50:	000bb019 	.word	0x000bb019

000baf54 <_ZNSt17_Function_handlerIFvvESt5_BindIFSt8functionIFvRKN8particle5ErrorEEES4_EEE10_M_managerERSt9_Any_dataRKSC_St18_Manager_operation>:
	switch (__op)
   baf54:	2a01      	cmp	r2, #1
      _M_manager(_Any_data& __dest, const _Any_data& __source,
   baf56:	b5f8      	push	{r3, r4, r5, r6, r7, lr}
   baf58:	4605      	mov	r5, r0
	switch (__op)
   baf5a:	d103      	bne.n	baf64 <_ZNSt17_Function_handlerIFvvESt5_BindIFSt8functionIFvRKN8particle5ErrorEEES4_EEE10_M_managerERSt9_Any_dataRKSC_St18_Manager_operation+0x10>
	    return __source._M_access<_Functor*>();
   baf5c:	680b      	ldr	r3, [r1, #0]
	    __dest._M_access<_Functor*>() = _Base::_M_get_pointer(__source);
   baf5e:	6003      	str	r3, [r0, #0]
      }
   baf60:	2000      	movs	r0, #0
   baf62:	bdf8      	pop	{r3, r4, r5, r6, r7, pc}
	  switch (__op)
   baf64:	2a02      	cmp	r2, #2
   baf66:	d010      	beq.n	baf8a <_ZNSt17_Function_handlerIFvvESt5_BindIFSt8functionIFvRKN8particle5ErrorEEES4_EEE10_M_managerERSt9_Any_dataRKSC_St18_Manager_operation+0x36>
   baf68:	2a03      	cmp	r2, #3
   baf6a:	d1f9      	bne.n	baf60 <_ZNSt17_Function_handlerIFvvESt5_BindIFSt8functionIFvRKN8particle5ErrorEEES4_EEE10_M_managerERSt9_Any_dataRKSC_St18_Manager_operation+0xc>
	  delete __victim._M_access<_Functor*>();
   baf6c:	6804      	ldr	r4, [r0, #0]
   baf6e:	2c00      	cmp	r4, #0
   baf70:	d0f6      	beq.n	baf60 <_ZNSt17_Function_handlerIFvvESt5_BindIFSt8functionIFvRKN8particle5ErrorEEES4_EEE10_M_managerERSt9_Any_dataRKSC_St18_Manager_operation+0xc>
   baf72:	f104 0010 	add.w	r0, r4, #16
   baf76:	f7ff fe48 	bl	bac0a <_ZN8particle5ErrorD1Ev>
    class function<_Res(_ArgTypes...)>
   baf7a:	4620      	mov	r0, r4
   baf7c:	f7ff fc78 	bl	ba870 <_ZNSt14_Function_baseD1Ev>
	  delete __victim._M_access<_Functor*>();
   baf80:	2118      	movs	r1, #24
   baf82:	4620      	mov	r0, r4
   baf84:	f7f9 fd45 	bl	b4a12 <_ZdlPvj>
   baf88:	e7ea      	b.n	baf60 <_ZNSt17_Function_handlerIFvvESt5_BindIFSt8functionIFvRKN8particle5ErrorEEES4_EEE10_M_managerERSt9_Any_dataRKSC_St18_Manager_operation+0xc>
	    new _Functor(*__source._M_access<const _Functor*>());
   baf8a:	2018      	movs	r0, #24
	  __dest._M_access<_Functor*>() =
   baf8c:	680e      	ldr	r6, [r1, #0]
	    new _Functor(*__source._M_access<const _Functor*>());
   baf8e:	f7f9 fd3c 	bl	b4a0a <_Znwj>
   baf92:	4604      	mov	r4, r0
   baf94:	b150      	cbz	r0, bafac <_ZNSt17_Function_handlerIFvvESt5_BindIFSt8functionIFvRKN8particle5ErrorEEES4_EEE10_M_managerERSt9_Any_dataRKSC_St18_Manager_operation+0x58>
	explicit _GLIBCXX20_CONSTEXPR
	_Bind(_Functor&& __f, _Args&&... __args)
	: _M_f(std::move(__f)), _M_bound_args(std::forward<_Args>(__args)...)
	{ }

      _Bind(const _Bind&) = default;
   baf96:	4631      	mov	r1, r6
   baf98:	f7ff fee2 	bl	bad60 <_ZNSt8functionIFvRKN8particle5ErrorEEEC1ERKS5_>
        Error(error.type_, error.msg_) {
   baf9c:	6930      	ldr	r0, [r6, #16]
   baf9e:	f9b6 7014 	ldrsh.w	r7, [r6, #20]
        msg_(msg ? (const char*)strdup(msg) : nullptr),
   bafa2:	b108      	cbz	r0, bafa8 <_ZNSt17_Function_handlerIFvvESt5_BindIFSt8functionIFvRKN8particle5ErrorEEES4_EEE10_M_managerERSt9_Any_dataRKSC_St18_Manager_operation+0x54>
   bafa4:	f000 fd12 	bl	bb9cc <strdup>
        type_(type) {
   bafa8:	6120      	str	r0, [r4, #16]
   bafaa:	82a7      	strh	r7, [r4, #20]
	  __dest._M_access<_Functor*>() =
   bafac:	602c      	str	r4, [r5, #0]
	}
   bafae:	e7d7      	b.n	baf60 <_ZNSt17_Function_handlerIFvvESt5_BindIFSt8functionIFvRKN8particle5ErrorEEES4_EEE10_M_managerERSt9_Any_dataRKSC_St18_Manager_operation+0xc>

000bafb0 <_ZNSt8functionIFvRKbEEC1ERKS3_>:
    function<_Res(_ArgTypes...)>::
   bafb0:	b538      	push	{r3, r4, r5, lr}
    _Function_base() : _M_manager(nullptr) { }
   bafb2:	2300      	movs	r3, #0
   bafb4:	6083      	str	r3, [r0, #8]
    bool _M_empty() const { return !_M_manager; }
   bafb6:	688b      	ldr	r3, [r1, #8]
    function<_Res(_ArgTypes...)>::
   bafb8:	4604      	mov	r4, r0
   bafba:	460d      	mov	r5, r1
      if (static_cast<bool>(__x))
   bafbc:	b12b      	cbz	r3, bafca <_ZNSt8functionIFvRKbEEC1ERKS3_+0x1a>
	  __x._M_manager(_M_functor, __x._M_functor, __clone_functor);
   bafbe:	2202      	movs	r2, #2
   bafc0:	4798      	blx	r3
	  _M_invoker = __x._M_invoker;
   bafc2:	68eb      	ldr	r3, [r5, #12]
   bafc4:	60e3      	str	r3, [r4, #12]
	  _M_manager = __x._M_manager;
   bafc6:	68ab      	ldr	r3, [r5, #8]
   bafc8:	60a3      	str	r3, [r4, #8]
    }
   bafca:	4620      	mov	r0, r4
   bafcc:	bd38      	pop	{r3, r4, r5, pc}

000bafce <_ZNSt17_Function_handlerIFvvESt5_BindIFSt8functionIFvRKbEEbEEE10_M_managerERSt9_Any_dataRKSA_St18_Manager_operation>:
	switch (__op)
   bafce:	2a01      	cmp	r2, #1
      _M_manager(_Any_data& __dest, const _Any_data& __source,
   bafd0:	b570      	push	{r4, r5, r6, lr}
   bafd2:	4604      	mov	r4, r0
	switch (__op)
   bafd4:	d103      	bne.n	bafde <_ZNSt17_Function_handlerIFvvESt5_BindIFSt8functionIFvRKbEEbEEE10_M_managerERSt9_Any_dataRKSA_St18_Manager_operation+0x10>
	    return __source._M_access<_Functor*>();
   bafd6:	680b      	ldr	r3, [r1, #0]
	    __dest._M_access<_Functor*>() = _Base::_M_get_pointer(__source);
   bafd8:	6003      	str	r3, [r0, #0]
      }
   bafda:	2000      	movs	r0, #0
   bafdc:	bd70      	pop	{r4, r5, r6, pc}
	  switch (__op)
   bafde:	2a02      	cmp	r2, #2
   bafe0:	d00c      	beq.n	baffc <_ZNSt17_Function_handlerIFvvESt5_BindIFSt8functionIFvRKbEEbEEE10_M_managerERSt9_Any_dataRKSA_St18_Manager_operation+0x2e>
   bafe2:	2a03      	cmp	r2, #3
   bafe4:	d1f9      	bne.n	bafda <_ZNSt17_Function_handlerIFvvESt5_BindIFSt8functionIFvRKbEEbEEE10_M_managerERSt9_Any_dataRKSA_St18_Manager_operation+0xc>
	  delete __victim._M_access<_Functor*>();
   bafe6:	6804      	ldr	r4, [r0, #0]
   bafe8:	2c00      	cmp	r4, #0
   bafea:	d0f6      	beq.n	bafda <_ZNSt17_Function_handlerIFvvESt5_BindIFSt8functionIFvRKbEEbEEE10_M_managerERSt9_Any_dataRKSA_St18_Manager_operation+0xc>
    class function<_Res(_ArgTypes...)>
   bafec:	4620      	mov	r0, r4
   bafee:	f7ff fc3f 	bl	ba870 <_ZNSt14_Function_baseD1Ev>
	  delete __victim._M_access<_Functor*>();
   baff2:	2114      	movs	r1, #20
   baff4:	4620      	mov	r0, r4
   baff6:	f7f9 fd0c 	bl	b4a12 <_ZdlPvj>
   baffa:	e7ee      	b.n	bafda <_ZNSt17_Function_handlerIFvvESt5_BindIFSt8functionIFvRKbEEbEEE10_M_managerERSt9_Any_dataRKSA_St18_Manager_operation+0xc>
	    new _Functor(*__source._M_access<const _Functor*>());
   baffc:	2014      	movs	r0, #20
	  __dest._M_access<_Functor*>() =
   baffe:	680e      	ldr	r6, [r1, #0]
	    new _Functor(*__source._M_access<const _Functor*>());
   bb000:	f7f9 fd03 	bl	b4a0a <_Znwj>
   bb004:	4605      	mov	r5, r0
   bb006:	b120      	cbz	r0, bb012 <_ZNSt17_Function_handlerIFvvESt5_BindIFSt8functionIFvRKbEEbEEE10_M_managerERSt9_Any_dataRKSA_St18_Manager_operation+0x44>
   bb008:	4631      	mov	r1, r6
   bb00a:	f7ff ffd1 	bl	bafb0 <_ZNSt8functionIFvRKbEEC1ERKS3_>
   bb00e:	7c33      	ldrb	r3, [r6, #16]
   bb010:	742b      	strb	r3, [r5, #16]
	  __dest._M_access<_Functor*>() =
   bb012:	6025      	str	r5, [r4, #0]
	}
   bb014:	e7e1      	b.n	bafda <_ZNSt17_Function_handlerIFvvESt5_BindIFSt8functionIFvRKbEEbEEE10_M_managerERSt9_Any_dataRKSA_St18_Manager_operation+0xc>
	...

000bb018 <_ZN12_GLOBAL__N_125publishCompletionCallbackEiPKvPvS2_>:
void publishCompletionCallback(int error, const void* data, void* callbackData, void* reserved) {
   bb018:	b5f0      	push	{r4, r5, r6, r7, lr}
   bb01a:	b089      	sub	sp, #36	; 0x24
   bb01c:	4604      	mov	r4, r0
   bb01e:	460d      	mov	r5, r1
    auto p = Promise<bool>::fromDataPtr(callbackData);
   bb020:	a801      	add	r0, sp, #4
   bb022:	4611      	mov	r1, r2
   bb024:	f7ff fe24 	bl	bac70 <_ZN8particle11PromiseBaseIbNS_6detail13FutureContextEE11fromDataPtrEPv>
    if (error != Error::NONE) {
   bb028:	b1a4      	cbz	r4, bb054 <_ZN12_GLOBAL__N_125publishCompletionCallbackEiPKvPvS2_+0x3c>
        p.setError(Error((Error::Type)error, (const char*)data));
   bb02a:	b224      	sxth	r4, r4
        msg_(msg ? (const char*)strdup(msg) : nullptr),
   bb02c:	b11d      	cbz	r5, bb036 <_ZN12_GLOBAL__N_125publishCompletionCallbackEiPKvPvS2_+0x1e>
   bb02e:	4628      	mov	r0, r5
   bb030:	f000 fccc 	bl	bb9cc <strdup>
   bb034:	4605      	mov	r5, r0
   bb036:	a801      	add	r0, sp, #4
   bb038:	a903      	add	r1, sp, #12
        type_(type) {
   bb03a:	9503      	str	r5, [sp, #12]
   bb03c:	f8ad 4010 	strh.w	r4, [sp, #16]
   bb040:	f7ff fe9e 	bl	bad80 <_ZN8particle11PromiseBaseIbNS_6detail13FutureContextEE8setErrorENS_5ErrorE>
   bb044:	a803      	add	r0, sp, #12
   bb046:	f7ff fde0 	bl	bac0a <_ZN8particle5ErrorD1Ev>
   bb04a:	a802      	add	r0, sp, #8
   bb04c:	f7ff faf6 	bl	ba63c <_ZNSt14__shared_countILN9__gnu_cxx12_Lock_policyE0EED1Ev>
}
   bb050:	b009      	add	sp, #36	; 0x24
   bb052:	bdf0      	pop	{r4, r5, r6, r7, pc}
      { return _M_ptr; }
   bb054:	9d01      	ldr	r5, [sp, #4]
	return __atomic_compare_exchange(std::__addressof(_M_i),
   bb056:	2301      	movs	r3, #1
   bb058:	e8d5 2f4f 	ldrexb	r2, [r5]
   bb05c:	2a00      	cmp	r2, #0
   bb05e:	d103      	bne.n	bb068 <_ZN12_GLOBAL__N_125publishCompletionCallbackEiPKvPvS2_+0x50>
   bb060:	e8c5 3f41 	strexb	r1, r3, [r5]
   bb064:	2900      	cmp	r1, #0
   bb066:	d1f7      	bne.n	bb058 <_ZN12_GLOBAL__N_125publishCompletionCallbackEiPKvPvS2_+0x40>
        if (this->changeState(State::SUCCEEDED)) {
   bb068:	d1ef      	bne.n	bb04a <_ZN12_GLOBAL__N_125publishCompletionCallbackEiPKvPvS2_+0x32>
            new(&result_) ResultT(std::move(result));
   bb06a:	732b      	strb	r3, [r5, #12]
	__atomic_store_n(&_M_i, __i, int(__m));
   bb06c:	f3bf 8f5b 	dmb	ish
   bb070:	706b      	strb	r3, [r5, #1]
	return __atomic_exchange_n(&_M_p, __p, int(__m));
   bb072:	1d2b      	adds	r3, r5, #4
   bb074:	f3bf 8f5b 	dmb	ish
   bb078:	e853 6f00 	ldrex	r6, [r3]
   bb07c:	e843 4200 	strex	r2, r4, [r3]
   bb080:	2a00      	cmp	r2, #0
   bb082:	d1f9      	bne.n	bb078 <_ZN12_GLOBAL__N_125publishCompletionCallbackEiPKvPvS2_+0x60>
   bb084:	f3bf 8f5b 	dmb	ish
        if (callbackPtr) {
   bb088:	2e00      	cmp	r6, #0
   bb08a:	d0de      	beq.n	bb04a <_ZN12_GLOBAL__N_125publishCompletionCallbackEiPKvPvS2_+0x32>
        return (application_thread_current(nullptr) != 0);
   bb08c:	4620      	mov	r0, r4
   bb08e:	f7ff f9a3 	bl	ba3d8 <application_thread_current>
        if (ContextT::isApplicationThreadCurrent()) {
   bb092:	4607      	mov	r7, r0
   bb094:	b160      	cbz	r0, bb0b0 <_ZN12_GLOBAL__N_125publishCompletionCallbackEiPKvPvS2_+0x98>
            callback(std::forward<ArgsT>(args)...); // Synchronous call
   bb096:	f105 010c 	add.w	r1, r5, #12
   bb09a:	4630      	mov	r0, r6
   bb09c:	f7ff fe13 	bl	bacc6 <_ZNKSt8functionIFvRKbEEclES1_>
    class function<_Res(_ArgTypes...)>
   bb0a0:	4630      	mov	r0, r6
   bb0a2:	f7ff fbe5 	bl	ba870 <_ZNSt14_Function_baseD1Ev>
            delete callbackPtr;
   bb0a6:	2110      	movs	r1, #16
   bb0a8:	4630      	mov	r0, r6
   bb0aa:	f7f9 fcb2 	bl	b4a12 <_ZdlPvj>
   bb0ae:	e7cc      	b.n	bb04a <_ZN12_GLOBAL__N_125publishCompletionCallbackEiPKvPvS2_+0x32>
	: _M_f(__f), _M_bound_args(std::forward<_Args>(__args)...)
   bb0b0:	4631      	mov	r1, r6
   bb0b2:	a803      	add	r0, sp, #12
   bb0b4:	f7ff ff7c 	bl	bafb0 <_ZNSt8functionIFvRKbEEC1ERKS3_>
	: _M_head_impl(std::forward<_UHead>(__h)) { }
   bb0b8:	7b2b      	ldrb	r3, [r5, #12]
   bb0ba:	f88d 301c 	strb.w	r3, [sp, #28]
            auto callbackPtr = new std::function<void()>(std::bind(callback, std::forward<ArgsT>(args)...));
   bb0be:	2010      	movs	r0, #16
   bb0c0:	f7f9 fca3 	bl	b4a0a <_Znwj>
   bb0c4:	4605      	mov	r5, r0
   bb0c6:	b1d0      	cbz	r0, bb0fe <_ZN12_GLOBAL__N_125publishCompletionCallbackEiPKvPvS2_+0xe6>
    _Function_base() : _M_manager(nullptr) { }
   bb0c8:	6087      	str	r7, [r0, #8]
	{ __functor._M_access<_Functor*>() = new _Functor(std::move(__f)); }
   bb0ca:	2014      	movs	r0, #20
   bb0cc:	f7f9 fc9d 	bl	b4a0a <_Znwj>
   bb0d0:	4604      	mov	r4, r0
   bb0d2:	b178      	cbz	r0, bb0f4 <_ZN12_GLOBAL__N_125publishCompletionCallbackEiPKvPvS2_+0xdc>
    _Function_base() : _M_manager(nullptr) { }
   bb0d4:	6087      	str	r7, [r0, #8]
	std::swap(_M_functor, __x._M_functor);
   bb0d6:	4601      	mov	r1, r0
   bb0d8:	a803      	add	r0, sp, #12
   bb0da:	f7ff fbe5 	bl	ba8a8 <_ZSt4swapISt9_Any_dataENSt9enable_ifIXsrSt6__and_IJSt6__not_ISt15__is_tuple_likeIT_EESt21is_move_constructibleIS5_ESt18is_move_assignableIS5_EEE5valueEvE4typeERS5_SF_>
      _Tp __tmp = _GLIBCXX_MOVE(__a);
   bb0de:	9b05      	ldr	r3, [sp, #20]
      __a = _GLIBCXX_MOVE(__b);
   bb0e0:	68a2      	ldr	r2, [r4, #8]
      __b = _GLIBCXX_MOVE(__tmp);
   bb0e2:	60a3      	str	r3, [r4, #8]
      _Tp __tmp = _GLIBCXX_MOVE(__a);
   bb0e4:	9b06      	ldr	r3, [sp, #24]
      __a = _GLIBCXX_MOVE(__b);
   bb0e6:	9205      	str	r2, [sp, #20]
   bb0e8:	68e2      	ldr	r2, [r4, #12]
      __b = _GLIBCXX_MOVE(__tmp);
   bb0ea:	60e3      	str	r3, [r4, #12]
   bb0ec:	f89d 301c 	ldrb.w	r3, [sp, #28]
      __a = _GLIBCXX_MOVE(__b);
   bb0f0:	9206      	str	r2, [sp, #24]
   bb0f2:	7423      	strb	r3, [r4, #16]
	    _M_invoker = &_My_handler::_M_invoke;
   bb0f4:	4b06      	ldr	r3, [pc, #24]	; (bb110 <_ZN12_GLOBAL__N_125publishCompletionCallbackEiPKvPvS2_+0xf8>)
   bb0f6:	60eb      	str	r3, [r5, #12]
	    _M_manager = &_My_handler::_M_manager;
   bb0f8:	4b06      	ldr	r3, [pc, #24]	; (bb114 <_ZN12_GLOBAL__N_125publishCompletionCallbackEiPKvPvS2_+0xfc>)
	{ __functor._M_access<_Functor*>() = new _Functor(std::move(__f)); }
   bb0fa:	602c      	str	r4, [r5, #0]
	    _M_manager = &_My_handler::_M_manager;
   bb0fc:	60ab      	str	r3, [r5, #8]
    class function<_Res(_ArgTypes...)>
   bb0fe:	a803      	add	r0, sp, #12
   bb100:	f7ff fbb6 	bl	ba870 <_ZNSt14_Function_baseD1Ev>
        return (application_thread_invoke(callback, data, nullptr) == 0);
   bb104:	2200      	movs	r2, #0
   bb106:	4629      	mov	r1, r5
   bb108:	4803      	ldr	r0, [pc, #12]	; (bb118 <_ZN12_GLOBAL__N_125publishCompletionCallbackEiPKvPvS2_+0x100>)
   bb10a:	f7ff f96d 	bl	ba3e8 <application_thread_invoke>
   bb10e:	e7c7      	b.n	bb0a0 <_ZN12_GLOBAL__N_125publishCompletionCallbackEiPKvPvS2_+0x88>
   bb110:	000bacd9 	.word	0x000bacd9
   bb114:	000bafcf 	.word	0x000bafcf
   bb118:	000bb451 	.word	0x000bb451

000bb11c <_ZN9IPAddressD1Ev>:
    IPAddress(uint32_t address);
    // 4 bytes defining the IP address in network order
    IPAddress(const uint8_t* address);
    IPAddress(const HAL_IPAddress& address);

    virtual ~IPAddress() {}
   bb11c:	4770      	bx	lr

000bb11e <_ZN9IPAddressD0Ev>:
   bb11e:	b510      	push	{r4, lr}
   bb120:	2118      	movs	r1, #24
   bb122:	4604      	mov	r4, r0
   bb124:	f7f9 fc75 	bl	b4a12 <_ZdlPvj>
   bb128:	4620      	mov	r0, r4
   bb12a:	bd10      	pop	{r4, pc}

000bb12c <_ZNK9IPAddress7printToER5Print>:
#endif // Wiring_IPv6
	return address.ipv4==that.address.ipv4;
}

size_t IPAddress::printTo(Print& p) const
{
   bb12c:	b5f0      	push	{r4, r5, r6, r7, lr}
#if Wiring_IPv6
#if HAL_USE_INET_HAL_POSIX
	if (address.v==6) {
   bb12e:	7d03      	ldrb	r3, [r0, #20]
   bb130:	2b06      	cmp	r3, #6
{
   bb132:	b08d      	sub	sp, #52	; 0x34
   bb134:	460e      	mov	r6, r1
		char buf[INET6_ADDRSTRLEN+1];
		buf[0] = 0;
		inet_inet_ntop(AF_INET6, address.ipv6, buf, sizeof(buf));
   bb136:	f100 0704 	add.w	r7, r0, #4
   bb13a:	f04f 0400 	mov.w	r4, #0
	if (address.v==6) {
   bb13e:	d012      	beq.n	bb166 <_ZNK9IPAddress7printToER5Print+0x3a>
   bb140:	f100 0508 	add.w	r5, r0, #8
            val = n;
        }
#if __GNUC__ >= 9
#pragma GCC diagnostic pop
#endif // __GNUC__ >= 9
        return printNumber(val, base) + t;
   bb144:	f815 1d01 	ldrb.w	r1, [r5, #-1]!
   bb148:	220a      	movs	r2, #10
   bb14a:	4630      	mov	r0, r6
   bb14c:	f7ff fc11 	bl	ba972 <_ZN5Print11printNumberEmh>
#else
#pragma message "HAL_USE_INET_HAL_POSIX is required for IPv6 support in IPAddress::printTo()"
#endif // HAL_USE_INET_HAL_POSIX
#endif // Wiring_IPv6
    size_t n = 0;
    for (int i = 0; i < 4; i++)
   bb150:	42af      	cmp	r7, r5
    {
        if (n)
            n += p.print('.');
        n += p.print((*this)[i], DEC);
   bb152:	4404      	add	r4, r0
    for (int i = 0; i < 4; i++)
   bb154:	d019      	beq.n	bb18a <_ZNK9IPAddress7printToER5Print+0x5e>
        if (n)
   bb156:	2c00      	cmp	r4, #0
   bb158:	d0f4      	beq.n	bb144 <_ZNK9IPAddress7printToER5Print+0x18>
            n += p.print('.');
   bb15a:	212e      	movs	r1, #46	; 0x2e
   bb15c:	4630      	mov	r0, r6
   bb15e:	f7ff fbe9 	bl	ba934 <_ZN5Print5printEc>
   bb162:	4404      	add	r4, r0
   bb164:	e7ee      	b.n	bb144 <_ZNK9IPAddress7printToER5Print+0x18>
		inet_inet_ntop(AF_INET6, address.ipv6, buf, sizeof(buf));
   bb166:	232f      	movs	r3, #47	; 0x2f
   bb168:	466a      	mov	r2, sp
   bb16a:	4639      	mov	r1, r7
   bb16c:	200a      	movs	r0, #10
		buf[0] = 0;
   bb16e:	f88d 4000 	strb.w	r4, [sp]
		inet_inet_ntop(AF_INET6, address.ipv6, buf, sizeof(buf));
   bb172:	f7fe fff9 	bl	ba168 <inet_inet_ntop>
      return write((const uint8_t *)str, strlen(str));
   bb176:	4668      	mov	r0, sp
   bb178:	f7f9 fc04 	bl	b4984 <strlen>
   bb17c:	6833      	ldr	r3, [r6, #0]
   bb17e:	4602      	mov	r2, r0
   bb180:	68db      	ldr	r3, [r3, #12]
   bb182:	4669      	mov	r1, sp
   bb184:	4630      	mov	r0, r6
   bb186:	4798      	blx	r3
   bb188:	4604      	mov	r4, r0
    }
    return n;
}
   bb18a:	4620      	mov	r0, r4
   bb18c:	b00d      	add	sp, #52	; 0x34
   bb18e:	bdf0      	pop	{r4, r5, r6, r7, pc}

000bb190 <_ZN9IPAddressC1Ev>:
IPAddress::IPAddress()
   bb190:	b510      	push	{r4, lr}
   bb192:	4b05      	ldr	r3, [pc, #20]	; (bb1a8 <_ZN9IPAddressC1Ev+0x18>)
   bb194:	4604      	mov	r4, r0
        return address;
    }

    virtual size_t printTo(Print& p) const;

    void clear() { memset(&address, 0, sizeof (address)); }
   bb196:	2211      	movs	r2, #17
   bb198:	f840 3b04 	str.w	r3, [r0], #4
   bb19c:	2100      	movs	r1, #0
   bb19e:	f000 fbde 	bl	bb95e <memset>
}
   bb1a2:	4620      	mov	r0, r4
   bb1a4:	bd10      	pop	{r4, pc}
   bb1a6:	bf00      	nop
   bb1a8:	000bc088 	.word	0x000bc088

000bb1ac <_ZN9IPAddressC1ERK16_HAL_IPAddress_t>:
IPAddress::IPAddress(const HAL_IPAddress& address)
   bb1ac:	4603      	mov	r3, r0
   bb1ae:	4a07      	ldr	r2, [pc, #28]	; (bb1cc <_ZN9IPAddressC1ERK16_HAL_IPAddress_t+0x20>)
   bb1b0:	b510      	push	{r4, lr}
   bb1b2:	f843 2b04 	str.w	r2, [r3], #4
    memcpy(&this->address, &address, sizeof(address));
   bb1b6:	f101 0210 	add.w	r2, r1, #16
   bb1ba:	f851 4b04 	ldr.w	r4, [r1], #4
   bb1be:	f843 4b04 	str.w	r4, [r3], #4
   bb1c2:	4291      	cmp	r1, r2
   bb1c4:	d1f9      	bne.n	bb1ba <_ZN9IPAddressC1ERK16_HAL_IPAddress_t+0xe>
   bb1c6:	780a      	ldrb	r2, [r1, #0]
   bb1c8:	701a      	strb	r2, [r3, #0]
}
   bb1ca:	bd10      	pop	{r4, pc}
   bb1cc:	000bc088 	.word	0x000bc088

000bb1d0 <_ZN9IPAddress8set_ipv4Ehhhh>:
{
   bb1d0:	b510      	push	{r4, lr}
    address.ipv4 = b0<<24 | b1 << 16 | b2 << 8 | b3;
   bb1d2:	f89d 4008 	ldrb.w	r4, [sp, #8]
   bb1d6:	ea44 2303 	orr.w	r3, r4, r3, lsl #8
   bb1da:	ea43 4202 	orr.w	r2, r3, r2, lsl #16
   bb1de:	ea42 6101 	orr.w	r1, r2, r1, lsl #24
        address.v = version;
   bb1e2:	2304      	movs	r3, #4
   bb1e4:	6041      	str	r1, [r0, #4]
   bb1e6:	7503      	strb	r3, [r0, #20]
}
   bb1e8:	bd10      	pop	{r4, pc}
	...

000bb1ec <_ZN9IPAddressC1EPKh>:
IPAddress::IPAddress(const uint8_t* addr)
   bb1ec:	b507      	push	{r0, r1, r2, lr}
   bb1ee:	4b06      	ldr	r3, [pc, #24]	; (bb208 <_ZN9IPAddressC1EPKh+0x1c>)
   bb1f0:	6003      	str	r3, [r0, #0]
    set_ipv4(addr[0], addr[1], addr[2], addr[3]);
   bb1f2:	78cb      	ldrb	r3, [r1, #3]
   bb1f4:	9300      	str	r3, [sp, #0]
   bb1f6:	788b      	ldrb	r3, [r1, #2]
   bb1f8:	784a      	ldrb	r2, [r1, #1]
   bb1fa:	7809      	ldrb	r1, [r1, #0]
   bb1fc:	f7ff ffe8 	bl	bb1d0 <_ZN9IPAddress8set_ipv4Ehhhh>
}
   bb200:	b003      	add	sp, #12
   bb202:	f85d fb04 	ldr.w	pc, [sp], #4
   bb206:	bf00      	nop
   bb208:	000bc088 	.word	0x000bc088

000bb20c <_ZN9USBSerial14blockOnOverrunEb>:
  HAL_USB_USART_Flush_Data(_serial);
}

void USBSerial::blockOnOverrun(bool block)
{
  _blocking = block;
   bb20c:	7441      	strb	r1, [r0, #17]
}
   bb20e:	4770      	bx	lr

000bb210 <__tcf_0>:
}

USBSerial& _fetch_usbserial()
{
  HAL_USB_USART_Config conf = acquireSerialBuffer();
	static USBSerial _usbserial(HAL_USB_USART_SERIAL, conf);
   bb210:	4770      	bx	lr

000bb212 <_ZN9USBSerialD1Ev>:
#include "usb_hal.h"
#include "system_task.h"
#include "spark_wiring_startup.h"
#include "concurrent_hal.h"

class USBSerial : public Stream
   bb212:	4770      	bx	lr

000bb214 <_ZN9USBSerial4readEv>:
{
   bb214:	b508      	push	{r3, lr}
	return std::max(-1, (int)HAL_USB_USART_Receive_Data(_serial, false));
   bb216:	2100      	movs	r1, #0
   bb218:	7c00      	ldrb	r0, [r0, #16]
   bb21a:	f7ff f8b5 	bl	ba388 <HAL_USB_USART_Receive_Data>
}
   bb21e:	ea40 70e0 	orr.w	r0, r0, r0, asr #31
   bb222:	bd08      	pop	{r3, pc}

000bb224 <_ZN9USBSerial4peekEv>:
{
   bb224:	b508      	push	{r3, lr}
	return std::max(-1, (int)HAL_USB_USART_Receive_Data(_serial, true));
   bb226:	2101      	movs	r1, #1
   bb228:	7c00      	ldrb	r0, [r0, #16]
   bb22a:	f7ff f8ad 	bl	ba388 <HAL_USB_USART_Receive_Data>
}
   bb22e:	ea40 70e0 	orr.w	r0, r0, r0, asr #31
   bb232:	bd08      	pop	{r3, pc}

000bb234 <_ZN9USBSerial17availableForWriteEv>:
{
   bb234:	b508      	push	{r3, lr}
  return std::max(0, (int)HAL_USB_USART_Available_Data_For_Write(_serial));
   bb236:	7c00      	ldrb	r0, [r0, #16]
   bb238:	f7ff f89e 	bl	ba378 <HAL_USB_USART_Available_Data_For_Write>
}
   bb23c:	ea20 70e0 	bic.w	r0, r0, r0, asr #31
   bb240:	bd08      	pop	{r3, pc}

000bb242 <_ZN9USBSerial9availableEv>:
{
   bb242:	b508      	push	{r3, lr}
	return std::max(0, (int)HAL_USB_USART_Available_Data(_serial));
   bb244:	7c00      	ldrb	r0, [r0, #16]
   bb246:	f7ff f88f 	bl	ba368 <HAL_USB_USART_Available_Data>
}
   bb24a:	ea20 70e0 	bic.w	r0, r0, r0, asr #31
   bb24e:	bd08      	pop	{r3, pc}

000bb250 <_ZN9USBSerial5writeEh>:
{
   bb250:	b513      	push	{r0, r1, r4, lr}
   bb252:	4604      	mov	r4, r0
  if (HAL_USB_USART_Available_Data_For_Write(_serial) > 0 || _blocking) {
   bb254:	7c00      	ldrb	r0, [r0, #16]
{
   bb256:	9101      	str	r1, [sp, #4]
  if (HAL_USB_USART_Available_Data_For_Write(_serial) > 0 || _blocking) {
   bb258:	f7ff f88e 	bl	ba378 <HAL_USB_USART_Available_Data_For_Write>
   bb25c:	2800      	cmp	r0, #0
   bb25e:	9901      	ldr	r1, [sp, #4]
   bb260:	dc01      	bgt.n	bb266 <_ZN9USBSerial5writeEh+0x16>
   bb262:	7c60      	ldrb	r0, [r4, #17]
   bb264:	b120      	cbz	r0, bb270 <_ZN9USBSerial5writeEh+0x20>
    return std::max(0, (int)HAL_USB_USART_Send_Data(_serial, byte));
   bb266:	7c20      	ldrb	r0, [r4, #16]
   bb268:	f7ff f896 	bl	ba398 <HAL_USB_USART_Send_Data>
   bb26c:	ea20 70e0 	bic.w	r0, r0, r0, asr #31
}
   bb270:	b002      	add	sp, #8
   bb272:	bd10      	pop	{r4, pc}

000bb274 <_ZN9USBSerial5flushEv>:
  HAL_USB_USART_Flush_Data(_serial);
   bb274:	7c00      	ldrb	r0, [r0, #16]
   bb276:	f7ff b897 	b.w	ba3a8 <HAL_USB_USART_Flush_Data>

000bb27a <_ZN9USBSerialD0Ev>:
   bb27a:	b510      	push	{r4, lr}
   bb27c:	2114      	movs	r1, #20
   bb27e:	4604      	mov	r4, r0
   bb280:	f7f9 fbc7 	bl	b4a12 <_ZdlPvj>
   bb284:	4620      	mov	r0, r4
   bb286:	bd10      	pop	{r4, pc}

000bb288 <_ZN9USBSerialC1E20HAL_USB_USART_SerialRK20HAL_USB_USART_Config>:
USBSerial::USBSerial(HAL_USB_USART_Serial serial, const HAL_USB_USART_Config& conf)
   bb288:	b510      	push	{r4, lr}
    virtual int available() = 0;
    virtual int read() = 0;
    virtual int peek() = 0;
    virtual void flush() = 0;

    Stream() {_timeout=1000;}
   bb28a:	f44f 737a 	mov.w	r3, #1000	; 0x3e8
   bb28e:	4604      	mov	r4, r0
   bb290:	4608      	mov	r0, r1
   bb292:	2100      	movs	r1, #0
   bb294:	e9c4 1301 	strd	r1, r3, [r4, #4]
   bb298:	4b04      	ldr	r3, [pc, #16]	; (bb2ac <_ZN9USBSerialC1E20HAL_USB_USART_SerialRK20HAL_USB_USART_Config+0x24>)
   bb29a:	6023      	str	r3, [r4, #0]
  _blocking = true;
   bb29c:	2301      	movs	r3, #1
  _serial = serial;
   bb29e:	7420      	strb	r0, [r4, #16]
  _blocking = true;
   bb2a0:	7463      	strb	r3, [r4, #17]
  HAL_USB_USART_Init(_serial, &conf);
   bb2a2:	4611      	mov	r1, r2
   bb2a4:	f7ff f850 	bl	ba348 <HAL_USB_USART_Init>
}
   bb2a8:	4620      	mov	r0, r4
   bb2aa:	bd10      	pop	{r4, pc}
   bb2ac:	000bc09c 	.word	0x000bc09c

000bb2b0 <_ZN9USBSerial5beginEl>:
    HAL_USB_USART_Begin(_serial, speed, NULL);
   bb2b0:	7c00      	ldrb	r0, [r0, #16]
   bb2b2:	2200      	movs	r2, #0
   bb2b4:	f7ff b850 	b.w	ba358 <HAL_USB_USART_Begin>

000bb2b8 <_Z19acquireSerialBufferv>:
{
   bb2b8:	b510      	push	{r4, lr}
  HAL_USB_USART_Config conf = {};
   bb2ba:	2214      	movs	r2, #20
{
   bb2bc:	4604      	mov	r4, r0
  HAL_USB_USART_Config conf = {};
   bb2be:	2100      	movs	r1, #0
   bb2c0:	f000 fb4d 	bl	bb95e <memset>
}
   bb2c4:	4620      	mov	r0, r4
   bb2c6:	bd10      	pop	{r4, pc}

000bb2c8 <_Z16_fetch_usbserialv>:
{
   bb2c8:	b510      	push	{r4, lr}
	static USBSerial _usbserial(HAL_USB_USART_SERIAL, conf);
   bb2ca:	4c0f      	ldr	r4, [pc, #60]	; (bb308 <_Z16_fetch_usbserialv+0x40>)
{
   bb2cc:	b088      	sub	sp, #32
  HAL_USB_USART_Config conf = acquireSerialBuffer();
   bb2ce:	a803      	add	r0, sp, #12
   bb2d0:	f7ff fff2 	bl	bb2b8 <_Z19acquireSerialBufferv>
	static USBSerial _usbserial(HAL_USB_USART_SERIAL, conf);
   bb2d4:	7821      	ldrb	r1, [r4, #0]
   bb2d6:	f3bf 8f5b 	dmb	ish
   bb2da:	f011 0101 	ands.w	r1, r1, #1
   bb2de:	d10f      	bne.n	bb300 <_Z16_fetch_usbserialv+0x38>
   bb2e0:	4620      	mov	r0, r4
   bb2e2:	9101      	str	r1, [sp, #4]
   bb2e4:	f7f9 fb97 	bl	b4a16 <__cxa_guard_acquire>
   bb2e8:	9901      	ldr	r1, [sp, #4]
   bb2ea:	b148      	cbz	r0, bb300 <_Z16_fetch_usbserialv+0x38>
   bb2ec:	aa03      	add	r2, sp, #12
   bb2ee:	4807      	ldr	r0, [pc, #28]	; (bb30c <_Z16_fetch_usbserialv+0x44>)
   bb2f0:	f7ff ffca 	bl	bb288 <_ZN9USBSerialC1E20HAL_USB_USART_SerialRK20HAL_USB_USART_Config>
   bb2f4:	4620      	mov	r0, r4
   bb2f6:	f7f9 fb93 	bl	b4a20 <__cxa_guard_release>
   bb2fa:	4805      	ldr	r0, [pc, #20]	; (bb310 <_Z16_fetch_usbserialv+0x48>)
   bb2fc:	f000 fb0b 	bl	bb916 <atexit>
	return _usbserial;
}
   bb300:	4802      	ldr	r0, [pc, #8]	; (bb30c <_Z16_fetch_usbserialv+0x44>)
   bb302:	b008      	add	sp, #32
   bb304:	bd10      	pop	{r4, pc}
   bb306:	bf00      	nop
   bb308:	2003e6d0 	.word	0x2003e6d0
   bb30c:	2003e6d4 	.word	0x2003e6d4
   bb310:	000bb211 	.word	0x000bb211

000bb314 <_ZN5spark13CellularClass5readyEv>:
        return network_listening(*this, 0, NULL);
    }

    bool ready()
    {
        return network_ready(*this, 0,  NULL);
   bb314:	2200      	movs	r2, #0
   bb316:	6840      	ldr	r0, [r0, #4]
   bb318:	4611      	mov	r1, r2
   bb31a:	f7ff b899 	b.w	ba450 <network_ready>

000bb31e <_ZN5spark13CellularClass9listeningEv>:
        return network_listening(*this, 0, NULL);
   bb31e:	2200      	movs	r2, #0
   bb320:	6840      	ldr	r0, [r0, #4]
   bb322:	4611      	mov	r1, r2
   bb324:	f7ff b8b4 	b.w	ba490 <network_listening>

000bb328 <_ZN5spark13CellularClass16getListenTimeoutEv>:
        return network_get_listen_timeout(*this, 0, NULL);
   bb328:	2200      	movs	r2, #0
   bb32a:	6840      	ldr	r0, [r0, #4]
   bb32c:	4611      	mov	r1, r2
   bb32e:	f7ff b8bf 	b.w	ba4b0 <network_get_listen_timeout>

000bb332 <_ZN5spark13CellularClass16setListenTimeoutEt>:
        network_set_listen_timeout(*this, timeout, NULL);
   bb332:	6840      	ldr	r0, [r0, #4]
   bb334:	2200      	movs	r2, #0
   bb336:	f7ff b8b3 	b.w	ba4a0 <network_set_listen_timeout>

000bb33a <_ZN5spark13CellularClass6listenEb>:
        network_listen(*this, begin ? 0 : 1, NULL);
   bb33a:	6840      	ldr	r0, [r0, #4]
   bb33c:	2200      	movs	r2, #0
   bb33e:	f081 0101 	eor.w	r1, r1, #1
   bb342:	f7ff b89d 	b.w	ba480 <network_listen>

000bb346 <_ZN5spark13CellularClass3offEv>:
        network_off(*this, 0, 0, NULL);
   bb346:	2300      	movs	r3, #0
   bb348:	6840      	ldr	r0, [r0, #4]
   bb34a:	461a      	mov	r2, r3
   bb34c:	4619      	mov	r1, r3
   bb34e:	f7ff b88f 	b.w	ba470 <network_off>

000bb352 <_ZN5spark13CellularClass2onEv>:
        network_on(*this, 0, 0, NULL);
   bb352:	2300      	movs	r3, #0
   bb354:	6840      	ldr	r0, [r0, #4]
   bb356:	461a      	mov	r2, r3
   bb358:	4619      	mov	r1, r3
   bb35a:	f7ff b881 	b.w	ba460 <network_on>

000bb35e <_ZN5spark13CellularClass10connectingEv>:
        return network_connecting(*this, 0, NULL);
   bb35e:	2200      	movs	r2, #0
   bb360:	6840      	ldr	r0, [r0, #4]
   bb362:	4611      	mov	r1, r2
   bb364:	f7ff b864 	b.w	ba430 <network_connecting>

000bb368 <_ZN5spark13CellularClass10disconnectEv>:
        network_disconnect(*this, NETWORK_DISCONNECT_REASON_USER, NULL);
   bb368:	6840      	ldr	r0, [r0, #4]
   bb36a:	2200      	movs	r2, #0
   bb36c:	2102      	movs	r1, #2
   bb36e:	f7ff b867 	b.w	ba440 <network_disconnect>

000bb372 <_ZN5spark13CellularClass7connectEj>:
        network_connect(*this, flags, 0, NULL);
   bb372:	2300      	movs	r3, #0
   bb374:	6840      	ldr	r0, [r0, #4]
   bb376:	461a      	mov	r2, r3
   bb378:	f7ff b852 	b.w	ba420 <network_connect>

000bb37c <_GLOBAL__sub_I__ZN5spark13CellularClass4RSSIEv>:
    int tx_total;
    int rx_total;

    CellularDataHal()
    {
        memset(this, 0, sizeof(*this));
   bb37c:	4b08      	ldr	r3, [pc, #32]	; (bb3a0 <_GLOBAL__sub_I__ZN5spark13CellularClass4RSSIEv+0x24>)
        return (band_get.ok = true);
    }

    CellularClass Cellular;
    // NetworkClass& Network = Cellular;
}
   bb37e:	b510      	push	{r4, lr}
   bb380:	2428      	movs	r4, #40	; 0x28
   bb382:	4622      	mov	r2, r4
   bb384:	4618      	mov	r0, r3
   bb386:	2100      	movs	r1, #0
   bb388:	f000 fae9 	bl	bb95e <memset>
   bb38c:	4b05      	ldr	r3, [pc, #20]	; (bb3a4 <_GLOBAL__sub_I__ZN5spark13CellularClass4RSSIEv+0x28>)
        cid = -1;
        size = sizeof(*this);
   bb38e:	8004      	strh	r4, [r0, #0]
        cid = -1;
   bb390:	f04f 32ff 	mov.w	r2, #4294967295
   bb394:	6042      	str	r2, [r0, #4]
   bb396:	2204      	movs	r2, #4
   bb398:	605a      	str	r2, [r3, #4]
            NetworkClass(NETWORK_INTERFACE_CELLULAR) {
   bb39a:	4a03      	ldr	r2, [pc, #12]	; (bb3a8 <_GLOBAL__sub_I__ZN5spark13CellularClass4RSSIEv+0x2c>)
   bb39c:	601a      	str	r2, [r3, #0]
   bb39e:	bd10      	pop	{r4, pc}
   bb3a0:	2003e6f0 	.word	0x2003e6f0
   bb3a4:	2003e6e8 	.word	0x2003e6e8
   bb3a8:	000bc0d0 	.word	0x000bc0d0

000bb3ac <_ZN11USARTSerialD1Ev>:
private:
  hal_usart_interface_t _serial;
  bool _blocking;
public:
  USARTSerial(hal_usart_interface_t serial, const hal_usart_buffer_config_t& config);
  virtual ~USARTSerial() {};
   bb3ac:	4770      	bx	lr

000bb3ae <_ZN11USARTSerial14blockOnOverrunEb>:
    hal_usart_half_duplex(_serial, Enable);
}

void USARTSerial::blockOnOverrun(bool block)
{
  _blocking = block;
   bb3ae:	7441      	strb	r1, [r0, #17]
}
   bb3b0:	4770      	bx	lr

000bb3b2 <_ZN11USARTSerial17availableForWriteEv>:


int USARTSerial::availableForWrite(void)
{
   bb3b2:	b508      	push	{r3, lr}
  return std::max(0, (int)hal_usart_available_data_for_write(_serial));
   bb3b4:	7c00      	ldrb	r0, [r0, #16]
   bb3b6:	f7fe ff0f 	bl	ba1d8 <hal_usart_available_data_for_write>
}
   bb3ba:	ea20 70e0 	bic.w	r0, r0, r0, asr #31
   bb3be:	bd08      	pop	{r3, pc}

000bb3c0 <_ZN11USARTSerial9availableEv>:

int USARTSerial::available(void)
{
   bb3c0:	b508      	push	{r3, lr}
  return std::max(0, (int)hal_usart_available(_serial));
   bb3c2:	7c00      	ldrb	r0, [r0, #16]
   bb3c4:	f7fe fee0 	bl	ba188 <hal_usart_available>
}
   bb3c8:	ea20 70e0 	bic.w	r0, r0, r0, asr #31
   bb3cc:	bd08      	pop	{r3, pc}

000bb3ce <_ZN11USARTSerial4peekEv>:

int USARTSerial::peek(void)
{
   bb3ce:	b508      	push	{r3, lr}
  return std::max(-1, (int)hal_usart_peek(_serial));
   bb3d0:	7c00      	ldrb	r0, [r0, #16]
   bb3d2:	f7fe fee9 	bl	ba1a8 <hal_usart_peek>
}
   bb3d6:	ea40 70e0 	orr.w	r0, r0, r0, asr #31
   bb3da:	bd08      	pop	{r3, pc}

000bb3dc <_ZN11USARTSerial4readEv>:

int USARTSerial::read(void)
{
   bb3dc:	b508      	push	{r3, lr}
  return std::max(-1, (int)hal_usart_read(_serial));
   bb3de:	7c00      	ldrb	r0, [r0, #16]
   bb3e0:	f7fe feda 	bl	ba198 <hal_usart_read>
}
   bb3e4:	ea40 70e0 	orr.w	r0, r0, r0, asr #31
   bb3e8:	bd08      	pop	{r3, pc}

000bb3ea <_ZN11USARTSerial5flushEv>:

void USARTSerial::flush()
{
  hal_usart_flush(_serial);
   bb3ea:	7c00      	ldrb	r0, [r0, #16]
   bb3ec:	f7fe bee4 	b.w	ba1b8 <hal_usart_flush>

000bb3f0 <_ZN11USARTSerial5writeEh>:
}

size_t USARTSerial::write(uint8_t c)
{
   bb3f0:	b537      	push	{r0, r1, r2, r4, r5, lr}
  // attempt a write if blocking, or for non-blocking if there is room.
  if (_blocking || hal_usart_available_data_for_write(_serial) > 0) {
   bb3f2:	7c45      	ldrb	r5, [r0, #17]
{
   bb3f4:	4604      	mov	r4, r0
  if (_blocking || hal_usart_available_data_for_write(_serial) > 0) {
   bb3f6:	b12d      	cbz	r5, bb404 <_ZN11USARTSerial5writeEh+0x14>
    // the HAL always blocks.
	  return hal_usart_write(_serial, c);
   bb3f8:	7c20      	ldrb	r0, [r4, #16]
  }
  return 0;
}
   bb3fa:	b003      	add	sp, #12
   bb3fc:	e8bd 4030 	ldmia.w	sp!, {r4, r5, lr}
	  return hal_usart_write(_serial, c);
   bb400:	f7fe beba 	b.w	ba178 <hal_usart_write>
  if (_blocking || hal_usart_available_data_for_write(_serial) > 0) {
   bb404:	7c00      	ldrb	r0, [r0, #16]
   bb406:	9101      	str	r1, [sp, #4]
   bb408:	f7fe fee6 	bl	ba1d8 <hal_usart_available_data_for_write>
   bb40c:	2800      	cmp	r0, #0
   bb40e:	9901      	ldr	r1, [sp, #4]
   bb410:	dcf2      	bgt.n	bb3f8 <_ZN11USARTSerial5writeEh+0x8>
}
   bb412:	4628      	mov	r0, r5
   bb414:	b003      	add	sp, #12
   bb416:	bd30      	pop	{r4, r5, pc}

000bb418 <_ZN11USARTSerialD0Ev>:
   bb418:	b510      	push	{r4, lr}
   bb41a:	2114      	movs	r1, #20
   bb41c:	4604      	mov	r4, r0
   bb41e:	f7f9 faf8 	bl	b4a12 <_ZdlPvj>
   bb422:	4620      	mov	r0, r4
   bb424:	bd10      	pop	{r4, pc}
	...

000bb428 <_ZN11USARTSerialC1E21hal_usart_interface_tRK25hal_usart_buffer_config_t>:
USARTSerial::USARTSerial(hal_usart_interface_t serial, const hal_usart_buffer_config_t& config)
   bb428:	b510      	push	{r4, lr}
   bb42a:	f44f 737a 	mov.w	r3, #1000	; 0x3e8
   bb42e:	4604      	mov	r4, r0
   bb430:	4608      	mov	r0, r1
   bb432:	4611      	mov	r1, r2
   bb434:	2200      	movs	r2, #0
   bb436:	e9c4 2301 	strd	r2, r3, [r4, #4]
   bb43a:	4b04      	ldr	r3, [pc, #16]	; (bb44c <_ZN11USARTSerialC1E21hal_usart_interface_tRK25hal_usart_buffer_config_t+0x24>)
   bb43c:	6023      	str	r3, [r4, #0]
  _blocking = true;
   bb43e:	2301      	movs	r3, #1
  _serial = serial;
   bb440:	7420      	strb	r0, [r4, #16]
  _blocking = true;
   bb442:	7463      	strb	r3, [r4, #17]
  hal_usart_init_ex(serial, &config, nullptr);
   bb444:	f7fe fed0 	bl	ba1e8 <hal_usart_init_ex>
}
   bb448:	4620      	mov	r0, r4
   bb44a:	bd10      	pop	{r4, pc}
   bb44c:	000bc114 	.word	0x000bc114

000bb450 <_ZN8particle6detail21futureCallbackWrapperEPv>:
 * License along with this library; if not, see <http://www.gnu.org/licenses/>.
 */

#include "spark_wiring_async.h"

void particle::detail::futureCallbackWrapper(void* data) {
   bb450:	b510      	push	{r4, lr}
      if (_M_empty())
   bb452:	6883      	ldr	r3, [r0, #8]
   bb454:	4604      	mov	r4, r0
   bb456:	b90b      	cbnz	r3, bb45c <_ZN8particle6detail21futureCallbackWrapperEPv+0xc>
	__throw_bad_function_call();
   bb458:	f000 fa5a 	bl	bb910 <_ZSt25__throw_bad_function_callv>
      return _M_invoker(_M_functor, std::forward<_ArgTypes>(__args)...);
   bb45c:	68c3      	ldr	r3, [r0, #12]
   bb45e:	4798      	blx	r3
      if (_M_manager)
   bb460:	68a3      	ldr	r3, [r4, #8]
   bb462:	b11b      	cbz	r3, bb46c <_ZN8particle6detail21futureCallbackWrapperEPv+0x1c>
	_M_manager(_M_functor, _M_functor, __destroy_functor);
   bb464:	2203      	movs	r2, #3
   bb466:	4621      	mov	r1, r4
   bb468:	4620      	mov	r0, r4
   bb46a:	4798      	blx	r3
    auto callbackPtr = static_cast<const std::function<void()>*>(data);
    (*callbackPtr)();
    delete callbackPtr;
   bb46c:	4620      	mov	r0, r4
   bb46e:	2110      	movs	r1, #16
}
   bb470:	e8bd 4010 	ldmia.w	sp!, {r4, lr}
    delete callbackPtr;
   bb474:	f7f9 bacd 	b.w	b4a12 <_ZdlPvj>

000bb478 <_ZN7TwoWireD1Ev>:
private:
  hal_i2c_interface_t _i2c;

public:
  TwoWire(hal_i2c_interface_t i2c, const hal_i2c_config_t& config);
  virtual ~TwoWire() {};
   bb478:	4770      	bx	lr

000bb47a <_ZN7TwoWire5writeEPKhj>:

// must be called in:
// slave tx event callback
// or after beginTransmission(address)
size_t TwoWire::write(const uint8_t *data, size_t quantity)
{
   bb47a:	b5f8      	push	{r3, r4, r5, r6, r7, lr}
   bb47c:	4606      	mov	r6, r0
   bb47e:	4615      	mov	r5, r2
   bb480:	460c      	mov	r4, r1
   bb482:	188f      	adds	r7, r1, r2
  // in master/slave transmitter mode
  for(size_t i = 0; i < quantity; ++i)
   bb484:	42bc      	cmp	r4, r7
   bb486:	d006      	beq.n	bb496 <_ZN7TwoWire5writeEPKhj+0x1c>
  {
    write(data[i]);
   bb488:	6833      	ldr	r3, [r6, #0]
   bb48a:	f814 1b01 	ldrb.w	r1, [r4], #1
   bb48e:	689b      	ldr	r3, [r3, #8]
   bb490:	4630      	mov	r0, r6
   bb492:	4798      	blx	r3
  for(size_t i = 0; i < quantity; ++i)
   bb494:	e7f6      	b.n	bb484 <_ZN7TwoWire5writeEPKhj+0xa>
  }

  return quantity;
}
   bb496:	4628      	mov	r0, r5
   bb498:	bdf8      	pop	{r3, r4, r5, r6, r7, pc}

000bb49a <_ZN7TwoWire5writeEh>:
  return hal_i2c_write(_i2c, data, NULL);
   bb49a:	7c00      	ldrb	r0, [r0, #16]
   bb49c:	2200      	movs	r2, #0
   bb49e:	f7fe bec3 	b.w	ba228 <hal_i2c_write>

000bb4a2 <_ZN7TwoWire9availableEv>:
// must be called in:
// slave rx event callback
// or after requestFrom(address, numBytes)
int TwoWire::available(void)
{
  return hal_i2c_available(_i2c, NULL);
   bb4a2:	7c00      	ldrb	r0, [r0, #16]
   bb4a4:	2100      	movs	r1, #0
   bb4a6:	f7fe bec7 	b.w	ba238 <hal_i2c_available>

000bb4aa <_ZN7TwoWire4readEv>:
// must be called in:
// slave rx event callback
// or after requestFrom(address, numBytes)
int TwoWire::read(void)
{
  return hal_i2c_read(_i2c, NULL);
   bb4aa:	7c00      	ldrb	r0, [r0, #16]
   bb4ac:	2100      	movs	r1, #0
   bb4ae:	f7fe becb 	b.w	ba248 <hal_i2c_read>

000bb4b2 <_ZN7TwoWire4peekEv>:
// must be called in:
// slave rx event callback
// or after requestFrom(address, numBytes)
int TwoWire::peek(void)
{
  return hal_i2c_peek(_i2c, NULL);
   bb4b2:	7c00      	ldrb	r0, [r0, #16]
   bb4b4:	2100      	movs	r1, #0
   bb4b6:	f7fe becf 	b.w	ba258 <hal_i2c_peek>

000bb4ba <_ZN7TwoWire5flushEv>:
}

void TwoWire::flush(void)
{
  hal_i2c_flush(_i2c, NULL);
   bb4ba:	7c00      	ldrb	r0, [r0, #16]
   bb4bc:	2100      	movs	r1, #0
   bb4be:	f7fe bed3 	b.w	ba268 <hal_i2c_flush>

000bb4c2 <_ZN7TwoWireD0Ev>:
   bb4c2:	b510      	push	{r4, lr}
   bb4c4:	2114      	movs	r1, #20
   bb4c6:	4604      	mov	r4, r0
   bb4c8:	f7f9 faa3 	bl	b4a12 <_ZdlPvj>
   bb4cc:	4620      	mov	r0, r4
   bb4ce:	bd10      	pop	{r4, pc}

000bb4d0 <_ZN7TwoWireC1E19hal_i2c_interface_tRK16hal_i2c_config_t>:
TwoWire::TwoWire(hal_i2c_interface_t i2c, const hal_i2c_config_t& conf)
   bb4d0:	b538      	push	{r3, r4, r5, lr}
   bb4d2:	4604      	mov	r4, r0
   bb4d4:	4615      	mov	r5, r2
   bb4d6:	f44f 737a 	mov.w	r3, #1000	; 0x3e8
   bb4da:	2200      	movs	r2, #0
   bb4dc:	e9c4 2301 	strd	r2, r3, [r4, #4]
   bb4e0:	4b09      	ldr	r3, [pc, #36]	; (bb508 <_ZN7TwoWireC1E19hal_i2c_interface_tRK16hal_i2c_config_t+0x38>)
  _i2c = i2c;
   bb4e2:	7421      	strb	r1, [r4, #16]
TwoWire::TwoWire(hal_i2c_interface_t i2c, const hal_i2c_config_t& conf)
   bb4e4:	4608      	mov	r0, r1
   bb4e6:	6023      	str	r3, [r4, #0]
  int result = hal_i2c_init(_i2c, &conf);
   bb4e8:	4629      	mov	r1, r5
   bb4ea:	f7fe fecd 	bl	ba288 <hal_i2c_init>
  if (result == SYSTEM_ERROR_NOT_ENOUGH_DATA && 
   bb4ee:	30bf      	adds	r0, #191	; 0xbf
   bb4f0:	d108      	bne.n	bb504 <_ZN7TwoWireC1E19hal_i2c_interface_tRK16hal_i2c_config_t+0x34>
      (conf.flags & HAL_I2C_CONFIG_FLAG_FREEABLE)) {
   bb4f2:	696b      	ldr	r3, [r5, #20]
  if (result == SYSTEM_ERROR_NOT_ENOUGH_DATA && 
   bb4f4:	07db      	lsls	r3, r3, #31
   bb4f6:	d505      	bpl.n	bb504 <_ZN7TwoWireC1E19hal_i2c_interface_tRK16hal_i2c_config_t+0x34>
    free(conf.rx_buffer);
   bb4f8:	6868      	ldr	r0, [r5, #4]
   bb4fa:	f7ff f821 	bl	ba540 <free>
    free(conf.tx_buffer);
   bb4fe:	68e8      	ldr	r0, [r5, #12]
   bb500:	f7ff f81e 	bl	ba540 <free>
}
   bb504:	4620      	mov	r0, r4
   bb506:	bd38      	pop	{r3, r4, r5, pc}
   bb508:	000bc148 	.word	0x000bc148

000bb50c <_ZN7TwoWire5beginEv>:
	hal_i2c_begin(_i2c, I2C_MODE_MASTER, 0x00, NULL);
   bb50c:	2300      	movs	r3, #0
   bb50e:	7c00      	ldrb	r0, [r0, #16]
   bb510:	461a      	mov	r2, r3
   bb512:	4619      	mov	r1, r3
   bb514:	f7fe be70 	b.w	ba1f8 <hal_i2c_begin>

000bb518 <_ZN7TwoWire11requestFromERK16WireTransmission>:
size_t TwoWire::requestFrom(const WireTransmission& transfer) {
   bb518:	b57f      	push	{r0, r1, r2, r3, r4, r5, r6, lr}
    hal_i2c_transmission_config_t conf = {
   bb51a:	2200      	movs	r2, #0
   bb51c:	2318      	movs	r3, #24
   bb51e:	e9cd 2200 	strd	r2, r2, [sp]
   bb522:	f8ad 3000 	strh.w	r3, [sp]
    };
   bb526:	780b      	ldrb	r3, [r1, #0]
   bb528:	f88d 3004 	strb.w	r3, [sp, #4]
   bb52c:	684b      	ldr	r3, [r1, #4]
   bb52e:	9302      	str	r3, [sp, #8]
   bb530:	68cb      	ldr	r3, [r1, #12]
   bb532:	9303      	str	r3, [sp, #12]
      .flags = (uint32_t)(stop_ ? HAL_I2C_TRANSMISSION_FLAG_STOP : 0),
   bb534:	7a0b      	ldrb	r3, [r1, #8]
   bb536:	9304      	str	r3, [sp, #16]
  return hal_i2c_request_ex(_i2c, &conf, nullptr);
   bb538:	7c00      	ldrb	r0, [r0, #16]
    };
   bb53a:	690b      	ldr	r3, [r1, #16]
   bb53c:	9305      	str	r3, [sp, #20]
   bb53e:	4669      	mov	r1, sp
   bb540:	f7fe feaa 	bl	ba298 <hal_i2c_request_ex>
}
   bb544:	b007      	add	sp, #28
   bb546:	f85d fb04 	ldr.w	pc, [sp], #4

000bb54a <_ZN7TwoWire11requestFromEhjh>:
{
   bb54a:	b57f      	push	{r0, r1, r2, r3, r4, r5, r6, lr}
        buffer_(nullptr) {
   bb54c:	f88d 1004 	strb.w	r1, [sp, #4]
   bb550:	2100      	movs	r1, #0
  return requestFrom(WireTransmission(address).quantity(quantity).stop(sendStop));
   bb552:	1a5b      	subs	r3, r3, r1
   bb554:	f04f 0c64 	mov.w	ip, #100	; 0x64
   bb558:	e9cd c104 	strd	ip, r1, [sp, #16]
   bb55c:	bf18      	it	ne
   bb55e:	2301      	movne	r3, #1
   bb560:	a901      	add	r1, sp, #4
    size_ = size;
   bb562:	9202      	str	r2, [sp, #8]
   bb564:	f88d 300c 	strb.w	r3, [sp, #12]
   bb568:	f7ff ffd6 	bl	bb518 <_ZN7TwoWire11requestFromERK16WireTransmission>
}
   bb56c:	b007      	add	sp, #28
   bb56e:	f85d fb04 	ldr.w	pc, [sp], #4

000bb572 <_ZN7TwoWire17beginTransmissionEh>:
	hal_i2c_begin_transmission(_i2c, address, NULL);
   bb572:	7c00      	ldrb	r0, [r0, #16]
   bb574:	2200      	movs	r2, #0
   bb576:	f7fe be47 	b.w	ba208 <hal_i2c_begin_transmission>

000bb57a <_ZN7TwoWire15endTransmissionEh>:
	return hal_i2c_end_transmission(_i2c, sendStop, NULL);
   bb57a:	7c00      	ldrb	r0, [r0, #16]
   bb57c:	2200      	movs	r2, #0
   bb57e:	f7fe be4b 	b.w	ba218 <hal_i2c_end_transmission>

000bb582 <_ZN7TwoWire15endTransmissionEv>:
  return endTransmission(true);
   bb582:	2101      	movs	r1, #1
   bb584:	f7ff bff9 	b.w	bb57a <_ZN7TwoWire15endTransmissionEh>

000bb588 <_GLOBAL__sub_I__ZN7TwoWireC2E19hal_i2c_interface_tRK16hal_i2c_config_t>:
      : address_{address},
   bb588:	4b05      	ldr	r3, [pc, #20]	; (bb5a0 <_GLOBAL__sub_I__ZN7TwoWireC2E19hal_i2c_interface_tRK16hal_i2c_config_t+0x18>)
        buffer_(nullptr) {
   bb58a:	21ff      	movs	r1, #255	; 0xff
   bb58c:	2200      	movs	r2, #0
   bb58e:	e9c3 1200 	strd	r1, r2, [r3]
   bb592:	2001      	movs	r0, #1
   bb594:	2164      	movs	r1, #100	; 0x64
   bb596:	e9c3 0102 	strd	r0, r1, [r3, #8]
   bb59a:	611a      	str	r2, [r3, #16]

namespace particle {
namespace detail {
const WireTransmission WIRE_INVALID_TRANSMISSION(0xff);
} // detail
} // particle
   bb59c:	4770      	bx	lr
   bb59e:	bf00      	nop
   bb5a0:	2003e718 	.word	0x2003e718

000bb5a4 <_ZN5spark12NetworkClass7connectEj>:
        return Network;
    }
}

void NetworkClass::connect(unsigned flags) {
    network_connect(*this, flags, 0, nullptr);
   bb5a4:	2300      	movs	r3, #0
   bb5a6:	6840      	ldr	r0, [r0, #4]
   bb5a8:	461a      	mov	r2, r3
   bb5aa:	f7fe bf39 	b.w	ba420 <network_connect>

000bb5ae <_ZN5spark12NetworkClass10disconnectEv>:
}

void NetworkClass::disconnect() {
    network_disconnect(*this, NETWORK_DISCONNECT_REASON_USER, nullptr);
   bb5ae:	6840      	ldr	r0, [r0, #4]
   bb5b0:	2200      	movs	r2, #0
   bb5b2:	2102      	movs	r1, #2
   bb5b4:	f7fe bf44 	b.w	ba440 <network_disconnect>

000bb5b8 <_ZN5spark12NetworkClass10connectingEv>:
}

bool NetworkClass::connecting() {
    return network_connecting(*this, 0, nullptr);
   bb5b8:	2200      	movs	r2, #0
   bb5ba:	6840      	ldr	r0, [r0, #4]
   bb5bc:	4611      	mov	r1, r2
   bb5be:	f7fe bf37 	b.w	ba430 <network_connecting>

000bb5c2 <_ZN5spark12NetworkClass5readyEv>:
}

bool NetworkClass::ready() {
    return network_ready(*this, 0, nullptr);
   bb5c2:	2200      	movs	r2, #0
   bb5c4:	6840      	ldr	r0, [r0, #4]
   bb5c6:	4611      	mov	r1, r2
   bb5c8:	f7fe bf42 	b.w	ba450 <network_ready>

000bb5cc <_ZN5spark12NetworkClass2onEv>:
}

void NetworkClass::on() {
    network_on(*this, 0, 0, nullptr);
   bb5cc:	2300      	movs	r3, #0
   bb5ce:	6840      	ldr	r0, [r0, #4]
   bb5d0:	461a      	mov	r2, r3
   bb5d2:	4619      	mov	r1, r3
   bb5d4:	f7fe bf44 	b.w	ba460 <network_on>

000bb5d8 <_ZN5spark12NetworkClass3offEv>:
}

void NetworkClass::off() {
    network_off(*this, 0, 0, nullptr);
   bb5d8:	2300      	movs	r3, #0
   bb5da:	6840      	ldr	r0, [r0, #4]
   bb5dc:	461a      	mov	r2, r3
   bb5de:	4619      	mov	r1, r3
   bb5e0:	f7fe bf46 	b.w	ba470 <network_off>

000bb5e4 <_ZN5spark12NetworkClass4isOnEv>:
}

bool NetworkClass::isOn() {
    return network_is_on(*this, nullptr);
   bb5e4:	6840      	ldr	r0, [r0, #4]
   bb5e6:	2100      	movs	r1, #0
   bb5e8:	f7fe bf6a 	b.w	ba4c0 <network_is_on>

000bb5ec <_ZN5spark12NetworkClass5isOffEv>:
}

bool NetworkClass::isOff() {
    return network_is_off(*this, nullptr);
   bb5ec:	6840      	ldr	r0, [r0, #4]
   bb5ee:	2100      	movs	r1, #0
   bb5f0:	f7fe bf6e 	b.w	ba4d0 <network_is_off>

000bb5f4 <_ZN5spark12NetworkClass6listenEb>:
}

void NetworkClass::listen(bool begin) {
    network_listen(*this, begin ? 0 : 1, nullptr);
   bb5f4:	6840      	ldr	r0, [r0, #4]
   bb5f6:	2200      	movs	r2, #0
   bb5f8:	f081 0101 	eor.w	r1, r1, #1
   bb5fc:	f7fe bf40 	b.w	ba480 <network_listen>

000bb600 <_ZN5spark12NetworkClass16setListenTimeoutEt>:
}

void NetworkClass::setListenTimeout(uint16_t timeout) {
    network_set_listen_timeout(*this, timeout, nullptr);
   bb600:	6840      	ldr	r0, [r0, #4]
   bb602:	2200      	movs	r2, #0
   bb604:	f7fe bf4c 	b.w	ba4a0 <network_set_listen_timeout>

000bb608 <_ZN5spark12NetworkClass16getListenTimeoutEv>:
}

uint16_t NetworkClass::getListenTimeout() {
    return network_get_listen_timeout(*this, 0, nullptr);
   bb608:	2200      	movs	r2, #0
   bb60a:	6840      	ldr	r0, [r0, #4]
   bb60c:	4611      	mov	r1, r2
   bb60e:	f7fe bf4f 	b.w	ba4b0 <network_get_listen_timeout>

000bb612 <_ZN5spark12NetworkClass9listeningEv>:
}

bool NetworkClass::listening() {
    return network_listening(*this, 0, nullptr);
   bb612:	2200      	movs	r2, #0
   bb614:	6840      	ldr	r0, [r0, #4]
   bb616:	4611      	mov	r1, r2
   bb618:	f7fe bf3a 	b.w	ba490 <network_listening>

000bb61c <_ZN5spark12NetworkClass11isPreferredEv>:
    network_handle_t network = network_prefer(*this, prefer, nullptr);
    return Network.from(network);
}

bool NetworkClass::isPreferred() {
    return network_is_preferred(*this, nullptr);
   bb61c:	6840      	ldr	r0, [r0, #4]
   bb61e:	2100      	movs	r1, #0
   bb620:	f7fe bf66 	b.w	ba4f0 <network_is_preferred>

000bb624 <_ZN5spark12NetworkClass7resolveEPKc>:
}

IPAddress NetworkClass::resolve(const char* name) {
   bb624:	e92d 43f0 	stmdb	sp!, {r4, r5, r6, r7, r8, r9, lr}
   bb628:	b095      	sub	sp, #84	; 0x54
   bb62a:	4614      	mov	r4, r2
   bb62c:	460d      	mov	r5, r1
   bb62e:	4607      	mov	r7, r0
    IPAddress addr;
   bb630:	f7ff fdae 	bl	bb190 <_ZN9IPAddressC1Ev>
#if HAL_USE_INET_HAL_POSIX
    struct addrinfo *ai = nullptr;
   bb634:	2100      	movs	r1, #0
    struct addrinfo hints = {};
   bb636:	221c      	movs	r2, #28
   bb638:	a80d      	add	r0, sp, #52	; 0x34
    struct addrinfo *ai = nullptr;
   bb63a:	9100      	str	r1, [sp, #0]
    struct addrinfo hints = {};
   bb63c:	f000 f98f 	bl	bb95e <memset>
    hints.ai_flags = AI_ADDRCONFIG;
   bb640:	2340      	movs	r3, #64	; 0x40
   bb642:	930c      	str	r3, [sp, #48]	; 0x30
    hints.ai_family = AF_UNSPEC;
    const int r = getaddrinfo(name, nullptr, &hints, &ai);
   bb644:	4620      	mov	r0, r4
   bb646:	466b      	mov	r3, sp
   bb648:	aa0c      	add	r2, sp, #48	; 0x30
   bb64a:	2100      	movs	r1, #0
   bb64c:	f7fe fd44 	bl	ba0d8 <netdb_getaddrinfo>
    if (!r) {
   bb650:	4604      	mov	r4, r0
   bb652:	2800      	cmp	r0, #0
   bb654:	d14b      	bne.n	bb6ee <_ZN5spark12NetworkClass7resolveEPKc+0xca>
        bool ok = false;
        // This is not really needed if AI_ADDRCONFIG is properly supported
        bool ipv4 = network_ready(*this, NETWORK_READY_TYPE_IPV4, nullptr);
   bb656:	4602      	mov	r2, r0
   bb658:	2101      	movs	r1, #1
   bb65a:	6868      	ldr	r0, [r5, #4]
   bb65c:	f7fe fef8 	bl	ba450 <network_ready>
        bool ipv6 = network_ready(*this, NETWORK_READY_TYPE_IPV6, nullptr);
   bb660:	2102      	movs	r1, #2
        bool ipv4 = network_ready(*this, NETWORK_READY_TYPE_IPV4, nullptr);
   bb662:	4680      	mov	r8, r0
        bool ipv6 = network_ready(*this, NETWORK_READY_TYPE_IPV6, nullptr);
   bb664:	4622      	mov	r2, r4
   bb666:	6868      	ldr	r0, [r5, #4]
   bb668:	f7fe fef2 	bl	ba450 <network_ready>
        for (auto cur = ai; cur != nullptr && !ok; cur = cur->ai_next) {
   bb66c:	9e00      	ldr	r6, [sp, #0]
        bool ipv6 = network_ready(*this, NETWORK_READY_TYPE_IPV6, nullptr);
   bb66e:	4681      	mov	r9, r0
        bool ok = false;
   bb670:	4621      	mov	r1, r4
        for (auto cur = ai; cur != nullptr && !ok; cur = cur->ai_next) {
   bb672:	2e00      	cmp	r6, #0
   bb674:	d03b      	beq.n	bb6ee <_ZN5spark12NetworkClass7resolveEPKc+0xca>
   bb676:	2900      	cmp	r1, #0
   bb678:	d139      	bne.n	bb6ee <_ZN5spark12NetworkClass7resolveEPKc+0xca>
            // NOTE: using only the first entry that matches the current state of IPv4/IPv6 connectivity
            switch (cur->ai_family) {
   bb67a:	6873      	ldr	r3, [r6, #4]
   bb67c:	2b02      	cmp	r3, #2
   bb67e:	d003      	beq.n	bb688 <_ZN5spark12NetworkClass7resolveEPKc+0x64>
   bb680:	2b0a      	cmp	r3, #10
   bb682:	d011      	beq.n	bb6a8 <_ZN5spark12NetworkClass7resolveEPKc+0x84>
        for (auto cur = ai; cur != nullptr && !ok; cur = cur->ai_next) {
   bb684:	69f6      	ldr	r6, [r6, #28]
   bb686:	e7f4      	b.n	bb672 <_ZN5spark12NetworkClass7resolveEPKc+0x4e>
                case AF_INET: {
                    if (!ipv4) {
   bb688:	f1b8 0f00 	cmp.w	r8, #0
   bb68c:	d0fa      	beq.n	bb684 <_ZN5spark12NetworkClass7resolveEPKc+0x60>
                        continue;
                    }
                    // NOTE: HAL_IPAddress is little-endian
                    auto in = (struct sockaddr_in*)cur->ai_addr;
                    addr = (const uint8_t*)(&in->sin_addr.s_addr);
   bb68e:	6971      	ldr	r1, [r6, #20]
        return *this = IPAddress(address);
   bb690:	a806      	add	r0, sp, #24
   bb692:	3104      	adds	r1, #4
class IPAddress : public Printable {
   bb694:	ad07      	add	r5, sp, #28
        return *this = IPAddress(address);
   bb696:	f7ff fda9 	bl	bb1ec <_ZN9IPAddressC1EPKh>
class IPAddress : public Printable {
   bb69a:	cd0f      	ldmia	r5!, {r0, r1, r2, r3}
   bb69c:	1d3c      	adds	r4, r7, #4
   bb69e:	c40f      	stmia	r4!, {r0, r1, r2, r3}
   bb6a0:	682b      	ldr	r3, [r5, #0]
   bb6a2:	7023      	strb	r3, [r4, #0]
                    ok = true;
   bb6a4:	4641      	mov	r1, r8
        return *this = IPAddress(address);
   bb6a6:	e7ed      	b.n	bb684 <_ZN5spark12NetworkClass7resolveEPKc+0x60>
                    break;
                }
                case AF_INET6: {
                    if (!ipv6) {
   bb6a8:	f1b9 0f00 	cmp.w	r9, #0
   bb6ac:	d0ea      	beq.n	bb684 <_ZN5spark12NetworkClass7resolveEPKc+0x60>
                        continue;
                    }
                    auto in6 = (struct sockaddr_in6*)cur->ai_addr;
   bb6ae:	6974      	ldr	r4, [r6, #20]
                    HAL_IPAddress a = {};
   bb6b0:	2210      	movs	r2, #16
   bb6b2:	a801      	add	r0, sp, #4
   bb6b4:	f000 f953 	bl	bb95e <memset>
                    a.v = 6;
   bb6b8:	2306      	movs	r3, #6
   bb6ba:	f88d 3014 	strb.w	r3, [sp, #20]
                    memcpy(a.ipv6, in6->sin6_addr.s6_addr, sizeof(a.ipv6));
   bb6be:	ad01      	add	r5, sp, #4
   bb6c0:	f104 0308 	add.w	r3, r4, #8
   bb6c4:	3418      	adds	r4, #24
   bb6c6:	6818      	ldr	r0, [r3, #0]
   bb6c8:	6859      	ldr	r1, [r3, #4]
   bb6ca:	462a      	mov	r2, r5
   bb6cc:	c203      	stmia	r2!, {r0, r1}
   bb6ce:	3308      	adds	r3, #8
   bb6d0:	42a3      	cmp	r3, r4
   bb6d2:	4615      	mov	r5, r2
   bb6d4:	d1f7      	bne.n	bb6c6 <_ZN5spark12NetworkClass7resolveEPKc+0xa2>
                    addr = IPAddress(a);
   bb6d6:	a901      	add	r1, sp, #4
   bb6d8:	a806      	add	r0, sp, #24
class IPAddress : public Printable {
   bb6da:	ad07      	add	r5, sp, #28
   bb6dc:	f7ff fd66 	bl	bb1ac <_ZN9IPAddressC1ERK16_HAL_IPAddress_t>
   bb6e0:	cd0f      	ldmia	r5!, {r0, r1, r2, r3}
   bb6e2:	1d3c      	adds	r4, r7, #4
   bb6e4:	c40f      	stmia	r4!, {r0, r1, r2, r3}
   bb6e6:	682b      	ldr	r3, [r5, #0]
   bb6e8:	7023      	strb	r3, [r4, #0]
                    ok = true;
   bb6ea:	4649      	mov	r1, r9
   bb6ec:	e7ca      	b.n	bb684 <_ZN5spark12NetworkClass7resolveEPKc+0x60>
                    break;
                }
            }
        }
    }
    freeaddrinfo(ai);
   bb6ee:	9800      	ldr	r0, [sp, #0]
   bb6f0:	f7fe fcea 	bl	ba0c8 <netdb_freeaddrinfo>
    return Cellular.resolve(name);
#endif // Wiring_Cellular

#endif // HAL_USE_INET_HAL_POSIX
    return addr;
}
   bb6f4:	4638      	mov	r0, r7
   bb6f6:	b015      	add	sp, #84	; 0x54
   bb6f8:	e8bd 83f0 	ldmia.w	sp!, {r4, r5, r6, r7, r8, r9, pc}

000bb6fc <_ZN5spark12NetworkClass4fromEm>:
    switch (nif) {
   bb6fc:	3803      	subs	r0, #3
   bb6fe:	2803      	cmp	r0, #3
   bb700:	bf9a      	itte	ls
   bb702:	4b02      	ldrls	r3, [pc, #8]	; (bb70c <_ZN5spark12NetworkClass4fromEm+0x10>)
   bb704:	f853 0020 	ldrls.w	r0, [r3, r0, lsl #2]
NetworkClass& NetworkClass::from(network_interface_t nif) {
   bb708:	4801      	ldrhi	r0, [pc, #4]	; (bb710 <_ZN5spark12NetworkClass4fromEm+0x14>)
}
   bb70a:	4770      	bx	lr
   bb70c:	000bc16c 	.word	0x000bc16c
   bb710:	2003e72c 	.word	0x2003e72c

000bb714 <_ZN5spark12NetworkClass6preferEb>:
NetworkClass& NetworkClass::prefer(bool prefer) {
   bb714:	b508      	push	{r3, lr}
    network_handle_t network = network_prefer(*this, prefer, nullptr);
   bb716:	2200      	movs	r2, #0
   bb718:	6840      	ldr	r0, [r0, #4]
   bb71a:	f7fe fee1 	bl	ba4e0 <network_prefer>
}
   bb71e:	e8bd 4008 	ldmia.w	sp!, {r3, lr}
    return Network.from(network);
   bb722:	f7ff bfeb 	b.w	bb6fc <_ZN5spark12NetworkClass4fromEm>
	...

000bb728 <_GLOBAL__sub_I__ZN5spark7NetworkE>:
   bb728:	4b02      	ldr	r3, [pc, #8]	; (bb734 <_GLOBAL__sub_I__ZN5spark7NetworkE+0xc>)
   bb72a:	4a03      	ldr	r2, [pc, #12]	; (bb738 <_GLOBAL__sub_I__ZN5spark7NetworkE+0x10>)
   bb72c:	601a      	str	r2, [r3, #0]
   bb72e:	2200      	movs	r2, #0
   bb730:	605a      	str	r2, [r3, #4]
    network_free_configuration(c, count, nullptr);
    return res;
}
#endif // HAL_USE_SOCKET_HAL_POSIX

} // spark
   bb732:	4770      	bx	lr
   bb734:	2003e72c 	.word	0x2003e72c
   bb738:	000bc184 	.word	0x000bc184

000bb73c <pinAvailable>:
/*
 * @brief Perform safety check on desired pin to see if it's already
 * being used.  Return 0 if used, otherwise return 1 if available.
 */
bool pinAvailable(uint16_t pin) {
  if (pin >= TOTAL_PINS) {
   bb73c:	2823      	cmp	r0, #35	; 0x23
bool pinAvailable(uint16_t pin) {
   bb73e:	b513      	push	{r0, r1, r4, lr}
  if (pin >= TOTAL_PINS) {
   bb740:	d902      	bls.n	bb748 <pinAvailable+0xc>
    return false;
   bb742:	2000      	movs	r0, #0
    return false; // 'pin' is used
  }
#endif

  return true; // 'pin' is available
}
   bb744:	b002      	add	sp, #8
   bb746:	bd10      	pop	{r4, pc}
  if((pin == SCK || pin == MOSI || pin == MISO) && hal_spi_is_enabled(SPI.interface()) == true)
   bb748:	f1a0 030b 	sub.w	r3, r0, #11
   bb74c:	2b02      	cmp	r3, #2
   bb74e:	d81a      	bhi.n	bb786 <pinAvailable+0x4a>

template <hal_spi_interface_t Interface>
class SpiProxy {
public:
    static SPIClass& instance() {
        static SPIClass instance(Interface);
   bb750:	4c17      	ldr	r4, [pc, #92]	; (bb7b0 <pinAvailable+0x74>)
   bb752:	7821      	ldrb	r1, [r4, #0]
   bb754:	f3bf 8f5b 	dmb	ish
   bb758:	f011 0101 	ands.w	r1, r1, #1
   bb75c:	d10b      	bne.n	bb776 <pinAvailable+0x3a>
   bb75e:	4620      	mov	r0, r4
   bb760:	9101      	str	r1, [sp, #4]
   bb762:	f7f9 f958 	bl	b4a16 <__cxa_guard_acquire>
   bb766:	9901      	ldr	r1, [sp, #4]
   bb768:	b128      	cbz	r0, bb776 <pinAvailable+0x3a>
   bb76a:	4812      	ldr	r0, [pc, #72]	; (bb7b4 <pinAvailable+0x78>)
   bb76c:	f7fe ff82 	bl	ba674 <_ZN8SPIClassC1E19hal_spi_interface_t>
   bb770:	4620      	mov	r0, r4
   bb772:	f7f9 f955 	bl	b4a20 <__cxa_guard_release>
   bb776:	4b0f      	ldr	r3, [pc, #60]	; (bb7b4 <pinAvailable+0x78>)
   bb778:	7818      	ldrb	r0, [r3, #0]
   bb77a:	f7fe fdad 	bl	ba2d8 <hal_spi_is_enabled>
   bb77e:	2800      	cmp	r0, #0
   bb780:	d1df      	bne.n	bb742 <pinAvailable+0x6>
  return true; // 'pin' is available
   bb782:	2001      	movs	r0, #1
   bb784:	e7de      	b.n	bb744 <pinAvailable+0x8>
  if((pin == SCL || pin == SDA) && hal_i2c_is_enabled(Wire.interface(), nullptr) == true)
   bb786:	2801      	cmp	r0, #1
   bb788:	d809      	bhi.n	bb79e <pinAvailable+0x62>
   bb78a:	f000 f89b 	bl	bb8c4 <_Z19__fetch_global_Wirev>
   bb78e:	2100      	movs	r1, #0
   bb790:	7c00      	ldrb	r0, [r0, #16]
   bb792:	f7fe fd71 	bl	ba278 <hal_i2c_is_enabled>
  if((pin == RX || pin == TX) && hal_usart_is_enabled(Serial1.interface()) == true)
   bb796:	f080 0001 	eor.w	r0, r0, #1
   bb79a:	b2c0      	uxtb	r0, r0
   bb79c:	e7d2      	b.n	bb744 <pinAvailable+0x8>
   bb79e:	3809      	subs	r0, #9
   bb7a0:	2801      	cmp	r0, #1
   bb7a2:	d8ee      	bhi.n	bb782 <pinAvailable+0x46>
   bb7a4:	f000 f84e 	bl	bb844 <_Z22__fetch_global_Serial1v>
   bb7a8:	7c00      	ldrb	r0, [r0, #16]
   bb7aa:	f7fe fd0d 	bl	ba1c8 <hal_usart_is_enabled>
   bb7ae:	e7f2      	b.n	bb796 <pinAvailable+0x5a>
   bb7b0:	2003e67c 	.word	0x2003e67c
   bb7b4:	2003e680 	.word	0x2003e680

000bb7b8 <pinMode>:
  if(pin >= TOTAL_PINS || setMode == PIN_MODE_NONE )
   bb7b8:	2823      	cmp	r0, #35	; 0x23
{
   bb7ba:	b538      	push	{r3, r4, r5, lr}
   bb7bc:	4604      	mov	r4, r0
   bb7be:	460d      	mov	r5, r1
  if(pin >= TOTAL_PINS || setMode == PIN_MODE_NONE )
   bb7c0:	d80a      	bhi.n	bb7d8 <pinMode+0x20>
   bb7c2:	29ff      	cmp	r1, #255	; 0xff
   bb7c4:	d008      	beq.n	bb7d8 <pinMode+0x20>
  if( !pinAvailable(pin) ) {
   bb7c6:	f7ff ffb9 	bl	bb73c <pinAvailable>
   bb7ca:	b128      	cbz	r0, bb7d8 <pinMode+0x20>
  hal_gpio_mode(pin, setMode);
   bb7cc:	4629      	mov	r1, r5
   bb7ce:	4620      	mov	r0, r4
}
   bb7d0:	e8bd 4038 	ldmia.w	sp!, {r3, r4, r5, lr}
  hal_gpio_mode(pin, setMode);
   bb7d4:	f7fe bc88 	b.w	ba0e8 <hal_gpio_mode>
}
   bb7d8:	bd38      	pop	{r3, r4, r5, pc}

000bb7da <digitalWrite>:

/*
 * @brief Sets a GPIO pin to HIGH or LOW.
 */
void digitalWrite(hal_pin_t pin, uint8_t value)
{
   bb7da:	b538      	push	{r3, r4, r5, lr}
   bb7dc:	4604      	mov	r4, r0
   bb7de:	460d      	mov	r5, r1
    PinMode mode = hal_gpio_get_mode(pin);
   bb7e0:	f7fe fc8a 	bl	ba0f8 <hal_gpio_get_mode>
    if (mode==PIN_MODE_NONE || is_input_mode(mode))
   bb7e4:	28ff      	cmp	r0, #255	; 0xff
   bb7e6:	d010      	beq.n	bb80a <digitalWrite+0x30>
            mode == INPUT_PULLDOWN ||
   bb7e8:	2806      	cmp	r0, #6
   bb7ea:	d804      	bhi.n	bb7f6 <digitalWrite+0x1c>
   bb7ec:	234d      	movs	r3, #77	; 0x4d
   bb7ee:	fa23 f000 	lsr.w	r0, r3, r0
   bb7f2:	07c3      	lsls	r3, r0, #31
   bb7f4:	d409      	bmi.n	bb80a <digitalWrite+0x30>
        return;
  // Safety check
  if( !pinAvailable(pin) ) {
   bb7f6:	4620      	mov	r0, r4
   bb7f8:	f7ff ffa0 	bl	bb73c <pinAvailable>
   bb7fc:	b128      	cbz	r0, bb80a <digitalWrite+0x30>
    return;
  }

  hal_gpio_write(pin, value);
   bb7fe:	4629      	mov	r1, r5
   bb800:	4620      	mov	r0, r4
}
   bb802:	e8bd 4038 	ldmia.w	sp!, {r3, r4, r5, lr}
  hal_gpio_write(pin, value);
   bb806:	f7fe bc7f 	b.w	ba108 <hal_gpio_write>
}
   bb80a:	bd38      	pop	{r3, r4, r5, pc}

000bb80c <__tcf_0>:
}
#endif

USARTSerial& __fetch_global_Serial1()
{
    static USARTSerial serial1(HAL_USART_SERIAL1, acquireSerial1Buffer());
   bb80c:	4770      	bx	lr
	...

000bb810 <_Z20acquireSerial1Bufferv>:
{
   bb810:	b538      	push	{r3, r4, r5, lr}
   bb812:	4604      	mov	r4, r0
    hal_usart_buffer_config_t config = {
   bb814:	2514      	movs	r5, #20
   bb816:	462a      	mov	r2, r5
   bb818:	2100      	movs	r1, #0
   bb81a:	f000 f8a0 	bl	bb95e <memset>
   bb81e:	8025      	strh	r5, [r4, #0]
   bb820:	2540      	movs	r5, #64	; 0x40
        .rx_buffer = new (std::nothrow) uint8_t[bufferSize],
   bb822:	4907      	ldr	r1, [pc, #28]	; (bb840 <_Z20acquireSerial1Bufferv+0x30>)
    hal_usart_buffer_config_t config = {
   bb824:	8125      	strh	r5, [r4, #8]
        .rx_buffer = new (std::nothrow) uint8_t[bufferSize],
   bb826:	4628      	mov	r0, r5
    hal_usart_buffer_config_t config = {
   bb828:	8225      	strh	r5, [r4, #16]
        .rx_buffer = new (std::nothrow) uint8_t[bufferSize],
   bb82a:	f000 f86f 	bl	bb90c <_ZnajRKSt9nothrow_t>
        .tx_buffer = new (std::nothrow) uint8_t[bufferSize],
   bb82e:	4904      	ldr	r1, [pc, #16]	; (bb840 <_Z20acquireSerial1Bufferv+0x30>)
    };
   bb830:	6060      	str	r0, [r4, #4]
        .tx_buffer = new (std::nothrow) uint8_t[bufferSize],
   bb832:	4628      	mov	r0, r5
   bb834:	f000 f86a 	bl	bb90c <_ZnajRKSt9nothrow_t>
    };
   bb838:	60e0      	str	r0, [r4, #12]
}
   bb83a:	4620      	mov	r0, r4
   bb83c:	bd38      	pop	{r3, r4, r5, pc}
   bb83e:	bf00      	nop
   bb840:	000bc1c0 	.word	0x000bc1c0

000bb844 <_Z22__fetch_global_Serial1v>:
{
   bb844:	b530      	push	{r4, r5, lr}
    static USARTSerial serial1(HAL_USART_SERIAL1, acquireSerial1Buffer());
   bb846:	4d0e      	ldr	r5, [pc, #56]	; (bb880 <_Z22__fetch_global_Serial1v+0x3c>)
   bb848:	7829      	ldrb	r1, [r5, #0]
   bb84a:	f3bf 8f5b 	dmb	ish
   bb84e:	f011 0401 	ands.w	r4, r1, #1
{
   bb852:	b087      	sub	sp, #28
    static USARTSerial serial1(HAL_USART_SERIAL1, acquireSerial1Buffer());
   bb854:	d111      	bne.n	bb87a <_Z22__fetch_global_Serial1v+0x36>
   bb856:	4628      	mov	r0, r5
   bb858:	f7f9 f8dd 	bl	b4a16 <__cxa_guard_acquire>
   bb85c:	b168      	cbz	r0, bb87a <_Z22__fetch_global_Serial1v+0x36>
   bb85e:	a801      	add	r0, sp, #4
   bb860:	f7ff ffd6 	bl	bb810 <_Z20acquireSerial1Bufferv>
   bb864:	aa01      	add	r2, sp, #4
   bb866:	4621      	mov	r1, r4
   bb868:	4806      	ldr	r0, [pc, #24]	; (bb884 <_Z22__fetch_global_Serial1v+0x40>)
   bb86a:	f7ff fddd 	bl	bb428 <_ZN11USARTSerialC1E21hal_usart_interface_tRK25hal_usart_buffer_config_t>
   bb86e:	4628      	mov	r0, r5
   bb870:	f7f9 f8d6 	bl	b4a20 <__cxa_guard_release>
   bb874:	4804      	ldr	r0, [pc, #16]	; (bb888 <_Z22__fetch_global_Serial1v+0x44>)
   bb876:	f000 f84e 	bl	bb916 <atexit>
    return serial1;
}
   bb87a:	4802      	ldr	r0, [pc, #8]	; (bb884 <_Z22__fetch_global_Serial1v+0x40>)
   bb87c:	b007      	add	sp, #28
   bb87e:	bd30      	pop	{r4, r5, pc}
   bb880:	2003e734 	.word	0x2003e734
   bb884:	2003e738 	.word	0x2003e738
   bb888:	000bb80d 	.word	0x000bb80d

000bb88c <__tcf_0>:
}
#endif

TwoWire& __fetch_global_Wire()
{
	static TwoWire wire(HAL_I2C_INTERFACE1, acquireWireBuffer());
   bb88c:	4770      	bx	lr
	...

000bb890 <_Z17acquireWireBufferv>:
{
   bb890:	b538      	push	{r3, r4, r5, lr}
	hal_i2c_config_t config = {
   bb892:	4b0a      	ldr	r3, [pc, #40]	; (bb8bc <_Z17acquireWireBufferv+0x2c>)
   bb894:	6003      	str	r3, [r0, #0]
   bb896:	2301      	movs	r3, #1
{
   bb898:	4604      	mov	r4, r0
	hal_i2c_config_t config = {
   bb89a:	6143      	str	r3, [r0, #20]
		.rx_buffer = new (std::nothrow) uint8_t[i2c_buffer_size],
   bb89c:	4908      	ldr	r1, [pc, #32]	; (bb8c0 <_Z17acquireWireBufferv+0x30>)
   bb89e:	2020      	movs	r0, #32
   bb8a0:	f000 f834 	bl	bb90c <_ZnajRKSt9nothrow_t>
	};
   bb8a4:	2520      	movs	r5, #32
   bb8a6:	6060      	str	r0, [r4, #4]
		.tx_buffer = new (std::nothrow) uint8_t[i2c_buffer_size],
   bb8a8:	4905      	ldr	r1, [pc, #20]	; (bb8c0 <_Z17acquireWireBufferv+0x30>)
	};
   bb8aa:	60a5      	str	r5, [r4, #8]
		.tx_buffer = new (std::nothrow) uint8_t[i2c_buffer_size],
   bb8ac:	4628      	mov	r0, r5
   bb8ae:	f000 f82d 	bl	bb90c <_ZnajRKSt9nothrow_t>
	};
   bb8b2:	e9c4 0503 	strd	r0, r5, [r4, #12]
}
   bb8b6:	4620      	mov	r0, r4
   bb8b8:	bd38      	pop	{r3, r4, r5, pc}
   bb8ba:	bf00      	nop
   bb8bc:	00010018 	.word	0x00010018
   bb8c0:	000bc1c0 	.word	0x000bc1c0

000bb8c4 <_Z19__fetch_global_Wirev>:
{
   bb8c4:	b530      	push	{r4, r5, lr}
	static TwoWire wire(HAL_I2C_INTERFACE1, acquireWireBuffer());
   bb8c6:	4d0e      	ldr	r5, [pc, #56]	; (bb900 <_Z19__fetch_global_Wirev+0x3c>)
   bb8c8:	7829      	ldrb	r1, [r5, #0]
   bb8ca:	f3bf 8f5b 	dmb	ish
   bb8ce:	f011 0401 	ands.w	r4, r1, #1
{
   bb8d2:	b087      	sub	sp, #28
	static TwoWire wire(HAL_I2C_INTERFACE1, acquireWireBuffer());
   bb8d4:	d111      	bne.n	bb8fa <_Z19__fetch_global_Wirev+0x36>
   bb8d6:	4628      	mov	r0, r5
   bb8d8:	f7f9 f89d 	bl	b4a16 <__cxa_guard_acquire>
   bb8dc:	b168      	cbz	r0, bb8fa <_Z19__fetch_global_Wirev+0x36>
   bb8de:	4668      	mov	r0, sp
   bb8e0:	f7ff ffd6 	bl	bb890 <_Z17acquireWireBufferv>
   bb8e4:	466a      	mov	r2, sp
   bb8e6:	4621      	mov	r1, r4
   bb8e8:	4806      	ldr	r0, [pc, #24]	; (bb904 <_Z19__fetch_global_Wirev+0x40>)
   bb8ea:	f7ff fdf1 	bl	bb4d0 <_ZN7TwoWireC1E19hal_i2c_interface_tRK16hal_i2c_config_t>
   bb8ee:	4628      	mov	r0, r5
   bb8f0:	f7f9 f896 	bl	b4a20 <__cxa_guard_release>
   bb8f4:	4804      	ldr	r0, [pc, #16]	; (bb908 <_Z19__fetch_global_Wirev+0x44>)
   bb8f6:	f000 f80e 	bl	bb916 <atexit>
	return wire;
}
   bb8fa:	4802      	ldr	r0, [pc, #8]	; (bb904 <_Z19__fetch_global_Wirev+0x40>)
   bb8fc:	b007      	add	sp, #28
   bb8fe:	bd30      	pop	{r4, r5, pc}
   bb900:	2003e750 	.word	0x2003e750
   bb904:	2003e754 	.word	0x2003e754
   bb908:	000bb88d 	.word	0x000bb88d

000bb90c <_ZnajRKSt9nothrow_t>:
   bb90c:	f7f9 b87f 	b.w	b4a0e <_Znaj>

000bb910 <_ZSt25__throw_bad_function_callv>:
   bb910:	b508      	push	{r3, lr}
   bb912:	f7fe fe35 	bl	ba580 <abort>

000bb916 <atexit>:
   bb916:	2300      	movs	r3, #0
   bb918:	4601      	mov	r1, r0
   bb91a:	461a      	mov	r2, r3
   bb91c:	4618      	mov	r0, r3
   bb91e:	f000 b887 	b.w	bba30 <__register_exitproc>

000bb922 <memcmp>:
   bb922:	b510      	push	{r4, lr}
   bb924:	3901      	subs	r1, #1
   bb926:	4402      	add	r2, r0
   bb928:	4290      	cmp	r0, r2
   bb92a:	d101      	bne.n	bb930 <memcmp+0xe>
   bb92c:	2000      	movs	r0, #0
   bb92e:	e005      	b.n	bb93c <memcmp+0x1a>
   bb930:	7803      	ldrb	r3, [r0, #0]
   bb932:	f811 4f01 	ldrb.w	r4, [r1, #1]!
   bb936:	42a3      	cmp	r3, r4
   bb938:	d001      	beq.n	bb93e <memcmp+0x1c>
   bb93a:	1b18      	subs	r0, r3, r4
   bb93c:	bd10      	pop	{r4, pc}
   bb93e:	3001      	adds	r0, #1
   bb940:	e7f2      	b.n	bb928 <memcmp+0x6>

000bb942 <memcpy>:
   bb942:	440a      	add	r2, r1
   bb944:	4291      	cmp	r1, r2
   bb946:	f100 33ff 	add.w	r3, r0, #4294967295
   bb94a:	d100      	bne.n	bb94e <memcpy+0xc>
   bb94c:	4770      	bx	lr
   bb94e:	b510      	push	{r4, lr}
   bb950:	f811 4b01 	ldrb.w	r4, [r1], #1
   bb954:	f803 4f01 	strb.w	r4, [r3, #1]!
   bb958:	4291      	cmp	r1, r2
   bb95a:	d1f9      	bne.n	bb950 <memcpy+0xe>
   bb95c:	bd10      	pop	{r4, pc}

000bb95e <memset>:
   bb95e:	4402      	add	r2, r0
   bb960:	4603      	mov	r3, r0
   bb962:	4293      	cmp	r3, r2
   bb964:	d100      	bne.n	bb968 <memset+0xa>
   bb966:	4770      	bx	lr
   bb968:	f803 1b01 	strb.w	r1, [r3], #1
   bb96c:	e7f9      	b.n	bb962 <memset+0x4>
	...

000bb970 <srand>:
   bb970:	b538      	push	{r3, r4, r5, lr}
   bb972:	4b10      	ldr	r3, [pc, #64]	; (bb9b4 <srand+0x44>)
   bb974:	681d      	ldr	r5, [r3, #0]
   bb976:	6bab      	ldr	r3, [r5, #56]	; 0x38
   bb978:	4604      	mov	r4, r0
   bb97a:	b9b3      	cbnz	r3, bb9aa <srand+0x3a>
   bb97c:	2018      	movs	r0, #24
   bb97e:	f7fe fdd7 	bl	ba530 <malloc>
   bb982:	4602      	mov	r2, r0
   bb984:	63a8      	str	r0, [r5, #56]	; 0x38
   bb986:	b920      	cbnz	r0, bb992 <srand+0x22>
   bb988:	4b0b      	ldr	r3, [pc, #44]	; (bb9b8 <srand+0x48>)
   bb98a:	480c      	ldr	r0, [pc, #48]	; (bb9bc <srand+0x4c>)
   bb98c:	2142      	movs	r1, #66	; 0x42
   bb98e:	f7fe fe07 	bl	ba5a0 <__assert_func>
   bb992:	490b      	ldr	r1, [pc, #44]	; (bb9c0 <srand+0x50>)
   bb994:	4b0b      	ldr	r3, [pc, #44]	; (bb9c4 <srand+0x54>)
   bb996:	e9c0 1300 	strd	r1, r3, [r0]
   bb99a:	4b0b      	ldr	r3, [pc, #44]	; (bb9c8 <srand+0x58>)
   bb99c:	6083      	str	r3, [r0, #8]
   bb99e:	230b      	movs	r3, #11
   bb9a0:	8183      	strh	r3, [r0, #12]
   bb9a2:	2100      	movs	r1, #0
   bb9a4:	2001      	movs	r0, #1
   bb9a6:	e9c2 0104 	strd	r0, r1, [r2, #16]
   bb9aa:	6bab      	ldr	r3, [r5, #56]	; 0x38
   bb9ac:	2200      	movs	r2, #0
   bb9ae:	611c      	str	r4, [r3, #16]
   bb9b0:	615a      	str	r2, [r3, #20]
   bb9b2:	bd38      	pop	{r3, r4, r5, pc}
   bb9b4:	2003dad8 	.word	0x2003dad8
   bb9b8:	000bc1c1 	.word	0x000bc1c1
   bb9bc:	000bc1d8 	.word	0x000bc1d8
   bb9c0:	abcd330e 	.word	0xabcd330e
   bb9c4:	e66d1234 	.word	0xe66d1234
   bb9c8:	0005deec 	.word	0x0005deec

000bb9cc <strdup>:
   bb9cc:	4b02      	ldr	r3, [pc, #8]	; (bb9d8 <strdup+0xc>)
   bb9ce:	4601      	mov	r1, r0
   bb9d0:	6818      	ldr	r0, [r3, #0]
   bb9d2:	f000 b803 	b.w	bb9dc <_strdup_r>
   bb9d6:	bf00      	nop
   bb9d8:	2003dad8 	.word	0x2003dad8

000bb9dc <_strdup_r>:
   bb9dc:	b537      	push	{r0, r1, r2, r4, r5, lr}
   bb9de:	4604      	mov	r4, r0
   bb9e0:	4608      	mov	r0, r1
   bb9e2:	460d      	mov	r5, r1
   bb9e4:	f7f8 ffce 	bl	b4984 <strlen>
   bb9e8:	1c42      	adds	r2, r0, #1
   bb9ea:	4611      	mov	r1, r2
   bb9ec:	4620      	mov	r0, r4
   bb9ee:	9201      	str	r2, [sp, #4]
   bb9f0:	f7fe fdce 	bl	ba590 <_malloc_r>
   bb9f4:	4604      	mov	r4, r0
   bb9f6:	b118      	cbz	r0, bba00 <_strdup_r+0x24>
   bb9f8:	9a01      	ldr	r2, [sp, #4]
   bb9fa:	4629      	mov	r1, r5
   bb9fc:	f7ff ffa1 	bl	bb942 <memcpy>
   bba00:	4620      	mov	r0, r4
   bba02:	b003      	add	sp, #12
   bba04:	bd30      	pop	{r4, r5, pc}

000bba06 <strncmp>:
   bba06:	b510      	push	{r4, lr}
   bba08:	b17a      	cbz	r2, bba2a <strncmp+0x24>
   bba0a:	4603      	mov	r3, r0
   bba0c:	3901      	subs	r1, #1
   bba0e:	1884      	adds	r4, r0, r2
   bba10:	f813 0b01 	ldrb.w	r0, [r3], #1
   bba14:	f811 2f01 	ldrb.w	r2, [r1, #1]!
   bba18:	4290      	cmp	r0, r2
   bba1a:	d101      	bne.n	bba20 <strncmp+0x1a>
   bba1c:	42a3      	cmp	r3, r4
   bba1e:	d101      	bne.n	bba24 <strncmp+0x1e>
   bba20:	1a80      	subs	r0, r0, r2
   bba22:	bd10      	pop	{r4, pc}
   bba24:	2800      	cmp	r0, #0
   bba26:	d1f3      	bne.n	bba10 <strncmp+0xa>
   bba28:	e7fa      	b.n	bba20 <strncmp+0x1a>
   bba2a:	4610      	mov	r0, r2
   bba2c:	e7f9      	b.n	bba22 <strncmp+0x1c>
	...

000bba30 <__register_exitproc>:
   bba30:	e92d 43f8 	stmdb	sp!, {r3, r4, r5, r6, r7, r8, r9, lr}
   bba34:	f8df 80b8 	ldr.w	r8, [pc, #184]	; bbaf0 <__register_exitproc+0xc0>
   bba38:	4606      	mov	r6, r0
   bba3a:	f8d8 0000 	ldr.w	r0, [r8]
   bba3e:	461f      	mov	r7, r3
   bba40:	460d      	mov	r5, r1
   bba42:	4691      	mov	r9, r2
   bba44:	f000 f856 	bl	bbaf4 <__retarget_lock_acquire_recursive>
   bba48:	4b25      	ldr	r3, [pc, #148]	; (bbae0 <__register_exitproc+0xb0>)
   bba4a:	681c      	ldr	r4, [r3, #0]
   bba4c:	b934      	cbnz	r4, bba5c <__register_exitproc+0x2c>
   bba4e:	4c25      	ldr	r4, [pc, #148]	; (bbae4 <__register_exitproc+0xb4>)
   bba50:	601c      	str	r4, [r3, #0]
   bba52:	4b25      	ldr	r3, [pc, #148]	; (bbae8 <__register_exitproc+0xb8>)
   bba54:	b113      	cbz	r3, bba5c <__register_exitproc+0x2c>
   bba56:	681b      	ldr	r3, [r3, #0]
   bba58:	f8c4 3088 	str.w	r3, [r4, #136]	; 0x88
   bba5c:	6863      	ldr	r3, [r4, #4]
   bba5e:	2b1f      	cmp	r3, #31
   bba60:	dd07      	ble.n	bba72 <__register_exitproc+0x42>
   bba62:	f8d8 0000 	ldr.w	r0, [r8]
   bba66:	f000 f847 	bl	bbaf8 <__retarget_lock_release_recursive>
   bba6a:	f04f 30ff 	mov.w	r0, #4294967295
   bba6e:	e8bd 83f8 	ldmia.w	sp!, {r3, r4, r5, r6, r7, r8, r9, pc}
   bba72:	b34e      	cbz	r6, bbac8 <__register_exitproc+0x98>
   bba74:	f8d4 0088 	ldr.w	r0, [r4, #136]	; 0x88
   bba78:	b988      	cbnz	r0, bba9e <__register_exitproc+0x6e>
   bba7a:	4b1c      	ldr	r3, [pc, #112]	; (bbaec <__register_exitproc+0xbc>)
   bba7c:	b923      	cbnz	r3, bba88 <__register_exitproc+0x58>
   bba7e:	f8d8 0000 	ldr.w	r0, [r8]
   bba82:	f000 f838 	bl	bbaf6 <__retarget_lock_release>
   bba86:	e7f0      	b.n	bba6a <__register_exitproc+0x3a>
   bba88:	f44f 7084 	mov.w	r0, #264	; 0x108
   bba8c:	f7fe fd50 	bl	ba530 <malloc>
   bba90:	2800      	cmp	r0, #0
   bba92:	d0f4      	beq.n	bba7e <__register_exitproc+0x4e>
   bba94:	2300      	movs	r3, #0
   bba96:	e9c0 3340 	strd	r3, r3, [r0, #256]	; 0x100
   bba9a:	f8c4 0088 	str.w	r0, [r4, #136]	; 0x88
   bba9e:	6863      	ldr	r3, [r4, #4]
   bbaa0:	f840 9023 	str.w	r9, [r0, r3, lsl #2]
   bbaa4:	2201      	movs	r2, #1
   bbaa6:	409a      	lsls	r2, r3
   bbaa8:	eb00 0183 	add.w	r1, r0, r3, lsl #2
   bbaac:	f8d0 3100 	ldr.w	r3, [r0, #256]	; 0x100
   bbab0:	4313      	orrs	r3, r2
   bbab2:	f8c0 3100 	str.w	r3, [r0, #256]	; 0x100
   bbab6:	2e02      	cmp	r6, #2
   bbab8:	f8c1 7080 	str.w	r7, [r1, #128]	; 0x80
   bbabc:	bf02      	ittt	eq
   bbabe:	f8d0 3104 	ldreq.w	r3, [r0, #260]	; 0x104
   bbac2:	4313      	orreq	r3, r2
   bbac4:	f8c0 3104 	streq.w	r3, [r0, #260]	; 0x104
   bbac8:	6863      	ldr	r3, [r4, #4]
   bbaca:	f8d8 0000 	ldr.w	r0, [r8]
   bbace:	1c5a      	adds	r2, r3, #1
   bbad0:	3302      	adds	r3, #2
   bbad2:	6062      	str	r2, [r4, #4]
   bbad4:	f844 5023 	str.w	r5, [r4, r3, lsl #2]
   bbad8:	f000 f80e 	bl	bbaf8 <__retarget_lock_release_recursive>
   bbadc:	2000      	movs	r0, #0
   bbade:	e7c6      	b.n	bba6e <__register_exitproc+0x3e>
   bbae0:	2003e7f4 	.word	0x2003e7f4
   bbae4:	2003e768 	.word	0x2003e768
   bbae8:	00000000 	.word	0x00000000
   bbaec:	000ba531 	.word	0x000ba531
   bbaf0:	2003db3c 	.word	0x2003db3c

000bbaf4 <__retarget_lock_acquire_recursive>:
   bbaf4:	4770      	bx	lr

000bbaf6 <__retarget_lock_release>:
   bbaf6:	4770      	bx	lr

000bbaf8 <__retarget_lock_release_recursive>:
   bbaf8:	4770      	bx	lr

000bbafa <link_code_end>:
	...

000bbafc <link_const_data_start>:
	...
   bbb10:	bf800000 	.word	0xbf800000
   bbb14:	00000000 	.word	0x00000000
   bbb18:	bf4ccccd 	.word	0xbf4ccccd
	...
   bbb24:	be4ccccd 	.word	0xbe4ccccd
   bbb28:	bf000000 	.word	0xbf000000
   bbb2c:	00000000 	.word	0x00000000
   bbb30:	bf800000 	.word	0xbf800000
	...
   bbb4c:	3dcccccd 	.word	0x3dcccccd
   bbb50:	3f333333 	.word	0x3f333333
   bbb54:	00000000 	.word	0x00000000
   bbb58:	bf4ccccd 	.word	0xbf4ccccd
   bbb5c:	bdcccccd 	.word	0xbdcccccd
	...
   bbb7c:	04020100 	.word	0x04020100
   bbb80:	00001008 	.word	0x00001008
	...

000bbb8c <dynalib_user>:
   bbb8c:	000b4995 000b49d1 000b49f9 000b49fd     .I...I...I...I..
   bbb9c:	00000000 74737271 616e0075 6e69006e     ....qrstu.nan.in
   bbbac:	766f0066 002e0066 61666564 20746c75     f.ovf...default 
   bbbbc:	42534d00 42534c00 50533c00 74655349     .MSB.LSB.<SPISet
   bbbcc:	676e6974 65642073 6c756166 3c003e74     tings default>.<
   bbbdc:	53495053 69747465 2073676e 75257325     SPISettings %s%u
   bbbec:	20732520 45444f4d 003e7525 333a3331      %s MODE%u>.13:3
   bbbfc:	35303a31 6e754a00 20392020 35323032     1:05.Jun  9 2025
   bbc0c:	756f4300 6e20646c 6620746f 20646e69     .Could not find 
   bbc1c:	61762061 2064696c 36454d42 73203038     a valid BME680 s
   bbc2c:	6f736e65 63202c72 6b636568 72697720     ensor, check wir
   bbc3c:	21676e69 736e4900 20747265 43204453     ing!.Insert SD C
   bbc4c:	20647261 62206f74 6e696765 73250021     ard to begin!.%s
   bbc5c:	3430255f 30255f75 255f7532 2e753230     _%04u_%02u_%02u.
   bbc6c:	00565343 75343025 3230252d 30252d75     CSV.%04u-%02u-%0
   bbc7c:	25547532 3a753230 75323025 3230253a     2uT%02u:%02u:%02
   bbc8c:	61460075 64656c69 206f7420 66726570     u.Failed to perf
   bbc9c:	206d726f 64616572 20676e69 4300283a     orm reading :(.C
   bbcac:	6f6e6e61 69662074 5320646e 61432044     annot find SD Ca
   bbcbc:	00216472 5b5b002c 752e3525 2e35252c     rd!.,.[[%5.u,%5.
   bbccc:	35252c75 252c752e 2c752e35 322e3225     u,%5.u,%5.u,%2.2
   bbcdc:	32252c66 5d66322e 35255b2c 252c752e     f,%2.2f],[%5.u,%
   bbcec:	2c752e35 752e3525 2e35252c 32252c75     5.u,%5.u,%5.u,%2
   bbcfc:	2c66322e 322e3225 5b2c5d66 752e3525     .2f,%2.2f],[%5.u
   bbd0c:	2e35252c 35252c75 252c752e 2c752e35     ,%5.u,%5.u,%5.u,
   bbd1c:	322e3225 32252c66 5d66322e 35255b2c     %2.2f,%2.2f],[%5
   bbd2c:	252c752e 2c752e35 752e3525 2e35252c     .u,%5.u,%5.u,%5.
   bbd3c:	32252c75 2c66322e 322e3225 5b2c5d66     u,%2.2f,%2.2f],[
   bbd4c:	752e3525 2e35252c 35252c75 252c752e     %5.u,%5.u,%5.u,%
   bbd5c:	2c752e35 322e3225 32252c66 5d66322e     5.u,%2.2f,%2.2f]
   bbd6c:	35255b2c 252c752e 2c752e35 752e3525     ,[%5.u,%5.u,%5.u
   bbd7c:	2e35252c 32252c75 2c66322e 322e3225     ,%5.u,%2.2f,%2.2
   bbd8c:	5b2c5d66 752e3525 2e35252c 35252c75     f],[%5.u,%5.u,%5
   bbd9c:	252c752e 2c752e35 322e3225 32252c66     .u,%5.u,%2.2f,%2
   bbdac:	5d66322e 35255b2c 252c752e 2c752e35     .2f],[%5.u,%5.u,
   bbdbc:	752e3525 2e35252c 32252c75 2c66322e     %5.u,%5.u,%2.2f,
   bbdcc:	322e3225 5b2c5d66 752e3525 2e35252c     %2.2f],[%5.u,%5.
   bbddc:	35252c75 252c752e 2c752e35 322e3225     u,%5.u,%5.u,%2.2
   bbdec:	32252c66 5d66322e 35255b2c 252c752e     f,%2.2f],[%5.u,%
   bbdfc:	2c752e35 752e3525 2e35252c 32252c75     5.u,%5.u,%5.u,%2
   bbe0c:	2c66322e 322e3225 5b2c5d66 752e3525     .2f,%2.2f],[%5.u
   bbe1c:	2e35252c 35252c75 252c752e 2c752e35     ,%5.u,%5.u,%5.u,
   bbe2c:	322e3225 32252c66 5d66322e 35255b2c     %2.2f,%2.2f],[%5
   bbe3c:	252c752e 2c752e35 752e3525 2e35252c     .u,%5.u,%5.u,%5.
   bbe4c:	32252c75 2c66322e 322e3225 5b2c5d66     u,%2.2f,%2.2f],[
   bbe5c:	752e3525 2e35252c 35252c75 252c752e     %5.u,%5.u,%5.u,%
   bbe6c:	2c752e35 322e3225 32252c66 5d66322e     5.u,%2.2f,%2.2f]
   bbe7c:	35255b2c 252c752e 2c752e35 752e3525     ,[%5.u,%5.u,%5.u
   bbe8c:	2e35252c 32252c75 2c66322e 322e3225     ,%5.u,%2.2f,%2.2
   bbe9c:	5b2c5d66 752e3525 2e35252c 35252c75     f],[%5.u,%5.u,%5
   bbeac:	252c752e 2c752e35 322e3225 32252c66     .u,%5.u,%2.2f,%2
   bbebc:	5d66322e 35255b2c 252c752e 2c752e35     .2f],[%5.u,%5.u,
   bbecc:	752e3525 2e35252c 32252c75 2c66322e     %5.u,%5.u,%2.2f,
   bbedc:	322e3225 5b2c5d66 752e3525 2e35252c     %2.2f],[%5.u,%5.
   bbeec:	35252c75 252c752e 2c752e35 322e3225     u,%5.u,%5.u,%2.2
   bbefc:	32252c66 5d66322e 35255b2c 252c752e     f,%2.2f],[%5.u,%
   bbf0c:	2c752e35 752e3525 2e35252c 32252c75     5.u,%5.u,%5.u,%2
   bbf1c:	2c66322e 322e3225 5b2c5d66 752e3525     .2f,%2.2f],[%5.u
   bbf2c:	2e35252c 35252c75 252c752e 2c752e35     ,%5.u,%5.u,%5.u,
   bbf3c:	322e3225 32252c66 5d66322e 6543005d     %2.2f,%2.2f]].Ce
   bbf4c:	6c756c6c 50207261 696c6275 64656873     llular Published
   bbf5c:	00000000                                ....

000bbf60 <_ZTVN8particle11SPISettingsE>:
	...
   bbf68:	000b5d45 000b5b51 000b5b55              E]..Q[..U[..

000bbf74 <_ZTV6SdFile>:
	...
   bbf7c:	000b5b53 000b5b63 000b5b71 000ba8dd     S[..c[..q[......
   bbf8c:	444f504c                                 LPODB2.

000bbf93 <_ZL6lpodID>:
   bbf93:	444f505a                                 ZPODO2.

000bbf9a <_ZL14MUX_BY_CHANNEL>:
   bbf9a:	50004000 70006000                       .@.P.`.p

000bbfa2 <_ZL11daysInMonth>:
   bbfa2:	1e1f1c1f 1f1f1e1f 451e1f1e 54414658     ...........EXFAT
	...

000bbfb4 <_ZTVN5spark13EthernetClassE>:
	...
   bbfbc:	000ba61f 000ba615 000ba60b 000ba601     ................
   bbfcc:	000ba5f5 000ba5e9 000bb5e5 000bb5ed     ................
   bbfdc:	000ba5dd 000ba5d5 000ba5cb 000ba5c1     ................
   bbfec:	000bb715 000bb61d 000bb625              ........%...

000bbff8 <_ZN12_GLOBAL__N_1L14clock_divisorsE>:
   bbff8:	18100800 38302820                       .... (08

000bc000 <_ZTVN8particle11TetherClassE>:
	...
   bc008:	000ba851 000ba847 000ba83d 000ba833     Q...G...=...3...
   bc018:	000ba827 000ba81b 000bb5e5 000bb5ed     '...............
   bc028:	000ba80f 000ba807 000ba7fd 000ba7f3     ................
   bc038:	000bb715 000bb61d 000bb625 00707061     ........%...app.
   bc048:	252d5925 64252d6d 3a482554 253a4d25     %Y-%m-%dT%H:%M:%
   bc058:	007a2553 74637361 00656d69              S%z.asctime.

000bc064 <_ZTVSt15_Sp_counted_ptrIPN8particle6detail10FutureImplIbNS1_13FutureContextEEELN9__gnu_cxx12_Lock_policyE0EE>:
	...
   bc06c:	000babd5 000babdb 000bac19 000babe9     ................
   bc07c:	000babd7                                ....

000bc080 <_ZTV9IPAddress>:
	...
   bc088:	000bb12d 000bb11d 000bb11f              -...........

000bc094 <_ZTV9USBSerial>:
	...
   bc09c:	000bb213 000bb27b 000bb251 000ba8dd     ....{...Q.......
   bc0ac:	000bb243 000bb215 000bb225 000bb275     C.......%...u...
   bc0bc:	000baa3b 000bb235 000bb20d              ;...5.......

000bc0c8 <_ZTVN5spark13CellularClassE>:
	...
   bc0d0:	000bb373 000bb369 000bb35f 000bb315     s...i..._.......
   bc0e0:	000bb353 000bb347 000bb5e5 000bb5ed     S...G...........
   bc0f0:	000bb33b 000bb333 000bb329 000bb31f     ;...3...).......
   bc100:	000bb715 000bb61d 000bb625              ........%...

000bc10c <_ZTV11USARTSerial>:
	...
   bc114:	000bb3ad 000bb419 000bb3f1 000ba8dd     ................
   bc124:	000bb3c1 000bb3dd 000bb3cf 000bb3eb     ................
   bc134:	000baa3b 000bb3af 000bb3b3              ;...........

000bc140 <_ZTV7TwoWire>:
	...
   bc148:	000bb479 000bb4c3 000bb49b 000bb47b     y...........{...
   bc158:	000bb4a3 000bb4ab 000bb4b3 000bb4bb     ................
   bc168:	000baa3b                                ;...

000bc16c <CSWTCH.109>:
   bc16c:	2003e68c 2003e6e8 2003e72c 2003e694     ... ... ,.. ... 

000bc17c <_ZTVN5spark12NetworkClassE>:
	...
   bc184:	000bb5a5 000bb5af 000bb5b9 000bb5c3     ................
   bc194:	000bb5cd 000bb5d9 000bb5e5 000bb5ed     ................
   bc1a4:	000bb5f5 000bb601 000bb609 000bb613     ................
   bc1b4:	000bb715 000bb61d 000bb625              ........%...

000bc1c0 <_ZSt7nothrow>:
   bc1c0:	45455200 6d20544e 6f6c6c61 75732063     .REENT malloc su
   bc1d0:	65656363 00646564 746e6d2f 726f772f     cceeded./mnt/wor
   bc1e0:	6170736b 772f6563 736b726f 65636170     kspace/workspace
   bc1f0:	4343472f 2d30312d 65706970 656e696c     /GCC-10-pipeline
   bc200:	6e656a2f 736e696b 4343472d 2d30312d     /jenkins-GCC-10-
   bc210:	65706970 656e696c 5f38342d 30323032     pipeline-48_2020
   bc220:	34323131 3036315f 30383136 2f313436     1124_1606180641/
   bc230:	2f637273 6c77656e 6e2f6269 696c7765     src/newlib/newli
   bc240:	696c2f62 732f6362 696c6474 61722f62     b/libc/stdlib/ra
   bc250:	632e646e                                 nd.c.

000bc255 <link_const_data_end>:
   bc255:	00          	.byte	0x00
	...

000bc258 <link_constructors_location>:
   bc258:	000b6821 	.word	0x000b6821
   bc25c:	000ba629 	.word	0x000ba629
   bc260:	000ba85d 	.word	0x000ba85d
   bc264:	000ba885 	.word	0x000ba885
   bc268:	000ba8cd 	.word	0x000ba8cd
   bc26c:	000baa65 	.word	0x000baa65
   bc270:	000baa75 	.word	0x000baa75
   bc274:	000baa91 	.word	0x000baa91
   bc278:	000bb37d 	.word	0x000bb37d
   bc27c:	000bb589 	.word	0x000bb589
   bc280:	000bb729 	.word	0x000bb729
